scan_id,rp_id,dot,device_id,collector_id,total_ap_scanned,azimuth_deg,x,y,split,88:dc:97:12:62:c6,88:dc:97:12:62:c7,88:dc:97:12:62:cc,88:dc:97:12:62:cf,88:dc:97:12:62:d0,88:dc:97:12:64:82,88:dc:97:12:64:83,88:dc:97:12:64:c4,88:dc:97:12:65:21,88:dc:97:12:65:22,88:dc:97:12:65:2a,88:dc:97:12:65:2b,88:dc:97:12:65:57,88:dc:97:12:65:58,88:dc:97:12:65:63,88:dc:97:12:65:64,8e:dc:97:12:62:c6,8e:dc:97:12:62:c7,8e:dc:97:12:62:cc,8e:dc:97:12:62:cf,8e:dc:97:12:62:d0,8e:dc:97:12:64:82,8e:dc:97:12:64:83,8e:dc:97:12:64:c4,8e:dc:97:12:65:21,8e:dc:97:12:65:22,8e:dc:97:12:65:2a,8e:dc:97:12:65:2b,8e:dc:97:12:65:57,8e:dc:97:12:65:58,8e:dc:97:12:65:63,8e:dc:97:12:65:64,b4:5d:50:d7:e9:40,b4:5d:50:d7:e9:41,b4:5d:50:d7:e9:50,b4:5d:50:d7:e9:51
B0004,RP01,B,CTK45-dot-B,,33,,-41.0,0.0,train,-69.0,-67.0,-89.0,-65.0,-64.0,-76.0,-76.0,-95.0,-70.0,-100.0,-61.0,-66.0,-82.0,-78.0,-53.0,-57.0,-69.0,-68.0,-100.0,-65.0,-64.0,-74.0,-77.0,-94.0,-71.0,-100.0,-60.0,-66.0,-82.0,-79.0,-53.0,-53.0,-64.0,-64.0,-64.0,-64.0
B0017,RP01,B,CTK45-dot-B,,27,,-41.0,0.0,train,-72.0,-69.0,-100.0,-100.0,-60.0,-74.0,-75.0,-100.0,-66.0,-100.0,-62.0,-60.0,-84.0,-80.0,-58.0,-63.0,-71.0,-70.0,-100.0,-100.0,-60.0,-74.0,-76.0,-100.0,-66.0,-100.0,-62.0,-60.0,-84.0,-77.0,-57.0,-62.0,-65.0,-65.0,-100.0,-62.0
B0022,RP01,B,CTK45-dot-B,,23,,-41.0,0.0,train,-73.0,-82.0,-87.0,-65.0,-100.0,-78.0,-100.0,-100.0,-65.0,-100.0,-57.0,-100.0,-83.0,-100.0,-48.0,-63.0,-73.0,-83.0,-100.0,-64.0,-100.0,-77.0,-100.0,-100.0,-64.0,-100.0,-57.0,-100.0,-82.0,-100.0,-49.0,-63.0,-61.0,-61.0,-100.0,-100.0
B0008,RP01,B,CTK45-dot-B,,23,,-41.0,0.0,train,-100.0,-72.0,-91.0,-100.0,-52.0,-73.0,-74.0,-100.0,-62.0,-61.0,-67.0,-62.0,-100.0,-81.0,-57.0,-54.0,-100.0,-72.0,-100.0,-100.0,-52.0,-100.0,-74.0,-100.0,-100.0,-62.0,-67.0,-63.0,-100.0,-86.0,-100.0,-57.0,-62.0,-63.0,-100.0,-62.0
B0046,RP01,B,CTK45-dot-B,,35,,-41.0,0.0,train,-74.0,-80.0,-100.0,-67.0,-65.0,-78.0,-84.0,-92.0,-61.0,-73.0,-58.0,-68.0,-81.0,-85.0,-49.0,-64.0,-74.0,-80.0,-100.0,-67.0,-65.0,-78.0,-85.0,-100.0,-61.0,-74.0,-60.0,-66.0,-81.0,-84.0,-48.0,-64.0,-62.0,-63.0,-56.0,-55.0
B0014,RP01,B,CTK45-dot-B,,22,,-41.0,0.0,train,-72.0,-70.0,-100.0,-100.0,-61.0,-100.0,-76.0,-100.0,-100.0,-63.0,-65.0,-62.0,-83.0,-83.0,-100.0,-61.0,-72.0,-70.0,-100.0,-100.0,-61.0,-100.0,-75.0,-100.0,-100.0,-64.0,-65.0,-62.0,-83.0,-81.0,-100.0,-60.0,-100.0,-100.0,-62.0,-62.0
2025:01:24:07:54:44,RP01,A,SM-S908E,2212343.0,28,38.425471826228176,-41.0,0.0,train,-76.0,-73.0,-100.0,-67.0,-73.0,-84.0,-85.0,-100.0,-78.0,-79.0,-78.0,-67.0,-100.0,-100.0,-53.0,-64.0,-77.0,-73.0,-100.0,-67.0,-74.0,-85.0,-85.0,-100.0,-78.0,-79.0,-78.0,-68.0,-100.0,-100.0,-53.0,-62.0,-64.0,-64.0,-69.0,-69.0
B0052,RP01,B,CTK45-dot-B,,28,,-41.0,0.0,train,-73.0,-88.0,-85.0,-59.0,-100.0,-78.0,-100.0,-92.0,-62.0,-100.0,-58.0,-100.0,-79.0,-100.0,-45.0,-62.0,-81.0,-88.0,-85.0,-59.0,-100.0,-77.0,-100.0,-99.0,-61.0,-100.0,-58.0,-100.0,-77.0,-100.0,-46.0,-62.0,-61.0,-60.0,-100.0,-100.0
B0033,RP01,B,CTK45-dot-B,,26,,-41.0,0.0,train,-100.0,-78.0,-100.0,-80.0,-56.0,-78.0,-100.0,-100.0,-61.0,-71.0,-72.0,-67.0,-100.0,-82.0,-54.0,-60.0,-100.0,-77.0,-100.0,-80.0,-56.0,-78.0,-100.0,-100.0,-61.0,-71.0,-72.0,-67.0,-100.0,-82.0,-54.0,-60.0,-62.0,-62.0,-55.0,-55.0
2025:01:24:07:49:12,RP01,A,SM-S908E,2212343.0,26,-91.48767192066678,-41.0,0.0,train,-69.0,-69.0,-100.0,-67.0,-65.0,-72.0,-86.0,-100.0,-67.0,-100.0,-66.0,-68.0,-100.0,-100.0,-46.0,-55.0,-74.0,-69.0,-100.0,-67.0,-65.0,-72.0,-86.0,-100.0,-72.0,-100.0,-66.0,-68.0,-100.0,-100.0,-46.0,-55.0,-58.0,-59.0,-65.0,-65.0
B0025,RP01,B,CTK45-dot-B,,27,,-41.0,0.0,train,-62.0,-68.0,-100.0,-62.0,-55.0,-71.0,-100.0,-100.0,-65.0,-65.0,-100.0,-51.0,-74.0,-100.0,-44.0,-57.0,-63.0,-67.0,-100.0,-61.0,-54.0,-71.0,-100.0,-100.0,-65.0,-65.0,-100.0,-51.0,-75.0,-100.0,-44.0,-57.0,-52.0,-52.0,-56.0,-56.0
2025:01:24:07:49:55,RP01,A,SM-S908E,2212343.0,30,-33.57115852670667,-41.0,0.0,train,-70.0,-66.0,-100.0,-66.0,-76.0,-79.0,-83.0,-100.0,-74.0,-75.0,-69.0,-65.0,-85.0,-100.0,-47.0,-55.0,-70.0,-66.0,-100.0,-66.0,-76.0,-79.0,-83.0,-100.0,-75.0,-75.0,-69.0,-65.0,-83.0,-100.0,-48.0,-53.0,-58.0,-58.0,-65.0,-65.0
B0051,RP01,B,CTK45-dot-B,,27,,-41.0,0.0,train,-100.0,-69.0,-100.0,-68.0,-58.0,-100.0,-75.0,-91.0,-100.0,-63.0,-62.0,-61.0,-100.0,-80.0,-59.0,-54.0,-100.0,-69.0,-100.0,-68.0,-58.0,-74.0,-76.0,-95.0,-100.0,-63.0,-61.0,-61.0,-100.0,-80.0,-59.0,-54.0,-63.0,-62.0,-62.0,-61.0
2025:01:24:07:53:58,RP01,A,SM-S908E,2212343.0,25,-31.922797911245357,-41.0,0.0,train,-68.0,-63.0,-100.0,-68.0,-71.0,-85.0,-100.0,-100.0,-76.0,-78.0,-69.0,-70.0,-100.0,-100.0,-46.0,-53.0,-70.0,-63.0,-100.0,-68.0,-71.0,-100.0,-100.0,-100.0,-71.0,-78.0,-69.0,-70.0,-100.0,-100.0,-47.0,-53.0,-60.0,-61.0,-69.0,-69.0
B0053,RP01,B,CTK45-dot-B,,24,,-41.0,0.0,train,-73.0,-88.0,-100.0,-59.0,-100.0,-78.0,-100.0,-93.0,-61.0,-100.0,-59.0,-100.0,-79.0,-100.0,-45.0,-61.0,-75.0,-87.0,-100.0,-59.0,-100.0,-76.0,-100.0,-99.0,-62.0,-100.0,-61.0,-100.0,-81.0,-100.0,-45.0,-61.0,-61.0,-62.0,-100.0,-100.0
B0013,RP01,B,CTK45-dot-B,,28,,-41.0,0.0,train,-75.0,-74.0,-100.0,-67.0,-56.0,-77.0,-75.0,-100.0,-100.0,-66.0,-100.0,-62.0,-83.0,-82.0,-54.0,-62.0,-74.0,-74.0,-100.0,-100.0,-57.0,-77.0,-75.0,-100.0,-66.0,-65.0,-100.0,-63.0,-83.0,-81.0,-54.0,-60.0,-66.0,-65.0,-64.0,-64.0
B0020,RP01,B,CTK45-dot-B,,33,,-41.0,0.0,train,-68.0,-73.0,-89.0,-100.0,-59.0,-80.0,-100.0,-94.0,-65.0,-71.0,-60.0,-56.0,-73.0,-83.0,-46.0,-63.0,-68.0,-72.0,-88.0,-100.0,-59.0,-78.0,-100.0,-100.0,-65.0,-71.0,-60.0,-62.0,-73.0,-82.0,-47.0,-63.0,-64.0,-63.0,-61.0,-61.0
B0058,RP01,B,CTK45-dot-B,,26,,-41.0,0.0,train,-68.0,-80.0,-81.0,-56.0,-100.0,-64.0,-100.0,-97.0,-58.0,-100.0,-62.0,-100.0,-71.0,-100.0,-45.0,-60.0,-69.0,-80.0,-89.0,-56.0,-100.0,-64.0,-100.0,-89.0,-58.0,-100.0,-62.0,-100.0,-78.0,-100.0,-45.0,-60.0,-58.0,-59.0,-100.0,-100.0
B0040,RP01,B,CTK45-dot-B,,26,,-41.0,0.0,train,-100.0,-75.0,-100.0,-52.0,-54.0,-68.0,-100.0,-100.0,-69.0,-64.0,-52.0,-55.0,-100.0,-76.0,-54.0,-53.0,-100.0,-76.0,-80.0,-52.0,-55.0,-68.0,-100.0,-100.0,-100.0,-64.0,-53.0,-56.0,-100.0,-76.0,-54.0,-53.0,-56.0,-56.0,-61.0,-60.0
B0005,RP01,B,CTK45-dot-B,,30,,-41.0,0.0,train,-100.0,-72.0,-100.0,-66.0,-58.0,-75.0,-76.0,-92.0,-72.0,-65.0,-62.0,-65.0,-100.0,-80.0,-54.0,-56.0,-100.0,-72.0,-100.0,-66.0,-58.0,-76.0,-76.0,-95.0,-94.0,-65.0,-61.0,-65.0,-100.0,-81.0,-53.0,-55.0,-64.0,-64.0,-66.0,-65.0
2025:01:24:08:01:21,RP01,A,SM-S908E,2212343.0,31,-163.8554041727189,-41.0,0.0,train,-77.0,-75.0,-100.0,-66.0,-70.0,-73.0,-81.0,-100.0,-73.0,-78.0,-71.0,-76.0,-85.0,-86.0,-51.0,-60.0,-77.0,-76.0,-100.0,-67.0,-70.0,-73.0,-81.0,-100.0,-73.0,-78.0,-70.0,-76.0,-83.0,-100.0,-51.0,-60.0,-64.0,-64.0,-73.0,-73.0
B0057,RP01,B,CTK45-dot-B,,21,,-41.0,0.0,train,-100.0,-77.0,-100.0,-55.0,-100.0,-76.0,-100.0,-86.0,-55.0,-100.0,-61.0,-100.0,-100.0,-100.0,-44.0,-65.0,-100.0,-77.0,-100.0,-57.0,-100.0,-65.0,-100.0,-87.0,-56.0,-100.0,-61.0,-100.0,-100.0,-100.0,-44.0,-64.0,-57.0,-58.0,-100.0,-100.0
B0019,RP01,B,CTK45-dot-B,,28,,-41.0,0.0,train,-100.0,-72.0,-100.0,-65.0,-59.0,-76.0,-75.0,-100.0,-66.0,-62.0,-64.0,-62.0,-100.0,-83.0,-56.0,-54.0,-100.0,-72.0,-100.0,-65.0,-59.0,-77.0,-75.0,-100.0,-66.0,-62.0,-64.0,-62.0,-100.0,-84.0,-56.0,-54.0,-65.0,-64.0,-67.0,-66.0
2025:01:24:07:48:33,RP01,A,SM-S908E,2212343.0,30,-90.82552178556796,-41.0,0.0,train,-76.0,-70.0,-100.0,-72.0,-69.0,-73.0,-84.0,-100.0,-77.0,-75.0,-70.0,-67.0,-83.0,-100.0,-45.0,-54.0,-77.0,-70.0,-100.0,-72.0,-70.0,-76.0,-85.0,-100.0,-77.0,-75.0,-71.0,-67.0,-87.0,-100.0,-45.0,-53.0,-60.0,-60.0,-67.0,-67.0
B0035,RP01,B,CTK45-dot-B,,28,,-41.0,0.0,train,-80.0,-81.0,-100.0,-63.0,-69.0,-82.0,-77.0,-100.0,-62.0,-65.0,-100.0,-55.0,-77.0,-77.0,-57.0,-60.0,-100.0,-81.0,-100.0,-63.0,-68.0,-80.0,-76.0,-100.0,-62.0,-66.0,-100.0,-55.0,-100.0,-77.0,-57.0,-59.0,-70.0,-71.0,-62.0,-64.0
B0045,RP01,B,CTK45-dot-B,,21,,-41.0,0.0,train,-66.0,-65.0,-100.0,-66.0,-100.0,-74.0,-100.0,-96.0,-61.0,-100.0,-57.0,-100.0,-83.0,-100.0,-47.0,-60.0,-67.0,-64.0,-100.0,-67.0,-100.0,-75.0,-100.0,-100.0,-60.0,-100.0,-57.0,-100.0,-100.0,-100.0,-49.0,-60.0,-100.0,-100.0,-100.0,-100.0
2025:01:24:07:47:13,RP01,A,SM-S908E,2212343.0,29,-90.29791359992173,-41.0,0.0,train,-69.0,-67.0,-100.0,-69.0,-69.0,-75.0,-85.0,-100.0,-76.0,-75.0,-66.0,-67.0,-100.0,-80.0,-45.0,-57.0,-74.0,-67.0,-100.0,-69.0,-69.0,-100.0,-85.0,-100.0,-77.0,-75.0,-67.0,-68.0,-100.0,-81.0,-45.0,-57.0,-59.0,-59.0,-69.0,-69.0
B0015,RP01,B,CTK45-dot-B,,27,,-41.0,0.0,train,-72.0,-68.0,-100.0,-65.0,-60.0,-75.0,-75.0,-100.0,-66.0,-100.0,-64.0,-63.0,-83.0,-100.0,-57.0,-61.0,-71.0,-69.0,-100.0,-100.0,-60.0,-100.0,-75.0,-100.0,-75.0,-100.0,-64.0,-63.0,-83.0,-81.0,-58.0,-60.0,-65.0,-66.0,-63.0,-62.0
2025:01:24:08:02:07,RP01,A,SM-S908E,2212343.0,31,-163.96370465515452,-41.0,0.0,train,-75.0,-74.0,-92.0,-65.0,-72.0,-77.0,-83.0,-100.0,-70.0,-77.0,-66.0,-77.0,-82.0,-100.0,-49.0,-58.0,-70.0,-74.0,-100.0,-65.0,-72.0,-77.0,-83.0,-100.0,-69.0,-76.0,-67.0,-77.0,-83.0,-100.0,-50.0,-59.0,-65.0,-65.0,-69.0,-69.0
B0011,RP01,B,CTK45-dot-B,,30,,-41.0,0.0,train,-100.0,-73.0,-100.0,-69.0,-56.0,-77.0,-75.0,-100.0,-67.0,-66.0,-66.0,-60.0,-86.0,-80.0,-53.0,-60.0,-100.0,-73.0,-100.0,-68.0,-56.0,-77.0,-75.0,-100.0,-67.0,-67.0,-65.0,-60.0,-86.0,-81.0,-54.0,-60.0,-64.0,-65.0,-64.0,-64.0
2025:01:24:07:51:56,RP01,A,SM-S908E,2212343.0,27,-33.94167027929494,-41.0,0.0,train,-71.0,-64.0,-100.0,-70.0,-70.0,-82.0,-100.0,-100.0,-76.0,-76.0,-72.0,-68.0,-87.0,-100.0,-49.0,-55.0,-71.0,-64.0,-100.0,-70.0,-71.0,-81.0,-100.0,-100.0,-76.0,-76.0,-72.0,-68.0,-100.0,-100.0,-49.0,-54.0,-62.0,-61.0,-69.0,-69.0
B0027,RP01,B,CTK45-dot-B,,28,,-41.0,0.0,train,-72.0,-67.0,-100.0,-61.0,-54.0,-76.0,-100.0,-100.0,-61.0,-100.0,-65.0,-54.0,-75.0,-77.0,-46.0,-55.0,-72.0,-67.0,-87.0,-61.0,-54.0,-77.0,-100.0,-100.0,-61.0,-100.0,-65.0,-54.0,-75.0,-77.0,-46.0,-56.0,-62.0,-62.0,-100.0,-100.0
2025:01:24:07:59:08,RP01,A,SM-S908E,2212343.0,28,-166.81473691414755,-41.0,0.0,train,-72.0,-75.0,-100.0,-68.0,-71.0,-72.0,-80.0,-100.0,-69.0,-77.0,-68.0,-71.0,-86.0,-100.0,-48.0,-100.0,-69.0,-76.0,-100.0,-68.0,-71.0,-72.0,-81.0,-100.0,-69.0,-77.0,-68.0,-71.0,-81.0,-100.0,-49.0,-100.0,-65.0,-65.0,-72.0,-72.0
2025:01:24:07:46:22,RP01,A,SM-S908E,2212343.0,34,-90.8202448442748,-41.0,0.0,train,-68.0,-67.0,-100.0,-57.0,-55.0,-73.0,-81.0,-86.0,-61.0,-72.0,-61.0,-67.0,-78.0,-82.0,-50.0,-58.0,-68.0,-67.0,-100.0,-57.0,-55.0,-74.0,-81.0,-83.0,-61.0,-72.0,-61.0,-67.0,-79.0,-82.0,-49.0,-58.0,-54.0,-54.0,-54.0,-54.0
B0043,RP01,B,CTK45-dot-B,,38,,-41.0,0.0,train,-65.0,-78.0,-84.0,-67.0,-56.0,-79.0,-78.0,-100.0,-59.0,-68.0,-66.0,-61.0,-73.0,-78.0,-43.0,-54.0,-67.0,-78.0,-83.0,-68.0,-56.0,-79.0,-78.0,-100.0,-58.0,-69.0,-64.0,-62.0,-73.0,-78.0,-43.0,-54.0,-60.0,-60.0,-67.0,-66.0
2025:01:24:07:57:14,RP01,A,SM-S908E,2212343.0,27,38.70432236370922,-41.0,0.0,train,-67.0,-74.0,-100.0,-72.0,-76.0,-79.0,-100.0,-100.0,-73.0,-79.0,-68.0,-77.0,-82.0,-100.0,-46.0,-58.0,-69.0,-74.0,-100.0,-72.0,-76.0,-79.0,-100.0,-100.0,-73.0,-79.0,-69.0,-77.0,-100.0,-100.0,-46.0,-58.0,-69.0,-69.0,-68.0,-68.0
B0050,RP01,B,CTK45-dot-B,,28,,-41.0,0.0,train,-66.0,-68.0,-87.0,-63.0,-100.0,-76.0,-100.0,-94.0,-64.0,-100.0,-64.0,-100.0,-76.0,-100.0,-44.0,-54.0,-66.0,-68.0,-88.0,-63.0,-100.0,-76.0,-100.0,-100.0,-64.0,-100.0,-66.0,-100.0,-76.0,-100.0,-45.0,-54.0,-63.0,-64.0,-100.0,-100.0
B0054,RP01,B,CTK45-dot-B,,32,,-41.0,0.0,train,-73.0,-83.0,-100.0,-65.0,-64.0,-75.0,-79.0,-100.0,-68.0,-72.0,-59.0,-47.0,-100.0,-83.0,-49.0,-65.0,-72.0,-83.0,-100.0,-65.0,-64.0,-76.0,-79.0,-100.0,-68.0,-73.0,-58.0,-57.0,-100.0,-84.0,-56.0,-65.0,-66.0,-66.0,-57.0,-56.0
B0024,RP01,B,CTK45-dot-B,,34,,-41.0,0.0,train,-66.0,-65.0,-87.0,-63.0,-63.0,-66.0,-76.0,-100.0,-63.0,-65.0,-55.0,-60.0,-83.0,-75.0,-42.0,-53.0,-74.0,-65.0,-100.0,-64.0,-63.0,-66.0,-76.0,-100.0,-59.0,-65.0,-55.0,-58.0,-100.0,-76.0,-42.0,-53.0,-100.0,-100.0,-63.0,-64.0
2025:01:24:07:58:23,RP01,A,SM-S908E,2212343.0,26,-166.54080579229552,-41.0,0.0,train,-78.0,-74.0,-100.0,-72.0,-79.0,-79.0,-100.0,-100.0,-76.0,-78.0,-72.0,-74.0,-100.0,-100.0,-45.0,-58.0,-78.0,-74.0,-100.0,-72.0,-79.0,-79.0,-100.0,-100.0,-76.0,-78.0,-72.0,-74.0,-100.0,-100.0,-45.0,-58.0,-68.0,-68.0,-76.0,-75.0
B0010,RP01,B,CTK45-dot-B,,31,,-41.0,0.0,train,-100.0,-73.0,-93.0,-68.0,-56.0,-77.0,-75.0,-100.0,-67.0,-66.0,-67.0,-60.0,-100.0,-81.0,-52.0,-60.0,-100.0,-74.0,-87.0,-68.0,-56.0,-77.0,-75.0,-100.0,-67.0,-67.0,-67.0,-60.0,-86.0,-81.0,-53.0,-60.0,-65.0,-65.0,-63.0,-63.0
2025:01:24:07:52:52,RP01,A,SM-S908E,2212343.0,30,-33.45817697908482,-41.0,0.0,train,-72.0,-64.0,-100.0,-69.0,-70.0,-80.0,-85.0,-100.0,-71.0,-77.0,-70.0,-70.0,-87.0,-100.0,-46.0,-55.0,-72.0,-64.0,-100.0,-70.0,-70.0,-100.0,-85.0,-100.0,-74.0,-77.0,-70.0,-71.0,-87.0,-100.0,-47.0,-55.0,-61.0,-61.0,-73.0,-72.0
B0032,RP01,B,CTK45-dot-B,,16,,-41.0,0.0,train,-100.0,-75.0,-100.0,-100.0,-56.0,-100.0,-100.0,-100.0,-60.0,-75.0,-100.0,-65.0,-100.0,-100.0,-100.0,-57.0,-100.0,-74.0,-100.0,-100.0,-56.0,-100.0,-100.0,-100.0,-60.0,-76.0,-100.0,-65.0,-100.0,-100.0,-100.0,-57.0,-62.0,-61.0,-56.0,-56.0
B0056,RP01,B,CTK45-dot-B,,35,,-41.0,0.0,train,-70.0,-75.0,-100.0,-58.0,-67.0,-65.0,-85.0,-89.0,-56.0,-68.0,-62.0,-72.0,-71.0,-85.0,-44.0,-63.0,-70.0,-75.0,-100.0,-58.0,-67.0,-77.0,-84.0,-95.0,-56.0,-67.0,-100.0,-70.0,-71.0,-86.0,-44.0,-63.0,-54.0,-54.0,-57.0,-57.0
B0018,RP01,B,CTK45-dot-B,,26,,-41.0,0.0,train,-71.0,-68.0,-100.0,-100.0,-58.0,-100.0,-75.0,-100.0,-100.0,-63.0,-62.0,-61.0,-84.0,-80.0,-55.0,-55.0,-71.0,-68.0,-100.0,-100.0,-59.0,-100.0,-75.0,-100.0,-100.0,-64.0,-61.0,-61.0,-84.0,-80.0,-56.0,-55.0,-64.0,-64.0,-62.0,-62.0
2025:01:24:08:00:41,RP01,A,SM-S908E,2212343.0,31,-163.77883982255557,-41.0,0.0,train,-74.0,-75.0,-100.0,-69.0,-70.0,-75.0,-80.0,-100.0,-73.0,-77.0,-69.0,-73.0,-82.0,-100.0,-51.0,-59.0,-74.0,-75.0,-87.0,-69.0,-70.0,-75.0,-81.0,-100.0,-72.0,-77.0,-69.0,-74.0,-82.0,-100.0,-51.0,-59.0,-66.0,-66.0,-75.0,-75.0
2025:01:24:07:55:34,RP01,A,SM-S908E,2212343.0,29,39.52057408147085,-41.0,0.0,train,-76.0,-75.0,-100.0,-74.0,-76.0,-76.0,-87.0,-100.0,-74.0,-76.0,-76.0,-73.0,-89.0,-100.0,-45.0,-57.0,-76.0,-75.0,-100.0,-74.0,-76.0,-76.0,-87.0,-100.0,-75.0,-76.0,-75.0,-73.0,-100.0,-100.0,-45.0,-57.0,-73.0,-73.0,-68.0,-68.0
B0007,RP01,B,CTK45-dot-B,,22,,-41.0,0.0,train,-100.0,-65.0,-100.0,-63.0,-52.0,-74.0,-75.0,-94.0,-65.0,-100.0,-64.0,-60.0,-100.0,-100.0,-100.0,-52.0,-100.0,-65.0,-100.0,-100.0,-54.0,-72.0,-75.0,-95.0,-65.0,-100.0,-64.0,-60.0,-84.0,-100.0,-100.0,-51.0,-100.0,-100.0,-63.0,-63.0
B0049,RP01,B,CTK45-dot-B,,23,,-41.0,0.0,train,-100.0,-68.0,-100.0,-66.0,-60.0,-75.0,-76.0,-100.0,-67.0,-65.0,-100.0,-60.0,-100.0,-80.0,-58.0,-56.0,-100.0,-68.0,-100.0,-100.0,-60.0,-100.0,-76.0,-100.0,-100.0,-63.0,-100.0,-60.0,-100.0,-77.0,-58.0,-56.0,-64.0,-64.0,-62.0,-62.0
B0003,RP01,B,CTK45-dot-B,,20,,-41.0,0.0,train,-70.0,-69.0,-100.0,-100.0,-100.0,-70.0,-78.0,-100.0,-65.0,-100.0,-67.0,-63.0,-82.0,-80.0,-100.0,-50.0,-70.0,-68.0,-100.0,-100.0,-100.0,-71.0,-78.0,-100.0,-64.0,-100.0,-68.0,-63.0,-81.0,-79.0,-100.0,-58.0,-100.0,-100.0,-100.0,-100.0
B0002,RP01,B,CTK45-dot-B,,34,,-41.0,0.0,train,-69.0,-73.0,-100.0,-69.0,-62.0,-77.0,-72.0,-92.0,-59.0,-68.0,-64.0,-60.0,-80.0,-78.0,-56.0,-58.0,-69.0,-72.0,-100.0,-100.0,-61.0,-76.0,-72.0,-93.0,-59.0,-68.0,-64.0,-60.0,-80.0,-78.0,-56.0,-61.0,-66.0,-66.0,-68.0,-67.0
B0006,RP01,B,CTK45-dot-B,,34,,-41.0,0.0,train,-65.0,-75.0,-100.0,-72.0,-57.0,-75.0,-78.0,-91.0,-64.0,-65.0,-72.0,-63.0,-72.0,-80.0,-44.0,-53.0,-64.0,-75.0,-100.0,-73.0,-57.0,-76.0,-78.0,-92.0,-64.0,-65.0,-72.0,-72.0,-72.0,-80.0,-100.0,-53.0,-60.0,-100.0,-100.0,-100.0
B0042,RP01,B,CTK45-dot-B,,33,,-41.0,0.0,train,-58.0,-71.0,-100.0,-59.0,-58.0,-75.0,-78.0,-100.0,-61.0,-62.0,-52.0,-53.0,-74.0,-75.0,-60.0,-61.0,-62.0,-71.0,-100.0,-59.0,-58.0,-100.0,-78.0,-90.0,-100.0,-62.0,-50.0,-53.0,-75.0,-75.0,-60.0,-60.0,-51.0,-53.0,-61.0,-61.0
2025:01:24:07:56:15,RP01,A,SM-S908E,2212343.0,28,36.4381218771933,-41.0,0.0,train,-80.0,-77.0,-100.0,-76.0,-78.0,-78.0,-100.0,-100.0,-78.0,-77.0,-71.0,-68.0,-87.0,-100.0,-44.0,-58.0,-79.0,-77.0,-100.0,-76.0,-78.0,-79.0,-100.0,-100.0,-78.0,-78.0,-72.0,-68.0,-89.0,-100.0,-44.0,-58.0,-71.0,-71.0,-70.0,-70.0
B0009,RP01,B,CTK45-dot-B,,23,,-41.0,0.0,train,-100.0,-73.0,-100.0,-67.0,-57.0,-100.0,-76.0,-100.0,-100.0,-66.0,-66.0,-61.0,-100.0,-81.0,-55.0,-61.0,-100.0,-73.0,-100.0,-100.0,-56.0,-100.0,-76.0,-100.0,-100.0,-66.0,-67.0,-61.0,-100.0,-81.0,-55.0,-61.0,-65.0,-65.0,-65.0,-66.0
B0029,RP01,B,CTK45-dot-B,,21,,-41.0,0.0,train,-100.0,-75.0,-100.0,-70.0,-55.0,-100.0,-100.0,-100.0,-100.0,-71.0,-71.0,-64.0,-100.0,-79.0,-49.0,-63.0,-100.0,-75.0,-100.0,-70.0,-55.0,-100.0,-100.0,-100.0,-100.0,-71.0,-71.0,-64.0,-100.0,-79.0,-100.0,-63.0,-63.0,-62.0,-56.0,-55.0
B0034,RP01,B,CTK45-dot-B,,31,,-41.0,0.0,validation,-84.0,-80.0,-100.0,-63.0,-71.0,-73.0,-100.0,-100.0,-60.0,-65.0,-72.0,-55.0,-76.0,-78.0,-55.0,-66.0,-84.0,-80.0,-100.0,-63.0,-71.0,-73.0,-100.0,-100.0,-60.0,-65.0,-100.0,-54.0,-77.0,-79.0,-55.0,-66.0,-70.0,-68.0,-60.0,-60.0
B0037,RP01,B,CTK45-dot-B,,28,,-41.0,0.0,validation,-73.0,-100.0,-100.0,-65.0,-63.0,-70.0,-76.0,-100.0,-60.0,-68.0,-56.0,-54.0,-75.0,-77.0,-100.0,-70.0,-75.0,-100.0,-100.0,-65.0,-63.0,-70.0,-76.0,-100.0,-61.0,-69.0,-57.0,-55.0,-100.0,-77.0,-100.0,-69.0,-72.0,-72.0,-60.0,-59.0
B0016,RP01,B,CTK45-dot-B,,32,,-41.0,0.0,validation,-100.0,-67.0,-93.0,-66.0,-61.0,-74.0,-75.0,-100.0,-65.0,-64.0,-64.0,-64.0,-100.0,-80.0,-54.0,-66.0,-100.0,-67.0,-100.0,-66.0,-62.0,-74.0,-75.0,-100.0,-65.0,-64.0,-65.0,-64.0,-86.0,-79.0,-55.0,-65.0,-64.0,-64.0,-61.0,-61.0
B0012,RP01,B,CTK45-dot-B,,29,,-41.0,0.0,validation,-73.0,-70.0,-100.0,-69.0,-55.0,-76.0,-75.0,-100.0,-66.0,-67.0,-65.0,-62.0,-84.0,-80.0,-55.0,-63.0,-100.0,-70.0,-100.0,-100.0,-55.0,-77.0,-75.0,-100.0,-66.0,-67.0,-63.0,-62.0,-84.0,-81.0,-55.0,-60.0,-100.0,-65.0,-63.0,-62.0
B0055,RP01,B,CTK45-dot-B,,25,,-41.0,0.0,validation,-66.0,-74.0,-84.0,-55.0,-100.0,-63.0,-100.0,-89.0,-58.0,-100.0,-60.0,-100.0,-71.0,-100.0,-47.0,-58.0,-66.0,-74.0,-84.0,-56.0,-100.0,-72.0,-100.0,-89.0,-58.0,-100.0,-60.0,-100.0,-71.0,-100.0,-47.0,-58.0,-59.0,-100.0,-100.0,-100.0
B0038,RP01,B,CTK45-dot-B,,25,,-41.0,0.0,validation,-100.0,-76.0,-100.0,-64.0,-65.0,-100.0,-100.0,-100.0,-58.0,-71.0,-58.0,-56.0,-100.0,-77.0,-58.0,-59.0,-100.0,-76.0,-100.0,-65.0,-65.0,-100.0,-100.0,-100.0,-58.0,-71.0,-58.0,-55.0,-100.0,-76.0,-59.0,-59.0,-66.0,-66.0,-64.0,-64.0
B0039,RP01,B,CTK45-dot-B,,35,,-41.0,0.0,validation,-65.0,-64.0,-84.0,-53.0,-60.0,-68.0,-100.0,-82.0,-55.0,-60.0,-57.0,-49.0,-72.0,-74.0,-45.0,-53.0,-65.0,-64.0,-100.0,-53.0,-61.0,-68.0,-100.0,-85.0,-55.0,-61.0,-57.0,-50.0,-71.0,-75.0,-45.0,-53.0,-58.0,-57.0,-63.0,-62.0
2025:01:24:07:57:49,RP01,A,SM-S908E,2212343.0,28,39.004293844392166,-41.0,0.0,validation,-79.0,-74.0,-90.0,-69.0,-78.0,-80.0,-87.0,-100.0,-76.0,-75.0,-72.0,-72.0,-100.0,-100.0,-46.0,-57.0,-79.0,-74.0,-90.0,-69.0,-78.0,-79.0,-87.0,-100.0,-76.0,-75.0,-72.0,-73.0,-100.0,-100.0,-46.0,-57.0,-100.0,-100.0,-71.0,-71.0
B0021,RP01,B,CTK45-dot-B,,32,,-41.0,0.0,validation,-66.0,-68.0,-100.0,-71.0,-57.0,-74.0,-100.0,-90.0,-66.0,-71.0,-54.0,-54.0,-81.0,-78.0,-43.0,-100.0,-67.0,-68.0,-100.0,-72.0,-56.0,-74.0,-100.0,-93.0,-66.0,-71.0,-56.0,-55.0,-80.0,-78.0,-44.0,-100.0,-60.0,-59.0,-66.0,-65.0
2025:01:24:07:51:13,RP01,A,SM-S908E,2212343.0,31,-34.11428813902298,-41.0,0.0,validation,-72.0,-65.0,-89.0,-69.0,-69.0,-82.0,-84.0,-100.0,-75.0,-79.0,-69.0,-69.0,-85.0,-100.0,-47.0,-56.0,-72.0,-65.0,-100.0,-69.0,-69.0,-81.0,-84.0,-100.0,-75.0,-79.0,-69.0,-69.0,-85.0,-100.0,-48.0,-55.0,-61.0,-60.0,-70.0,-70.0
B0041,RP01,B,CTK45-dot-B,,27,,-41.0,0.0,validation,-68.0,-70.0,-100.0,-56.0,-59.0,-100.0,-100.0,-100.0,-63.0,-65.0,-53.0,-62.0,-70.0,-78.0,-44.0,-57.0,-100.0,-70.0,-100.0,-56.0,-60.0,-100.0,-100.0,-100.0,-63.0,-65.0,-52.0,-63.0,-70.0,-79.0,-44.0,-56.0,-60.0,-60.0,-67.0,-67.0
B0023,RP01,B,CTK45-dot-B,,34,,-41.0,0.0,validation,-66.0,-68.0,-100.0,-100.0,-57.0,-74.0,-69.0,-94.0,-66.0,-72.0,-54.0,-55.0,-81.0,-78.0,-44.0,-58.0,-66.0,-68.0,-100.0,-100.0,-57.0,-74.0,-69.0,-100.0,-66.0,-71.0,-54.0,-55.0,-88.0,-78.0,-44.0,-58.0,-60.0,-59.0,-65.0,-65.0
B0001,RP01,B,CTK45-dot-B,,32,,-41.0,0.0,test,-82.0,-96.0,-100.0,-69.0,-74.0,-85.0,-87.0,-88.0,-54.0,-56.0,-49.0,-55.0,-71.0,-69.0,-69.0,-65.0,-100.0,-95.0,-100.0,-69.0,-73.0,-84.0,-86.0,-90.0,-55.0,-56.0,-49.0,-57.0,-100.0,-69.0,-69.0,-65.0,-74.0,-73.0,-70.0,-70.0
B0048,RP01,B,CTK45-dot-B,,22,,-41.0,0.0,test,-100.0,-64.0,-100.0,-100.0,-56.0,-73.0,-100.0,-100.0,-64.0,-70.0,-62.0,-56.0,-100.0,-100.0,-43.0,-53.0,-100.0,-64.0,-100.0,-100.0,-56.0,-73.0,-100.0,-100.0,-64.0,-70.0,-62.0,-56.0,-100.0,-83.0,-46.0,-53.0,-49.0,-100.0,-63.0,-63.0
B0044,RP01,B,CTK45-dot-B,,18,,-41.0,0.0,test,-100.0,-75.0,-100.0,-61.0,-100.0,-78.0,-100.0,-100.0,-60.0,-100.0,-67.0,-100.0,-100.0,-100.0,-43.0,-53.0,-100.0,-75.0,-100.0,-61.0,-100.0,-78.0,-100.0,-100.0,-62.0,-100.0,-66.0,-100.0,-100.0,-100.0,-43.0,-53.0,-63.0,-63.0,-100.0,-100.0
B0000,RP01,B,CTK45-dot-B,,29,,-41.0,0.0,test,-67.0,-77.0,-100.0,-69.0,-100.0,-75.0,-100.0,-90.0,-60.0,-100.0,-70.0,-100.0,-75.0,-100.0,-57.0,-54.0,-68.0,-78.0,-100.0,-69.0,-100.0,-74.0,-100.0,-97.0,-58.0,-100.0,-78.0,-100.0,-77.0,-100.0,-59.0,-54.0,-61.0,-61.0,-100.0,-100.0
2025:01:24:07:47:57,RP01,A,SM-S908E,2212343.0,32,-90.44700867737068,-41.0,0.0,test,-75.0,-69.0,-100.0,-78.0,-68.0,-74.0,-84.0,-100.0,-71.0,-77.0,-68.0,-62.0,-88.0,-84.0,-46.0,-55.0,-74.0,-70.0,-100.0,-78.0,-68.0,-74.0,-83.0,-100.0,-73.0,-77.0,-68.0,-62.0,-87.0,-84.0,-46.0,-55.0,-62.0,-61.0,-69.0,-68.0
B0059,RP01,B,CTK45-dot-B,,26,,-41.0,0.0,test,-69.0,-71.0,-100.0,-65.0,-58.0,-100.0,-79.0,-100.0,-100.0,-65.0,-63.0,-65.0,-82.0,-85.0,-54.0,-56.0,-72.0,-71.0,-100.0,-65.0,-58.0,-100.0,-79.0,-100.0,-100.0,-65.0,-61.0,-65.0,-82.0,-85.0,-53.0,-58.0,-64.0,-64.0,-100.0,-100.0
B0047,RP01,B,CTK45-dot-B,,37,,-41.0,0.0,test,-67.0,-64.0,-86.0,-58.0,-53.0,-70.0,-100.0,-96.0,-61.0,-67.0,-59.0,-58.0,-66.0,-100.0,-47.0,-55.0,-67.0,-64.0,-86.0,-58.0,-53.0,-69.0,-100.0,-96.0,-61.0,-68.0,-63.0,-59.0,-67.0,-72.0,-47.0,-56.0,-50.0,-50.0,-61.0,-61.0
B0030,RP01,B,CTK45-dot-B,,26,,-41.0,0.0,test,-100.0,-75.0,-100.0,-71.0,-56.0,-100.0,-74.0,-100.0,-100.0,-75.0,-71.0,-68.0,-85.0,-84.0,-48.0,-56.0,-100.0,-75.0,-100.0,-70.0,-56.0,-100.0,-74.0,-100.0,-100.0,-74.0,-71.0,-68.0,-86.0,-84.0,-48.0,-55.0,-62.0,-62.0,-57.0,-56.0
B0036,RP01,B,CTK45-dot-B,,27,,-41.0,0.0,test,-75.0,-78.0,-100.0,-100.0,-73.0,-100.0,-76.0,-100.0,-58.0,-68.0,-57.0,-54.0,-77.0,-78.0,-54.0,-68.0,-100.0,-78.0,-100.0,-100.0,-73.0,-100.0,-76.0,-100.0,-100.0,-69.0,-57.0,-54.0,-78.0,-78.0,-54.0,-67.0,-73.0,-73.0,-63.0,-63.0
B0031,RP01,B,CTK45-dot-B,,30,,-41.0,0.0,test,-66.0,-75.0,-100.0,-67.0,-56.0,-78.0,-75.0,-100.0,-61.0,-75.0,-72.0,-66.0,-82.0,-100.0,-47.0,-57.0,-69.0,-75.0,-100.0,-67.0,-56.0,-78.0,-75.0,-100.0,-61.0,-75.0,-72.0,-66.0,-82.0,-100.0,-47.0,-57.0,-62.0,-61.0,-56.0,-56.0
B0026,RP01,B,CTK45-dot-B,,32,,-41.0,0.0,test,-72.0,-67.0,-100.0,-61.0,-54.0,-76.0,-100.0,-100.0,-61.0,-66.0,-65.0,-54.0,-75.0,-77.0,-46.0,-55.0,-72.0,-67.0,-87.0,-61.0,-54.0,-77.0,-100.0,-100.0,-61.0,-66.0,-65.0,-54.0,-75.0,-77.0,-46.0,-56.0,-62.0,-62.0,-62.0,-62.0
B0028,RP01,B,CTK45-dot-B,,25,,-41.0,0.0,test,-100.0,-68.0,-100.0,-60.0,-54.0,-74.0,-100.0,-100.0,-60.0,-100.0,-63.0,-56.0,-100.0,-100.0,-45.0,-55.0,-71.0,-67.0,-100.0,-60.0,-53.0,-74.0,-100.0,-100.0,-60.0,-100.0,-63.0,-56.0,-75.0,-78.0,-45.0,-55.0,-63.0,-63.0,-63.0,-63.0
B0060,RP02,B,CTK45-dot-B,,34,,0.0,0.0,train,-78.0,-88.0,-100.0,-68.0,-71.0,-100.0,-77.0,-87.0,-69.0,-66.0,-58.0,-57.0,-82.0,-76.0,-63.0,-75.0,-78.0,-88.0,-100.0,-69.0,-71.0,-100.0,-77.0,-85.0,-69.0,-65.0,-59.0,-56.0,-81.0,-77.0,-63.0,-75.0,-100.0,-100.0,-69.0,-69.0
B0092,RP02,B,CTK45-dot-B,,35,,0.0,0.0,train,-66.0,-75.0,-80.0,-61.0,-65.0,-73.0,-100.0,-87.0,-65.0,-67.0,-65.0,-54.0,-77.0,-75.0,-69.0,-67.0,-66.0,-74.0,-81.0,-61.0,-64.0,-73.0,-100.0,-85.0,-64.0,-66.0,-65.0,-54.0,-77.0,-74.0,-69.0,-68.0,-57.0,-57.0,-61.0,-61.0
B0070,RP02,B,CTK45-dot-B,,20,,0.0,0.0,train,-100.0,-100.0,-100.0,-67.0,-100.0,-100.0,-100.0,-100.0,-51.0,-63.0,-60.0,-55.0,-100.0,-67.0,-56.0,-61.0,-100.0,-100.0,-100.0,-52.0,-100.0,-56.0,-100.0,-100.0,-70.0,-63.0,-57.0,-54.0,-100.0,-67.0,-56.0,-100.0,-62.0,-61.0,-68.0,-68.0
B0063,RP02,B,CTK45-dot-B,,24,,0.0,0.0,train,-78.0,-100.0,-100.0,-74.0,-68.0,-62.0,-72.0,-90.0,-100.0,-100.0,-72.0,-68.0,-78.0,-100.0,-69.0,-67.0,-78.0,-100.0,-100.0,-74.0,-68.0,-63.0,-72.0,-90.0,-100.0,-100.0,-73.0,-68.0,-100.0,-100.0,-69.0,-67.0,-62.0,-100.0,-61.0,-60.0
2025:01:24:08:10:37,RP02,A,SM-S908E,2212343.0,27,-159.49960139721787,0.0,0.0,train,-100.0,-100.0,-100.0,-72.0,-74.0,-75.0,-80.0,-100.0,-73.0,-76.0,-67.0,-65.0,-100.0,-83.0,-65.0,-71.0,-100.0,-100.0,-100.0,-72.0,-74.0,-76.0,-80.0,-100.0,-73.0,-76.0,-67.0,-65.0,-100.0,-82.0,-66.0,-71.0,-74.0,-73.0,-79.0,-79.0
B0094,RP02,B,CTK45-dot-B,,34,,0.0,0.0,train,-100.0,-83.0,-89.0,-63.0,-68.0,-61.0,-100.0,-83.0,-61.0,-75.0,-63.0,-58.0,-100.0,-78.0,-62.0,-61.0,-100.0,-83.0,-88.0,-63.0,-68.0,-58.0,-100.0,-83.0,-70.0,-74.0,-63.0,-58.0,-80.0,-78.0,-63.0,-62.0,-71.0,-71.0,-71.0,-70.0
B0115,RP02,B,CTK45-dot-B,,23,,0.0,0.0,train,-100.0,-79.0,-100.0,-100.0,-66.0,-100.0,-78.0,-100.0,-100.0,-65.0,-68.0,-73.0,-100.0,-80.0,-72.0,-66.0,-100.0,-79.0,-100.0,-100.0,-66.0,-100.0,-78.0,-100.0,-100.0,-65.0,-69.0,-100.0,-100.0,-81.0,-72.0,-67.0,-74.0,-73.0,-68.0,-68.0
B0097,RP02,B,CTK45-dot-B,,39,,0.0,0.0,train,-68.0,-80.0,-88.0,-64.0,-66.0,-62.0,-78.0,-85.0,-61.0,-73.0,-60.0,-58.0,-83.0,-77.0,-66.0,-63.0,-68.0,-80.0,-100.0,-65.0,-67.0,-62.0,-78.0,-84.0,-62.0,-74.0,-60.0,-58.0,-81.0,-77.0,-67.0,-66.0,-66.0,-66.0,-75.0,-75.0
2025:01:24:08:11:12,RP02,A,SM-S908E,2212343.0,26,-159.8776962462247,0.0,0.0,train,-83.0,-100.0,-100.0,-100.0,-77.0,-75.0,-79.0,-100.0,-72.0,-74.0,-65.0,-65.0,-100.0,-84.0,-65.0,-72.0,-82.0,-100.0,-100.0,-100.0,-76.0,-75.0,-79.0,-100.0,-72.0,-75.0,-65.0,-65.0,-100.0,-84.0,-66.0,-72.0,-74.0,-74.0,-78.0,-78.0
B0068,RP02,B,CTK45-dot-B,,29,,0.0,0.0,train,-100.0,-86.0,-100.0,-72.0,-69.0,-100.0,-78.0,-100.0,-73.0,-70.0,-100.0,-74.0,-85.0,-86.0,-73.0,-70.0,-86.0,-86.0,-100.0,-100.0,-70.0,-100.0,-78.0,-100.0,-73.0,-70.0,-100.0,-68.0,-86.0,-86.0,-73.0,-71.0,-75.0,-75.0,-69.0,-69.0
B0065,RP02,B,CTK45-dot-B,,25,,0.0,0.0,train,-100.0,-91.0,-100.0,-69.0,-69.0,-67.0,-100.0,-100.0,-73.0,-65.0,-100.0,-58.0,-100.0,-77.0,-100.0,-75.0,-100.0,-90.0,-100.0,-70.0,-69.0,-67.0,-100.0,-100.0,-73.0,-66.0,-100.0,-58.0,-100.0,-77.0,-100.0,-75.0,-73.0,-73.0,-71.0,-70.0
2025:01:24:08:15:04,RP02,A,SM-S908E,2212343.0,31,-94.75400690788244,0.0,0.0,train,-100.0,-82.0,-100.0,-70.0,-71.0,-71.0,-84.0,-100.0,-74.0,-74.0,-58.0,-66.0,-79.0,-86.0,-68.0,-74.0,-100.0,-82.0,-100.0,-70.0,-71.0,-71.0,-83.0,-100.0,-74.0,-75.0,-58.0,-66.0,-80.0,-87.0,-68.0,-74.0,-81.0,-82.0,-73.0,-100.0
B0119,RP02,B,CTK45-dot-B,,31,,0.0,0.0,train,-71.0,-87.0,-100.0,-72.0,-79.0,-67.0,-86.0,-100.0,-75.0,-100.0,-62.0,-70.0,-80.0,-100.0,-65.0,-72.0,-72.0,-88.0,-100.0,-72.0,-79.0,-73.0,-85.0,-100.0,-74.0,-100.0,-63.0,-70.0,-79.0,-100.0,-65.0,-69.0,-62.0,-63.0,-77.0,-76.0
2025:01:24:08:14:29,RP02,A,SM-S908E,2212343.0,27,-95.01189521147083,0.0,0.0,train,-100.0,-87.0,-100.0,-100.0,-73.0,-100.0,-81.0,-100.0,-73.0,-73.0,-62.0,-65.0,-80.0,-83.0,-72.0,-70.0,-100.0,-87.0,-100.0,-71.0,-73.0,-72.0,-81.0,-100.0,-73.0,-73.0,-62.0,-65.0,-80.0,-83.0,-72.0,-70.0,-100.0,-100.0,-79.0,-79.0
2025:01:24:08:16:24,RP02,A,SM-S908E,2212343.0,27,-42.792924552577574,0.0,0.0,train,-82.0,-82.0,-100.0,-65.0,-72.0,-64.0,-76.0,-100.0,-64.0,-70.0,-61.0,-60.0,-73.0,-100.0,-71.0,-72.0,-79.0,-81.0,-100.0,-65.0,-72.0,-64.0,-76.0,-100.0,-65.0,-70.0,-61.0,-60.0,-73.0,-100.0,-71.0,-72.0,-100.0,-100.0,-76.0,-100.0
B0082,RP02,B,CTK45-dot-B,,32,,0.0,0.0,train,-100.0,-80.0,-100.0,-65.0,-67.0,-67.0,-78.0,-93.0,-73.0,-65.0,-100.0,-69.0,-85.0,-84.0,-70.0,-68.0,-81.0,-80.0,-100.0,-65.0,-67.0,-69.0,-79.0,-100.0,-72.0,-65.0,-100.0,-71.0,-85.0,-86.0,-69.0,-68.0,-70.0,-70.0,-66.0,-66.0
B0107,RP02,B,CTK45-dot-B,,37,,0.0,0.0,train,-68.0,-81.5,-100.0,-56.0,-60.0,-63.0,-76.0,-87.0,-54.0,-72.0,-72.0,-76.0,-71.0,-85.0,-69.0,-60.0,-69.0,-81.0,-100.0,-100.0,-60.0,-72.0,-76.0,-90.0,-57.0,-72.0,-65.0,-76.0,-71.0,-85.0,-69.0,-57.0,-56.0,-56.0,-51.0,-51.0
B0105,RP02,B,CTK45-dot-B,,18,,0.0,0.0,train,-78.0,-75.0,-100.0,-66.0,-100.0,-60.0,-100.0,-86.0,-70.0,-100.0,-54.0,-100.0,-100.0,-100.0,-100.0,-62.0,-76.0,-75.0,-100.0,-66.0,-100.0,-61.0,-100.0,-86.0,-71.0,-100.0,-54.0,-100.0,-100.0,-100.0,-100.0,-62.0,-100.0,-100.0,-100.0,-100.0
B0102,RP02,B,CTK45-dot-B,,21,,0.0,0.0,train,-77.0,-81.0,-89.0,-72.0,-100.0,-71.0,-100.0,-91.0,-56.0,-100.0,-71.0,-100.0,-72.0,-100.0,-100.0,-72.0,-75.0,-81.0,-88.0,-71.0,-100.0,-71.0,-100.0,-100.0,-56.0,-100.0,-100.0,-100.0,-77.0,-100.0,-100.0,-72.0,-100.0,-100.0,-100.0,-100.0
B0106,RP02,B,CTK45-dot-B,,23,,0.0,0.0,train,-77.0,-80.0,-100.0,-68.0,-100.0,-70.0,-100.0,-85.0,-65.0,-100.0,-56.0,-100.0,-84.0,-100.0,-58.0,-64.0,-77.0,-79.0,-100.0,-68.0,-100.0,-80.0,-100.0,-86.0,-66.0,-100.0,-57.0,-100.0,-100.0,-100.0,-100.0,-62.0,-71.0,-71.0,-100.0,-100.0
B0113,RP02,B,CTK45-dot-B,,28,,0.0,0.0,train,-82.0,-79.0,-100.0,-65.0,-68.0,-64.0,-76.0,-91.0,-70.0,-100.0,-100.0,-69.0,-86.0,-100.0,-70.0,-66.0,-82.0,-79.0,-100.0,-100.0,-67.0,-65.0,-76.0,-100.0,-70.0,-100.0,-100.0,-70.0,-86.0,-100.0,-74.0,-66.0,-71.0,-71.0,-68.0,-67.0
2025:01:24:08:15:44,RP02,A,SM-S908E,2212343.0,32,-43.37882947500497,0.0,0.0,train,-81.0,-83.0,-100.0,-74.0,-72.0,-67.0,-80.0,-89.0,-69.0,-71.0,-60.0,-65.0,-77.0,-100.0,-73.0,-75.0,-100.0,-83.0,-100.0,-74.0,-72.0,-67.0,-80.0,-90.0,-69.0,-71.0,-60.0,-65.0,-77.0,-100.0,-73.0,-75.0,-79.0,-79.0,-78.0,-77.0
B0071,RP02,B,CTK45-dot-B,,29,,0.0,0.0,train,-79.0,-79.0,-100.0,-67.0,-64.0,-69.0,-74.0,-100.0,-100.0,-65.0,-100.0,-70.0,-100.0,-82.0,-72.0,-68.0,-100.0,-80.0,-100.0,-67.0,-65.0,-69.0,-74.0,-100.0,-100.0,-64.0,-100.0,-69.0,-100.0,-81.0,-73.0,-68.0,-74.0,-72.0,-68.0,-67.0
B0099,RP02,B,CTK45-dot-B,,30,,0.0,0.0,train,-73.0,-89.0,-100.0,-67.0,-78.0,-68.0,-100.0,-90.0,-70.0,-80.0,-63.0,-79.0,-80.0,-87.0,-62.0,-66.0,-72.0,-89.0,-100.0,-68.0,-78.0,-69.0,-100.0,-100.0,-70.0,-80.0,-63.0,-78.0,-79.0,-87.0,-61.0,-100.0,-100.0,-100.0,-70.0,-71.0
B0085,RP02,B,CTK45-dot-B,,23,,0.0,0.0,train,-78.0,-78.0,-100.0,-66.0,-100.0,-62.0,-100.0,-85.0,-100.0,-100.0,-52.0,-100.0,-80.0,-100.0,-73.0,-60.0,-77.0,-78.0,-100.0,-65.0,-100.0,-62.0,-100.0,-89.0,-100.0,-100.0,-53.0,-100.0,-100.0,-100.0,-65.0,-60.0,-64.0,-65.0,-100.0,-100.0
B0096,RP02,B,CTK45-dot-B,,26,,0.0,0.0,train,-69.0,-81.0,-89.0,-65.0,-100.0,-62.0,-100.0,-82.0,-64.0,-100.0,-64.0,-100.0,-81.0,-100.0,-66.0,-65.0,-69.0,-81.0,-87.0,-65.0,-100.0,-63.0,-100.0,-82.0,-66.0,-100.0,-64.0,-100.0,-88.0,-100.0,-66.0,-65.0,-65.0,-65.0,-100.0,-100.0
B0114,RP02,B,CTK45-dot-B,,33,,0.0,0.0,train,-82.0,-79.0,-100.0,-65.0,-70.0,-64.0,-76.0,-100.0,-67.0,-64.0,-70.0,-66.0,-86.0,-84.0,-69.0,-68.0,-83.0,-79.0,-100.0,-65.0,-70.0,-63.0,-76.0,-100.0,-67.0,-65.0,-100.0,-67.0,-86.0,-84.0,-74.0,-68.0,-70.0,-70.0,-65.0,-65.0
2025:01:24:08:13:39,RP02,A,SM-S908E,2212343.0,28,-95.19250869722991,0.0,0.0,train,-84.0,-100.0,-100.0,-79.0,-77.0,-73.0,-82.0,-100.0,-83.0,-76.0,-61.0,-64.0,-79.0,-85.0,-72.0,-75.0,-100.0,-100.0,-100.0,-79.0,-77.0,-73.0,-82.0,-100.0,-82.0,-76.0,-60.0,-64.0,-79.0,-85.0,-72.0,-75.0,-100.0,-100.0,-78.0,-77.0
B0095,RP02,B,CTK45-dot-B,,23,,0.0,0.0,train,-69.0,-81.0,-85.0,-67.0,-100.0,-61.0,-100.0,-84.0,-60.0,-100.0,-64.0,-100.0,-100.0,-100.0,-67.0,-65.0,-70.0,-81.0,-100.0,-67.0,-100.0,-61.0,-100.0,-84.0,-60.0,-100.0,-65.0,-100.0,-100.0,-100.0,-67.0,-65.0,-100.0,-100.0,-100.0,-100.0
B0064,RP02,B,CTK45-dot-B,,38,,0.0,0.0,train,-77.0,-89.0,-100.0,-69.0,-71.0,-65.0,-76.0,-85.0,-69.0,-65.0,-58.0,-58.0,-82.0,-76.0,-63.0,-73.0,-76.0,-89.0,-100.0,-69.0,-71.0,-65.0,-76.0,-85.0,-69.0,-65.0,-57.0,-58.0,-80.0,-77.0,-63.0,-73.0,-70.0,-71.0,-69.0,-69.0
B0069,RP02,B,CTK45-dot-B,,34,,0.0,0.0,train,-66.0,-78.0,-80.0,-54.0,-67.0,-58.0,-73.0,-100.0,-51.0,-60.0,-50.0,-58.0,-69.0,-73.0,-56.0,-64.0,-100.0,-78.0,-100.0,-54.0,-67.0,-58.0,-73.0,-100.0,-70.0,-60.0,-50.0,-59.0,-69.0,-73.0,-57.0,-65.0,-60.0,-62.0,-71.0,-71.0
B0090,RP02,B,CTK45-dot-B,,26,,0.0,0.0,train,-67.0,-77.0,-100.0,-62.0,-60.0,-69.0,-100.0,-100.0,-67.0,-64.0,-58.0,-54.0,-100.0,-70.0,-54.0,-62.0,-100.0,-77.0,-100.0,-61.0,-60.0,-69.0,-100.0,-100.0,-67.0,-63.0,-56.0,-54.0,-74.0,-71.0,-54.0,-62.0,-62.0,-61.0,-100.0,-100.0
B0109,RP02,B,CTK45-dot-B,,34,,0.0,0.0,train,-74.0,-85.0,-86.0,-70.0,-73.0,-76.0,-100.0,-89.0,-60.0,-75.0,-64.0,-76.0,-74.0,-87.0,-63.0,-66.0,-74.0,-86.0,-100.0,-70.0,-73.0,-67.0,-100.0,-89.0,-60.0,-75.0,-65.0,-75.0,-73.0,-88.0,-63.0,-70.0,-71.0,-72.0,-68.0,-68.0
B0084,RP02,B,CTK45-dot-B,,29,,0.0,0.0,train,-100.0,-81.0,-100.0,-66.0,-64.0,-100.0,-77.0,-100.0,-72.0,-62.0,-69.0,-68.0,-85.0,-82.0,-73.0,-70.0,-82.0,-81.0,-100.0,-67.0,-64.0,-100.0,-76.0,-100.0,-100.0,-63.0,-100.0,-67.0,-85.0,-83.0,-73.0,-70.0,-69.0,-69.0,-68.0,-68.0
B0081,RP02,B,CTK45-dot-B,,36,,0.0,0.0,train,-83.0,-79.0,-100.0,-74.0,-69.0,-73.0,-78.0,-92.0,-71.0,-69.0,-68.0,-68.0,-85.0,-82.0,-69.0,-68.0,-81.0,-79.0,-100.0,-74.0,-69.0,-73.0,-78.0,-100.0,-72.0,-70.0,-100.0,-69.0,-87.0,-86.0,-100.0,-68.0,-71.0,-70.0,-70.0,-70.0
2025:01:24:08:07:50,RP02,A,SM-S908E,2212343.0,34,-158.9233089877194,0.0,0.0,train,-83.0,-84.0,-100.0,-76.0,-67.0,-68.0,-82.0,-100.0,-71.0,-70.0,-67.0,-62.0,-81.0,-80.0,-67.0,-73.0,-83.0,-84.0,-100.0,-76.0,-67.0,-68.0,-83.0,-100.0,-71.0,-70.0,-68.0,-62.0,-82.0,-80.0,-67.0,-73.0,-77.0,-76.0,-75.0,-75.0
2025:01:24:08:16:59,RP02,A,SM-S908E,2212343.0,32,-43.57022602646842,0.0,0.0,train,-82.0,-83.0,-100.0,-63.0,-74.0,-62.0,-77.0,-100.0,-65.0,-69.0,-59.0,-60.0,-71.0,-79.0,-68.0,-71.0,-82.0,-83.0,-100.0,-63.0,-74.0,-61.0,-77.0,-100.0,-65.0,-69.0,-59.0,-60.0,-71.0,-79.0,-68.0,-71.0,-76.0,-76.0,-77.0,-77.0
B0104,RP02,B,CTK45-dot-B,,30,,0.0,0.0,train,-100.0,-80.0,-100.0,-67.0,-65.0,-65.0,-78.0,-100.0,-75.0,-64.0,-100.0,-72.0,-100.0,-82.0,-74.0,-67.0,-86.0,-80.0,-100.0,-68.0,-64.0,-65.0,-79.0,-100.0,-75.0,-64.0,-100.0,-67.0,-100.0,-82.0,-74.0,-67.0,-100.0,-100.0,-67.0,-66.0
2025:01:24:08:17:45,RP02,A,SM-S908E,2212343.0,36,-43.120511453070236,0.0,0.0,train,-80.0,-82.0,-100.0,-65.0,-73.0,-65.0,-76.0,-90.0,-65.0,-69.0,-62.0,-60.0,-73.0,-78.0,-71.0,-75.0,-79.0,-82.0,-100.0,-65.0,-73.0,-65.0,-76.0,-91.0,-65.0,-69.0,-62.0,-60.0,-73.0,-78.0,-71.0,-75.0,-71.0,-71.0,-75.0,-75.0
B0089,RP02,B,CTK45-dot-B,,37,,0.0,0.0,train,-67.0,-75.0,-81.0,-62.0,-65.0,-65.0,-69.0,-87.0,-53.0,-64.0,-58.0,-60.0,-74.0,-71.0,-58.0,-64.0,-68.0,-75.0,-79.0,-62.0,-64.0,-64.0,-69.0,-90.0,-54.0,-63.0,-58.0,-58.0,-74.0,-71.0,-58.0,-64.0,-63.0,-63.0,-65.0,-65.0
B0075,RP02,B,CTK45-dot-B,,25,,0.0,0.0,train,-100.0,-79.0,-100.0,-64.0,-70.0,-59.0,-100.0,-100.0,-55.0,-61.0,-64.0,-64.0,-100.0,-77.0,-56.0,-62.0,-100.0,-78.0,-100.0,-63.0,-70.0,-100.0,-100.0,-100.0,-55.0,-61.0,-64.0,-64.0,-100.0,-77.0,-56.0,-63.0,-60.0,-61.0,-57.0,-57.0
B0112,RP02,B,CTK45-dot-B,,30,,0.0,0.0,train,-85.0,-80.0,-100.0,-64.0,-66.0,-67.0,-79.0,-100.0,-74.0,-67.0,-73.0,-70.0,-88.0,-83.0,-69.0,-68.0,-84.0,-80.0,-100.0,-100.0,-66.0,-67.0,-79.0,-100.0,-74.0,-67.0,-100.0,-69.0,-89.0,-83.0,-70.0,-68.0,-70.0,-70.0,-66.0,-66.0
2025:01:24:08:06:35,RP02,A,SM-S908E,2212343.0,35,24.179715060512326,0.0,0.0,train,-85.0,-87.0,-100.0,-76.0,-78.0,-66.0,-82.0,-100.0,-72.0,-73.0,-59.0,-68.0,-76.0,-83.0,-72.0,-70.0,-85.0,-100.0,-100.0,-76.0,-78.0,-67.0,-82.0,-100.0,-72.0,-73.0,-59.0,-68.0,-76.0,-83.0,-72.0,-71.0,-77.0,-77.0,-75.0,-74.0
B0086,RP02,B,CTK45-dot-B,,25,,0.0,0.0,train,-100.0,-84.0,-100.0,-100.0,-67.0,-67.0,-78.0,-100.0,-100.0,-68.0,-100.0,-68.0,-87.0,-83.0,-75.0,-73.0,-100.0,-84.0,-100.0,-100.0,-67.0,-100.0,-78.0,-100.0,-100.0,-67.0,-100.0,-75.0,-86.0,-82.0,-77.0,-72.0,-75.0,-74.0,-66.0,-65.0
B0100,RP02,B,CTK45-dot-B,,21,,0.0,0.0,train,-75.0,-75.0,-89.0,-64.0,-100.0,-64.0,-100.0,-89.0,-55.0,-100.0,-60.0,-100.0,-75.0,-100.0,-70.0,-63.0,-100.0,-75.0,-88.0,-64.0,-100.0,-73.0,-100.0,-91.0,-100.0,-100.0,-61.0,-100.0,-74.0,-100.0,-100.0,-63.0,-100.0,-100.0,-100.0,-100.0
2025:01:24:08:18:37,RP02,A,SM-S908E,2212343.0,30,-43.223030791353,0.0,0.0,train,-100.0,-83.0,-100.0,-64.0,-75.0,-64.0,-76.0,-100.0,-66.0,-69.0,-64.0,-62.0,-73.0,-79.0,-71.0,-74.0,-100.0,-83.0,-100.0,-65.0,-75.0,-65.0,-76.0,-100.0,-66.0,-69.0,-64.0,-62.0,-73.0,-79.0,-72.0,-74.0,-73.0,-73.0,-75.0,-75.0
2025:01:24:08:04:26,RP02,A,SM-S908E,2212343.0,33,22.231142322094115,0.0,0.0,train,-84.0,-85.0,-100.0,-70.0,-73.0,-66.0,-86.0,-100.0,-72.0,-75.0,-62.0,-67.0,-76.0,-85.0,-70.0,-70.0,-84.0,-85.0,-100.0,-70.0,-73.0,-66.0,-86.0,-100.0,-72.0,-75.0,-62.0,-67.0,-76.0,-84.0,-71.0,-70.0,-71.0,-71.0,-75.0,-75.0
B0108,RP02,B,CTK45-dot-B,,39,,0.0,0.0,train,-65.0,-85.0,-88.0,-61.0,-100.0,-59.0,-71.0,-87.0,-65.0,-77.0,-67.0,-60.0,-77.0,-76.0,-62.0,-62.0,-66.0,-85.0,-91.0,-62.0,-100.0,-58.0,-71.0,-84.0,-66.0,-77.0,-67.0,-60.0,-78.0,-76.0,-63.0,-62.0,-70.0,-69.0,-76.0,-75.0
B0078,RP02,B,CTK45-dot-B,,27,,0.0,0.0,train,-100.0,-81.0,-100.0,-100.0,-63.0,-70.0,-77.0,-100.0,-69.0,-66.0,-73.0,-69.0,-87.0,-84.0,-70.0,-67.0,-100.0,-81.0,-100.0,-100.0,-63.0,-100.0,-76.0,-100.0,-69.0,-67.0,-100.0,-70.0,-100.0,-85.0,-69.0,-67.0,-65.0,-65.0,-64.0,-64.0
2025:01:24:08:05:40,RP02,A,SM-S908E,2212343.0,28,24.282197729496197,0.0,0.0,train,-100.0,-100.0,-100.0,-73.0,-77.0,-69.0,-83.0,-100.0,-72.0,-77.0,-59.0,-68.0,-76.0,-83.0,-71.0,-71.0,-100.0,-100.0,-100.0,-73.0,-77.0,-69.0,-83.0,-100.0,-72.0,-77.0,-59.0,-68.0,-76.0,-84.0,-71.0,-72.0,-73.0,-73.0,-75.0,-75.0
B0088,RP02,B,CTK45-dot-B,,35,,0.0,0.0,train,-61.0,-74.0,-100.0,-64.0,-64.0,-50.0,-69.0,-80.0,-69.5,-52.0,-51.0,-48.0,-64.0,-71.0,-58.0,-60.0,-61.0,-74.0,-100.0,-60.0,-65.0,-50.0,-69.0,-80.0,-70.0,-50.0,-51.0,-48.0,-64.0,-71.0,-58.0,-60.0,-62.0,-63.0,-73.0,-100.0
B0110,RP02,B,CTK45-dot-B,,20,,0.0,0.0,train,-100.0,-80.0,-100.0,-67.0,-100.0,-65.0,-78.0,-100.0,-100.0,-64.0,-100.0,-70.0,-100.0,-82.0,-100.0,-67.0,-85.0,-80.0,-100.0,-67.0,-100.0,-65.0,-78.0,-100.0,-100.0,-64.0,-100.0,-68.0,-100.0,-100.0,-100.0,-67.0,-100.0,-100.0,-68.0,-68.0
2025:01:24:08:11:50,RP02,A,SM-S908E,2212343.0,30,-94.58116845940329,0.0,0.0,train,-100.0,-84.0,-100.0,-72.0,-71.0,-71.0,-80.0,-100.0,-75.0,-74.0,-65.0,-67.0,-77.0,-84.0,-67.0,-71.0,-100.0,-85.0,-100.0,-72.0,-72.0,-72.0,-80.0,-100.0,-75.0,-74.0,-66.0,-67.0,-78.0,-84.0,-68.0,-72.0,-75.0,-75.0,-81.0,-81.0
B0091,RP02,B,CTK45-dot-B,,33,,0.0,0.0,train,-63.0,-78.0,-100.0,-60.0,-67.0,-67.0,-100.0,-80.0,-68.0,-64.0,-63.0,-53.0,-77.0,-78.0,-69.0,-63.0,-65.0,-78.0,-83.0,-62.0,-67.0,-67.0,-100.0,-86.0,-68.0,-64.0,-63.0,-53.0,-74.0,-78.0,-69.0,-63.0,-56.0,-57.0,-59.0,-58.0
B0093,RP02,B,CTK45-dot-B,,21,,0.0,0.0,train,-68.0,-82.0,-89.0,-66.0,-100.0,-60.0,-100.0,-100.0,-62.0,-100.0,-70.0,-100.0,-76.0,-100.0,-65.0,-63.0,-66.0,-82.0,-100.0,-65.0,-100.0,-59.0,-100.0,-100.0,-62.0,-100.0,-71.0,-100.0,-78.0,-100.0,-66.0,-63.0,-100.0,-100.0,-100.0,-100.0
B0077,RP02,B,CTK45-dot-B,,35,,0.0,0.0,train,-80.0,-81.0,-100.0,-65.0,-63.0,-69.0,-77.0,-93.0,-73.0,-65.0,-71.0,-69.0,-85.0,-82.0,-67.0,-68.0,-82.0,-80.0,-100.0,-65.0,-63.0,-70.0,-77.0,-100.0,-72.0,-65.0,-72.0,-69.0,-87.0,-83.0,-67.0,-68.0,-65.0,-65.0,-61.0,-60.0
B0073,RP02,B,CTK45-dot-B,,35,,0.0,0.0,validation,-100.0,-75.0,-100.0,-65.0,-76.0,-66.0,-100.0,-89.0,-61.0,-62.0,-58.0,-66.0,-80.0,-79.0,-60.0,-62.0,-80.0,-75.0,-100.0,-65.0,-76.0,-75.0,-100.0,-88.0,-66.0,-63.0,-58.0,-66.0,-79.0,-79.0,-63.0,-61.0,-65.0,-65.0,-68.0,-68.0
B0066,RP02,B,CTK45-dot-B,,29,,0.0,0.0,validation,-77.0,-90.0,-100.0,-69.0,-70.0,-68.0,-78.0,-86.0,-70.0,-65.0,-100.0,-58.0,-100.0,-77.0,-62.0,-75.0,-100.0,-91.0,-100.0,-69.0,-70.0,-68.0,-77.0,-86.0,-70.0,-65.0,-100.0,-58.0,-100.0,-77.0,-62.0,-75.0,-73.0,-73.0,-100.0,-100.0
B0111,RP02,B,CTK45-dot-B,,35,,0.0,0.0,validation,-83.0,-80.0,-92.0,-66.0,-64.0,-66.0,-78.0,-92.0,-70.0,-63.0,-71.0,-66.0,-84.0,-83.0,-64.0,-68.0,-100.0,-80.0,-100.0,-67.0,-64.0,-67.0,-77.0,-95.0,-70.0,-63.0,-100.0,-71.0,-85.0,-85.0,-62.0,-68.0,-63.0,-62.0,-61.0,-61.0
B0080,RP02,B,CTK45-dot-B,,30,,0.0,0.0,validation,-100.0,-79.0,-100.0,-65.0,-69.0,-70.0,-78.0,-100.0,-70.0,-61.0,-100.0,-72.0,-100.0,-84.0,-67.0,-67.0,-79.0,-79.0,-100.0,-64.0,-69.0,-70.0,-78.0,-100.0,-71.0,-61.0,-100.0,-66.0,-100.0,-84.0,-67.0,-67.0,-65.0,-64.0,-64.0,-64.0
B0083,RP02,B,CTK45-dot-B,,33,,0.0,0.0,validation,-100.0,-80.0,-100.0,-65.0,-64.0,-67.0,-82.0,-100.0,-77.0,-65.0,-57.0,-72.0,-84.0,-84.0,-69.0,-70.0,-100.0,-80.0,-100.0,-66.0,-64.0,-67.0,-82.0,-100.0,-78.0,-64.0,-68.0,-72.0,-85.0,-84.0,-70.0,-70.0,-71.0,-70.0,-70.0,-70.0
B0103,RP02,B,CTK45-dot-B,,30,,0.0,0.0,validation,-76.0,-81.0,-100.0,-75.0,-100.0,-71.0,-100.0,-92.0,-56.0,-75.0,-61.0,-72.0,-76.0,-87.0,-65.0,-68.0,-76.0,-81.0,-100.0,-75.0,-100.0,-72.0,-100.0,-93.0,-56.0,-75.0,-61.0,-71.0,-82.0,-100.0,-65.0,-72.0,-65.0,-66.0,-100.0,-100.0
B0074,RP02,B,CTK45-dot-B,,37,,0.0,0.0,validation,-63.0,-80.0,-100.0,-65.0,-65.0,-53.0,-100.0,-86.0,-69.0,-59.0,-53.0,-59.0,-73.0,-70.0,-57.0,-63.0,-64.0,-81.0,-100.0,-65.0,-65.0,-53.0,-100.0,-87.0,-69.0,-59.0,-53.0,-60.0,-74.0,-71.0,-57.0,-63.0,-59.0,-59.0,-65.0,-66.0
B0087,RP02,B,CTK45-dot-B,,37,,0.0,0.0,validation,-76.0,-83.0,-100.0,-77.0,-67.0,-64.0,-72.0,-100.0,-71.0,-66.0,-68.0,-70.0,-77.0,-81.0,-68.0,-67.0,-77.0,-84.0,-100.0,-77.0,-67.0,-64.0,-72.0,-88.0,-72.0,-66.0,-68.0,-71.0,-77.0,-81.0,-68.0,-68.0,-62.0,-62.0,-60.0,-60.0
B0061,RP02,B,CTK45-dot-B,,20,,0.0,0.0,validation,-100.0,-100.0,-100.0,-80.0,-100.0,-65.0,-73.0,-100.0,-100.0,-100.0,-67.0,-68.0,-100.0,-81.0,-68.0,-69.0,-100.0,-100.0,-100.0,-80.0,-100.0,-65.0,-73.0,-100.0,-100.0,-100.0,-67.0,-68.0,-80.0,-81.0,-100.0,-68.0,-61.0,-61.0,-60.0,-60.0
2025:01:24:08:09:02,RP02,A,SM-S908E,2212343.0,33,-159.54049912463432,0.0,0.0,validation,-81.0,-83.0,-100.0,-75.0,-68.0,-71.0,-79.0,-100.0,-71.0,-70.0,-66.0,-60.0,-84.0,-80.0,-64.0,-73.0,-80.0,-83.0,-100.0,-75.0,-68.0,-71.0,-79.0,-100.0,-71.0,-70.0,-66.0,-60.0,-84.0,-80.0,-64.0,-73.0,-77.0,-77.0,-80.0,-80.0
2025:01:24:08:09:44,RP02,A,SM-S908E,2212343.0,29,-157.25014617522245,0.0,0.0,validation,-100.0,-100.0,-100.0,-74.0,-75.0,-78.0,-80.0,-100.0,-75.0,-78.0,-65.0,-66.0,-84.0,-82.0,-66.0,-72.0,-100.0,-100.0,-93.0,-74.0,-75.0,-79.0,-80.0,-100.0,-75.0,-78.0,-65.0,-66.0,-84.0,-82.0,-66.0,-72.0,-77.0,-77.0,-79.0,-79.0
B0062,RP02,B,CTK45-dot-B,,31,,0.0,0.0,validation,-68.0,-77.0,-81.0,-50.0,-63.0,-55.0,-70.0,-100.0,-50.0,-61.0,-61.0,-58.0,-68.0,-100.0,-57.0,-63.0,-68.0,-77.0,-80.0,-51.0,-63.0,-56.0,-70.0,-85.0,-50.0,-61.0,-61.0,-59.0,-68.0,-100.0,-57.0,-63.0,-100.0,-100.0,-65.0,-65.0
2025:01:24:08:03:03,RP02,A,SM-S908E,2212343.0,35,22.270863767157145,0.0,0.0,test,-76.0,-81.0,-100.0,-64.0,-68.0,-72.0,-80.0,-100.0,-76.0,-73.0,-65.0,-65.0,-82.0,-86.0,-70.0,-64.0,-75.0,-81.0,-100.0,-64.0,-68.0,-73.0,-80.0,-100.0,-77.0,-73.0,-65.0,-65.0,-83.0,-86.0,-70.0,-64.0,-64.0,-64.0,-70.0,-70.0
B0118,RP02,B,CTK45-dot-B,,37,,0.0,0.0,test,-71.0,-76.0,-100.0,-65.0,-74.0,-63.0,-77.0,-89.0,-68.0,-65.0,-54.0,-66.0,-78.0,-79.0,-72.0,-64.0,-76.0,-75.0,-87.0,-66.0,-74.0,-64.0,-77.0,-89.0,-69.0,-65.0,-56.0,-66.0,-79.0,-79.0,-71.0,-64.0,-100.0,-100.0,-69.0,-69.0
B0098,RP02,B,CTK45-dot-B,,23,,0.0,0.0,test,-69.0,-87.0,-88.0,-69.0,-100.0,-65.0,-100.0,-91.0,-76.0,-100.0,-64.0,-100.0,-82.0,-100.0,-62.0,-74.0,-100.0,-88.0,-88.0,-69.0,-100.0,-65.0,-100.0,-89.0,-76.0,-100.0,-63.0,-100.0,-81.0,-100.0,-62.0,-74.0,-100.0,-100.0,-100.0,-100.0
B0101,RP02,B,CTK45-dot-B,,35,,0.0,0.0,test,-78.0,-82.0,-87.0,-67.0,-68.0,-68.0,-78.0,-100.0,-57.0,-73.0,-64.0,-80.0,-72.0,-88.0,-61.0,-71.0,-100.0,-82.0,-88.0,-68.0,-68.0,-68.0,-78.0,-90.0,-57.0,-73.0,-65.0,-80.0,-100.0,-88.0,-62.0,-74.0,-66.0,-69.0,-68.0,-68.0
B0067,RP02,B,CTK45-dot-B,,26,,0.0,0.0,test,-77.0,-100.0,-100.0,-68.0,-70.0,-100.0,-77.0,-100.0,-100.0,-64.0,-58.0,-57.0,-79.0,-76.0,-63.0,-74.0,-78.0,-100.0,-100.0,-69.0,-70.0,-100.0,-77.0,-100.0,-100.0,-64.0,-59.0,-57.0,-82.0,-76.0,-63.0,-74.0,-72.0,-73.0,-70.0,-69.0
B0072,RP02,B,CTK45-dot-B,,20,,0.0,0.0,test,-100.0,-78.0,-100.0,-100.0,-69.0,-65.0,-73.0,-100.0,-68.0,-100.0,-100.0,-65.0,-81.0,-100.0,-66.0,-64.0,-100.0,-79.0,-100.0,-100.0,-69.0,-64.0,-73.0,-100.0,-69.0,-100.0,-100.0,-65.0,-100.0,-100.0,-66.0,-63.0,-100.0,-100.0,-57.0,-56.0
B0079,RP02,B,CTK45-dot-B,,32,,0.0,0.0,test,-100.0,-85.0,-100.0,-72.0,-73.0,-71.0,-81.0,-91.0,-58.0,-59.0,-47.0,-47.0,-74.0,-69.0,-76.0,-70.0,-100.0,-85.0,-100.0,-68.0,-73.0,-71.0,-81.0,-100.0,-58.0,-58.0,-47.0,-47.0,-74.0,-100.0,-78.0,-71.0,-64.0,-64.0,-72.0,-71.0
2025:01:24:08:12:41,RP02,A,SM-S908E,2212343.0,34,-94.26021469130485,0.0,0.0,test,-83.0,-86.0,-100.0,-73.0,-72.0,-74.0,-80.0,-100.0,-80.0,-78.0,-64.0,-66.0,-79.0,-85.0,-70.0,-76.0,-82.0,-86.0,-100.0,-73.0,-72.0,-74.0,-81.0,-100.0,-80.0,-78.0,-64.0,-66.0,-79.0,-86.0,-70.0,-76.0,-77.0,-77.0,-76.0,-76.0
2025:01:24:08:07:13,RP02,A,SM-S908E,2212343.0,29,20.23385155531372,0.0,0.0,test,-100.0,-100.0,-100.0,-73.0,-77.0,-66.0,-81.0,-100.0,-75.0,-74.0,-59.0,-70.0,-75.0,-85.0,-74.0,-70.0,-100.0,-100.0,-100.0,-73.0,-77.0,-66.0,-81.0,-100.0,-75.0,-74.0,-59.0,-70.0,-76.0,-85.0,-74.0,-70.0,-75.0,-75.0,-75.0,-75.0
B0117,RP02,B,CTK45-dot-B,,30,,0.0,0.0,test,-100.0,-80.0,-100.0,-67.0,-63.0,-65.0,-79.0,-100.0,-73.0,-64.0,-71.0,-71.0,-100.0,-82.0,-72.0,-67.0,-100.0,-80.0,-100.0,-67.0,-63.0,-64.0,-79.0,-100.0,-74.0,-64.0,-71.0,-70.0,-100.0,-82.0,-72.0,-67.0,-74.0,-73.0,-69.0,-69.0
B0076,RP02,B,CTK45-dot-B,,33,,0.0,0.0,test,-67.0,-76.0,-81.0,-58.0,-65.0,-60.0,-100.0,-88.0,-55.0,-100.0,-60.0,-52.0,-74.0,-100.0,-51.0,-65.0,-67.0,-76.0,-81.0,-58.0,-65.0,-60.0,-100.0,-88.0,-55.0,-100.0,-62.0,-51.0,-74.0,-69.0,-51.0,-65.0,-61.0,-61.0,-60.0,-60.0
B0116,RP02,B,CTK45-dot-B,,27,,0.0,0.0,test,-100.0,-80.0,-100.0,-66.0,-66.0,-67.0,-79.0,-100.0,-74.0,-64.0,-100.0,-70.0,-89.0,-82.0,-100.0,-68.0,-84.0,-80.0,-100.0,-66.0,-66.0,-67.0,-79.0,-100.0,-74.0,-65.0,-100.0,-70.0,-88.0,-84.0,-100.0,-69.0,-100.0,-100.0,-65.0,-65.0
2025:01:24:08:26:32,RP03,A,SM-S908E,2212343.0,30,-38.00321682811943,41.0,0.0,train,-81.0,-90.0,-100.0,-72.0,-77.0,-71.0,-78.0,-100.0,-77.0,-71.0,-51.0,-52.0,-78.0,-72.0,-79.0,-75.0,-100.0,-100.0,-100.0,-72.0,-77.0,-71.0,-78.0,-84.0,-77.0,-72.0,-51.0,-52.0,-77.0,-73.0,-78.0,-75.0,-79.0,-100.0,-82.0,-82.0
B0144,RP03,B,CTK45-dot-B,,22,,41.0,0.0,train,-73.0,-90.0,-92.0,-66.0,-100.0,-68.0,-100.0,-100.0,-52.0,-100.0,-48.0,-100.0,-73.0,-100.0,-65.0,-62.0,-73.0,-89.0,-92.0,-73.0,-100.0,-68.0,-100.0,-100.0,-52.0,-100.0,-49.0,-100.0,-73.0,-100.0,-64.0,-62.0,-100.0,-100.0,-100.0,-100.0
B0160,RP03,B,CTK45-dot-B,,23,,41.0,0.0,train,-87.0,-94.0,-100.0,-62.0,-100.0,-78.0,-100.0,-100.0,-49.0,-100.0,-46.0,-100.0,-76.0,-100.0,-60.0,-79.0,-78.0,-95.0,-100.0,-70.0,-100.0,-78.0,-100.0,-100.0,-49.0,-100.0,-46.0,-100.0,-74.0,-100.0,-58.0,-80.0,-68.0,-68.0,-100.0,-100.0
B0121,RP03,B,CTK45-dot-B,,28,,41.0,0.0,train,-74.0,-100.0,-100.0,-69.0,-72.0,-63.0,-77.0,-79.0,-56.0,-64.0,-43.0,-100.0,-70.0,-64.0,-59.0,-73.0,-73.0,-100.0,-100.0,-72.0,-71.0,-63.0,-77.0,-79.0,-56.0,-65.0,-43.0,-100.0,-70.0,-64.0,-59.0,-74.0,-100.0,-100.0,-70.0,-69.0
2025:01:24:08:23:37,RP03,A,SM-S908E,2212343.0,29,-38.940463481225606,41.0,0.0,train,-80.0,-100.0,-100.0,-71.0,-79.0,-70.0,-78.0,-86.0,-73.0,-75.0,-47.0,-51.0,-78.0,-71.0,-78.0,-76.0,-80.0,-100.0,-100.0,-72.0,-79.0,-70.0,-78.0,-84.0,-74.0,-75.0,-47.0,-51.0,-77.0,-71.0,-77.0,-76.0,-81.0,-100.0,-100.0,-100.0
2025:01:24:08:32:04,RP03,A,SM-S908E,2212343.0,22,-154.3555691237995,41.0,0.0,train,-88.0,-100.0,-100.0,-73.0,-83.0,-100.0,-100.0,-100.0,-68.0,-77.0,-48.0,-57.0,-78.0,-71.0,-78.0,-74.0,-100.0,-100.0,-100.0,-74.0,-83.0,-100.0,-100.0,-100.0,-68.0,-77.0,-49.0,-56.0,-79.0,-71.0,-78.0,-73.0,-100.0,-100.0,-100.0,-100.0
B0172,RP03,B,CTK45-dot-B,,23,,41.0,0.0,train,-100.0,-87.0,-100.0,-100.0,-66.0,-75.0,-77.0,-92.0,-59.0,-59.0,-100.0,-46.0,-73.0,-67.0,-100.0,-67.0,-100.0,-87.0,-100.0,-100.0,-65.0,-75.0,-77.0,-91.0,-59.0,-58.0,-100.0,-46.0,-74.0,-69.0,-100.0,-67.0,-100.0,-100.0,-100.0,-100.0
B0128,RP03,B,CTK45-dot-B,,26,,41.0,0.0,train,-78.0,-87.0,-88.0,-72.0,-100.0,-67.0,-100.0,-96.0,-64.0,-100.0,-50.0,-100.0,-71.0,-100.0,-61.0,-65.0,-79.0,-87.0,-86.0,-71.0,-100.0,-67.0,-100.0,-89.0,-57.0,-100.0,-50.0,-100.0,-71.0,-100.0,-62.0,-65.0,-100.0,-100.0,-100.0,-100.0
2025:01:24:08:24:15,RP03,A,SM-S908E,2212343.0,27,-38.41350273788789,41.0,0.0,train,-100.0,-100.0,-100.0,-74.0,-78.0,-65.0,-78.0,-100.0,-65.0,-70.0,-49.0,-51.0,-76.0,-100.0,-76.0,-72.0,-100.0,-100.0,-100.0,-74.0,-78.0,-70.0,-78.0,-100.0,-65.0,-70.0,-50.0,-52.0,-75.0,-72.0,-77.0,-72.0,-100.0,-81.0,-82.0,-81.0
2025:01:24:08:31:11,RP03,A,SM-S908E,2212343.0,29,-155.28445403084353,41.0,0.0,train,-100.0,-100.0,-100.0,-80.0,-83.0,-70.0,-85.0,-88.0,-66.0,-79.0,-48.0,-59.0,-79.0,-75.0,-77.0,-76.0,-100.0,-100.0,-100.0,-80.0,-83.0,-71.0,-85.0,-88.0,-64.0,-79.0,-49.0,-59.0,-79.0,-75.0,-78.0,-76.0,-80.0,-80.0,-100.0,-100.0
B0156,RP03,B,CTK45-dot-B,,23,,41.0,0.0,train,-83.0,-100.0,-100.0,-68.0,-76.0,-73.0,-100.0,-100.0,-69.0,-69.0,-100.0,-60.0,-80.0,-77.0,-100.0,-66.0,-83.0,-100.0,-100.0,-73.0,-76.0,-73.0,-100.0,-100.0,-68.0,-69.0,-100.0,-60.0,-81.0,-77.0,-100.0,-66.0,-100.0,-100.0,-73.0,-72.0
2025:01:24:08:34:19,RP03,A,SM-S908E,2212343.0,31,-154.78325919955287,41.0,0.0,train,-90.0,-100.0,-100.0,-72.0,-79.0,-71.0,-100.0,-100.0,-74.0,-76.0,-48.0,-55.0,-79.0,-80.0,-76.0,-70.0,-88.0,-100.0,-100.0,-72.0,-79.0,-71.0,-100.0,-100.0,-74.0,-76.0,-49.0,-55.0,-79.0,-80.0,-76.0,-70.0,-81.0,-82.0,-79.0,-79.0
2025:01:24:08:22:25,RP03,A,SM-S908E,2212343.0,29,-91.82027965031818,41.0,0.0,train,-85.0,-100.0,-100.0,-78.0,-73.0,-69.0,-80.0,-100.0,-67.0,-70.0,-46.0,-57.0,-71.0,-73.0,-74.0,-70.0,-85.0,-100.0,-100.0,-79.0,-73.0,-69.0,-80.0,-100.0,-67.0,-70.0,-46.0,-56.0,-71.0,-73.0,-74.0,-70.0,-72.0,-71.0,-100.0,-100.0
B0171,RP03,B,CTK45-dot-B,,28,,41.0,0.0,train,-86.0,-100.0,-100.0,-100.0,-100.0,-71.0,-80.0,-100.0,-59.0,-61.0,-100.0,-46.0,-73.0,-68.0,-76.0,-69.0,-86.0,-86.0,-100.0,-100.0,-100.0,-70.0,-80.0,-100.0,-59.0,-100.0,-100.0,-46.0,-72.0,-68.0,-77.0,-69.0,-63.0,-63.0,-74.0,-74.0
B0145,RP03,B,CTK45-dot-B,,33,,41.0,0.0,train,-100.0,-92.0,-100.0,-64.0,-62.0,-68.0,-100.0,-86.0,-55.0,-54.0,-49.0,-54.0,-74.0,-74.0,-63.0,-62.0,-100.0,-91.0,-100.0,-64.0,-62.0,-69.0,-100.0,-87.0,-55.0,-55.0,-50.0,-56.0,-73.0,-74.0,-71.0,-60.0,-100.0,-66.0,-63.0,-64.0
B0177,RP03,B,CTK45-dot-B,,35,,41.0,0.0,train,-100.0,-86.0,-100.0,-72.0,-75.0,-72.0,-80.0,-89.0,-57.0,-58.0,-46.0,-44.0,-100.0,-70.0,-79.0,-71.0,-100.0,-86.0,-100.0,-72.0,-75.0,-71.0,-80.0,-90.0,-58.0,-59.0,-47.0,-44.0,-73.0,-70.0,-78.0,-71.0,-64.0,-72.0,-73.0,-72.0
B0159,RP03,B,CTK45-dot-B,,27,,41.0,0.0,train,-78.0,-100.0,-100.0,-70.0,-59.0,-73.0,-100.0,-83.0,-56.0,-63.0,-47.0,-52.0,-100.0,-65.0,-61.0,-52.0,-78.0,-100.0,-100.0,-72.0,-59.0,-73.0,-100.0,-100.0,-56.0,-63.0,-47.0,-53.0,-100.0,-65.0,-61.0,-53.0,-56.0,-55.0,-59.0,-58.0
B0167,RP03,B,CTK45-dot-B,,25,,41.0,0.0,train,-100.0,-87.0,-100.0,-100.0,-100.0,-70.0,-78.0,-100.0,-58.0,-57.0,-46.0,-44.0,-72.0,-67.0,-79.0,-69.0,-100.0,-86.0,-100.0,-100.0,-100.0,-71.0,-78.0,-100.0,-58.0,-57.0,-46.0,-45.0,-72.0,-67.0,-78.0,-69.0,-64.0,-63.0,-100.0,-100.0
B0129,RP03,B,CTK45-dot-B,,25,,41.0,0.0,train,-76.0,-92.0,-100.0,-62.0,-100.0,-72.0,-100.0,-86.0,-56.0,-100.0,-46.0,-100.0,-70.0,-100.0,-67.0,-75.0,-77.0,-92.0,-100.0,-62.0,-100.0,-72.0,-100.0,-85.0,-56.0,-100.0,-46.0,-100.0,-69.0,-100.0,-75.0,-74.0,-100.0,-100.0,-100.0,-100.0
B0141,RP03,B,CTK45-dot-B,,34,,41.0,0.0,train,-75.0,-86.0,-100.0,-67.0,-63.0,-73.0,-72.0,-85.0,-57.0,-68.0,-48.0,-50.0,-67.0,-65.0,-59.0,-54.0,-74.0,-85.0,-100.0,-67.0,-63.0,-73.0,-72.0,-86.0,-57.0,-68.0,-48.0,-51.0,-68.0,-65.0,-59.0,-54.0,-53.0,-53.0,-57.0,-57.0
B0130,RP03,B,CTK45-dot-B,,25,,41.0,0.0,train,-81.0,-100.0,-100.0,-100.0,-68.0,-67.0,-80.0,-90.0,-52.0,-53.0,-45.0,-46.0,-77.0,-62.0,-100.0,-65.0,-100.0,-100.0,-100.0,-100.0,-68.0,-67.0,-79.0,-86.0,-52.0,-53.0,-46.0,-46.0,-77.0,-62.0,-100.0,-65.0,-100.0,-100.0,-67.0,-67.0
B0120,RP03,B,CTK45-dot-B,,36,,41.0,0.0,train,-84.0,-84.0,-100.0,-70.0,-73.0,-64.0,-100.0,-81.0,-54.0,-55.0,-45.0,-46.0,-64.0,-64.0,-69.0,-74.0,-81.0,-85.0,-100.0,-70.0,-73.0,-64.0,-100.0,-78.0,-54.0,-55.0,-45.0,-46.0,-64.0,-64.0,-70.0,-74.0,-60.0,-60.0,-75.0,-74.0
B0150,RP03,B,CTK45-dot-B,,30,,41.0,0.0,train,-82.0,-93.0,-89.0,-67.0,-70.0,-70.0,-78.0,-100.0,-57.0,-56.0,-45.0,-53.0,-71.0,-69.0,-69.0,-76.0,-81.0,-93.0,-88.0,-67.0,-71.0,-70.0,-78.0,-100.0,-57.0,-56.0,-46.0,-53.0,-71.0,-70.0,-76.0,-76.0,-100.0,-100.0,-100.0,-100.0
B0146,RP03,B,CTK45-dot-B,,34,,41.0,0.0,train,-73.0,-89.0,-100.0,-60.0,-60.0,-71.0,-100.0,-87.0,-53.0,-54.0,-45.0,-52.0,-71.0,-100.0,-66.0,-61.0,-74.0,-89.0,-100.0,-60.0,-60.0,-71.0,-100.0,-89.0,-53.0,-54.0,-45.0,-48.0,-73.0,-70.0,-73.0,-61.0,-100.0,-100.0,-65.0,-64.0
2025:01:24:08:33:07,RP03,A,SM-S908E,2212343.0,27,-153.90200427401803,41.0,0.0,train,-100.0,-100.0,-100.0,-73.0,-79.0,-71.0,-100.0,-93.0,-68.0,-75.0,-53.0,-53.0,-73.0,-75.0,-74.0,-76.0,-100.0,-100.0,-100.0,-74.0,-80.0,-71.0,-100.0,-100.0,-68.0,-75.0,-53.0,-53.0,-74.0,-75.0,-74.0,-76.0,-80.0,-100.0,-82.0,-82.0
2025:01:24:08:25:52,RP03,A,SM-S908E,2212343.0,37,-38.63915070634426,41.0,0.0,train,-82.0,-89.0,-100.0,-72.0,-76.0,-70.0,-77.0,-87.0,-68.0,-74.0,-49.0,-54.0,-76.0,-74.0,-73.0,-77.0,-82.0,-90.0,-100.0,-72.0,-77.0,-70.0,-77.0,-88.0,-68.0,-74.0,-49.0,-55.0,-76.0,-73.0,-73.0,-77.0,-78.0,-78.0,-85.0,-85.0
B0152,RP03,B,CTK45-dot-B,,26,,41.0,0.0,train,-83.0,-100.0,-100.0,-74.0,-75.0,-73.0,-100.0,-100.0,-64.0,-71.0,-100.0,-55.0,-78.0,-80.0,-71.0,-69.0,-83.0,-100.0,-100.0,-74.0,-75.0,-73.0,-100.0,-100.0,-64.0,-70.0,-100.0,-55.0,-80.0,-80.0,-71.0,-68.0,-61.0,-60.0,-73.0,-73.0
B0154,RP03,B,CTK45-dot-B,,35,,41.0,0.0,train,-82.0,-93.0,-100.0,-70.0,-63.0,-78.0,-83.0,-88.0,-64.0,-60.0,-54.0,-53.0,-74.0,-76.0,-71.0,-67.0,-82.0,-93.0,-100.0,-71.0,-64.0,-77.0,-83.0,-88.0,-57.0,-60.0,-55.0,-100.0,-76.0,-77.0,-77.0,-68.0,-57.0,-57.0,-69.0,-68.0
B0147,RP03,B,CTK45-dot-B,,21,,41.0,0.0,train,-73.0,-100.0,-90.0,-65.0,-100.0,-71.0,-100.0,-85.0,-51.0,-100.0,-45.0,-100.0,-76.0,-100.0,-100.0,-60.0,-72.0,-100.0,-90.0,-65.0,-100.0,-72.0,-100.0,-85.0,-51.0,-100.0,-45.0,-100.0,-76.0,-100.0,-100.0,-61.0,-100.0,-100.0,-100.0,-100.0
B0163,RP03,B,CTK45-dot-B,,27,,41.0,0.0,train,-100.0,-85.0,-100.0,-70.0,-75.0,-70.0,-79.0,-100.0,-58.0,-59.0,-47.0,-45.0,-100.0,-69.0,-77.0,-71.0,-100.0,-85.0,-100.0,-70.0,-75.0,-70.0,-80.0,-100.0,-56.0,-59.0,-47.0,-45.0,-100.0,-70.0,-100.0,-71.0,-63.0,-64.0,-72.0,-72.0
B0149,RP03,B,CTK45-dot-B,,22,,41.0,0.0,train,-88.0,-89.0,-92.0,-100.0,-100.0,-71.0,-100.0,-89.0,-60.0,-100.0,-51.0,-100.0,-72.0,-100.0,-70.0,-69.0,-78.0,-89.0,-100.0,-68.0,-100.0,-78.0,-100.0,-89.0,-62.0,-100.0,-51.0,-100.0,-73.0,-100.0,-100.0,-69.0,-100.0,-100.0,-100.0,-100.0
B0142,RP03,B,CTK45-dot-B,,33,,41.0,0.0,train,-76.0,-94.0,-89.0,-63.0,-76.0,-71.0,-77.0,-87.0,-58.0,-100.0,-51.0,-44.0,-71.0,-100.0,-65.0,-77.0,-76.0,-94.0,-91.0,-63.0,-76.0,-71.0,-77.0,-87.0,-59.0,-67.0,-51.0,-45.0,-77.0,-100.0,-73.0,-77.0,-100.0,-100.0,-69.0,-69.0
B0139,RP03,B,CTK45-dot-B,,32,,41.0,0.0,train,-75.0,-85.0,-100.0,-59.0,-70.0,-77.0,-100.0,-90.0,-51.0,-57.0,-42.0,-46.0,-76.0,-63.0,-58.0,-62.0,-77.0,-85.0,-100.0,-60.0,-70.0,-77.0,-100.0,-86.0,-51.0,-58.0,-42.0,-46.0,-76.0,-63.0,-58.0,-63.0,-52.0,-51.0,-64.0,-64.0
B0133,RP03,B,CTK45-dot-B,,29,,41.0,0.0,train,-100.0,-85.0,-100.0,-71.0,-76.0,-70.0,-79.0,-91.0,-58.0,-60.0,-47.0,-44.0,-100.0,-68.0,-78.0,-70.0,-100.0,-86.0,-100.0,-72.0,-76.0,-70.0,-79.0,-100.0,-57.0,-60.0,-47.0,-44.0,-100.0,-68.0,-79.0,-71.0,-63.0,-63.0,-73.0,-73.0
2025:01:24:08:27:08,RP03,A,SM-S908E,2212343.0,21,29.342864643723043,41.0,0.0,train,-100.0,-100.0,-100.0,-73.0,-81.0,-73.0,-84.0,-100.0,-65.0,-69.0,-51.0,-58.0,-100.0,-80.0,-77.0,-76.0,-100.0,-100.0,-100.0,-73.0,-81.0,-73.0,-84.0,-100.0,-65.0,-69.0,-52.0,-58.0,-100.0,-80.0,-100.0,-76.0,-100.0,-100.0,-100.0,-100.0
B0137,RP03,B,CTK45-dot-B,,33,,41.0,0.0,train,-71.0,-81.0,-100.0,-75.0,-65.0,-70.0,-100.0,-80.0,-56.0,-59.0,-100.0,-49.0,-65.0,-67.0,-57.0,-59.0,-71.0,-81.0,-100.0,-75.0,-65.0,-70.0,-100.0,-85.0,-56.0,-59.0,-100.0,-49.0,-65.0,-67.0,-56.0,-59.0,-54.0,-54.0,-61.0,-60.0
2025:01:24:08:30:18,RP03,A,SM-S908E,2212343.0,31,31.63535472571074,41.0,0.0,train,-90.0,-100.0,-100.0,-77.0,-80.0,-71.0,-82.0,-86.0,-71.0,-72.0,-48.0,-58.0,-80.0,-74.0,-77.0,-74.0,-91.0,-100.0,-100.0,-77.0,-80.0,-72.0,-82.0,-84.0,-71.0,-73.0,-48.0,-58.0,-80.0,-74.0,-77.0,-74.0,-78.0,-78.0,-100.0,-100.0
B0134,RP03,B,CTK45-dot-B,,30,,41.0,0.0,train,-76.0,-81.0,-100.0,-67.0,-60.0,-65.0,-76.0,-100.0,-59.0,-67.0,-100.0,-52.0,-68.0,-68.0,-62.0,-56.0,-76.0,-81.0,-100.0,-66.0,-60.0,-65.0,-76.0,-100.0,-58.0,-67.0,-100.0,-52.0,-68.0,-67.0,-63.0,-56.0,-63.0,-63.0,-63.0,-63.0
B0148,RP03,B,CTK45-dot-B,,30,,41.0,0.0,train,-80.0,-90.0,-100.0,-100.0,-67.0,-78.0,-83.0,-89.0,-59.0,-69.0,-54.0,-55.0,-75.0,-75.0,-64.0,-69.0,-83.0,-91.0,-100.0,-100.0,-67.0,-78.0,-82.0,-89.0,-60.0,-100.0,-53.0,-54.0,-75.0,-100.0,-71.0,-69.0,-100.0,-100.0,-75.0,-75.0
2025:01:24:08:21:50,RP03,A,SM-S908E,2212343.0,33,-92.11361112311337,41.0,0.0,train,-88.0,-100.0,-100.0,-77.0,-74.0,-70.0,-80.0,-89.0,-67.0,-72.0,-48.0,-57.0,-71.0,-76.0,-75.0,-69.0,-87.0,-100.0,-100.0,-77.0,-75.0,-71.0,-80.0,-87.0,-66.0,-72.0,-48.0,-57.0,-71.0,-76.0,-75.0,-69.0,-73.0,-73.0,-79.0,-78.0
2025:01:24:08:23:01,RP03,A,SM-S908E,2212343.0,27,-37.63246958987735,41.0,0.0,train,-100.0,-100.0,-100.0,-100.0,-74.0,-71.0,-80.0,-100.0,-72.0,-70.0,-49.0,-54.0,-72.0,-74.0,-81.0,-68.0,-100.0,-100.0,-100.0,-100.0,-74.0,-71.0,-81.0,-100.0,-73.0,-70.0,-49.0,-54.0,-72.0,-74.0,-82.0,-68.0,-74.0,-74.0,-82.0,-81.0
B0126,RP03,B,CTK45-dot-B,,17,,41.0,0.0,train,-100.0,-85.0,-90.0,-67.0,-100.0,-78.0,-100.0,-100.0,-64.0,-100.0,-44.0,-100.0,-100.0,-100.0,-72.0,-65.0,-100.0,-86.0,-94.0,-67.0,-100.0,-100.0,-100.0,-100.0,-66.0,-100.0,-44.0,-100.0,-100.0,-100.0,-100.0,-65.0,-56.0,-58.0,-100.0,-100.0
2025:01:24:08:29:18,RP03,A,SM-S908E,2212343.0,29,31.927970001262,41.0,0.0,train,-90.0,-100.0,-100.0,-75.0,-80.0,-72.0,-82.0,-87.0,-70.0,-100.0,-48.0,-58.0,-78.0,-75.0,-81.0,-76.0,-87.0,-100.0,-100.0,-75.0,-81.0,-71.0,-82.0,-84.0,-70.0,-73.0,-49.0,-58.0,-77.0,-75.0,-81.0,-76.0,-100.0,-100.0,-100.0,-100.0
B0124,RP03,B,CTK45-dot-B,,36,,41.0,0.0,train,-80.0,-85.0,-89.0,-61.0,-65.0,-70.0,-79.0,-88.0,-52.0,-55.0,-47.0,-47.0,-67.0,-66.0,-100.0,-71.0,-79.0,-85.0,-100.0,-61.0,-65.0,-70.0,-79.0,-88.0,-52.0,-55.0,-47.0,-47.0,-66.0,-66.0,-100.0,-71.0,-100.0,-100.0,-76.0,-76.0
B0165,RP03,B,CTK45-dot-B,,28,,41.0,0.0,train,-84.0,-88.0,-100.0,-71.0,-75.0,-71.0,-78.0,-100.0,-59.0,-59.0,-47.0,-44.0,-100.0,-70.0,-77.0,-71.0,-100.0,-87.0,-100.0,-100.0,-74.0,-71.0,-78.0,-100.0,-58.0,-59.0,-47.0,-44.0,-100.0,-70.0,-77.0,-70.0,-63.0,-63.0,-72.0,-72.0
B0140,RP03,B,CTK45-dot-B,,32,,41.0,0.0,train,-77.0,-79.0,-100.0,-60.0,-61.0,-69.0,-100.0,-83.0,-50.0,-68.0,-50.0,-55.0,-75.0,-80.0,-67.0,-66.0,-77.0,-79.0,-100.0,-60.0,-61.0,-69.0,-100.0,-83.0,-50.0,-68.0,-50.0,-55.0,-76.0,-81.0,-67.0,-67.0,-60.0,-61.0,-66.0,-66.0
B0125,RP03,B,CTK45-dot-B,,30,,41.0,0.0,train,-100.0,-88.0,-89.0,-66.0,-63.0,-71.0,-74.0,-86.0,-61.0,-100.0,-49.0,-48.0,-100.0,-100.0,-66.0,-64.0,-100.0,-87.0,-94.0,-66.0,-62.0,-71.0,-75.0,-84.0,-67.0,-100.0,-48.0,-47.0,-100.0,-100.0,-66.0,-65.0,-100.0,-100.0,-71.0,-69.0
B0178,RP03,B,CTK45-dot-B,,32,,41.0,0.0,train,-90.0,-87.0,-100.0,-70.0,-68.0,-78.0,-80.0,-87.0,-61.0,-60.0,-52.0,-48.0,-75.0,-63.0,-73.0,-65.0,-100.0,-87.0,-100.0,-100.0,-67.0,-78.0,-80.0,-87.0,-61.0,-60.0,-51.0,-47.0,-100.0,-63.0,-75.0,-65.0,-66.0,-66.0,-73.0,-73.0
B0166,RP03,B,CTK45-dot-B,,26,,41.0,0.0,train,-86.0,-85.0,-100.0,-70.0,-73.0,-70.0,-79.0,-90.0,-58.0,-100.0,-100.0,-43.0,-73.0,-100.0,-80.0,-70.0,-87.0,-86.0,-100.0,-69.0,-73.0,-70.0,-79.0,-100.0,-58.0,-100.0,-100.0,-45.0,-100.0,-100.0,-78.0,-69.0,-64.0,-63.0,-73.0,-73.0
B0170,RP03,B,CTK45-dot-B,,31,,41.0,0.0,train,-88.0,-86.0,-100.0,-70.0,-76.0,-70.0,-77.0,-90.0,-57.0,-56.0,-46.0,-43.0,-72.0,-100.0,-100.0,-67.0,-90.0,-86.0,-100.0,-67.0,-76.0,-71.0,-78.0,-100.0,-58.0,-56.0,-47.0,-44.0,-73.0,-100.0,-100.0,-68.0,-64.0,-63.0,-72.0,-72.0
2025:01:24:08:28:40,RP03,A,SM-S908E,2212343.0,32,30.761337976001812,41.0,0.0,train,-100.0,-100.0,-100.0,-74.0,-81.0,-75.0,-100.0,-90.0,-64.0,-74.0,-47.0,-55.0,-82.0,-70.0,-81.0,-77.0,-100.0,-100.0,-100.0,-74.0,-81.0,-74.0,-100.0,-89.0,-64.0,-74.0,-47.0,-55.0,-81.0,-70.0,-81.0,-77.0,-79.0,-79.0,-82.0,-82.0
B0169,RP03,B,CTK45-dot-B,,23,,41.0,0.0,train,-100.0,-87.0,-100.0,-100.0,-70.0,-100.0,-77.0,-93.0,-60.0,-59.0,-47.0,-44.0,-72.0,-100.0,-74.0,-69.0,-100.0,-87.0,-100.0,-100.0,-70.0,-100.0,-78.0,-100.0,-100.0,-58.0,-47.0,-44.0,-72.0,-100.0,-74.0,-69.0,-63.0,-63.0,-100.0,-100.0
B0173,RP03,B,CTK45-dot-B,,34,,41.0,0.0,train,-81.0,-87.0,-100.0,-72.0,-67.0,-68.0,-78.0,-94.0,-58.0,-61.0,-50.0,-41.0,-74.0,-60.0,-72.0,-62.0,-81.0,-88.0,-100.0,-73.0,-67.0,-68.0,-79.0,-100.0,-58.0,-61.0,-50.0,-42.0,-71.0,-60.0,-72.0,-61.0,-67.0,-66.0,-66.0,-66.0
B0162,RP03,B,CTK45-dot-B,,27,,41.0,0.0,train,-100.0,-86.0,-100.0,-70.0,-71.0,-71.0,-80.0,-89.0,-57.0,-60.0,-100.0,-45.0,-72.0,-68.0,-100.0,-71.0,-100.0,-87.0,-100.0,-71.0,-71.0,-70.0,-81.0,-100.0,-57.0,-60.0,-100.0,-45.0,-74.0,-68.0,-100.0,-72.0,-100.0,-100.0,-73.0,-73.0
B0135,RP03,B,CTK45-dot-B,,24,,41.0,0.0,train,-100.0,-100.0,-100.0,-66.0,-71.0,-71.0,-85.0,-100.0,-63.0,-67.0,-51.0,-60.0,-100.0,-79.0,-75.0,-66.0,-85.0,-100.0,-100.0,-66.0,-71.0,-71.0,-85.0,-87.0,-63.0,-67.0,-51.0,-61.0,-100.0,-79.0,-75.0,-67.0,-100.0,-100.0,-100.0,-100.0
B0127,RP03,B,CTK45-dot-B,,26,,41.0,0.0,validation,-76.0,-90.0,-90.0,-70.0,-100.0,-76.0,-100.0,-89.0,-57.0,-100.0,-53.0,-100.0,-74.0,-100.0,-64.0,-66.0,-77.0,-90.0,-96.0,-70.0,-100.0,-75.0,-100.0,-91.0,-58.0,-100.0,-53.0,-100.0,-68.0,-100.0,-100.0,-66.0,-56.0,-56.0,-100.0,-100.0
B0122,RP03,B,CTK45-dot-B,,38,,41.0,0.0,validation,-70.0,-80.0,-84.0,-56.0,-67.0,-62.0,-75.0,-86.0,-54.0,-60.0,-46.0,-47.0,-67.0,-75.0,-59.0,-66.0,-70.0,-80.0,-100.0,-56.0,-67.0,-60.0,-76.0,-86.0,-54.0,-60.0,-45.0,-47.0,-68.0,-74.0,-59.0,-66.0,-66.0,-100.0,-69.0,-69.0
2025:01:24:08:19:20,RP03,A,SM-S908E,2212343.0,30,-92.24173594526053,41.0,0.0,validation,-100.0,-71.0,-100.0,-67.0,-73.0,-68.0,-72.0,-91.0,-66.0,-72.0,-65.0,-63.0,-100.0,-79.0,-72.0,-72.0,-100.0,-71.0,-92.0,-68.0,-73.0,-68.0,-72.0,-100.0,-66.0,-72.0,-65.0,-63.0,-100.0,-79.0,-72.0,-72.0,-72.0,-72.0,-78.0,-77.0
B0176,RP03,B,CTK45-dot-B,,29,,41.0,0.0,validation,-100.0,-86.0,-100.0,-70.0,-71.0,-72.0,-80.0,-100.0,-56.0,-61.0,-100.0,-44.0,-73.0,-69.0,-78.0,-69.0,-100.0,-86.0,-100.0,-71.0,-72.0,-71.0,-80.0,-88.0,-56.0,-100.0,-100.0,-44.0,-100.0,-100.0,-78.0,-70.0,-63.0,-64.0,-74.0,-73.0
B0153,RP03,B,CTK45-dot-B,,24,,41.0,0.0,validation,-85.0,-100.0,-100.0,-100.0,-71.0,-73.0,-82.0,-100.0,-67.0,-71.0,-51.0,-58.0,-100.0,-100.0,-72.0,-67.0,-85.0,-100.0,-100.0,-100.0,-71.0,-73.0,-82.0,-100.0,-67.0,-71.0,-51.0,-58.0,-100.0,-100.0,-72.0,-68.0,-64.0,-64.0,-76.0,-76.0
B0138,RP03,B,CTK45-dot-B,,36,,41.0,0.0,validation,-75.0,-78.0,-100.0,-67.0,-66.0,-61.0,-100.0,-93.0,-64.0,-64.0,-58.0,-60.0,-73.0,-80.0,-65.0,-74.0,-100.0,-79.0,-100.0,-67.0,-66.0,-61.0,-100.0,-86.0,-63.0,-64.0,-58.0,-60.0,-73.0,-80.0,-65.0,-74.0,-60.0,-74.0,-68.0,-67.0
B0123,RP03,B,CTK45-dot-B,,38,,41.0,0.0,validation,-76.0,-93.0,-100.0,-63.0,-80.0,-70.0,-100.0,-91.0,-55.0,-58.0,-60.0,-46.0,-69.0,-62.0,-65.0,-78.0,-82.0,-93.0,-100.0,-63.0,-80.0,-77.0,-100.0,-87.0,-55.0,-58.0,-58.0,-46.0,-69.0,-62.0,-65.0,-78.0,-73.0,-76.0,-70.0,-70.0
B0155,RP03,B,CTK45-dot-B,,34,,41.0,0.0,validation,-74.0,-89.0,-100.0,-63.0,-61.0,-70.0,-72.0,-83.0,-57.0,-65.0,-46.0,-56.0,-70.0,-66.0,-59.0,-53.0,-75.0,-90.0,-100.0,-63.0,-61.0,-70.0,-72.0,-80.0,-57.0,-65.0,-46.0,-56.0,-70.0,-65.0,-59.0,-53.0,-52.0,-51.0,-57.0,-57.0
B0158,RP03,B,CTK45-dot-B,,32,,41.0,0.0,validation,-70.0,-80.0,-100.0,-63.0,-67.0,-77.0,-100.0,-86.0,-69.0,-63.0,-45.0,-50.0,-76.0,-64.0,-56.0,-58.0,-71.0,-80.0,-100.0,-63.0,-68.0,-77.0,-100.0,-87.0,-70.0,-63.0,-46.0,-50.0,-75.0,-64.0,-56.0,-57.0,-57.0,-57.0,-61.0,-61.0
B0132,RP03,B,CTK45-dot-B,,24,,41.0,0.0,validation,-80.0,-93.0,-100.0,-66.0,-100.0,-77.0,-100.0,-85.0,-61.0,-100.0,-55.0,-100.0,-76.0,-100.0,-66.0,-67.0,-80.0,-95.0,-100.0,-66.0,-100.0,-84.0,-100.0,-86.0,-62.0,-100.0,-54.0,-100.0,-74.0,-100.0,-66.0,-67.0,-57.0,-57.0,-100.0,-100.0
2025:01:24:08:28:02,RP03,A,SM-S908E,2212343.0,33,30.791035524439028,41.0,0.0,validation,-77.0,-100.0,-100.0,-69.0,-69.0,-67.0,-86.0,-83.0,-67.0,-75.0,-46.0,-54.0,-77.0,-73.0,-73.0,-69.0,-77.0,-100.0,-100.0,-69.0,-69.0,-67.0,-85.0,-85.0,-67.0,-75.0,-47.0,-54.0,-77.0,-73.0,-73.0,-69.0,-80.0,-80.0,-78.0,-78.0
B0151,RP03,B,CTK45-dot-B,,28,,41.0,0.0,validation,-86.0,-86.0,-100.0,-71.0,-75.0,-71.0,-79.0,-89.0,-57.0,-60.0,-100.0,-42.0,-100.0,-68.0,-100.0,-71.0,-100.0,-85.0,-100.0,-74.0,-76.0,-71.0,-80.0,-89.0,-58.0,-61.0,-100.0,-44.0,-100.0,-68.0,-100.0,-72.0,-63.0,-64.0,-73.0,-73.0
B0136,RP03,B,CTK45-dot-B,,38,,41.0,0.0,test,-80.0,-81.0,-100.0,-62.0,-65.0,-65.0,-75.0,-100.0,-60.0,-67.0,-42.0,-47.0,-73.0,-66.0,-52.0,-64.0,-77.0,-81.0,-100.0,-62.0,-65.0,-65.0,-76.0,-86.0,-60.0,-67.0,-43.0,-47.0,-73.0,-66.0,-52.0,-64.0,-55.0,-55.0,-65.0,-65.0
2025:01:24:08:19:57,RP03,A,SM-S908E,2212343.0,31,-91.24139174200776,41.0,0.0,test,-88.0,-100.0,-100.0,-80.0,-75.0,-73.0,-80.0,-89.0,-69.0,-71.0,-50.0,-55.0,-72.0,-73.0,-76.0,-76.0,-100.0,-100.0,-100.0,-82.0,-75.0,-73.0,-80.0,-83.0,-69.0,-71.0,-50.0,-55.0,-72.0,-73.0,-77.0,-76.0,-71.0,-71.0,-79.0,-78.0
B0175,RP03,B,CTK45-dot-B,,24,,41.0,0.0,test,-100.0,-72.0,-100.0,-100.0,-60.0,-75.0,-75.0,-100.0,-66.0,-100.0,-62.0,-61.0,-100.0,-79.0,-57.0,-56.0,-100.0,-72.0,-100.0,-100.0,-60.0,-76.0,-75.0,-100.0,-66.0,-100.0,-62.0,-61.0,-100.0,-80.0,-58.0,-56.0,-64.0,-63.0,-62.0,-61.0
B0161,RP03,B,CTK45-dot-B,,25,,41.0,0.0,test,-88.0,-87.0,-100.0,-75.0,-69.0,-78.0,-79.0,-100.0,-100.0,-100.0,-52.0,-50.0,-76.0,-63.0,-74.0,-65.0,-87.0,-87.0,-100.0,-75.0,-69.0,-100.0,-78.0,-100.0,-100.0,-100.0,-52.0,-47.0,-76.0,-64.0,-75.0,-66.0,-71.0,-71.0,-100.0,-100.0
B0157,RP03,B,CTK45-dot-B,,28,,41.0,0.0,test,-86.0,-100.0,-100.0,-68.0,-68.0,-82.0,-100.0,-100.0,-62.0,-72.0,-53.0,-65.0,-86.0,-77.0,-70.0,-67.0,-84.0,-100.0,-100.0,-68.0,-69.0,-82.0,-100.0,-100.0,-62.0,-72.0,-53.0,-65.0,-87.0,-77.0,-70.0,-67.0,-68.0,-67.0,-71.0,-71.0
B0168,RP03,B,CTK45-dot-B,,22,,41.0,0.0,test,-100.0,-86.0,-100.0,-72.0,-100.0,-70.0,-79.0,-90.0,-56.0,-56.0,-100.0,-44.0,-100.0,-68.0,-78.0,-67.0,-100.0,-86.0,-100.0,-72.0,-100.0,-71.0,-79.0,-100.0,-57.0,-56.0,-100.0,-44.0,-100.0,-68.0,-77.0,-67.0,-100.0,-63.0,-100.0,-100.0
2025:01:24:08:20:38,RP03,A,SM-S908E,2212343.0,28,-91.98430600790824,41.0,0.0,test,-100.0,-100.0,-100.0,-100.0,-75.0,-78.0,-82.0,-91.0,-66.0,-75.0,-49.0,-55.0,-70.0,-73.0,-72.0,-68.0,-100.0,-100.0,-100.0,-100.0,-75.0,-78.0,-82.0,-100.0,-66.0,-75.0,-49.0,-55.0,-70.0,-74.0,-72.0,-68.0,-75.0,-75.0,-81.0,-81.0
B0131,RP03,B,CTK45-dot-B,,34,,41.0,0.0,test,-82.0,-85.0,-85.0,-64.0,-100.0,-73.0,-75.0,-100.0,-66.0,-57.0,-57.0,-51.0,-72.0,-71.0,-64.0,-66.0,-83.0,-84.0,-86.0,-63.0,-100.0,-72.0,-75.0,-100.0,-58.0,-57.0,-57.0,-50.0,-72.0,-71.0,-64.0,-66.0,-59.0,-62.0,-65.0,-65.0
B0164,RP03,B,CTK45-dot-B,,28,,41.0,0.0,test,-87.0,-86.0,-100.0,-68.0,-73.0,-71.0,-79.0,-100.0,-100.0,-61.0,-47.0,-45.0,-73.0,-70.0,-79.0,-71.0,-87.0,-87.0,-100.0,-100.0,-73.0,-71.0,-80.0,-100.0,-57.0,-60.0,-47.0,-43.0,-74.0,-71.0,-80.0,-71.0,-100.0,-100.0,-71.0,-71.0
2025:01:24:08:33:42,RP03,A,SM-S908E,2212343.0,24,-154.1514013430826,41.0,0.0,test,-88.0,-100.0,-100.0,-76.0,-82.0,-84.0,-100.0,-100.0,-68.0,-76.0,-62.0,-60.0,-78.0,-74.0,-77.0,-74.0,-91.0,-100.0,-100.0,-76.0,-82.0,-100.0,-100.0,-100.0,-68.0,-76.0,-62.0,-59.0,-78.0,-74.0,-78.0,-74.0,-100.0,-100.0,-100.0,-100.0
B0174,RP03,B,CTK45-dot-B,,26,,41.0,0.0,test,-100.0,-85.0,-100.0,-74.0,-65.0,-100.0,-79.0,-100.0,-55.0,-59.0,-51.0,-51.0,-100.0,-64.0,-65.0,-62.0,-100.0,-85.0,-100.0,-75.0,-65.0,-65.0,-78.0,-100.0,-100.0,-59.0,-50.0,-51.0,-100.0,-64.0,-66.0,-64.0,-68.0,-68.0,-63.0,-63.0
B0143,RP03,B,CTK45-dot-B,,30,,41.0,0.0,test,-80.0,-93.0,-100.0,-66.0,-67.0,-100.0,-82.0,-86.0,-61.0,-100.0,-56.0,-55.0,-76.0,-100.0,-64.0,-68.0,-80.0,-93.0,-100.0,-66.0,-67.0,-100.0,-82.0,-86.0,-61.0,-100.0,-56.0,-55.0,-76.0,-100.0,-72.0,-68.0,-57.0,-57.0,-67.0,-66.0
2025:01:24:09:00:08,RP04,A,SM-S908E,2212343.0,23,23.16316245419311,-30.0,10.0,train,-81.0,-100.0,-100.0,-74.0,-75.0,-100.0,-100.0,-100.0,-75.0,-78.0,-72.0,-62.0,-100.0,-100.0,-61.0,-66.0,-82.0,-100.0,-100.0,-74.0,-75.0,-100.0,-100.0,-100.0,-75.0,-78.0,-72.0,-62.0,-100.0,-100.0,-62.0,-66.0,-76.0,-76.0,-69.0,-69.0
B0230,RP04,B,CTK45-dot-B,,32,,-30.0,10.0,train,-75.0,-85.0,-100.0,-73.0,-65.0,-85.0,-87.0,-97.0,-72.0,-70.0,-67.0,-55.0,-100.0,-84.0,-57.0,-56.0,-76.0,-85.0,-100.0,-74.0,-65.0,-86.0,-88.0,-96.0,-72.0,-71.0,-68.0,-57.0,-100.0,-85.0,-57.0,-57.0,-72.0,-70.0,-67.0,-67.0
B0229,RP04,B,CTK45-dot-B,,35,,-30.0,10.0,train,-68.0,-85.0,-100.0,-69.0,-67.0,-85.0,-100.0,-100.0,-69.0,-79.0,-76.0,-74.0,-82.0,-87.0,-57.0,-61.0,-68.0,-85.0,-100.0,-69.0,-67.0,-85.0,-100.0,-100.0,-69.0,-80.0,-76.0,-74.0,-82.0,-87.0,-56.0,-61.0,-66.0,-66.0,-67.0,-66.0
B0192,RP04,B,CTK45-dot-B,,20,,-30.0,10.0,train,-57.0,-82.0,-87.0,-69.0,-100.0,-82.0,-100.0,-100.0,-70.0,-100.0,-71.0,-100.0,-74.0,-100.0,-52.0,-59.0,-57.0,-82.0,-92.0,-69.0,-100.0,-85.0,-100.0,-100.0,-69.0,-100.0,-71.0,-100.0,-83.0,-100.0,-54.0,-59.0,-100.0,-100.0,-100.0,-100.0
B0185,RP04,B,CTK45-dot-B,,20,,-30.0,10.0,train,-65.0,-100.0,-89.0,-100.0,-100.0,-100.0,-100.0,-100.0,-65.0,-100.0,-64.0,-100.0,-75.0,-100.0,-48.0,-64.0,-65.0,-100.0,-92.0,-100.0,-100.0,-76.0,-100.0,-92.0,-65.0,-100.0,-65.0,-100.0,-77.0,-100.0,-50.0,-64.0,-65.0,-66.0,-100.0,-100.0
B0203,RP04,B,CTK45-dot-B,,28,,-30.0,10.0,train,-77.0,-82.0,-100.0,-73.0,-77.0,-82.0,-89.0,-100.0,-78.0,-100.0,-54.0,-60.0,-82.0,-100.0,-54.0,-59.0,-80.0,-82.0,-100.0,-73.0,-77.0,-83.0,-90.0,-100.0,-78.0,-100.0,-54.0,-60.0,-82.0,-100.0,-55.0,-60.0,-59.0,-59.0,-65.0,-65.0
B0216,RP04,B,CTK45-dot-B,,24,,-30.0,10.0,train,-67.0,-100.0,-100.0,-64.0,-69.0,-100.0,-85.0,-100.0,-100.0,-77.0,-100.0,-62.0,-78.0,-100.0,-45.0,-69.0,-67.0,-100.0,-100.0,-65.0,-69.0,-100.0,-86.0,-100.0,-100.0,-77.0,-100.0,-62.0,-100.0,-100.0,-45.0,-69.0,-57.0,-56.0,-70.0,-70.0
B0217,RP04,B,CTK45-dot-B,,29,,-30.0,10.0,train,-79.0,-100.0,-88.0,-81.0,-82.0,-81.0,-100.0,-100.0,-74.0,-81.0,-55.0,-57.0,-84.0,-100.0,-60.0,-60.0,-81.0,-100.0,-88.0,-81.0,-84.0,-82.0,-100.0,-100.0,-76.0,-81.0,-56.0,-57.0,-85.0,-100.0,-61.0,-60.0,-61.0,-61.0,-70.0,-69.0
B0181,RP04,B,CTK45-dot-B,,28,,-30.0,10.0,train,-82.0,-83.0,-100.0,-100.0,-67.0,-83.5,-77.0,-92.0,-68.0,-72.0,-71.0,-66.0,-86.0,-85.0,-69.0,-69.0,-81.0,-83.0,-100.0,-100.0,-67.0,-100.0,-77.0,-100.0,-100.0,-72.0,-100.0,-71.0,-86.0,-86.0,-56.0,-69.0,-100.0,-100.0,-64.0,-64.0
B0220,RP04,B,CTK45-dot-B,,30,,-30.0,10.0,train,-68.0,-81.0,-100.0,-69.0,-64.0,-80.0,-100.0,-100.0,-70.0,-69.0,-71.0,-67.0,-78.0,-85.0,-61.0,-65.0,-68.0,-80.0,-100.0,-70.0,-64.0,-80.0,-100.0,-100.0,-69.0,-69.0,-66.0,-67.0,-78.0,-84.0,-65.0,-64.0,-58.0,-66.0,-66.0,-65.0
B0211,RP04,B,CTK45-dot-B,,23,,-30.0,10.0,train,-81.0,-85.0,-100.0,-75.0,-68.0,-83.0,-85.0,-100.0,-73.0,-74.0,-67.0,-57.0,-100.0,-100.0,-53.0,-55.0,-100.0,-85.0,-100.0,-100.0,-67.0,-100.0,-86.0,-100.0,-73.0,-74.0,-100.0,-57.0,-100.0,-100.0,-53.0,-55.0,-69.0,-100.0,-66.0,-66.0
B0197,RP04,B,CTK45-dot-B,,27,,-30.0,10.0,train,-100.0,-85.0,-100.0,-74.0,-68.0,-86.0,-88.0,-100.0,-72.0,-73.0,-61.0,-52.0,-86.0,-87.0,-52.0,-62.0,-100.0,-86.0,-100.0,-100.0,-68.0,-100.0,-87.0,-100.0,-72.0,-73.0,-61.0,-52.0,-100.0,-87.0,-53.0,-62.0,-65.0,-65.0,-68.0,-68.0
B0198,RP04,B,CTK45-dot-B,,22,,-30.0,10.0,train,-86.0,-88.0,-100.0,-69.0,-100.0,-83.5,-100.0,-92.0,-77.0,-100.0,-52.0,-100.0,-69.0,-100.0,-65.0,-62.0,-87.0,-89.0,-100.0,-69.0,-100.0,-68.0,-100.0,-94.0,-76.0,-100.0,-52.0,-100.0,-71.0,-100.0,-65.0,-62.0,-100.0,-100.0,-100.0,-100.0
B0186,RP04,B,CTK45-dot-B,,18,,-30.0,10.0,train,-71.0,-86.0,-100.0,-71.0,-100.0,-81.0,-100.0,-100.0,-67.0,-100.0,-59.0,-100.0,-100.0,-100.0,-50.0,-65.0,-70.0,-88.0,-100.0,-71.0,-100.0,-81.0,-100.0,-100.0,-67.0,-100.0,-59.0,-100.0,-76.0,-100.0,-50.0,-66.0,-100.0,-100.0,-100.0,-100.0
B0193,RP04,B,CTK45-dot-B,,22,,-30.0,10.0,train,-57.0,-80.0,-90.0,-67.0,-100.0,-84.0,-100.0,-100.0,-68.0,-100.0,-73.0,-100.0,-73.0,-100.0,-63.0,-57.0,-56.0,-80.0,-88.0,-67.0,-100.0,-85.0,-100.0,-100.0,-68.0,-100.0,-73.0,-100.0,-80.0,-100.0,-54.0,-57.0,-59.0,-59.0,-100.0,-100.0
B0236,RP04,B,CTK45-dot-B,,24,,-30.0,10.0,train,-81.0,-83.0,-100.0,-76.0,-66.0,-100.0,-87.0,-100.0,-100.0,-72.0,-69.0,-55.0,-89.0,-100.0,-54.0,-54.0,-79.0,-82.0,-100.0,-76.0,-67.0,-100.0,-86.0,-100.0,-100.0,-73.0,-68.0,-58.0,-90.0,-100.0,-54.0,-54.0,-100.0,-100.0,-67.0,-66.0
B0235,RP04,B,CTK45-dot-B,,25,,-30.0,10.0,train,-76.0,-86.0,-100.0,-100.0,-67.0,-100.0,-87.0,-96.0,-73.0,-72.0,-68.0,-56.0,-100.0,-83.0,-57.0,-57.0,-76.0,-86.0,-100.0,-100.0,-67.0,-100.0,-87.0,-100.0,-73.0,-72.0,-68.0,-60.0,-100.0,-82.0,-57.0,-57.0,-100.0,-100.0,-67.0,-67.0
B0215,RP04,B,CTK45-dot-B,,22,,-30.0,10.0,train,-76.0,-82.0,-100.0,-100.0,-77.0,-81.0,-100.0,-100.0,-100.0,-74.0,-64.0,-55.0,-87.0,-91.0,-56.0,-65.0,-100.0,-82.0,-100.0,-100.0,-77.0,-85.0,-100.0,-100.0,-100.0,-74.0,-64.0,-55.0,-100.0,-91.0,-56.0,-65.0,-67.0,-66.0,-100.0,-100.0
2025:01:24:09:03:42,RP04,A,SM-S908E,2212343.0,37,-147.9188122842731,-30.0,10.0,train,-71.0,-100.0,-87.0,-74.0,-75.0,-82.0,-88.0,-100.0,-85.0,-81.0,-66.0,-66.0,-85.0,-100.0,-56.0,-67.0,-71.0,-100.0,-88.0,-74.0,-75.0,-80.0,-88.0,-100.0,-84.0,-81.0,-67.0,-66.0,-86.0,-100.0,-56.0,-67.0,-69.0,-69.0,-67.0,-66.0
2025:01:24:08:52:04,RP04,A,SM-S908E,2212343.0,32,-89.85969255989387,-30.0,10.0,train,-74.0,-83.0,-100.0,-77.0,-76.0,-84.0,-100.0,-100.0,-75.0,-75.0,-77.0,-70.0,-88.0,-100.0,-57.0,-66.0,-75.0,-83.0,-100.0,-78.0,-76.0,-100.0,-100.0,-100.0,-75.0,-76.0,-75.0,-70.0,-88.0,-100.0,-57.0,-66.0,-68.0,-68.0,-73.0,-73.0
B0231,RP04,B,CTK45-dot-B,,32,,-30.0,10.0,train,-77.0,-83.0,-100.0,-74.0,-67.0,-79.0,-88.0,-100.0,-71.0,-73.0,-64.0,-56.0,-90.0,-83.0,-58.0,-56.0,-78.0,-84.0,-100.0,-74.0,-67.0,-85.0,-88.0,-100.0,-71.0,-73.0,-64.0,-53.0,-90.0,-82.0,-59.0,-56.0,-71.0,-72.0,-66.0,-66.0
2025:01:24:09:00:44,RP04,A,SM-S908E,2212343.0,30,21.779319836967645,-30.0,10.0,train,-79.0,-83.0,-92.0,-68.0,-72.0,-85.0,-100.0,-100.0,-70.0,-76.0,-67.0,-64.0,-89.0,-100.0,-61.0,-69.0,-79.0,-83.0,-91.0,-68.0,-72.0,-86.0,-100.0,-100.0,-71.0,-77.0,-67.0,-64.0,-88.0,-100.0,-61.0,-69.0,-79.0,-79.0,-72.0,-72.0
B0222,RP04,B,CTK45-dot-B,,23,,-30.0,10.0,train,-71.0,-81.0,-100.0,-80.0,-67.0,-77.0,-100.0,-100.0,-71.0,-64.0,-71.0,-69.0,-85.0,-100.0,-50.0,-58.0,-69.0,-82.0,-100.0,-80.0,-67.0,-100.0,-100.0,-100.0,-74.0,-65.0,-100.0,-69.0,-100.0,-100.0,-100.0,-59.0,-100.0,-66.0,-62.0,-63.0
B0232,RP04,B,CTK45-dot-B,,25,,-30.0,10.0,train,-75.0,-85.0,-94.0,-100.0,-67.0,-84.0,-87.0,-100.0,-71.0,-72.0,-68.0,-55.0,-100.0,-82.0,-56.0,-57.0,-76.0,-86.0,-100.0,-100.0,-67.0,-84.0,-88.0,-100.0,-71.0,-72.0,-68.0,-57.0,-100.0,-83.0,-57.0,-57.0,-100.0,-100.0,-100.0,-100.0
B0199,RP04,B,CTK45-dot-B,,29,,-30.0,10.0,train,-82.0,-83.0,-100.0,-73.0,-70.0,-86.0,-83.0,-100.0,-63.0,-71.0,-100.0,-55.0,-77.0,-100.0,-64.0,-65.0,-78.0,-84.0,-100.0,-73.0,-71.0,-86.0,-83.0,-100.0,-63.0,-71.0,-100.0,-55.0,-78.0,-100.0,-66.0,-66.0,-62.0,-62.0,-66.0,-66.0
B0187,RP04,B,CTK45-dot-B,,28,,-30.0,10.0,train,-70.0,-83.0,-100.0,-70.0,-76.0,-82.0,-100.0,-100.0,-74.0,-79.0,-65.0,-54.0,-76.0,-87.0,-49.0,-64.0,-70.0,-84.0,-100.0,-71.0,-76.0,-82.0,-100.0,-100.0,-74.0,-79.0,-66.0,-54.0,-76.0,-86.0,-49.0,-64.0,-100.0,-100.0,-58.0,-63.0
2025:01:24:09:02:36,RP04,A,SM-S908E,2212343.0,23,-151.12902032587772,-30.0,10.0,train,-72.0,-100.0,-100.0,-73.0,-74.0,-100.0,-100.0,-100.0,-80.0,-82.0,-77.0,-69.0,-100.0,-100.0,-59.0,-64.0,-72.0,-100.0,-100.0,-74.0,-74.0,-100.0,-100.0,-100.0,-80.0,-82.0,-77.0,-69.0,-100.0,-100.0,-59.0,-64.0,-77.0,-77.0,-65.0,-65.0
B0228,RP04,B,CTK45-dot-B,,29,,-30.0,10.0,train,-67.0,-85.0,-100.0,-67.0,-75.0,-81.0,-100.0,-100.0,-72.0,-100.0,-74.0,-73.0,-89.0,-100.0,-60.0,-64.0,-68.0,-84.0,-100.0,-67.0,-75.0,-81.0,-100.0,-100.0,-72.0,-100.0,-74.0,-73.0,-89.0,-100.0,-58.0,-64.0,-70.0,-69.0,-67.0,-67.0
B0180,RP04,B,CTK45-dot-B,,31,,-30.0,10.0,train,-81.0,-83.0,-100.0,-73.0,-67.0,-84.0,-82.0,-100.0,-74.0,-75.0,-60.0,-52.0,-86.0,-82.0,-52.0,-60.0,-80.0,-84.0,-100.0,-100.0,-67.0,-84.0,-82.0,-100.0,-79.0,-74.0,-61.0,-53.0,-84.0,-85.0,-51.0,-60.0,-64.0,-64.0,-64.0,-64.0
B0204,RP04,B,CTK45-dot-B,,22,,-30.0,10.0,train,-78.0,-83.5,-86.0,-67.0,-100.0,-83.0,-100.0,-100.0,-67.0,-100.0,-64.0,-100.0,-77.0,-100.0,-55.0,-65.0,-78.0,-84.0,-86.0,-66.0,-100.0,-81.0,-100.0,-100.0,-66.0,-100.0,-64.0,-100.0,-77.0,-100.0,-55.0,-65.0,-60.0,-62.0,-100.0,-100.0
B0221,RP04,B,CTK45-dot-B,,31,,-30.0,10.0,train,-73.0,-85.0,-100.0,-69.0,-68.0,-79.0,-100.0,-95.0,-85.0,-66.0,-68.0,-64.0,-80.0,-100.0,-59.0,-61.0,-71.0,-84.0,-100.0,-68.0,-68.0,-78.0,-100.0,-96.0,-84.0,-66.0,-69.0,-64.0,-79.0,-86.0,-54.0,-62.0,-63.0,-63.0,-61.0,-60.0
B0205,RP04,B,CTK45-dot-B,,15,,-30.0,10.0,train,-100.0,-83.5,-100.0,-66.0,-100.0,-84.0,-100.0,-100.0,-66.0,-100.0,-65.0,-100.0,-100.0,-100.0,-53.0,-63.0,-100.0,-84.0,-100.0,-66.0,-100.0,-76.0,-100.0,-100.0,-66.0,-100.0,-65.0,-100.0,-77.0,-100.0,-51.0,-62.0,-100.0,-100.0,-100.0,-100.0
B0219,RP04,B,CTK45-dot-B,,26,,-30.0,10.0,train,-82.0,-85.0,-100.0,-72.0,-67.0,-84.0,-87.0,-100.0,-77.0,-77.0,-100.0,-58.0,-100.0,-100.0,-54.0,-57.0,-82.0,-85.0,-100.0,-73.0,-67.0,-83.0,-86.0,-100.0,-76.0,-77.0,-100.0,-54.0,-100.0,-100.0,-54.0,-57.0,-69.0,-69.0,-64.0,-64.0
B0213,RP04,B,CTK45-dot-B,,20,,-30.0,10.0,train,-71.0,-82.0,-100.0,-71.0,-68.0,-100.0,-100.0,-100.0,-66.0,-71.0,-100.0,-56.0,-83.0,-100.0,-61.0,-64.0,-71.0,-82.0,-100.0,-70.0,-69.0,-100.0,-100.0,-100.0,-66.0,-71.0,-100.0,-56.0,-100.0,-100.0,-100.0,-64.0,-100.0,-100.0,-71.0,-71.0
B0225,RP04,B,CTK45-dot-B,,28,,-30.0,10.0,train,-74.0,-81.0,-100.0,-65.0,-70.0,-78.0,-100.0,-100.0,-73.0,-73.0,-72.0,-72.0,-83.0,-100.0,-50.0,-56.0,-72.0,-80.0,-100.0,-66.0,-70.0,-77.0,-100.0,-100.0,-76.0,-73.0,-71.0,-71.0,-82.0,-100.0,-51.0,-56.0,-65.0,-65.0,-62.0,-63.0
2025:01:24:08:54:33,RP04,A,SM-S908E,2212343.0,36,-38.00024947969845,-30.0,10.0,train,-78.0,-85.0,-91.0,-76.0,-81.0,-78.0,-100.0,-100.0,-78.0,-81.0,-81.0,-69.0,-82.0,-100.0,-61.0,-70.0,-78.0,-84.0,-93.0,-75.0,-81.0,-80.0,-100.0,-100.0,-78.0,-81.0,-78.0,-70.0,-85.0,-100.0,-61.0,-70.0,-73.0,-74.0,-70.0,-70.0
B0201,RP04,B,CTK45-dot-B,,30,,-30.0,10.0,train,-80.0,-100.0,-100.0,-74.0,-74.0,-81.0,-100.0,-100.0,-72.0,-78.0,-55.0,-62.0,-89.0,-89.0,-53.0,-64.0,-79.0,-100.0,-100.0,-74.0,-75.0,-81.0,-100.0,-100.0,-72.0,-78.0,-55.0,-62.0,-81.0,-90.0,-53.0,-64.0,-68.0,-69.0,-74.0,-74.0
B0209,RP04,B,CTK45-dot-B,,33,,-30.0,10.0,train,-70.0,-83.5,-85.0,-100.0,-67.0,-85.0,-75.0,-100.0,-82.0,-73.0,-62.0,-65.0,-83.0,-83.0,-55.0,-62.0,-69.0,-84.0,-82.0,-100.0,-67.0,-85.0,-75.0,-100.0,-84.0,-72.0,-62.0,-65.0,-79.0,-84.0,-56.0,-62.0,-68.0,-100.0,-65.0,-60.0
B0237,RP04,B,CTK45-dot-B,,29,,-30.0,10.0,train,-80.0,-83.0,-100.0,-100.0,-69.0,-84.0,-86.0,-100.0,-72.0,-73.0,-69.0,-55.0,-89.0,-100.0,-54.0,-55.0,-81.0,-82.0,-100.0,-75.0,-68.0,-85.0,-86.0,-100.0,-72.0,-73.0,-69.0,-56.0,-88.0,-100.0,-54.0,-55.0,-70.0,-70.0,-68.0,-67.0
2025:01:24:08:57:46,RP04,A,SM-S908E,2212343.0,31,-39.144894822528286,-30.0,10.0,train,-82.0,-85.0,-100.0,-75.0,-80.0,-82.0,-100.0,-100.0,-75.0,-78.0,-67.0,-68.0,-84.0,-100.0,-66.0,-70.0,-82.0,-85.0,-100.0,-100.0,-80.0,-85.0,-100.0,-100.0,-76.0,-78.0,-67.0,-68.0,-82.0,-100.0,-65.0,-70.0,-71.0,-71.0,-69.0,-69.0
B0183,RP04,B,CTK45-dot-B,,34,,-30.0,10.0,train,-64.0,-84.0,-88.0,-65.0,-67.0,-76.0,-75.0,-100.0,-74.0,-80.0,-100.0,-59.0,-84.0,-82.0,-44.0,-62.0,-64.0,-84.0,-87.0,-64.0,-67.0,-76.0,-75.0,-100.0,-74.0,-80.0,-100.0,-59.0,-83.0,-81.0,-45.0,-62.0,-100.0,-100.0,-57.0,-69.0
B0226,RP04,B,CTK45-dot-B,,33,,-30.0,10.0,train,-76.0,-80.0,-100.0,-68.0,-74.0,-79.0,-86.0,-91.0,-76.0,-74.0,-74.0,-69.0,-80.0,-88.0,-57.0,-59.0,-100.0,-80.0,-100.0,-68.0,-74.0,-81.0,-86.0,-95.0,-77.0,-74.0,-73.0,-69.0,-100.0,-88.0,-56.0,-58.0,-67.0,-66.0,-68.0,-69.0
B0189,RP04,B,CTK45-dot-B,,15,,-30.0,10.0,train,-61.0,-83.0,-89.0,-66.0,-100.0,-82.0,-100.0,-100.0,-100.0,-100.0,-100.0,-100.0,-77.0,-100.0,-57.0,-58.0,-67.0,-83.0,-89.0,-65.0,-100.0,-100.0,-100.0,-100.0,-100.0,-100.0,-100.0,-100.0,-78.0,-100.0,-56.0,-58.0,-100.0,-100.0,-100.0,-100.0
B0238,RP04,B,CTK45-dot-B,,23,,-30.0,10.0,train,-80.0,-82.0,-100.0,-100.0,-67.0,-85.0,-86.0,-100.0,-72.0,-73.0,-69.0,-56.0,-90.0,-100.0,-54.0,-54.0,-80.0,-82.0,-100.0,-100.0,-67.0,-100.0,-86.0,-100.0,-72.0,-73.0,-69.0,-57.0,-100.0,-100.0,-54.0,-55.0,-100.0,-100.0,-67.0,-100.0
B0202,RP04,B,CTK45-dot-B,,28,,-30.0,10.0,train,-87.0,-100.0,-100.0,-100.0,-76.0,-74.0,-92.0,-100.0,-83.0,-80.0,-55.0,-59.0,-84.0,-100.0,-56.0,-63.0,-87.0,-100.0,-100.0,-100.0,-76.0,-74.0,-92.0,-100.0,-82.0,-79.0,-55.0,-59.0,-84.0,-100.0,-55.0,-63.0,-59.0,-59.0,-68.0,-68.0
2025:01:24:08:53:17,RP04,A,SM-S908E,2212343.0,35,-37.76257913782684,-30.0,10.0,train,-81.0,-82.0,-90.0,-74.0,-77.0,-80.0,-100.0,-100.0,-72.0,-83.0,-73.0,-69.0,-84.0,-100.0,-63.0,-70.0,-82.0,-82.0,-100.0,-74.0,-77.0,-79.0,-100.0,-100.0,-72.0,-83.0,-73.0,-69.0,-84.0,-100.0,-63.0,-70.0,-68.0,-68.0,-71.0,-70.0
B0223,RP04,B,CTK45-dot-B,,26,,-30.0,10.0,train,-75.0,-79.0,-100.0,-72.0,-76.0,-85.0,-100.0,-100.0,-100.0,-66.0,-70.0,-65.0,-81.0,-87.0,-53.0,-56.0,-75.0,-79.0,-100.0,-72.0,-77.0,-100.0,-100.0,-100.0,-80.0,-67.0,-70.0,-64.0,-81.0,-87.0,-53.0,-56.0,-100.0,-100.0,-66.0,-66.0
B0188,RP04,B,CTK45-dot-B,,22,,-30.0,10.0,train,-65.0,-85.0,-90.0,-72.0,-100.0,-76.0,-100.0,-95.0,-65.0,-100.0,-62.0,-100.0,-72.0,-100.0,-48.0,-65.0,-65.0,-85.0,-89.0,-73.0,-100.0,-78.0,-100.0,-91.0,-64.0,-100.0,-60.0,-100.0,-73.0,-100.0,-49.0,-65.0,-100.0,-100.0,-100.0,-100.0
B0200,RP04,B,CTK45-dot-B,,32,,-30.0,10.0,train,-76.0,-83.5,-89.0,-78.0,-65.0,-85.0,-81.0,-100.0,-63.0,-80.0,-65.0,-59.0,-100.0,-86.0,-49.0,-57.0,-77.0,-77.0,-94.0,-78.0,-65.0,-83.0,-82.0,-100.0,-64.0,-80.0,-65.0,-59.0,-80.0,-86.0,-49.0,-57.0,-100.0,-61.0,-66.0,-62.0
B0196,RP04,B,CTK45-dot-B,,29,,-30.0,10.0,train,-76.0,-84.0,-100.0,-74.0,-66.0,-83.0,-89.0,-100.0,-71.0,-73.0,-65.0,-56.0,-88.0,-84.0,-57.0,-56.0,-76.0,-85.0,-100.0,-100.0,-66.0,-83.0,-87.0,-100.0,-71.0,-72.0,-66.0,-57.0,-88.0,-85.0,-57.0,-56.0,-100.0,-100.0,-66.0,-66.0
B0208,RP04,B,CTK45-dot-B,,23,,-30.0,10.0,train,-74.0,-79.0,-83.0,-71.0,-100.0,-87.0,-100.0,-90.0,-100.0,-100.0,-73.0,-100.0,-82.0,-100.0,-55.0,-65.0,-68.0,-79.0,-84.0,-71.0,-100.0,-94.0,-100.0,-93.0,-100.0,-100.0,-73.0,-100.0,-82.0,-100.0,-100.0,-66.0,-64.0,-64.0,-100.0,-100.0
B0179,RP04,B,CTK45-dot-B,,27,,-30.0,10.0,train,-76.0,-87.0,-100.0,-100.0,-65.0,-82.0,-85.0,-100.0,-71.0,-72.0,-66.0,-56.0,-88.0,-84.0,-56.0,-57.0,-76.0,-87.0,-100.0,-100.0,-65.0,-83.0,-85.0,-100.0,-71.0,-72.0,-66.0,-57.0,-100.0,-85.0,-57.0,-57.0,-100.0,-100.0,-68.0,-68.0
B0184,RP04,B,CTK45-dot-B,,22,,-30.0,10.0,train,-66.0,-84.0,-90.0,-72.0,-100.0,-100.0,-100.0,-89.0,-100.0,-100.0,-67.0,-100.0,-78.0,-100.0,-46.0,-58.0,-66.0,-84.0,-91.0,-73.0,-100.0,-100.0,-100.0,-91.0,-100.0,-100.0,-68.0,-100.0,-79.0,-100.0,-46.0,-58.0,-68.0,-67.0,-100.0,-100.0
2025:01:24:08:52:40,RP04,A,SM-S908E,2212343.0,33,-89.51742476181659,-30.0,10.0,train,-73.0,-83.0,-88.0,-73.0,-74.0,-85.0,-100.0,-100.0,-73.0,-77.0,-75.0,-69.0,-100.0,-100.0,-55.0,-65.0,-73.0,-83.0,-100.0,-75.0,-74.0,-82.0,-100.0,-100.0,-73.0,-77.0,-75.0,-69.0,-100.0,-100.0,-56.0,-65.0,-71.0,-69.0,-74.0,-74.0
B0233,RP04,B,CTK45-dot-B,,25,,-30.0,10.0,train,-100.0,-85.0,-100.0,-76.0,-69.0,-85.0,-86.0,-100.0,-72.0,-74.0,-69.0,-54.0,-100.0,-100.0,-54.0,-54.0,-100.0,-85.0,-100.0,-76.0,-68.0,-100.0,-86.0,-100.0,-72.0,-74.0,-69.0,-56.0,-100.0,-100.0,-54.0,-54.0,-69.0,-70.0,-68.0,-68.0
2025:01:24:09:01:24,RP04,A,SM-S908E,2212343.0,24,21.004973106426288,-30.0,10.0,train,-81.0,-100.0,-100.0,-75.0,-78.0,-86.0,-100.0,-100.0,-84.0,-77.0,-73.0,-68.0,-88.0,-100.0,-64.0,-68.0,-81.0,-100.0,-100.0,-75.0,-78.0,-100.0,-100.0,-100.0,-83.0,-77.0,-74.0,-68.0,-100.0,-100.0,-65.0,-69.0,-76.0,-76.0,-69.0,-69.0
2025:01:24:09:04:59,RP04,A,SM-S908E,2212343.0,32,-148.3609580851976,-30.0,10.0,validation,-71.0,-100.0,-87.0,-72.0,-74.0,-83.0,-87.0,-100.0,-76.0,-80.0,-76.0,-70.0,-100.0,-100.0,-58.0,-71.0,-71.0,-100.0,-87.0,-72.0,-75.0,-82.0,-87.0,-100.0,-77.0,-80.0,-76.0,-70.0,-85.0,-100.0,-58.0,-71.0,-68.0,-68.0,-65.0,-65.0
2025:01:24:08:58:27,RP04,A,SM-S908E,2212343.0,21,22.451557467007557,-30.0,10.0,validation,-100.0,-85.0,-100.0,-71.0,-79.0,-80.0,-100.0,-100.0,-70.0,-80.0,-63.0,-66.0,-100.0,-100.0,-62.0,-68.0,-73.0,-85.0,-100.0,-71.0,-79.0,-80.0,-100.0,-100.0,-70.0,-80.0,-62.0,-65.0,-100.0,-100.0,-63.0,-68.0,-100.0,-100.0,-100.0,-100.0
B0224,RP04,B,CTK45-dot-B,,23,,-30.0,10.0,validation,-100.0,-100.0,-100.0,-100.0,-75.0,-82.0,-100.0,-100.0,-63.0,-74.0,-53.0,-55.0,-100.0,-71.0,-70.0,-73.0,-100.0,-100.0,-100.0,-100.0,-76.0,-82.0,-100.0,-100.0,-63.0,-74.0,-52.0,-55.0,-100.0,-71.0,-71.0,-73.0,-100.0,-100.0,-75.0,-75.0
B0234,RP04,B,CTK45-dot-B,,17,,-30.0,10.0,validation,-100.0,-83.0,-100.0,-100.0,-67.0,-86.0,-86.0,-100.0,-100.0,-100.0,-69.0,-56.0,-90.0,-100.0,-53.0,-54.0,-100.0,-82.0,-100.0,-100.0,-67.0,-100.0,-85.0,-100.0,-100.0,-100.0,-100.0,-58.0,-100.0,-100.0,-54.0,-55.0,-100.0,-100.0,-67.0,-67.0
2025:01:24:08:59:33,RP04,A,SM-S908E,2212343.0,24,25.849562739206633,-30.0,10.0,validation,-78.0,-87.0,-100.0,-72.0,-74.0,-100.0,-100.0,-100.0,-100.0,-79.0,-76.0,-67.0,-87.0,-100.0,-66.0,-70.0,-78.0,-88.0,-100.0,-73.0,-74.0,-100.0,-100.0,-100.0,-100.0,-79.0,-75.0,-67.0,-100.0,-100.0,-66.0,-70.0,-75.0,-75.0,-74.0,-74.0
2025:01:24:08:51:05,RP04,A,SM-S908E,2212343.0,32,-89.56795390976917,-30.0,10.0,validation,-74.0,-83.0,-89.0,-73.0,-74.0,-86.0,-100.0,-100.0,-77.0,-79.0,-71.0,-69.0,-84.0,-100.0,-55.0,-64.0,-100.0,-83.0,-100.0,-100.0,-74.0,-87.0,-100.0,-100.0,-78.0,-79.0,-100.0,-69.0,-82.0,-100.0,-55.0,-64.0,-69.0,-68.0,-78.0,-77.0
B0214,RP04,B,CTK45-dot-B,,28,,-30.0,10.0,validation,-76.0,-87.0,-100.0,-100.0,-74.0,-83.0,-100.0,-100.0,-71.0,-76.0,-67.0,-57.0,-84.0,-90.0,-50.0,-62.0,-77.0,-87.0,-100.0,-100.0,-74.0,-83.0,-100.0,-100.0,-71.0,-76.0,-67.0,-57.0,-84.0,-90.0,-62.0,-62.0,-77.0,-73.0,-70.0,-69.0
B0182,RP04,B,CTK45-dot-B,,23,,-30.0,10.0,validation,-76.0,-78.0,-91.0,-73.0,-100.0,-82.0,-100.0,-100.0,-64.0,-100.0,-82.0,-100.0,-85.0,-100.0,-55.0,-57.0,-76.0,-78.0,-100.0,-73.0,-100.0,-81.0,-100.0,-100.0,-64.0,-100.0,-82.0,-100.0,-84.0,-100.0,-54.0,-57.0,-65.0,-66.0,-100.0,-100.0
2025:01:24:08:49:45,RP04,A,SM-S908E,2212343.0,29,-90.14103775561492,-30.0,10.0,validation,-82.0,-100.0,-100.0,-71.0,-77.0,-65.0,-72.0,-100.0,-64.0,-62.0,-67.0,-68.0,-80.0,-80.0,-66.0,-68.0,-81.0,-100.0,-100.0,-72.0,-77.0,-65.0,-71.0,-94.0,-64.0,-61.0,-67.0,-68.0,-81.0,-80.0,-66.0,-68.0,-100.0,-100.0,-79.0,-79.0
B0227,RP04,B,CTK45-dot-B,,30,,-30.0,10.0,validation,-71.0,-76.0,-100.0,-76.0,-69.0,-87.0,-87.0,-100.0,-100.0,-78.0,-68.0,-68.0,-89.0,-100.0,-46.0,-65.0,-71.0,-77.0,-100.0,-76.0,-69.0,-87.0,-87.0,-100.0,-100.0,-78.0,-68.0,-68.0,-89.0,-100.0,-45.0,-65.0,-61.0,-61.0,-71.0,-71.0
2025:01:24:09:04:18,RP04,A,SM-S908E,2212343.0,33,-147.84507261603974,-30.0,10.0,validation,-72.0,-100.0,-88.0,-70.0,-74.0,-81.0,-87.0,-100.0,-81.0,-81.0,-72.0,-68.0,-86.0,-100.0,-57.0,-70.0,-72.0,-100.0,-87.0,-73.0,-74.0,-82.0,-87.0,-100.0,-81.0,-81.0,-72.0,-68.0,-85.0,-100.0,-57.0,-70.0,-70.0,-70.0,-65.0,-65.0
B0191,RP04,B,CTK45-dot-B,,19,,-30.0,10.0,validation,-74.0,-89.0,-100.0,-68.0,-100.0,-100.0,-100.0,-100.0,-67.0,-100.0,-71.0,-100.0,-83.0,-100.0,-53.0,-62.0,-74.0,-89.0,-100.0,-68.0,-100.0,-78.0,-100.0,-100.0,-69.0,-100.0,-71.0,-100.0,-83.0,-100.0,-55.0,-62.0,-58.0,-60.0,-100.0,-100.0
B0195,RP04,B,CTK45-dot-B,,30,,-30.0,10.0,test,-76.0,-85.0,-100.0,-75.0,-66.0,-84.0,-88.0,-100.0,-72.0,-72.0,-66.0,-55.0,-100.0,-83.0,-57.0,-57.0,-76.0,-85.0,-100.0,-75.0,-66.0,-83.0,-87.0,-100.0,-73.0,-72.0,-66.0,-55.0,-100.0,-83.0,-58.0,-56.0,-73.0,-71.0,-65.0,-65.0
B0207,RP04,B,CTK45-dot-B,,19,,-30.0,10.0,test,-77.0,-84.0,-100.0,-65.0,-100.0,-81.0,-100.0,-100.0,-62.0,-100.0,-100.0,-100.0,-100.0,-100.0,-100.0,-58.0,-76.0,-82.0,-100.0,-66.0,-100.0,-81.0,-100.0,-100.0,-69.0,-100.0,-100.0,-100.0,-81.0,-100.0,-53.0,-58.0,-62.0,-61.0,-100.0,-100.0
B0212,RP04,B,CTK45-dot-B,,25,,-30.0,10.0,test,-83.0,-85.0,-100.0,-74.0,-68.0,-84.0,-87.0,-100.0,-77.0,-78.0,-64.0,-55.0,-100.0,-86.0,-53.0,-57.0,-82.0,-85.0,-100.0,-100.0,-68.0,-100.0,-87.0,-100.0,-100.0,-79.0,-63.0,-55.0,-100.0,-100.0,-53.0,-57.0,-68.0,-100.0,-63.0,-63.0
B0194,RP04,B,CTK45-dot-B,,25,,-30.0,10.0,test,-100.0,-84.0,-100.0,-75.0,-66.0,-84.0,-86.0,-100.0,-71.0,-72.0,-65.0,-56.0,-100.0,-84.0,-57.0,-56.0,-100.0,-84.0,-100.0,-100.0,-66.0,-80.0,-87.0,-100.0,-71.0,-72.0,-65.0,-57.0,-100.0,-84.0,-57.0,-56.0,-100.0,-100.0,-67.0,-67.0
2025:01:24:08:57:05,RP04,A,SM-S908E,2212343.0,37,-37.23574616407744,-30.0,10.0,test,-79.0,-85.0,-93.0,-70.0,-79.0,-80.0,-100.0,-100.0,-76.0,-79.0,-72.0,-69.0,-84.0,-100.0,-67.0,-71.0,-79.0,-85.0,-94.0,-71.0,-79.0,-80.0,-100.0,-100.0,-76.0,-80.0,-72.0,-69.0,-83.0,-100.0,-68.0,-71.0,-75.0,-74.0,-68.0,-68.0
2025:01:24:09:01:59,RP04,A,SM-S908E,2212343.0,22,-149.77536742783548,-30.0,10.0,test,-100.0,-100.0,-100.0,-78.0,-75.0,-87.0,-100.0,-100.0,-77.0,-78.0,-100.0,-66.0,-100.0,-100.0,-65.0,-68.0,-100.0,-100.0,-100.0,-78.0,-75.0,-88.0,-100.0,-100.0,-77.0,-78.0,-100.0,-66.0,-100.0,-100.0,-66.0,-68.0,-74.0,-74.0,-69.0,-69.0
B0206,RP04,B,CTK45-dot-B,,31,,-30.0,10.0,test,-71.0,-74.0,-84.0,-65.0,-65.0,-87.0,-78.0,-100.0,-77.0,-74.0,-66.0,-63.0,-78.0,-84.0,-45.0,-58.0,-70.0,-74.0,-100.0,-66.0,-65.0,-94.0,-79.0,-100.0,-77.0,-74.0,-66.0,-64.0,-78.0,-84.0,-45.0,-59.0,-100.0,-100.0,-56.0,-100.0
2025:01:24:08:55:27,RP04,A,SM-S908E,2212343.0,25,-38.19494798693524,-30.0,10.0,test,-83.0,-85.0,-100.0,-73.0,-77.0,-100.0,-100.0,-100.0,-79.0,-80.0,-77.0,-67.0,-85.0,-100.0,-66.0,-70.0,-83.0,-85.0,-100.0,-73.0,-77.0,-100.0,-100.0,-100.0,-79.0,-80.0,-78.0,-67.0,-86.0,-100.0,-66.0,-70.0,-100.0,-100.0,-70.0,-70.0
B0210,RP04,B,CTK45-dot-B,,29,,-30.0,10.0,test,-77.0,-86.0,-100.0,-71.0,-68.0,-86.0,-87.0,-100.0,-71.0,-79.0,-63.0,-54.0,-100.0,-87.0,-51.0,-59.0,-100.0,-87.0,-100.0,-71.0,-68.0,-84.0,-86.0,-100.0,-71.0,-79.0,-63.0,-59.0,-100.0,-87.0,-52.0,-58.0,-69.0,-69.0,-63.0,-63.0
2025:01:24:08:50:21,RP04,A,SM-S908E,2212343.0,25,-90.18420439590007,-30.0,10.0,test,-71.0,-100.0,-100.0,-75.0,-75.0,-100.0,-100.0,-100.0,-74.0,-74.0,-69.0,-70.0,-100.0,-100.0,-56.0,-64.0,-77.0,-100.0,-100.0,-75.0,-75.0,-100.0,-100.0,-100.0,-74.0,-75.0,-69.0,-71.0,-100.0,-100.0,-56.0,-64.0,-68.0,-67.0,-76.0,-76.0
B0190,RP04,B,CTK45-dot-B,,18,,-30.0,10.0,test,-58.0,-84.0,-88.0,-67.0,-100.0,-100.0,-100.0,-100.0,-100.0,-100.0,-100.0,-100.0,-79.0,-100.0,-56.0,-58.0,-58.0,-85.0,-89.0,-67.0,-100.0,-100.0,-100.0,-100.0,-100.0,-100.0,-100.0,-100.0,-86.0,-100.0,-57.0,-58.0,-66.0,-64.0,-100.0,-100.0
B0218,RP04,B,CTK45-dot-B,,20,,-30.0,10.0,test,-100.0,-82.0,-100.0,-73.0,-77.0,-82.0,-100.0,-100.0,-78.0,-100.0,-54.0,-60.0,-100.0,-100.0,-54.0,-59.0,-100.0,-82.0,-100.0,-73.0,-77.0,-83.0,-100.0,-100.0,-78.0,-100.0,-54.0,-60.0,-100.0,-100.0,-55.0,-60.0,-100.0,-100.0,-65.0,-65.0
B0253,RP05,B,CTK45-dot-B,,36,,-8.0,10.0,train,-66.0,-77.0,-100.0,-58.0,-65.0,-57.0,-71.0,-80.0,-46.0,-51.0,-53.0,-51.0,-62.0,-68.0,-50.0,-62.0,-66.0,-77.0,-100.0,-56.0,-65.0,-57.0,-72.0,-80.0,-46.0,-51.0,-53.0,-51.0,-63.0,-69.0,-50.0,-62.0,-66.0,-66.0,-69.0,-69.0
B0262,RP05,B,CTK45-dot-B,,26,,-8.0,10.0,train,-66.0,-78.0,-83.0,-66.0,-100.0,-63.0,-100.0,-100.0,-64.0,-100.0,-67.0,-100.0,-72.0,-100.0,-55.0,-68.0,-66.0,-78.0,-81.0,-65.0,-100.0,-63.0,-100.0,-100.0,-63.0,-100.0,-68.0,-100.0,-65.0,-100.0,-54.0,-68.0,-60.0,-62.0,-100.0,-100.0
B0279,RP05,B,CTK45-dot-B,,25,,-8.0,10.0,train,-74.0,-76.0,-100.0,-100.0,-56.0,-100.0,-75.0,-82.0,-49.0,-60.0,-47.0,-50.0,-69.0,-100.0,-49.0,-64.0,-74.0,-76.0,-100.0,-100.0,-56.0,-100.0,-75.0,-82.0,-100.0,-60.0,-44.0,-51.0,-100.0,-100.0,-49.0,-64.0,-100.0,-100.0,-100.0,-100.0
2025:01:24:08:39:44,RP05,A,SM-S908E,2212343.0,28,-39.32133431074985,-8.0,10.0,train,-68.0,-100.0,-100.0,-76.0,-75.0,-63.0,-78.0,-100.0,-67.0,-65.0,-66.0,-65.0,-72.0,-79.0,-60.0,-73.0,-68.0,-100.0,-100.0,-76.0,-75.0,-64.0,-78.0,-100.0,-67.0,-65.0,-66.0,-65.0,-72.0,-79.0,-60.0,-73.0,-100.0,-100.0,-78.0,-78.0
B0267,RP05,B,CTK45-dot-B,,29,,-8.0,10.0,train,-77.0,-84.0,-100.0,-100.0,-62.0,-67.0,-72.0,-100.0,-58.0,-55.0,-69.0,-52.0,-100.0,-77.0,-67.0,-64.0,-100.0,-84.0,-100.0,-100.0,-63.0,-67.0,-72.0,-100.0,-59.0,-56.0,-70.0,-52.0,-100.0,-77.0,-100.0,-64.0,-70.0,-71.0,-74.0,-73.0
B0291,RP05,B,CTK45-dot-B,,27,,-8.0,10.0,train,-100.0,-100.0,-100.0,-100.0,-65.0,-73.0,-73.0,-91.0,-57.0,-60.0,-68.0,-53.0,-100.0,-76.0,-66.0,-64.0,-100.0,-100.0,-100.0,-100.0,-65.0,-69.0,-73.0,-92.0,-57.0,-58.0,-68.0,-53.0,-100.0,-76.0,-67.0,-64.0,-100.0,-71.0,-74.0,-74.0
B0295,RP05,B,CTK45-dot-B,,27,,-8.0,10.0,train,-65.0,-87.0,-88.0,-66.0,-100.0,-64.0,-100.0,-88.0,-55.0,-100.0,-63.0,-100.0,-74.0,-100.0,-61.0,-68.0,-68.0,-87.0,-87.0,-66.0,-100.0,-64.0,-100.0,-86.0,-55.0,-100.0,-63.0,-100.0,-75.0,-100.0,-58.0,-68.0,-63.0,-64.0,-100.0,-100.0
B0282,RP05,B,CTK45-dot-B,,29,,-8.0,10.0,train,-75.0,-82.0,-100.0,-100.0,-62.0,-67.0,-72.0,-93.0,-61.0,-59.0,-72.0,-52.0,-100.0,-77.0,-66.0,-62.0,-100.0,-82.0,-100.0,-100.0,-62.0,-67.0,-72.0,-95.0,-59.0,-56.0,-71.0,-52.0,-100.0,-77.0,-66.0,-62.0,-100.0,-100.0,-74.0,-74.0
B0287,RP05,B,CTK45-dot-B,,33,,-8.0,10.0,train,-76.0,-80.0,-100.0,-74.0,-61.0,-70.0,-73.0,-90.0,-57.0,-57.0,-71.0,-52.0,-86.0,-78.0,-68.0,-63.0,-73.0,-81.0,-100.0,-100.0,-62.0,-69.0,-73.0,-91.0,-57.0,-57.0,-71.0,-52.0,-87.0,-78.0,-68.0,-63.0,-100.0,-100.0,-73.0,-74.0
B0248,RP05,B,CTK45-dot-B,,22,,-8.0,10.0,train,-66.0,-82.0,-92.0,-64.0,-100.0,-69.0,-100.0,-86.0,-57.0,-100.0,-61.0,-100.0,-73.0,-100.0,-55.0,-71.0,-100.0,-82.0,-89.0,-65.0,-100.0,-69.0,-100.0,-86.0,-59.0,-100.0,-62.0,-100.0,-100.0,-100.0,-56.0,-72.0,-64.0,-64.0,-100.0,-100.0
B0289,RP05,B,CTK45-dot-B,,26,,-8.0,10.0,train,-100.0,-80.0,-100.0,-71.0,-61.0,-69.0,-74.0,-100.0,-66.0,-51.0,-100.0,-49.0,-100.0,-100.0,-65.0,-65.0,-100.0,-81.0,-100.0,-71.0,-61.0,-100.0,-74.0,-90.0,-66.0,-56.0,-100.0,-50.0,-100.0,-76.0,-65.0,-65.0,-74.0,-73.0,-68.0,-68.0
B0273,RP05,B,CTK45-dot-B,,36,,-8.0,10.0,train,-64.0,-74.0,-100.0,-62.0,-62.0,-65.0,-68.0,-91.0,-54.0,-64.0,-59.0,-57.0,-71.0,-72.0,-55.0,-62.0,-63.0,-73.0,-100.0,-62.0,-63.0,-66.0,-67.0,-91.0,-54.0,-64.0,-60.0,-58.0,-71.0,-72.0,-55.0,-62.0,-64.0,-64.0,-100.0,-100.0
B0259,RP05,B,CTK45-dot-B,,34,,-8.0,10.0,train,-100.0,-78.0,-100.0,-73.0,-55.0,-59.0,-100.0,-80.0,-49.0,-60.0,-45.0,-57.0,-67.0,-70.0,-54.0,-65.0,-100.0,-78.0,-100.0,-73.0,-56.0,-58.0,-100.0,-80.0,-49.0,-60.0,-47.0,-56.0,-67.0,-70.0,-54.0,-65.0,-70.0,-70.0,-62.0,-62.0
2025:01:24:08:42:38,RP05,A,SM-S908E,2212343.0,37,25.515028725448005,-8.0,10.0,train,-77.0,-88.0,-100.0,-62.0,-79.0,-73.0,-81.0,-82.0,-61.0,-59.0,-57.0,-57.0,-69.0,-73.0,-62.0,-67.0,-78.0,-86.0,-87.0,-62.0,-79.0,-73.0,-81.0,-83.0,-61.0,-59.0,-57.0,-57.0,-69.0,-73.0,-62.0,-67.0,-73.0,-73.0,-79.0,-78.0
2025:01:24:08:38:30,RP05,A,SM-S908E,2212343.0,36,-92.48641184209319,-8.0,10.0,train,-75.0,-100.0,-83.0,-76.0,-73.0,-62.0,-76.0,-85.0,-63.0,-63.0,-66.0,-68.0,-73.0,-74.0,-65.0,-73.0,-70.0,-100.0,-86.0,-76.0,-73.0,-62.0,-76.0,-85.0,-63.0,-63.0,-66.0,-68.0,-73.0,-74.0,-65.0,-73.0,-73.0,-73.0,-81.0,-81.0
B0254,RP05,B,CTK45-dot-B,,24,,-8.0,10.0,train,-100.0,-75.0,-100.0,-73.0,-71.0,-65.0,-100.0,-100.0,-56.0,-61.0,-63.0,-55.0,-100.0,-73.0,-53.0,-69.0,-100.0,-75.0,-100.0,-74.0,-72.0,-64.0,-100.0,-100.0,-56.0,-61.0,-63.0,-55.0,-100.0,-73.0,-53.0,-70.0,-100.0,-100.0,-100.0,-100.0
2025:01:24:08:46:07,RP05,A,SM-S908E,2212343.0,30,-159.05338759594795,-8.0,10.0,train,-80.0,-100.0,-100.0,-64.0,-74.0,-69.0,-84.0,-100.0,-63.0,-62.0,-65.0,-67.0,-76.0,-78.0,-64.0,-69.0,-80.0,-100.0,-100.0,-64.0,-74.0,-69.0,-84.0,-100.0,-63.0,-63.0,-65.0,-67.0,-76.0,-78.0,-64.0,-69.0,-100.0,-100.0,-80.0,-79.0
B0245,RP05,B,CTK45-dot-B,,41,,-8.0,10.0,train,-77.0,-71.0,-100.0,-60.0,-63.0,-71.0,-67.0,-91.0,-57.0,-48.0,-55.0,-50.0,-72.0,-72.0,-55.0,-63.0,-100.0,-71.0,-91.0,-59.0,-63.0,-72.0,-67.0,-100.0,-64.0,-48.0,-55.0,-49.0,-72.0,-72.0,-55.0,-63.0,-62.0,-100.0,-70.0,-66.0
B0246,RP05,B,CTK45-dot-B,,24,,-8.0,10.0,train,-68.0,-82.0,-85.0,-72.0,-100.0,-68.0,-100.0,-100.0,-65.0,-100.0,-54.0,-100.0,-77.0,-100.0,-65.0,-71.0,-68.0,-83.0,-87.0,-73.0,-100.0,-69.0,-100.0,-100.0,-65.0,-100.0,-53.0,-100.0,-76.0,-100.0,-65.0,-71.0,-100.0,-100.0,-100.0,-100.0
B0270,RP05,B,CTK45-dot-B,,31,,-8.0,10.0,train,-100.0,-80.0,-100.0,-66.0,-67.0,-67.0,-72.0,-100.0,-60.0,-64.0,-56.0,-55.0,-100.0,-77.0,-64.0,-64.0,-100.0,-80.0,-100.0,-67.0,-67.0,-67.0,-73.0,-100.0,-61.0,-63.0,-57.0,-55.0,-100.0,-78.0,-64.0,-64.0,-68.0,-69.0,-67.0,-66.0
2025:01:24:08:48:25,RP05,A,SM-S908E,2212343.0,34,-157.45154084021095,-8.0,10.0,train,-79.0,-100.0,-92.0,-79.0,-77.0,-61.0,-73.0,-86.0,-67.0,-61.0,-70.0,-69.0,-76.0,-78.0,-65.0,-70.0,-80.0,-100.0,-91.0,-80.0,-77.0,-61.0,-73.0,-90.0,-67.0,-61.0,-70.0,-69.0,-75.0,-78.0,-65.0,-70.0,-75.0,-75.0,-77.0,-77.0
B0239,RP05,B,CTK45-dot-B,,27,,-8.0,10.0,train,-100.0,-79.0,-100.0,-77.0,-55.0,-60.0,-100.0,-82.0,-49.0,-66.0,-100.0,-52.0,-68.0,-68.0,-51.0,-65.0,-100.0,-79.0,-100.0,-77.0,-55.0,-60.0,-100.0,-82.0,-49.0,-66.0,-100.0,-52.0,-100.0,-69.0,-51.0,-65.0,-67.0,-70.0,-100.0,-100.0
2025:01:24:08:43:32,RP05,A,SM-S908E,2212343.0,37,25.72425457758034,-8.0,10.0,train,-67.0,-82.0,-90.0,-64.0,-79.0,-69.0,-81.0,-88.0,-61.0,-64.0,-68.0,-63.0,-72.0,-77.0,-61.0,-66.0,-75.0,-83.0,-91.0,-64.0,-80.0,-69.0,-81.0,-89.0,-62.0,-65.0,-69.0,-63.0,-71.0,-78.0,-61.0,-66.0,-74.0,-74.0,-81.0,-80.0
2025:01:24:08:41:06,RP05,A,SM-S908E,2212343.0,30,-39.92683897343308,-8.0,10.0,train,-78.0,-83.0,-100.0,-68.0,-77.0,-72.0,-81.0,-100.0,-64.0,-69.0,-61.0,-66.0,-69.0,-78.0,-60.0,-70.0,-78.0,-83.0,-100.0,-69.0,-77.0,-72.0,-82.0,-100.0,-66.0,-69.0,-61.0,-67.0,-69.0,-78.0,-60.0,-70.0,-100.0,-100.0,-81.0,-81.0
B0275,RP05,B,CTK45-dot-B,,20,,-8.0,10.0,train,-100.0,-81.0,-100.0,-100.0,-65.0,-68.0,-100.0,-86.0,-56.0,-66.0,-100.0,-64.0,-100.0,-85.0,-46.0,-57.0,-100.0,-81.0,-100.0,-100.0,-66.0,-68.0,-100.0,-87.0,-54.0,-66.0,-100.0,-64.0,-100.0,-85.0,-46.0,-57.0,-100.0,-100.0,-100.0,-100.0
B0269,RP05,B,CTK45-dot-B,,26,,-8.0,10.0,train,-72.0,-74.0,-100.0,-100.0,-61.0,-73.0,-72.0,-100.0,-58.0,-61.0,-57.0,-53.0,-71.0,-74.0,-100.0,-64.0,-72.0,-74.0,-100.0,-100.0,-61.0,-72.0,-73.0,-100.0,-58.0,-60.0,-55.0,-52.0,-75.0,-74.0,-100.0,-64.0,-100.0,-100.0,-72.0,-72.0
B0286,RP05,B,CTK45-dot-B,,25,,-8.0,10.0,train,-100.0,-83.0,-100.0,-75.0,-63.0,-70.0,-73.0,-92.0,-57.0,-57.0,-100.0,-53.0,-88.0,-78.0,-100.0,-62.0,-100.0,-82.0,-100.0,-75.0,-63.0,-73.0,-73.0,-100.0,-57.0,-57.0,-71.0,-53.0,-100.0,-77.0,-100.0,-62.0,-100.0,-100.0,-74.0,-74.0
B0290,RP05,B,CTK45-dot-B,,31,,-8.0,10.0,train,-75.0,-85.0,-100.0,-79.0,-63.0,-70.0,-72.0,-100.0,-70.0,-58.0,-100.0,-52.0,-79.0,-77.0,-66.0,-65.0,-77.0,-84.0,-91.0,-81.0,-63.0,-70.0,-72.0,-100.0,-58.0,-58.0,-100.0,-52.0,-79.0,-77.0,-100.0,-65.0,-100.0,-100.0,-74.0,-74.0
2025:01:24:08:41:42,RP05,A,SM-S908E,2212343.0,32,-39.844980493242744,-8.0,10.0,train,-73.0,-82.0,-100.0,-74.0,-75.0,-62.0,-77.0,-84.0,-62.0,-70.0,-62.0,-70.0,-71.0,-77.0,-64.0,-70.0,-73.0,-82.0,-100.0,-74.0,-75.0,-62.0,-77.0,-84.0,-63.0,-71.0,-62.0,-70.0,-72.0,-77.0,-64.0,-70.0,-100.0,-100.0,-77.0,-77.0
2025:01:24:08:40:25,RP05,A,SM-S908E,2212343.0,34,-40.776999479426145,-8.0,10.0,train,-65.0,-84.0,-100.0,-74.0,-80.0,-62.0,-81.0,-87.0,-63.0,-68.0,-67.0,-67.0,-76.0,-79.0,-61.0,-67.0,-68.0,-84.0,-100.0,-75.0,-80.0,-62.0,-81.0,-87.0,-63.0,-68.0,-67.0,-68.0,-76.0,-79.0,-61.0,-67.0,-73.0,-72.0,-79.0,-79.0
B0249,RP05,B,CTK45-dot-B,,25,,-8.0,10.0,train,-100.0,-78.0,-87.0,-67.0,-100.0,-69.0,-100.0,-86.0,-53.0,-100.0,-58.0,-100.0,-76.0,-100.0,-56.0,-66.0,-100.0,-78.0,-87.0,-68.0,-100.0,-69.0,-100.0,-86.0,-54.0,-100.0,-58.0,-100.0,-78.0,-100.0,-57.0,-67.0,-67.0,-68.0,-100.0,-100.0
B0260,RP05,B,CTK45-dot-B,,15,,-8.0,10.0,train,-100.0,-90.0,-100.0,-70.0,-100.0,-100.0,-100.0,-90.0,-58.0,-100.0,-61.0,-100.0,-100.0,-100.0,-47.0,-74.0,-100.0,-88.0,-100.0,-77.0,-100.0,-100.0,-100.0,-90.0,-100.0,-100.0,-62.0,-100.0,-100.0,-100.0,-45.0,-74.0,-63.0,-63.0,-100.0,-100.0
B0247,RP05,B,CTK45-dot-B,,21,,-8.0,10.0,train,-71.0,-85.0,-90.0,-74.0,-100.0,-73.0,-100.0,-100.0,-68.0,-100.0,-54.0,-100.0,-76.0,-100.0,-67.0,-66.0,-71.0,-85.0,-100.0,-75.0,-100.0,-74.0,-100.0,-100.0,-62.0,-100.0,-55.0,-100.0,-100.0,-100.0,-67.0,-66.0,-74.0,-100.0,-100.0,-100.0
2025:01:24:08:49:01,RP05,A,SM-S908E,2212343.0,26,-156.8903172207244,-8.0,10.0,train,-87.0,-82.0,-100.0,-100.0,-77.0,-66.0,-73.0,-100.0,-68.0,-63.0,-67.0,-100.0,-76.0,-77.0,-63.0,-66.0,-87.0,-82.0,-100.0,-100.0,-77.0,-67.0,-73.0,-100.0,-68.0,-63.0,-67.0,-100.0,-77.0,-77.0,-63.0,-66.0,-100.0,-100.0,-100.0,-100.0
2025:01:24:08:44:47,RP05,A,SM-S908E,2212343.0,30,24.032223691931954,-8.0,10.0,train,-100.0,-81.0,-100.0,-63.0,-77.0,-69.0,-78.0,-88.0,-64.0,-64.0,-69.0,-66.0,-100.0,-80.0,-63.0,-68.0,-100.0,-81.0,-88.0,-100.0,-77.0,-69.0,-78.0,-89.0,-65.0,-64.0,-69.0,-66.0,-100.0,-80.0,-63.0,-68.0,-73.0,-73.0,-76.0,-79.0
B0280,RP05,B,CTK45-dot-B,,27,,-8.0,10.0,train,-100.0,-75.0,-76.0,-60.0,-62.0,-54.0,-100.0,-100.0,-45.0,-54.0,-50.0,-46.0,-100.0,-67.0,-49.0,-68.0,-100.0,-75.0,-77.0,-61.0,-100.0,-54.0,-100.0,-100.0,-45.0,-54.0,-51.0,-46.0,-100.0,-67.0,-50.0,-68.0,-64.0,-64.0,-64.0,-64.0
2025:01:24:08:46:53,RP05,A,SM-S908E,2212343.0,31,-156.6795833436753,-8.0,10.0,train,-84.0,-83.0,-100.0,-100.0,-77.0,-64.0,-72.0,-100.0,-69.0,-65.0,-63.0,-67.0,-79.0,-80.0,-62.0,-69.0,-85.0,-83.0,-90.0,-100.0,-77.0,-64.0,-72.0,-100.0,-69.0,-65.0,-63.0,-67.0,-77.0,-80.0,-62.0,-69.0,-74.0,-74.0,-81.0,-80.0
2025:01:24:08:45:23,RP05,A,SM-S908E,2212343.0,30,24.935475613137434,-8.0,10.0,train,-76.0,-84.0,-100.0,-62.0,-79.0,-71.0,-78.0,-100.0,-63.0,-62.0,-71.0,-64.0,-73.0,-79.0,-66.0,-67.0,-70.0,-84.0,-100.0,-63.0,-79.0,-71.0,-79.0,-100.0,-63.0,-61.0,-71.0,-64.0,-73.0,-80.0,-66.0,-67.0,-100.0,-100.0,-80.0,-80.0
B0294,RP05,B,CTK45-dot-B,,29,,-8.0,10.0,train,-68.0,-83.0,-88.0,-66.0,-100.0,-65.0,-100.0,-87.0,-56.0,-100.0,-63.0,-100.0,-73.0,-100.0,-59.0,-74.0,-68.0,-83.0,-88.0,-66.0,-100.0,-65.0,-100.0,-88.0,-55.0,-100.0,-63.0,-100.0,-75.0,-100.0,-62.0,-74.0,-65.0,-67.0,-100.0,-100.0
B0241,RP05,B,CTK45-dot-B,,23,,-8.0,10.0,train,-100.0,-82.0,-100.0,-100.0,-64.0,-71.0,-100.0,-69.0,-56.0,-100.0,-51.0,-51.0,-76.0,-77.0,-67.0,-72.0,-100.0,-82.0,-100.0,-100.0,-65.0,-71.0,-100.0,-68.0,-56.0,-100.0,-51.0,-50.0,-50.0,-77.0,-68.0,-72.0,-100.0,-100.0,-100.0,-100.0
B0263,RP05,B,CTK45-dot-B,,30,,-8.0,10.0,train,-59.0,-71.0,-85.0,-53.0,-68.0,-100.0,-72.0,-79.0,-50.0,-58.0,-63.0,-50.0,-69.0,-74.0,-42.0,-62.0,-100.0,-71.0,-85.0,-53.0,-67.0,-100.0,-72.0,-83.0,-50.0,-58.0,-63.0,-51.0,-70.0,-74.0,-43.0,-61.0,-100.0,-100.0,-100.0,-100.0
2025:01:24:08:37:49,RP05,A,SM-S908E,2212343.0,37,-94.87565157736667,-8.0,10.0,train,-69.0,-84.0,-84.0,-75.0,-72.0,-62.0,-76.0,-87.0,-62.0,-63.0,-66.0,-68.0,-73.0,-71.0,-65.0,-71.0,-75.0,-83.0,-100.0,-75.0,-72.0,-62.0,-76.0,-84.0,-63.0,-62.0,-66.0,-68.0,-72.0,-71.0,-65.0,-71.0,-74.0,-73.0,-79.0,-79.0
B0283,RP05,B,CTK45-dot-B,,24,,-8.0,10.0,train,-100.0,-85.0,-100.0,-100.0,-62.0,-72.0,-72.0,-100.0,-58.0,-57.0,-64.0,-52.0,-100.0,-76.0,-100.0,-64.0,-100.0,-85.0,-100.0,-100.0,-62.0,-72.0,-72.0,-100.0,-58.0,-58.0,-64.0,-52.0,-100.0,-76.0,-100.0,-64.0,-71.0,-100.0,-74.0,-74.0
B0266,RP05,B,CTK45-dot-B,,24,,-8.0,10.0,train,-77.0,-79.0,-100.0,-73.0,-64.0,-67.0,-75.0,-100.0,-66.0,-63.0,-100.0,-58.0,-100.0,-77.0,-68.0,-64.0,-78.0,-79.0,-100.0,-100.0,-65.0,-67.0,-75.0,-100.0,-66.0,-57.0,-100.0,-58.0,-100.0,-77.0,-100.0,-64.0,-100.0,-100.0,-71.0,-70.0
B0252,RP05,B,CTK45-dot-B,,26,,-8.0,10.0,train,-67.0,-83.0,-82.0,-68.0,-100.0,-59.0,-100.0,-82.0,-59.0,-100.0,-72.0,-100.0,-78.0,-100.0,-47.0,-60.0,-66.0,-83.0,-84.0,-69.0,-100.0,-59.0,-100.0,-84.0,-57.0,-100.0,-72.0,-100.0,-77.0,-100.0,-58.0,-60.0,-100.0,-100.0,-100.0,-100.0
2025:01:24:08:44:11,RP05,A,SM-S908E,2212343.0,33,26.354763691400873,-8.0,10.0,train,-100.0,-100.0,-85.0,-64.0,-79.0,-75.0,-81.0,-100.0,-63.0,-63.0,-67.0,-64.0,-76.0,-79.0,-59.0,-68.0,-100.0,-100.0,-90.0,-64.0,-78.0,-75.0,-81.0,-88.0,-63.0,-63.0,-67.0,-64.0,-76.0,-79.0,-59.0,-68.0,-74.0,-74.0,-81.0,-81.0
2025:01:24:08:35:13,RP05,A,SM-S908E,2212343.0,24,-92.69557581478364,-8.0,10.0,train,-77.0,-100.0,-100.0,-100.0,-78.0,-72.0,-80.0,-100.0,-66.0,-71.0,-60.0,-64.0,-100.0,-72.0,-70.0,-64.0,-78.0,-100.0,-100.0,-100.0,-78.0,-72.0,-80.0,-100.0,-66.0,-71.0,-60.0,-65.0,-100.0,-73.0,-70.0,-64.0,-100.0,-100.0,-74.0,-74.0
B0277,RP05,B,CTK45-dot-B,,30,,-8.0,10.0,train,-69.0,-77.0,-100.0,-68.0,-67.0,-69.0,-100.0,-84.0,-54.0,-63.0,-68.0,-65.0,-75.0,-78.0,-44.0,-61.0,-70.0,-77.0,-100.0,-69.0,-67.0,-69.0,-100.0,-85.0,-55.0,-64.0,-65.0,-65.0,-75.0,-79.0,-44.0,-61.0,-59.0,-59.0,-100.0,-100.0
B0256,RP05,B,CTK45-dot-B,,31,,-8.0,10.0,train,-60.0,-77.0,-100.0,-58.0,-65.0,-57.0,-100.0,-80.0,-48.0,-52.0,-50.0,-50.0,-62.0,-67.0,-49.0,-63.0,-66.0,-77.0,-100.0,-57.0,-66.0,-56.0,-100.0,-81.0,-48.0,-53.0,-50.0,-50.0,-64.0,-67.0,-49.0,-63.0,-65.0,-65.0,-100.0,-100.0
B0257,RP05,B,CTK45-dot-B,,23,,-8.0,10.0,train,-100.0,-80.0,-100.0,-78.0,-56.0,-58.0,-100.0,-100.0,-48.0,-59.0,-49.0,-57.0,-100.0,-71.0,-53.0,-64.0,-100.0,-80.0,-100.0,-78.0,-56.0,-59.0,-100.0,-100.0,-48.0,-60.0,-100.0,-56.0,-100.0,-70.0,-53.0,-64.0,-100.0,-100.0,-63.0,-62.0
B0244,RP05,B,CTK45-dot-B,,20,,-8.0,10.0,train,-100.0,-87.0,-100.0,-67.0,-100.0,-100.0,-100.0,-90.0,-100.0,-100.0,-64.0,-100.0,-74.0,-100.0,-66.0,-64.0,-75.0,-86.0,-100.0,-67.0,-100.0,-100.0,-100.0,-88.0,-100.0,-100.0,-64.0,-100.0,-100.0,-100.0,-66.0,-64.0,-70.0,-69.0,-100.0,-100.0
B0274,RP05,B,CTK45-dot-B,,32,,-8.0,10.0,train,-64.0,-74.0,-100.0,-62.0,-62.0,-65.0,-100.0,-91.0,-54.0,-64.0,-59.0,-57.0,-71.0,-72.0,-55.0,-62.0,-63.0,-73.0,-100.0,-62.0,-63.0,-66.0,-100.0,-91.0,-54.0,-64.0,-60.0,-58.0,-71.0,-72.0,-55.0,-62.0,-64.0,-64.0,-100.0,-100.0
2025:01:24:08:36:00,RP05,A,SM-S908E,2212343.0,32,-93.65036987332351,-8.0,10.0,train,-74.0,-84.0,-100.0,-71.0,-77.0,-59.0,-77.0,-100.0,-65.0,-67.0,-62.0,-65.0,-75.0,-73.0,-70.0,-72.0,-74.0,-84.0,-100.0,-71.0,-77.0,-59.0,-77.0,-100.0,-65.0,-66.0,-62.0,-65.0,-75.0,-73.0,-70.0,-72.0,-76.0,-76.0,-81.0,-81.0
B0261,RP05,B,CTK45-dot-B,,34,,-8.0,10.0,train,-58.0,-83.0,-100.0,-72.0,-72.0,-59.0,-79.0,-82.0,-60.0,-62.0,-65.0,-75.0,-80.0,-81.0,-47.0,-79.0,-59.0,-83.0,-100.0,-72.0,-72.0,-60.0,-79.0,-89.0,-60.0,-62.0,-64.0,-75.0,-80.0,-81.0,-47.0,-79.0,-73.0,-73.0,-76.0,-72.0
B0284,RP05,B,CTK45-dot-B,,30,,-8.0,10.0,train,-74.0,-84.0,-100.0,-79.0,-65.0,-70.0,-72.0,-100.0,-56.0,-58.0,-62.0,-51.0,-100.0,-75.0,-66.0,-64.0,-77.0,-85.0,-100.0,-100.0,-65.0,-100.0,-72.0,-100.0,-56.0,-60.0,-63.0,-52.0,-100.0,-76.0,-65.0,-64.0,-71.0,-70.0,-74.0,-73.0
2025:01:24:08:47:42,RP05,A,SM-S908E,2212343.0,26,-157.86669459940683,-8.0,10.0,validation,-81.0,-100.0,-100.0,-100.0,-78.0,-64.0,-73.0,-100.0,-70.0,-65.0,-67.0,-67.0,-76.0,-78.0,-64.0,-65.0,-81.0,-100.0,-100.0,-100.0,-78.0,-65.0,-73.0,-100.0,-69.0,-65.0,-67.0,-67.0,-76.0,-78.0,-64.0,-65.0,-74.0,-74.0,-100.0,-100.0
B0272,RP05,B,CTK45-dot-B,,28,,-8.0,10.0,validation,-100.0,-75.0,-100.0,-71.0,-69.0,-68.0,-72.0,-81.0,-53.0,-62.0,-54.0,-59.0,-100.0,-72.0,-56.0,-57.0,-100.0,-75.0,-100.0,-74.0,-69.0,-69.0,-71.0,-83.0,-53.0,-61.0,-52.0,-59.0,-100.0,-100.0,-53.0,-57.0,-100.0,-100.0,-100.0,-100.0
B0242,RP05,B,CTK45-dot-B,,36,,-8.0,10.0,validation,-74.0,-79.0,-100.0,-68.0,-71.0,-88.0,-78.0,-92.0,-69.0,-64.0,-68.0,-52.0,-80.0,-81.0,-58.0,-66.0,-79.0,-79.0,-91.0,-68.0,-71.0,-86.0,-78.0,-93.0,-67.0,-63.0,-100.0,-53.0,-82.0,-81.0,-66.0,-66.0,-76.0,-77.0,-69.0,-69.0
B0264,RP05,B,CTK45-dot-B,,35,,-8.0,10.0,validation,-72.0,-85.0,-100.0,-74.0,-83.0,-74.0,-74.0,-90.0,-66.0,-71.0,-63.0,-61.0,-82.0,-82.0,-61.0,-67.0,-73.0,-85.0,-87.0,-66.0,-83.0,-75.0,-74.0,-90.0,-66.0,-71.0,-62.0,-61.0,-76.0,-81.0,-61.0,-67.0,-100.0,-100.0,-63.0,-74.0
B0258,RP05,B,CTK45-dot-B,,34,,-8.0,10.0,validation,-69.0,-75.0,-100.0,-78.0,-56.0,-58.0,-100.0,-85.0,-49.0,-64.0,-49.0,-52.0,-69.0,-69.0,-53.0,-61.0,-72.0,-76.0,-100.0,-100.0,-56.0,-58.0,-100.0,-84.0,-48.0,-64.0,-49.0,-53.0,-100.0,-71.0,-53.0,-62.0,-63.0,-63.0,-65.0,-65.0
B0251,RP05,B,CTK45-dot-B,,25,,-8.0,10.0,validation,-72.0,-88.0,-91.0,-71.0,-100.0,-73.0,-100.0,-91.0,-65.0,-100.0,-54.0,-100.0,-75.0,-100.0,-61.0,-65.0,-72.0,-89.0,-91.0,-71.0,-100.0,-73.0,-100.0,-90.0,-72.0,-100.0,-55.0,-100.0,-75.0,-100.0,-61.0,-63.0,-71.0,-72.0,-100.0,-100.0
B0240,RP05,B,CTK45-dot-B,,33,,-8.0,10.0,validation,-58.0,-83.0,-100.0,-77.0,-74.0,-61.0,-76.0,-100.0,-58.0,-63.0,-66.0,-68.0,-77.0,-84.0,-65.0,-63.0,-60.0,-83.0,-100.0,-77.0,-73.0,-61.0,-76.0,-100.0,-59.0,-62.0,-67.0,-68.0,-74.0,-84.0,-50.0,-63.0,-69.0,-70.0,-70.0,-70.0
B0276,RP05,B,CTK45-dot-B,,26,,-8.0,10.0,validation,-75.0,-81.0,-100.0,-64.0,-68.0,-67.0,-100.0,-84.0,-51.0,-63.0,-68.0,-63.0,-100.0,-77.0,-44.0,-56.0,-75.0,-82.0,-100.0,-64.0,-68.0,-68.0,-100.0,-81.0,-51.0,-63.0,-68.0,-63.0,-100.0,-77.0,-44.0,-56.0,-100.0,-100.0,-100.0,-100.0
B0288,RP05,B,CTK45-dot-B,,35,,-8.0,10.0,validation,-76.0,-80.0,-100.0,-75.0,-64.0,-65.0,-74.0,-95.0,-59.0,-54.0,-66.0,-53.0,-82.0,-78.0,-72.0,-67.0,-74.0,-81.0,-100.0,-74.0,-64.0,-66.0,-74.0,-95.0,-59.0,-54.0,-65.0,-53.0,-81.0,-78.0,-71.0,-67.0,-72.0,-72.0,-74.0,-73.0
B0296,RP05,B,CTK45-dot-B,,21,,-8.0,10.0,validation,-76.0,-83.0,-90.0,-76.0,-100.0,-69.0,-100.0,-100.0,-53.0,-100.0,-51.0,-100.0,-77.0,-100.0,-69.0,-66.0,-77.0,-83.0,-100.0,-76.0,-100.0,-68.0,-100.0,-100.0,-53.0,-100.0,-52.0,-100.0,-78.0,-100.0,-66.0,-66.0,-70.0,-77.0,-100.0,-100.0
B0293,RP05,B,CTK45-dot-B,,29,,-8.0,10.0,validation,-100.0,-84.0,-100.0,-78.0,-64.0,-100.0,-73.0,-96.0,-100.0,-57.0,-69.0,-52.0,-100.0,-76.0,-66.0,-64.0,-100.0,-84.0,-100.0,-78.0,-64.0,-67.0,-73.0,-89.0,-100.0,-57.0,-69.0,-53.0,-100.0,-77.0,-100.0,-64.0,-72.0,-71.0,-74.0,-74.0
B0292,RP05,B,CTK45-dot-B,,28,,-8.0,10.0,test,-74.0,-84.0,-100.0,-73.0,-64.0,-69.0,-73.0,-92.0,-57.0,-59.0,-100.0,-52.0,-84.0,-76.0,-100.0,-64.0,-67.0,-85.0,-100.0,-86.0,-64.0,-69.0,-73.0,-100.0,-57.0,-59.0,-100.0,-52.0,-100.0,-77.0,-100.0,-65.0,-100.0,-100.0,-75.0,-75.0
B0243,RP05,B,CTK45-dot-B,,19,,-8.0,10.0,test,-79.0,-86.0,-100.0,-66.0,-100.0,-75.0,-100.0,-91.0,-64.0,-100.0,-56.0,-100.0,-75.0,-100.0,-100.0,-67.0,-72.0,-86.0,-100.0,-66.0,-100.0,-76.0,-100.0,-90.0,-72.0,-100.0,-56.0,-100.0,-100.0,-100.0,-100.0,-68.0,-74.0,-73.0,-100.0,-100.0
B0255,RP05,B,CTK45-dot-B,,29,,-8.0,10.0,test,-64.0,-78.0,-77.0,-58.0,-65.0,-57.0,-100.0,-100.0,-100.0,-51.0,-50.0,-53.0,-64.0,-66.0,-49.0,-62.0,-100.0,-78.0,-74.0,-58.0,-65.0,-56.0,-100.0,-81.0,-100.0,-51.0,-50.0,-52.0,-64.0,-66.0,-49.0,-62.0,-65.0,-65.0,-100.0,-100.0
B0271,RP05,B,CTK45-dot-B,,24,,-8.0,10.0,test,-100.0,-80.0,-100.0,-100.0,-100.0,-59.0,-72.0,-100.0,-59.0,-61.0,-100.0,-57.0,-74.0,-77.0,-65.0,-64.0,-100.0,-80.0,-100.0,-100.0,-100.0,-69.0,-72.0,-100.0,-100.0,-63.0,-100.0,-57.0,-100.0,-77.0,-65.0,-63.0,-69.0,-71.0,-67.0,-67.0
B0268,RP05,B,CTK45-dot-B,,23,,-8.0,10.0,test,-100.0,-83.0,-100.0,-100.0,-63.0,-67.0,-73.0,-100.0,-58.0,-53.0,-100.0,-53.0,-100.0,-77.0,-67.0,-63.0,-100.0,-83.0,-100.0,-100.0,-63.0,-100.0,-73.0,-100.0,-58.0,-54.0,-100.0,-53.0,-78.0,-77.0,-100.0,-63.0,-100.0,-100.0,-74.0,-75.0
B0265,RP05,B,CTK45-dot-B,,21,,-8.0,10.0,test,-77.0,-80.0,-100.0,-100.0,-69.0,-71.0,-73.0,-87.0,-61.0,-65.0,-100.0,-56.0,-100.0,-100.0,-100.0,-64.0,-100.0,-80.0,-100.0,-100.0,-69.0,-70.0,-73.0,-100.0,-60.0,-100.0,-100.0,-56.0,-100.0,-100.0,-100.0,-64.0,-100.0,-100.0,-66.0,-66.0
B0285,RP05,B,CTK45-dot-B,,37,,-8.0,10.0,test,-73.0,-84.0,-100.0,-75.0,-63.0,-68.0,-72.0,-90.0,-56.0,-57.0,-71.0,-53.0,-85.0,-79.0,-69.0,-63.0,-74.0,-83.0,-100.0,-100.0,-63.0,-68.0,-72.0,-93.0,-57.0,-58.0,-73.0,-51.0,-84.0,-79.0,-68.0,-64.0,-73.0,-72.0,-74.0,-74.0
B0281,RP05,B,CTK45-dot-B,,26,,-8.0,10.0,test,-75.0,-85.0,-100.0,-100.0,-64.0,-70.0,-71.0,-91.0,-60.0,-56.0,-100.0,-53.0,-100.0,-78.0,-67.0,-63.0,-100.0,-85.0,-100.0,-100.0,-64.0,-68.0,-71.0,-92.0,-60.0,-57.0,-100.0,-51.0,-100.0,-78.0,-67.0,-63.0,-100.0,-100.0,-73.0,-73.0
2025:01:24:08:36:47,RP05,A,SM-S908E,2212343.0,37,-94.67838793808107,-8.0,10.0,test,-75.0,-78.0,-100.0,-72.0,-75.0,-61.0,-75.0,-83.0,-66.0,-63.0,-65.0,-67.0,-74.0,-71.0,-67.0,-74.0,-75.0,-78.0,-86.0,-71.0,-75.0,-61.0,-75.0,-84.0,-66.0,-64.0,-66.0,-67.0,-74.0,-71.0,-68.0,-74.0,-71.0,-71.0,-77.0,-77.0
B0250,RP05,B,CTK45-dot-B,,27,,-8.0,10.0,test,-67.0,-83.0,-86.0,-66.0,-100.0,-64.0,-100.0,-84.0,-53.0,-100.0,-58.0,-100.0,-76.0,-100.0,-56.0,-71.0,-68.0,-83.0,-100.0,-66.0,-100.0,-65.0,-100.0,-83.0,-54.0,-100.0,-59.0,-100.0,-76.0,-100.0,-56.0,-71.0,-67.0,-65.0,-100.0,-100.0
2025:01:24:08:39:07,RP05,A,SM-S908E,2212343.0,34,-40.25571674783817,-8.0,10.0,test,-78.0,-86.0,-100.0,-100.0,-73.0,-62.0,-78.0,-85.0,-64.0,-67.0,-67.0,-68.0,-73.0,-74.0,-66.0,-74.0,-77.0,-88.0,-100.0,-74.0,-73.0,-62.0,-78.0,-82.0,-65.0,-67.0,-68.0,-68.0,-73.0,-74.0,-66.0,-74.0,-74.0,-74.0,-82.0,-82.0
B0278,RP05,B,CTK45-dot-B,,22,,-8.0,10.0,test,-65.0,-72.0,-100.0,-100.0,-68.0,-60.0,-100.0,-100.0,-54.0,-62.0,-55.0,-63.0,-77.0,-77.0,-51.0,-56.0,-62.0,-72.0,-100.0,-100.0,-100.0,-61.0,-100.0,-100.0,-54.0,-62.0,-54.0,-63.0,-100.0,-77.0,-50.0,-56.0,-100.0,-100.0,-100.0,-100.0
2025:01:24:09:27:14,RP06,A,SM-S908E,2212343.0,31,-42.291739461569406,8.0,10.0,train,-75.0,-81.0,-88.0,-66.0,-66.0,-100.0,-76.0,-100.0,-71.0,-75.0,-56.0,-59.0,-79.0,-79.0,-67.0,-74.0,-75.0,-81.0,-91.0,-66.0,-66.0,-100.0,-76.0,-80.0,-72.0,-75.0,-56.0,-59.0,-79.0,-80.0,-67.0,-74.0,-100.0,-100.0,-75.0,-75.0
B0341,RP06,B,CTK45-dot-B,,21,,8.0,10.0,train,-77.0,-88.0,-85.0,-55.0,-100.0,-100.0,-100.0,-83.0,-100.0,-100.0,-100.0,-100.0,-76.0,-100.0,-53.0,-67.0,-76.0,-88.0,-100.0,-55.0,-100.0,-62.0,-100.0,-83.0,-100.0,-100.0,-100.0,-100.0,-81.0,-100.0,-61.0,-67.0,-57.0,-58.0,-100.0,-100.0
2025:01:24:09:34:44,RP06,A,SM-S908E,2212343.0,29,-162.33353086602625,8.0,10.0,train,-78.0,-76.0,-100.0,-74.0,-69.0,-81.0,-72.0,-100.0,-74.0,-77.0,-71.0,-65.0,-85.0,-79.0,-100.0,-75.0,-78.0,-76.0,-100.0,-75.0,-69.0,-81.0,-72.0,-91.0,-75.0,-77.0,-72.0,-65.0,-100.0,-80.0,-72.0,-75.0,-100.0,-100.0,-79.0,-78.0
2025:01:24:09:33:16,RP06,A,SM-S908E,2212343.0,36,-161.3053810209758,8.0,10.0,train,-77.0,-79.0,-94.0,-68.0,-71.0,-62.0,-73.0,-93.0,-70.0,-72.0,-62.0,-64.0,-76.0,-81.0,-67.0,-65.0,-78.0,-80.0,-92.0,-68.0,-71.0,-63.0,-73.0,-100.0,-70.0,-72.0,-62.0,-64.0,-75.0,-81.0,-67.0,-65.0,-71.0,-71.0,-77.0,-77.0
B0330,RP06,B,CTK45-dot-B,,31,,8.0,10.0,train,-80.0,-78.0,-100.0,-66.0,-65.0,-61.0,-72.0,-100.0,-66.0,-70.0,-62.0,-61.0,-81.0,-81.0,-67.0,-59.0,-81.0,-78.0,-100.0,-66.0,-65.0,-61.0,-72.0,-100.0,-67.0,-72.0,-62.0,-61.0,-83.0,-81.0,-67.0,-58.0,-100.0,-67.0,-68.0,-68.0
B0321,RP06,B,CTK45-dot-B,,32,,8.0,10.0,train,-79.0,-79.0,-100.0,-63.0,-67.0,-64.0,-73.0,-100.0,-65.0,-69.0,-60.0,-61.0,-81.0,-80.0,-66.0,-55.0,-79.0,-79.0,-100.0,-62.0,-66.0,-64.0,-73.0,-100.0,-66.0,-68.0,-63.0,-61.0,-81.0,-80.0,-66.0,-56.0,-69.0,-69.0,-68.0,-68.0
B0311,RP06,B,CTK45-dot-B,,22,,8.0,10.0,train,-100.0,-77.0,-100.0,-64.0,-62.0,-64.0,-69.0,-100.0,-69.0,-100.0,-65.0,-64.0,-85.0,-78.0,-62.0,-57.0,-100.0,-77.0,-100.0,-64.0,-62.0,-65.0,-69.0,-100.0,-68.0,-100.0,-100.0,-64.0,-86.0,-79.0,-100.0,-58.0,-100.0,-100.0,-100.0,-100.0
B0326,RP06,B,CTK45-dot-B,,28,,8.0,10.0,train,-78.0,-79.0,-100.0,-100.0,-65.0,-62.0,-71.0,-91.0,-66.0,-68.0,-59.0,-61.0,-77.0,-81.0,-65.0,-55.0,-79.0,-79.0,-100.0,-100.0,-65.0,-64.0,-72.0,-100.0,-67.0,-68.0,-61.0,-62.0,-100.0,-82.0,-66.0,-55.0,-100.0,-100.0,-63.0,-63.0
B0332,RP06,B,CTK45-dot-B,,24,,8.0,10.0,train,-100.0,-78.0,-100.0,-63.0,-67.0,-66.0,-71.0,-100.0,-66.0,-69.0,-100.0,-62.0,-100.0,-81.0,-100.0,-57.0,-100.0,-78.0,-100.0,-63.0,-67.0,-66.0,-71.0,-100.0,-66.0,-69.0,-100.0,-63.0,-100.0,-81.0,-100.0,-56.0,-70.0,-70.0,-70.0,-70.0
B0309,RP06,B,CTK45-dot-B,,36,,8.0,10.0,train,-80.0,-80.0,-90.0,-65.0,-67.0,-67.0,-72.0,-89.0,-65.0,-69.0,-61.0,-60.0,-76.0,-83.0,-66.0,-56.0,-81.0,-80.0,-100.0,-65.0,-67.0,-68.0,-72.0,-93.0,-66.0,-69.0,-61.0,-60.0,-78.0,-81.0,-66.0,-56.0,-69.0,-68.0,-68.0,-68.0
B0347,RP06,B,CTK45-dot-B,,39,,8.0,10.0,train,-70.0,-83.0,-87.0,-61.0,-71.0,-72.0,-80.0,-84.0,-60.0,-68.0,-51.0,-49.0,-72.0,-75.0,-61.0,-71.0,-70.0,-83.0,-94.0,-61.0,-59.0,-72.0,-79.0,-85.0,-67.0,-68.0,-51.0,-49.0,-75.0,-75.0,-61.0,-72.0,-100.0,-100.0,-71.0,-70.0
B0300,RP06,B,CTK45-dot-B,,31,,8.0,10.0,train,-73.0,-77.0,-100.0,-53.0,-56.0,-61.0,-100.0,-82.0,-62.0,-65.0,-47.0,-50.0,-70.0,-75.0,-56.0,-59.0,-100.0,-76.0,-100.0,-53.0,-55.0,-61.0,-100.0,-81.0,-62.0,-65.0,-45.0,-50.0,-71.0,-75.0,-56.0,-59.0,-100.0,-100.0,-100.0,-100.0
B0298,RP06,B,CTK45-dot-B,,26,,8.0,10.0,train,-71.0,-81.0,-100.0,-55.0,-51.0,-57.0,-100.0,-100.0,-63.0,-61.0,-48.0,-47.0,-74.0,-68.0,-52.0,-59.0,-71.0,-81.0,-100.0,-55.0,-51.0,-57.0,-100.0,-100.0,-63.0,-61.0,-49.0,-47.0,-74.0,-68.0,-53.0,-60.0,-100.0,-100.0,-100.0,-100.0
B0345,RP06,B,CTK45-dot-B,,37,,8.0,10.0,train,-68.0,-80.0,-85.0,-55.0,-57.0,-63.0,-70.0,-87.0,-52.0,-66.0,-47.0,-52.0,-75.0,-73.0,-100.0,-100.0,-68.0,-100.0,-85.0,-57.0,-60.0,-70.0,-70.0,-86.0,-52.0,-66.0,-46.0,-52.0,-75.0,-74.0,-100.0,-100.0,-67.0,-66.0,-72.0,-72.0
B0313,RP06,B,CTK45-dot-B,,29,,8.0,10.0,train,-84.0,-77.0,-89.0,-57.0,-64.0,-58.0,-100.0,-100.0,-68.0,-66.0,-46.0,-47.0,-69.0,-74.0,-73.0,-66.0,-84.0,-78.0,-100.0,-57.0,-64.0,-58.0,-100.0,-100.0,-69.0,-66.0,-44.0,-47.0,-69.0,-74.0,-73.0,-66.0,-100.0,-100.0,-100.0,-100.0
B0301,RP06,B,CTK45-dot-B,,30,,8.0,10.0,train,-72.0,-78.0,-100.0,-55.0,-58.0,-57.0,-73.0,-100.0,-59.0,-63.0,-47.0,-52.0,-73.0,-76.0,-58.0,-67.0,-73.0,-78.0,-100.0,-56.0,-58.0,-57.0,-73.0,-100.0,-59.0,-64.0,-47.0,-53.0,-73.0,-76.0,-58.0,-66.0,-100.0,-100.0,-100.0,-100.0
B0340,RP06,B,CTK45-dot-B,,36,,8.0,10.0,train,-73.0,-86.0,-100.0,-55.0,-57.0,-61.0,-100.0,-83.0,-59.0,-65.0,-45.0,-43.0,-76.0,-71.0,-53.0,-72.0,-74.0,-85.0,-100.0,-56.0,-58.0,-61.0,-100.0,-84.0,-59.0,-66.0,-45.0,-45.0,-74.0,-71.0,-53.0,-72.0,-57.0,-58.0,-58.0,-58.0
B0322,RP06,B,CTK45-dot-B,,22,,8.0,10.0,train,-83.0,-79.0,-100.0,-100.0,-61.0,-66.0,-69.0,-94.0,-69.0,-100.0,-62.0,-61.0,-100.0,-100.0,-60.0,-56.0,-100.0,-78.0,-100.0,-100.0,-62.0,-100.0,-69.0,-92.0,-100.0,-100.0,-62.0,-61.0,-100.0,-100.0,-60.0,-55.0,-100.0,-66.0,-69.0,-70.0
B0303,RP06,B,CTK45-dot-B,,30,,8.0,10.0,train,-70.0,-81.0,-100.0,-58.0,-55.0,-59.0,-68.0,-81.0,-66.0,-68.0,-100.0,-45.0,-79.0,-75.0,-45.0,-64.0,-70.0,-81.0,-100.0,-59.0,-54.0,-59.0,-67.0,-81.0,-66.0,-68.0,-100.0,-45.0,-79.0,-75.0,-45.0,-64.0,-100.0,-100.0,-100.0,-100.0
B0302,RP06,B,CTK45-dot-B,,28,,8.0,10.0,train,-100.0,-76.0,-100.0,-64.0,-55.0,-60.0,-71.0,-89.0,-73.0,-62.0,-57.0,-48.0,-77.0,-76.0,-58.0,-62.0,-100.0,-76.0,-100.0,-64.0,-56.0,-60.0,-71.0,-89.0,-73.0,-62.0,-57.0,-50.0,-80.0,-76.0,-58.0,-62.0,-100.0,-100.0,-100.0,-100.0
B0317,RP06,B,CTK45-dot-B,,27,,8.0,10.0,train,-74.0,-81.0,-100.0,-58.0,-59.0,-56.0,-100.0,-85.0,-59.0,-66.0,-48.0,-47.0,-100.0,-74.0,-66.0,-73.0,-73.0,-81.0,-100.0,-59.0,-60.0,-56.0,-100.0,-85.0,-59.0,-66.0,-47.0,-47.0,-100.0,-75.0,-62.0,-73.0,-100.0,-100.0,-100.0,-100.0
2025:01:24:09:30:03,RP06,A,SM-S908E,2212343.0,31,23.868070710669176,8.0,10.0,train,-76.0,-81.0,-100.0,-61.0,-68.0,-57.0,-73.0,-100.0,-71.0,-100.0,-60.0,-68.0,-72.0,-83.0,-65.0,-66.0,-76.0,-81.0,-100.0,-61.0,-68.0,-57.0,-73.0,-100.0,-71.0,-80.0,-60.0,-68.0,-72.0,-82.0,-65.0,-66.0,-78.0,-79.0,-84.0,-84.0
B0307,RP06,B,CTK45-dot-B,,36,,8.0,10.0,train,-100.0,-86.0,-100.0,-61.0,-64.0,-70.0,-100.0,-85.0,-56.0,-66.0,-45.0,-56.0,-73.0,-71.0,-52.0,-63.0,-78.0,-85.0,-81.0,-60.0,-64.0,-71.0,-100.0,-82.0,-56.0,-66.0,-45.0,-56.0,-71.0,-71.0,-52.0,-63.0,-68.0,-67.0,-100.0,-100.0
B0325,RP06,B,CTK45-dot-B,,35,,8.0,10.0,train,-78.0,-78.0,-100.0,-65.0,-64.0,-66.0,-72.0,-91.0,-67.0,-68.0,-68.0,-61.0,-76.0,-82.0,-65.0,-58.0,-79.0,-78.0,-100.0,-100.0,-64.0,-67.0,-72.0,-89.0,-68.0,-68.0,-69.0,-61.0,-76.0,-82.0,-66.0,-58.0,-68.0,-67.0,-67.0,-68.0
2025:01:24:09:24:59,RP06,A,SM-S908E,2212343.0,39,-41.29913591812887,8.0,10.0,train,-79.0,-81.0,-90.0,-68.0,-72.0,-67.0,-77.0,-85.0,-73.0,-72.0,-57.0,-62.0,-79.0,-81.0,-71.0,-70.0,-79.0,-81.0,-88.0,-69.0,-72.0,-67.0,-77.0,-84.0,-73.0,-72.0,-58.0,-62.0,-79.0,-81.0,-71.0,-70.0,-75.0,-75.0,-73.0,-73.0
2025:01:24:09:30:37,RP06,A,SM-S908E,2212343.0,35,24.79157439810135,8.0,10.0,train,-76.0,-80.0,-91.0,-62.0,-69.0,-58.0,-74.0,-86.0,-72.0,-76.0,-60.0,-68.0,-72.0,-100.0,-66.0,-70.0,-76.0,-80.0,-91.0,-62.0,-69.0,-58.0,-74.0,-87.0,-72.0,-76.0,-60.0,-68.0,-72.0,-82.0,-67.0,-70.0,-100.0,-100.0,-81.0,-81.0
B0350,RP06,B,CTK45-dot-B,,22,,8.0,10.0,train,-100.0,-80.0,-100.0,-61.0,-100.0,-72.0,-100.0,-88.0,-68.0,-100.0,-100.0,-100.0,-80.0,-100.0,-63.0,-66.0,-100.0,-80.0,-86.0,-61.0,-100.0,-65.0,-100.0,-85.0,-68.0,-100.0,-100.0,-100.0,-81.0,-100.0,-64.0,-67.0,-66.0,-67.0,-100.0,-100.0
B0304,RP06,B,CTK45-dot-B,,26,,8.0,10.0,train,-100.0,-80.0,-100.0,-54.0,-58.0,-60.0,-100.0,-86.0,-56.0,-65.0,-55.0,-52.0,-100.0,-70.0,-53.0,-61.0,-100.0,-80.0,-89.0,-54.0,-58.0,-60.0,-100.0,-100.0,-56.0,-65.0,-51.0,-52.0,-100.0,-70.0,-54.0,-61.0,-100.0,-100.0,-100.0,-100.0
B0312,RP06,B,CTK45-dot-B,,37,,8.0,10.0,train,-77.0,-77.0,-100.0,-61.0,-52.0,-66.0,-73.0,-85.0,-53.0,-58.0,-65.0,-58.0,-72.0,-69.0,-51.0,-55.0,-78.0,-77.0,-100.0,-61.0,-52.0,-66.0,-73.0,-85.0,-53.0,-58.0,-61.0,-58.0,-73.0,-68.0,-50.0,-55.0,-57.0,-57.0,-100.0,-100.0
B0318,RP06,B,CTK45-dot-B,,36,,8.0,10.0,train,-75.0,-77.0,-82.0,-59.0,-61.0,-59.0,-72.0,-81.0,-58.0,-67.0,-52.0,-54.0,-67.0,-74.0,-61.0,-73.0,-74.0,-77.0,-100.0,-59.0,-61.0,-59.0,-73.0,-77.0,-58.0,-67.0,-52.0,-54.0,-66.0,-74.0,-62.0,-72.0,-65.0,-65.0,-100.0,-100.0
2025:01:24:09:24:07,RP06,A,SM-S908E,2212343.0,33,-42.854876760091685,8.0,10.0,train,-76.0,-81.0,-100.0,-64.0,-68.0,-61.0,-73.0,-88.0,-72.0,-72.0,-63.0,-62.0,-73.0,-86.0,-62.0,-61.0,-76.0,-81.0,-100.0,-65.0,-68.0,-62.0,-73.0,-100.0,-72.0,-72.0,-64.0,-62.0,-73.0,-86.0,-63.0,-61.0,-70.0,-70.0,-77.0,-77.0
B0319,RP06,B,CTK45-dot-B,,26,,8.0,10.0,train,-84.0,-82.0,-100.0,-100.0,-62.0,-59.0,-73.0,-87.0,-62.0,-69.0,-48.0,-53.0,-67.0,-100.0,-69.0,-66.0,-82.0,-82.0,-100.0,-100.0,-62.0,-59.0,-73.0,-100.0,-61.0,-69.0,-48.0,-53.0,-67.0,-100.0,-69.0,-67.0,-100.0,-100.0,-100.0,-100.0
2025:01:24:09:27:57,RP06,A,SM-S908E,2212343.0,35,21.685879587906527,8.0,10.0,train,-75.0,-82.0,-88.0,-62.0,-65.0,-58.0,-76.0,-85.0,-69.0,-75.0,-59.0,-63.0,-72.0,-81.0,-67.0,-66.0,-75.0,-82.0,-88.0,-62.0,-65.0,-58.0,-76.0,-100.0,-69.0,-75.0,-59.0,-63.0,-73.0,-81.0,-68.0,-66.0,-77.0,-76.0,-82.0,-82.0
B0320,RP06,B,CTK45-dot-B,,31,,8.0,10.0,train,-100.0,-78.0,-100.0,-56.0,-62.0,-80.0,-100.0,-94.0,-64.0,-65.0,-48.0,-45.0,-73.0,-70.0,-62.0,-67.0,-100.0,-78.0,-100.0,-56.0,-63.0,-80.0,-100.0,-89.0,-64.0,-65.0,-48.0,-45.0,-73.0,-70.0,-63.0,-67.0,-68.0,-68.0,-100.0,-100.0
2025:01:24:09:23:27,RP06,A,SM-S908E,2212343.0,26,-96.26061661891279,8.0,10.0,train,-76.0,-82.0,-100.0,-100.0,-71.0,-63.0,-71.0,-100.0,-68.0,-74.0,-62.0,-65.0,-74.0,-100.0,-63.0,-60.0,-76.0,-82.0,-100.0,-100.0,-71.0,-63.0,-71.0,-100.0,-68.0,-74.0,-63.0,-65.0,-72.0,-100.0,-63.0,-60.0,-100.0,-100.0,-78.0,-78.0
B0333,RP06,B,CTK45-dot-B,,25,,8.0,10.0,train,-100.0,-77.0,-100.0,-65.0,-67.0,-62.0,-71.0,-92.0,-100.0,-69.0,-62.0,-61.0,-79.0,-82.0,-100.0,-56.0,-100.0,-77.0,-100.0,-65.0,-68.0,-100.0,-71.0,-91.0,-100.0,-70.0,-63.0,-62.0,-79.0,-82.0,-100.0,-57.0,-100.0,-100.0,-67.0,-68.0
B0349,RP06,B,CTK45-dot-B,,25,,8.0,10.0,train,-79.0,-80.0,-89.0,-63.0,-100.0,-65.0,-100.0,-88.0,-66.0,-100.0,-55.0,-100.0,-78.0,-100.0,-73.0,-66.0,-79.0,-80.0,-88.0,-64.0,-100.0,-65.0,-100.0,-100.0,-66.0,-100.0,-54.0,-100.0,-78.0,-100.0,-73.0,-67.0,-68.0,-68.0,-100.0,-100.0
B0310,RP06,B,CTK45-dot-B,,22,,8.0,10.0,train,-100.0,-80.0,-100.0,-65.0,-69.0,-68.0,-71.0,-100.0,-68.0,-69.0,-64.0,-63.0,-100.0,-82.0,-100.0,-55.0,-100.0,-80.0,-100.0,-100.0,-69.0,-68.0,-71.0,-100.0,-67.0,-70.0,-64.0,-64.0,-77.0,-82.0,-100.0,-57.0,-100.0,-100.0,-100.0,-100.0
B0297,RP06,B,CTK45-dot-B,,34,,8.0,10.0,train,-68.0,-78.0,-100.0,-56.0,-53.0,-68.0,-100.0,-100.0,-60.0,-68.0,-48.0,-45.0,-73.0,-73.0,-46.0,-60.0,-68.0,-78.0,-100.0,-56.0,-53.0,-67.0,-100.0,-86.0,-60.0,-68.0,-49.0,-44.0,-72.0,-74.0,-46.0,-62.0,-49.0,-49.0,-100.0,-100.0
B0324,RP06,B,CTK45-dot-B,,34,,8.0,10.0,train,-79.0,-79.0,-100.0,-65.0,-68.0,-62.0,-71.0,-100.0,-68.0,-69.0,-61.0,-61.0,-80.0,-80.0,-65.0,-55.0,-77.0,-79.0,-100.0,-65.0,-68.0,-63.0,-71.0,-100.0,-67.0,-69.0,-61.0,-61.0,-80.0,-81.0,-100.0,-57.0,-68.0,-67.0,-68.0,-68.0
B0343,RP06,B,CTK45-dot-B,,25,,8.0,10.0,train,-68.0,-80.0,-89.0,-54.0,-100.0,-61.0,-100.0,-87.0,-60.0,-100.0,-57.0,-100.0,-75.0,-100.0,-62.0,-80.0,-68.0,-80.0,-100.0,-56.0,-100.0,-61.0,-100.0,-89.0,-60.0,-100.0,-57.0,-100.0,-76.0,-100.0,-70.0,-81.0,-73.0,-72.0,-100.0,-100.0
B0351,RP06,B,CTK45-dot-B,,35,,8.0,10.0,train,-70.0,-80.0,-83.0,-59.0,-74.0,-65.0,-73.0,-87.0,-66.0,-75.0,-51.0,-59.0,-84.0,-76.0,-72.0,-69.0,-100.0,-80.0,-83.0,-59.0,-75.0,-66.0,-85.0,-86.0,-73.0,-75.0,-51.0,-59.0,-100.0,-76.0,-71.0,-69.0,-100.0,-100.0,-71.0,-72.0
B0353,RP06,B,CTK45-dot-B,,31,,8.0,10.0,train,-100.0,-80.0,-100.0,-67.0,-72.0,-69.0,-83.0,-92.0,-66.0,-82.0,-61.0,-60.0,-100.0,-82.0,-61.0,-65.0,-100.0,-80.0,-100.0,-67.0,-73.0,-69.0,-83.0,-90.0,-67.0,-100.0,-60.0,-60.0,-100.0,-100.0,-59.0,-65.0,-68.0,-100.0,-75.0,-75.0
2025:01:24:09:20:58,RP06,A,SM-S908E,2212343.0,29,-95.63290124730132,8.0,10.0,train,-76.0,-80.0,-100.0,-65.0,-69.0,-66.0,-72.0,-100.0,-71.0,-73.0,-64.0,-63.0,-100.0,-100.0,-63.0,-64.0,-76.0,-80.0,-88.0,-65.0,-69.0,-66.0,-72.0,-100.0,-72.0,-73.0,-65.0,-63.0,-100.0,-100.0,-63.0,-64.0,-74.0,-74.0,-75.0,-75.0
2025:01:24:09:21:42,RP06,A,SM-S908E,2212343.0,34,-97.37555238119172,8.0,10.0,train,-75.0,-82.0,-100.0,-62.0,-70.0,-63.0,-72.0,-90.0,-67.0,-71.0,-62.0,-60.0,-72.0,-85.0,-61.0,-64.0,-75.0,-82.0,-100.0,-62.0,-70.0,-63.0,-72.0,-90.0,-67.0,-71.0,-62.0,-60.0,-72.0,-85.0,-62.0,-64.0,-71.0,-70.0,-75.0,-76.0
B0314,RP06,B,CTK45-dot-B,,33,,8.0,10.0,train,-74.0,-77.0,-100.0,-60.0,-65.0,-73.0,-100.0,-91.0,-65.0,-66.0,-54.0,-44.0,-67.0,-73.0,-60.0,-63.0,-72.0,-77.0,-100.0,-60.0,-66.0,-73.0,-100.0,-89.0,-65.0,-66.0,-54.0,-44.0,-68.0,-74.0,-60.0,-63.0,-69.0,-69.0,-100.0,-100.0
B0305,RP06,B,CTK45-dot-B,,38,,8.0,10.0,train,-72.0,-86.0,-100.0,-61.0,-64.0,-70.0,-100.0,-85.0,-56.0,-66.0,-45.0,-56.0,-73.0,-71.0,-52.0,-63.0,-78.0,-85.0,-81.0,-60.0,-64.0,-71.0,-100.0,-82.0,-56.0,-66.0,-45.0,-56.0,-71.0,-71.0,-52.0,-63.0,-68.0,-67.0,-100.0,-100.0
B0342,RP06,B,CTK45-dot-B,,39,,8.0,10.0,train,-80.0,-85.0,-86.0,-54.0,-59.0,-61.0,-100.0,-84.0,-58.0,-68.0,-44.0,-46.0,-81.0,-73.0,-54.0,-66.0,-79.0,-85.0,-93.0,-55.0,-59.0,-68.0,-100.0,-100.0,-59.0,-68.0,-44.0,-46.0,-75.0,-73.0,-62.0,-66.0,-60.0,-60.0,-59.0,-59.0
2025:01:24:09:25:47,RP06,A,SM-S908E,2212343.0,35,-42.17485377953154,8.0,10.0,train,-78.0,-82.0,-100.0,-65.0,-69.0,-68.0,-75.0,-86.0,-68.0,-73.0,-56.0,-64.0,-77.0,-79.0,-71.0,-73.0,-78.0,-82.0,-100.0,-65.0,-70.0,-68.0,-75.0,-86.0,-68.0,-73.0,-57.0,-64.0,-77.0,-79.0,-71.0,-73.0,-76.0,-76.0,-74.0,-74.0
2025:01:24:09:22:28,RP06,A,SM-S908E,2212343.0,33,-95.6224791450079,8.0,10.0,train,-75.0,-79.0,-84.0,-65.0,-65.0,-64.0,-72.0,-100.0,-70.0,-72.0,-56.0,-62.0,-73.0,-100.0,-62.0,-64.0,-75.0,-79.0,-88.0,-65.0,-65.0,-64.0,-72.0,-86.0,-70.0,-72.0,-62.0,-62.0,-73.0,-100.0,-62.0,-64.0,-74.0,-74.0,-74.0,-74.0
B0327,RP06,B,CTK45-dot-B,,29,,8.0,10.0,train,-80.0,-79.0,-100.0,-100.0,-66.0,-62.0,-71.0,-100.0,-65.0,-70.0,-62.0,-60.0,-81.0,-81.0,-68.0,-58.0,-79.0,-79.0,-100.0,-100.0,-66.0,-62.0,-71.0,-86.0,-66.0,-69.0,-63.0,-61.0,-82.0,-81.0,-68.0,-59.0,-100.0,-100.0,-69.0,-69.0
B0315,RP06,B,CTK45-dot-B,,25,,8.0,10.0,train,-100.0,-76.0,-100.0,-57.0,-61.0,-59.0,-72.0,-100.0,-78.0,-65.0,-100.0,-47.0,-100.0,-77.0,-71.0,-64.0,-79.0,-76.0,-100.0,-58.0,-61.0,-59.0,-72.0,-100.0,-77.0,-65.0,-100.0,-47.0,-72.0,-76.0,-71.0,-64.0,-100.0,-100.0,-100.0,-100.0
B0308,RP06,B,CTK45-dot-B,,17,,8.0,10.0,train,-100.0,-100.0,-100.0,-65.0,-100.0,-100.0,-72.0,-100.0,-66.0,-68.0,-62.0,-60.0,-77.0,-83.0,-100.0,-57.0,-100.0,-100.0,-100.0,-100.0,-100.0,-100.0,-72.0,-86.0,-100.0,-68.0,-62.0,-60.0,-79.0,-83.0,-100.0,-57.0,-100.0,-100.0,-100.0,-100.0
B0337,RP06,B,CTK45-dot-B,,24,,8.0,10.0,train,-81.0,-80.0,-100.0,-59.0,-100.0,-66.0,-100.0,-88.0,-63.0,-100.0,-57.0,-100.0,-83.0,-100.0,-58.0,-68.0,-100.0,-79.0,-100.0,-60.0,-100.0,-65.0,-100.0,-87.0,-63.0,-100.0,-58.0,-100.0,-100.0,-100.0,-59.0,-68.0,-62.0,-63.0,-100.0,-100.0
B0352,RP06,B,CTK45-dot-B,,17,,8.0,10.0,train,-100.0,-80.0,-100.0,-63.0,-100.0,-78.0,-100.0,-87.0,-66.0,-100.0,-54.0,-100.0,-100.0,-100.0,-61.0,-63.0,-100.0,-80.0,-100.0,-63.0,-100.0,-100.0,-100.0,-87.0,-67.0,-100.0,-54.0,-100.0,-100.0,-100.0,-59.0,-63.0,-67.0,-68.0,-100.0,-100.0
B0329,RP06,B,CTK45-dot-B,,23,,8.0,10.0,validation,-100.0,-78.0,-100.0,-66.0,-66.0,-62.0,-72.0,-100.0,-66.0,-70.0,-100.0,-62.0,-100.0,-82.0,-100.0,-59.0,-100.0,-78.0,-100.0,-66.0,-66.0,-62.0,-72.0,-100.0,-65.0,-71.0,-62.0,-61.0,-100.0,-81.0,-100.0,-58.0,-100.0,-100.0,-68.0,-68.0
B0348,RP06,B,CTK45-dot-B,,31,,8.0,10.0,validation,-100.0,-93.0,-100.0,-65.0,-73.0,-70.0,-83.0,-96.0,-71.0,-76.0,-60.0,-100.0,-100.0,-76.0,-76.0,-64.0,-92.0,-93.0,-100.0,-65.0,-73.0,-70.0,-83.0,-100.0,-77.0,-76.0,-59.0,-100.0,-88.0,-76.0,-100.0,-64.0,-100.0,-73.0,-69.0,-70.0
2025:01:24:09:29:24,RP06,A,SM-S908E,2212343.0,30,21.281715159221246,8.0,10.0,validation,-76.0,-82.0,-100.0,-60.0,-100.0,-56.0,-73.0,-100.0,-68.0,-76.0,-55.0,-62.0,-68.0,-83.0,-64.0,-71.0,-74.0,-82.0,-100.0,-60.0,-100.0,-56.0,-73.0,-100.0,-68.0,-76.0,-54.0,-62.0,-69.0,-84.0,-64.0,-71.0,-78.0,-77.0,-81.0,-81.0
B0336,RP06,B,CTK45-dot-B,,32,,8.0,10.0,validation,-79.0,-100.0,-86.0,-58.0,-68.0,-69.0,-100.0,-90.0,-62.0,-77.0,-58.0,-53.0,-85.0,-100.0,-54.0,-67.0,-78.0,-94.0,-89.0,-59.0,-68.0,-68.0,-100.0,-88.0,-62.0,-78.0,-58.0,-53.0,-82.0,-100.0,-57.0,-67.0,-100.0,-100.0,-100.0,-100.0
2025:01:24:09:26:33,RP06,A,SM-S908E,2212343.0,31,-42.294635190266,8.0,10.0,validation,-77.0,-81.0,-100.0,-64.0,-69.0,-67.0,-76.0,-79.0,-71.0,-100.0,-55.0,-59.0,-81.0,-80.0,-70.0,-75.0,-77.0,-80.0,-100.0,-65.0,-69.0,-68.0,-76.0,-83.0,-71.0,-100.0,-55.0,-59.0,-81.0,-80.0,-70.0,-75.0,-78.0,-100.0,-76.0,-75.0
B0316,RP06,B,CTK45-dot-B,,35,,8.0,10.0,validation,-74.0,-77.0,-80.0,-59.0,-61.0,-58.0,-100.0,-82.0,-58.0,-67.0,-52.0,-51.0,-66.0,-73.0,-60.0,-68.0,-74.0,-77.0,-100.0,-59.0,-61.0,-58.0,-100.0,-78.0,-58.0,-67.0,-50.0,-51.0,-67.0,-73.0,-61.0,-68.0,-65.0,-65.0,-100.0,-100.0
B0339,RP06,B,CTK45-dot-B,,38,,8.0,10.0,validation,-71.0,-100.0,-78.0,-56.0,-56.0,-62.0,-76.0,-82.0,-67.0,-64.0,-49.0,-44.0,-77.0,-67.0,-54.0,-65.0,-73.0,-100.0,-87.0,-56.0,-56.0,-63.0,-76.0,-83.0,-66.0,-63.0,-49.0,-45.0,-92.0,-67.0,-54.0,-65.0,-59.0,-57.0,-60.0,-59.0
B0299,RP06,B,CTK45-dot-B,,31,,8.0,10.0,validation,-68.0,-79.0,-82.0,-58.0,-59.0,-59.0,-100.0,-84.0,-67.0,-62.0,-49.0,-49.0,-74.0,-73.0,-53.0,-65.0,-67.0,-79.0,-100.0,-58.0,-57.0,-60.0,-100.0,-84.0,-67.0,-62.0,-49.0,-48.0,-73.0,-73.0,-53.0,-66.0,-100.0,-100.0,-100.0,-100.0
2025:01:24:09:34:06,RP06,A,SM-S908E,2212343.0,37,-161.13261705700998,8.0,10.0,validation,-76.0,-81.0,-88.0,-72.0,-71.0,-64.0,-74.0,-93.0,-69.0,-76.0,-74.0,-62.0,-82.0,-81.0,-70.0,-72.0,-76.0,-81.0,-88.0,-72.0,-71.0,-66.0,-74.0,-93.0,-69.0,-77.0,-74.0,-62.0,-82.0,-81.0,-70.0,-72.0,-74.0,-74.0,-82.0,-82.0
2025:01:24:09:31:37,RP06,A,SM-S908E,2212343.0,30,-159.37066297500164,8.0,10.0,validation,-76.0,-82.0,-100.0,-59.0,-70.0,-58.0,-74.0,-84.0,-67.0,-79.0,-100.0,-66.0,-71.0,-87.0,-73.0,-70.0,-100.0,-82.0,-100.0,-59.0,-70.0,-58.0,-74.0,-84.0,-67.0,-79.0,-100.0,-66.0,-71.0,-100.0,-73.0,-70.0,-76.0,-77.0,-76.0,-75.0
B0331,RP06,B,CTK45-dot-B,,32,,8.0,10.0,validation,-75.0,-77.0,-100.0,-62.0,-60.0,-63.0,-73.0,-100.0,-67.0,-60.0,-56.0,-63.0,-79.0,-73.0,-67.0,-60.0,-77.0,-77.0,-100.0,-63.0,-60.0,-63.0,-74.0,-100.0,-67.0,-60.0,-57.0,-62.0,-77.0,-73.0,-68.0,-60.0,-73.0,-71.0,-69.0,-69.0
B0334,RP06,B,CTK45-dot-B,,22,,8.0,10.0,validation,-100.0,-78.0,-100.0,-62.0,-65.0,-100.0,-72.0,-100.0,-100.0,-69.0,-62.0,-60.0,-100.0,-81.0,-66.0,-57.0,-100.0,-78.0,-100.0,-100.0,-65.0,-100.0,-73.0,-100.0,-100.0,-69.0,-62.0,-61.0,-100.0,-82.0,-66.0,-57.0,-100.0,-67.0,-67.0,-68.0
B0323,RP06,B,CTK45-dot-B,,23,,8.0,10.0,test,-81.0,-77.0,-100.0,-67.0,-63.0,-66.0,-70.0,-100.0,-100.0,-100.0,-100.0,-63.0,-83.0,-78.0,-100.0,-55.0,-80.0,-77.0,-100.0,-68.0,-63.0,-65.0,-70.0,-100.0,-68.0,-100.0,-100.0,-63.0,-84.0,-78.0,-100.0,-56.0,-100.0,-100.0,-100.0,-100.0
B0328,RP06,B,CTK45-dot-B,,27,,8.0,10.0,test,-79.0,-79.0,-100.0,-66.0,-65.0,-62.0,-72.0,-100.0,-66.0,-67.0,-100.0,-62.0,-100.0,-81.0,-66.0,-59.0,-100.0,-79.0,-100.0,-65.0,-65.0,-65.0,-71.0,-92.0,-66.0,-67.0,-100.0,-62.0,-100.0,-80.0,-66.0,-57.0,-69.0,-100.0,-68.0,-68.0
B0335,RP06,B,CTK45-dot-B,,23,,8.0,10.0,test,-82.0,-82.0,-100.0,-56.0,-100.0,-60.0,-100.0,-100.0,-65.0,-100.0,-50.0,-100.0,-69.0,-100.0,-55.0,-65.0,-75.0,-82.0,-100.0,-56.0,-100.0,-61.0,-100.0,-100.0,-65.0,-100.0,-50.0,-100.0,-72.0,-100.0,-55.0,-65.0,-58.0,-58.0,-100.0,-100.0
B0354,RP06,B,CTK45-dot-B,,25,,8.0,10.0,test,-80.0,-78.0,-100.0,-65.0,-66.0,-63.0,-71.0,-100.0,-64.0,-70.0,-63.0,-64.0,-100.0,-81.0,-67.0,-60.0,-100.0,-78.0,-100.0,-100.0,-66.0,-63.0,-71.0,-100.0,-64.0,-68.0,-64.0,-64.0,-100.0,-81.0,-100.0,-59.0,-100.0,-100.0,-69.0,-69.0
2025:01:24:09:28:48,RP06,A,SM-S908E,2212343.0,34,23.35006529766935,8.0,10.0,test,-76.0,-81.0,-87.0,-59.0,-67.0,-58.0,-72.0,-89.0,-66.0,-74.0,-57.0,-62.0,-71.0,-82.0,-67.0,-67.0,-75.0,-81.0,-87.0,-59.0,-67.0,-59.0,-72.0,-89.0,-67.0,-74.0,-58.0,-62.0,-71.0,-83.0,-68.0,-67.0,-100.0,-100.0,-83.0,-82.0
B0344,RP06,B,CTK45-dot-B,,25,,8.0,10.0,test,-70.0,-92.0,-91.0,-61.0,-100.0,-64.0,-100.0,-82.0,-57.0,-100.0,-48.0,-100.0,-74.0,-100.0,-65.0,-74.0,-72.0,-92.0,-100.0,-60.0,-100.0,-64.0,-100.0,-85.0,-57.0,-100.0,-48.0,-100.0,-78.0,-100.0,-73.0,-73.0,-74.0,-100.0,-100.0,-100.0
2025:01:24:09:20:13,RP06,A,SM-S908E,2212343.0,27,-96.04174101159487,8.0,10.0,test,-100.0,-100.0,-100.0,-76.0,-80.0,-78.0,-100.0,-90.0,-71.0,-74.0,-56.0,-62.0,-77.0,-73.0,-100.0,-78.0,-100.0,-100.0,-100.0,-76.0,-81.0,-82.0,-100.0,-100.0,-71.0,-74.0,-56.0,-62.0,-77.0,-73.0,-100.0,-78.0,-100.0,-100.0,-83.0,-82.0
B0338,RP06,B,CTK45-dot-B,,24,,8.0,10.0,test,-82.0,-85.0,-88.0,-61.0,-100.0,-69.0,-100.0,-85.0,-65.0,-100.0,-64.0,-100.0,-100.0,-100.0,-57.0,-67.0,-100.0,-86.0,-89.0,-60.0,-100.0,-69.0,-100.0,-85.0,-67.0,-100.0,-64.0,-100.0,-100.0,-100.0,-58.0,-67.0,-69.0,-63.0,-100.0,-100.0
2025:01:24:09:32:21,RP06,A,SM-S908E,2212343.0,33,-159.16029006136347,8.0,10.0,test,-76.0,-78.0,-100.0,-65.0,-72.0,-57.0,-72.0,-86.0,-69.0,-79.0,-63.0,-62.0,-80.0,-83.0,-67.0,-75.0,-76.0,-77.0,-95.0,-65.0,-72.0,-57.0,-72.0,-90.0,-69.0,-80.0,-63.0,-62.0,-79.0,-84.0,-67.0,-76.0,-100.0,-100.0,-79.0,-79.0
B0346,RP06,B,CTK45-dot-B,,23,,8.0,10.0,test,-81.0,-89.0,-100.0,-60.0,-100.0,-76.0,-100.0,-90.0,-68.0,-100.0,-55.0,-100.0,-77.0,-100.0,-63.0,-74.0,-83.0,-89.0,-100.0,-59.0,-100.0,-82.0,-100.0,-98.0,-68.0,-100.0,-56.0,-100.0,-77.0,-100.0,-62.0,-74.0,-69.0,-69.0,-100.0,-100.0
B0306,RP06,B,CTK45-dot-B,,26,,8.0,10.0,test,-100.0,-79.0,-100.0,-59.0,-53.0,-65.0,-73.0,-100.0,-58.0,-72.0,-58.0,-47.0,-100.0,-75.0,-53.0,-59.0,-100.0,-78.0,-100.0,-59.0,-53.0,-65.0,-73.0,-100.0,-58.0,-72.0,-58.0,-47.0,-100.0,-75.0,-53.0,-59.0,-100.0,-100.0,-100.0,-100.0
2025:01:24:09:12:54,RP07,A,SM-S908E,2212343.0,28,-97.03789689336523,30.0,10.0,train,-86.0,-100.0,-100.0,-77.0,-83.0,-81.0,-100.0,-85.0,-100.0,-70.0,-57.0,-55.0,-68.0,-77.0,-69.0,-77.0,-100.0,-100.0,-100.0,-77.0,-83.0,-82.0,-100.0,-84.0,-100.0,-70.0,-56.0,-55.0,-68.0,-78.0,-69.0,-77.0,-79.0,-100.0,-100.0,-100.0
B0373,RP07,B,CTK45-dot-B,,33,,30.0,10.0,train,-93.0,-100.0,-100.0,-77.0,-69.0,-87.0,-84.0,-91.0,-74.0,-68.0,-61.0,-56.0,-77.0,-71.0,-69.0,-72.0,-92.0,-100.0,-100.0,-80.0,-69.0,-86.0,-85.0,-92.0,-74.0,-68.0,-60.0,-55.0,-77.0,-71.0,-76.0,-71.0,-80.0,-77.0,-72.0,-72.0
B0370,RP07,B,CTK45-dot-B,,22,,30.0,10.0,train,-84.0,-94.0,-100.0,-73.0,-100.0,-75.0,-100.0,-92.0,-54.0,-100.0,-60.0,-100.0,-62.0,-100.0,-60.0,-74.0,-100.0,-93.0,-100.0,-74.0,-100.0,-78.0,-100.0,-86.0,-54.0,-100.0,-60.0,-100.0,-63.0,-100.0,-61.0,-74.0,-74.0,-74.0,-100.0,-100.0
B0356,RP07,B,CTK45-dot-B,,32,,30.0,10.0,train,-82.0,-93.0,-100.0,-70.0,-72.0,-76.0,-100.0,-81.0,-65.0,-65.0,-47.0,-50.0,-62.0,-67.0,-67.0,-76.0,-81.0,-92.0,-100.0,-72.0,-72.0,-76.0,-100.0,-81.0,-66.0,-65.0,-47.0,-50.0,-62.0,-66.0,-67.0,-76.0,-100.0,-100.0,-79.0,-78.0
2025:01:24:09:16:52,RP07,A,SM-S908E,2212343.0,27,-43.419683084671185,30.0,10.0,train,-100.0,-100.0,-100.0,-75.0,-78.0,-84.0,-100.0,-100.0,-67.0,-75.0,-55.0,-54.0,-68.0,-78.0,-72.0,-68.0,-100.0,-100.0,-100.0,-75.0,-78.0,-85.0,-100.0,-100.0,-68.0,-75.0,-55.0,-54.0,-68.0,-78.0,-72.0,-68.0,-100.0,-100.0,-80.0,-80.0
B0381,RP07,B,CTK45-dot-B,,24,,30.0,10.0,train,-86.0,-100.0,-100.0,-100.0,-71.0,-100.0,-85.0,-95.0,-74.0,-66.0,-54.0,-55.0,-79.0,-71.0,-100.0,-71.0,-86.0,-100.0,-100.0,-100.0,-71.0,-100.0,-84.0,-95.0,-74.0,-66.0,-54.0,-56.0,-100.0,-72.0,-100.0,-70.0,-100.0,-100.0,-100.0,-100.0
B0402,RP07,B,CTK45-dot-B,,34,,30.0,10.0,train,-82.0,-91.0,-92.0,-77.0,-70.0,-76.0,-86.0,-84.0,-60.0,-67.0,-46.0,-56.0,-61.0,-69.0,-65.0,-80.0,-100.0,-92.0,-85.0,-77.0,-70.0,-68.0,-87.0,-84.0,-59.0,-67.0,-46.0,-100.0,-61.0,-70.0,-66.0,-80.0,-79.0,-100.0,-100.0,-100.0
B0400,RP07,B,CTK45-dot-B,,17,,30.0,10.0,train,-84.0,-86.0,-100.0,-77.0,-100.0,-77.0,-100.0,-91.0,-60.0,-100.0,-48.0,-100.0,-65.0,-100.0,-100.0,-77.0,-100.0,-86.0,-100.0,-78.0,-100.0,-79.0,-100.0,-87.0,-60.0,-100.0,-50.0,-100.0,-65.0,-100.0,-100.0,-77.0,-100.0,-100.0,-100.0,-100.0
B0391,RP07,B,CTK45-dot-B,,18,,30.0,10.0,train,-100.0,-100.0,-100.0,-68.0,-73.0,-100.0,-82.0,-100.0,-100.0,-64.0,-100.0,-55.0,-100.0,-73.0,-100.0,-65.0,-100.0,-100.0,-100.0,-71.0,-72.0,-100.0,-82.0,-100.0,-100.0,-65.0,-100.0,-54.0,-100.0,-73.0,-100.0,-65.0,-100.0,-79.0,-68.0,-68.0
2025:01:24:09:15:21,RP07,A,SM-S908E,2212343.0,28,-96.25833624688818,30.0,10.0,train,-100.0,-100.0,-100.0,-74.0,-79.0,-85.0,-86.0,-100.0,-69.0,-73.0,-56.0,-54.0,-67.0,-73.0,-72.0,-67.0,-100.0,-100.0,-100.0,-74.0,-79.0,-100.0,-86.0,-100.0,-69.0,-73.0,-57.0,-54.0,-68.0,-73.0,-100.0,-67.0,-100.0,-100.0,-78.0,-78.0
2025:01:24:09:19:33,RP07,A,SM-S908E,2212343.0,26,-43.22235470115475,30.0,10.0,train,-100.0,-100.0,-100.0,-100.0,-82.0,-80.0,-86.0,-100.0,-72.0,-73.0,-56.0,-60.0,-75.0,-75.0,-75.0,-76.0,-100.0,-100.0,-100.0,-100.0,-82.0,-100.0,-86.0,-100.0,-72.0,-73.0,-56.0,-60.0,-75.0,-74.0,-75.0,-76.0,-100.0,-100.0,-100.0,-100.0
B0404,RP07,B,CTK45-dot-B,,23,,30.0,10.0,train,-100.0,-100.0,-100.0,-100.0,-68.0,-100.0,-100.0,-100.0,-63.0,-59.0,-50.0,-51.0,-100.0,-70.0,-66.0,-73.0,-91.0,-100.0,-100.0,-75.0,-68.0,-100.0,-100.0,-100.0,-64.0,-59.0,-51.0,-51.0,-100.0,-70.0,-66.0,-73.0,-71.0,-71.0,-100.0,-100.0
B0393,RP07,B,CTK45-dot-B,,20,,30.0,10.0,train,-67.0,-81.0,-100.0,-71.0,-100.0,-81.0,-100.0,-71.0,-59.0,-100.0,-41.0,-100.0,-63.0,-100.0,-100.0,-100.0,-67.0,-81.0,-100.0,-68.0,-100.0,-81.5,-100.0,-64.0,-58.0,-100.0,-43.0,-100.0,-63.0,-100.0,-100.0,-100.0,-66.0,-65.0,-100.0,-100.0
B0357,RP07,B,CTK45-dot-B,,31,,30.0,10.0,train,-100.0,-92.0,-100.0,-67.0,-77.0,-79.0,-100.0,-78.0,-59.0,-66.0,-43.0,-51.0,-70.0,-65.0,-67.0,-64.0,-83.0,-91.0,-100.0,-67.0,-76.0,-79.0,-100.0,-79.0,-60.0,-66.0,-45.0,-51.0,-67.0,-65.0,-67.0,-64.0,-78.0,-78.0,-100.0,-100.0
2025:01:24:09:10:21,RP07,A,SM-S908E,2212343.0,30,-161.06217189609865,30.0,10.0,train,-100.0,-100.0,-100.0,-77.0,-82.0,-83.0,-100.0,-100.0,-69.0,-69.0,-55.0,-54.0,-68.0,-70.0,-66.0,-79.0,-100.0,-100.0,-100.0,-77.0,-82.0,-83.0,-85.0,-100.0,-69.0,-69.0,-55.0,-54.0,-68.0,-71.0,-66.0,-79.0,-80.0,-79.0,-82.0,-82.0
B0394,RP07,B,CTK45-dot-B,,18,,30.0,10.0,train,-100.0,-95.0,-100.0,-100.0,-100.0,-78.0,-100.0,-93.0,-69.0,-100.0,-56.0,-100.0,-86.0,-100.0,-69.0,-88.0,-100.0,-95.0,-100.0,-78.0,-100.0,-77.0,-100.0,-100.0,-69.0,-100.0,-56.0,-100.0,-83.0,-100.0,-69.0,-88.0,-80.0,-78.0,-100.0,-100.0
B0360,RP07,B,CTK45-dot-B,,30,,30.0,10.0,train,-81.0,-100.0,-100.0,-73.0,-73.0,-77.0,-100.0,-81.0,-67.0,-64.0,-48.0,-47.0,-64.0,-62.0,-73.0,-73.0,-82.0,-100.0,-100.0,-73.0,-73.0,-75.0,-100.0,-81.0,-70.0,-64.0,-48.0,-47.0,-64.0,-62.0,-73.0,-72.0,-100.0,-100.0,-79.0,-78.0
B0372,RP07,B,CTK45-dot-B,,32,,30.0,10.0,train,-100.0,-94.0,-100.0,-76.0,-74.0,-80.0,-83.0,-83.0,-61.0,-56.0,-68.0,-41.0,-63.0,-63.0,-61.0,-77.0,-100.0,-92.0,-100.0,-76.0,-74.0,-81.0,-84.0,-86.0,-62.0,-56.0,-68.0,-43.0,-88.0,-63.0,-59.0,-77.0,-100.0,-100.0,-73.0,-73.0
B0414,RP07,B,CTK45-dot-B,,28,,30.0,10.0,train,-100.0,-100.0,-100.0,-73.0,-66.0,-68.0,-77.0,-100.0,-56.0,-69.0,-45.0,-48.0,-64.0,-64.0,-67.0,-77.0,-100.0,-100.0,-100.0,-74.0,-67.0,-71.0,-78.0,-100.0,-57.0,-69.0,-46.0,-48.0,-100.0,-64.0,-68.0,-77.0,-78.0,-77.0,-100.0,-100.0
B0362,RP07,B,CTK45-dot-B,,31,,30.0,10.0,train,-100.0,-100.0,-100.0,-100.0,-74.0,-81.0,-100.0,-86.0,-58.0,-69.0,-58.0,-51.0,-76.0,-66.0,-65.0,-73.0,-100.0,-100.0,-100.0,-100.0,-74.0,-81.0,-100.0,-86.0,-59.0,-68.0,-56.0,-51.0,-100.0,-70.0,-65.0,-73.0,-75.0,-76.0,-77.0,-77.0
B0389,RP07,B,CTK45-dot-B,,22,,30.0,10.0,train,-92.0,-100.0,-100.0,-100.0,-72.0,-100.0,-81.0,-100.0,-72.0,-67.0,-66.0,-52.0,-84.0,-69.0,-100.0,-68.0,-93.0,-100.0,-100.0,-100.0,-72.0,-100.0,-82.0,-100.0,-72.0,-67.0,-66.0,-52.0,-85.0,-70.0,-100.0,-68.0,-100.0,-100.0,-76.0,-75.0
2025:01:24:09:06:25,RP07,A,SM-S908E,2212343.0,40,17.776341033961423,30.0,10.0,train,-85.0,-84.0,-100.0,-74.0,-69.0,-75.0,-100.0,-83.0,-56.0,-60.0,-48.0,-49.0,-68.0,-69.0,-77.0,-71.0,-71.0,-85.0,-100.0,-75.0,-69.0,-76.0,-88.0,-84.0,-58.0,-60.0,-49.0,-49.0,-68.0,-70.0,-77.0,-71.0,-75.0,-75.0,-81.0,-78.0
B0368,RP07,B,CTK45-dot-B,,33,,30.0,10.0,train,-100.0,-92.0,-100.0,-69.0,-77.0,-76.0,-81.0,-100.0,-55.0,-69.0,-44.0,-59.0,-61.0,-62.0,-67.0,-67.0,-100.0,-92.0,-100.0,-68.0,-76.0,-77.0,-80.0,-100.0,-56.0,-53.0,-45.0,-46.0,-60.0,-62.0,-67.0,-67.0,-71.0,-69.0,-77.0,-78.0
2025:01:24:09:12:16,RP07,A,SM-S908E,2212343.0,32,-159.75432697377713,30.0,10.0,train,-100.0,-100.0,-100.0,-78.0,-82.0,-84.0,-100.0,-86.0,-68.0,-67.0,-62.0,-57.0,-68.0,-76.0,-69.0,-76.0,-100.0,-100.0,-91.0,-78.0,-83.0,-84.0,-100.0,-89.0,-68.0,-67.0,-63.0,-57.0,-68.0,-76.0,-69.0,-76.0,-78.0,-76.0,-100.0,-100.0
B0355,RP07,B,CTK45-dot-B,,29,,30.0,10.0,train,-84.0,-100.0,-100.0,-75.0,-66.0,-72.0,-100.0,-78.0,-61.0,-69.0,-47.0,-49.0,-65.0,-63.0,-66.0,-73.0,-100.0,-100.0,-100.0,-75.0,-66.0,-72.0,-100.0,-78.0,-61.0,-69.0,-47.0,-49.0,-64.0,-63.0,-66.0,-73.0,-83.0,-84.0,-100.0,-100.0
B0411,RP07,B,CTK45-dot-B,,26,,30.0,10.0,train,-100.0,-100.0,-100.0,-71.0,-66.0,-78.0,-100.0,-88.0,-66.0,-66.0,-48.0,-50.0,-78.0,-68.0,-100.0,-71.0,-100.0,-100.0,-100.0,-73.0,-66.0,-78.0,-100.0,-87.0,-66.0,-66.0,-48.0,-50.0,-78.0,-68.0,-100.0,-71.0,-100.0,-100.0,-77.0,-77.0
2025:01:24:09:10:56,RP07,A,SM-S908E,2212343.0,25,-161.03165616393,30.0,10.0,train,-100.0,-100.0,-100.0,-100.0,-80.0,-86.0,-84.0,-100.0,-68.0,-71.0,-57.0,-56.0,-68.0,-70.0,-68.0,-78.0,-100.0,-100.0,-100.0,-100.0,-81.0,-81.0,-85.0,-100.0,-68.0,-71.0,-58.0,-56.0,-68.0,-70.0,-68.0,-78.0,-100.0,-100.0,-100.0,-100.0
B0371,RP07,B,CTK45-dot-B,,20,,30.0,10.0,train,-91.0,-97.0,-100.0,-100.0,-100.0,-77.0,-100.0,-85.0,-52.0,-100.0,-40.0,-100.0,-75.0,-100.0,-78.0,-78.0,-89.0,-96.0,-100.0,-100.0,-100.0,-78.0,-100.0,-83.0,-53.0,-100.0,-40.0,-100.0,-77.0,-100.0,-80.0,-79.0,-100.0,-100.0,-100.0,-100.0
B0366,RP07,B,CTK45-dot-B,,21,,30.0,10.0,train,-80.0,-92.0,-100.0,-66.0,-100.0,-81.0,-100.0,-79.0,-53.0,-100.0,-54.0,-100.0,-62.0,-100.0,-100.0,-65.0,-80.0,-91.0,-100.0,-66.0,-100.0,-83.0,-100.0,-78.0,-54.0,-100.0,-54.0,-100.0,-69.0,-100.0,-100.0,-65.0,-100.0,-100.0,-100.0,-100.0
2025:01:24:09:08:16,RP07,A,SM-S908E,2212343.0,28,15.43080078972257,30.0,10.0,train,-100.0,-100.0,-100.0,-100.0,-73.0,-88.0,-84.0,-100.0,-65.0,-69.0,-52.0,-53.0,-65.0,-73.0,-72.0,-70.0,-100.0,-100.0,-100.0,-100.0,-73.0,-86.0,-83.0,-100.0,-65.0,-70.0,-52.0,-53.0,-65.0,-73.0,-72.0,-70.0,-80.0,-100.0,-75.0,-75.0
B0375,RP07,B,CTK45-dot-B,,23,,30.0,10.0,train,-100.0,-100.0,-100.0,-79.0,-72.0,-82.0,-87.0,-90.0,-71.0,-67.0,-100.0,-51.0,-100.0,-69.0,-100.0,-68.0,-100.0,-100.0,-100.0,-76.0,-74.0,-82.0,-86.0,-90.0,-70.0,-67.0,-100.0,-49.0,-100.0,-69.0,-100.0,-68.0,-100.0,-88.0,-78.0,-100.0
B0383,RP07,B,CTK45-dot-B,,28,,30.0,10.0,train,-90.0,-90.0,-100.0,-100.0,-72.0,-100.0,-84.0,-91.0,-70.0,-64.0,-61.0,-53.0,-100.0,-71.0,-73.0,-66.0,-91.0,-91.0,-100.0,-100.0,-71.0,-100.0,-85.0,-92.0,-70.0,-100.0,-61.0,-54.0,-100.0,-71.0,-73.0,-66.0,-80.0,-80.0,-72.0,-72.0
2025:01:24:09:18:15,RP07,A,SM-S908E,2212343.0,34,-44.135750267165214,30.0,10.0,train,-100.0,-100.0,-100.0,-76.0,-79.0,-81.0,-87.0,-91.0,-68.0,-71.0,-56.0,-58.0,-75.0,-74.0,-71.0,-78.0,-100.0,-100.0,-100.0,-75.0,-79.0,-80.0,-87.0,-90.0,-68.0,-71.0,-56.0,-58.0,-75.0,-74.0,-71.0,-78.0,-100.0,-100.0,-100.0,-100.0
2025:01:24:09:09:39,RP07,A,SM-S908E,2212343.0,31,-161.3616741243474,30.0,10.0,train,-85.0,-100.0,-100.0,-78.0,-82.0,-83.0,-100.0,-88.0,-70.0,-71.0,-55.0,-53.0,-68.0,-71.0,-67.0,-78.0,-100.0,-100.0,-100.0,-78.0,-82.0,-84.0,-100.0,-86.0,-71.0,-71.0,-56.0,-53.0,-68.0,-71.0,-67.0,-78.0,-100.0,-100.0,-80.0,-80.0
B0376,RP07,B,CTK45-dot-B,,32,,30.0,10.0,train,-88.0,-100.0,-100.0,-74.0,-74.0,-80.0,-84.0,-87.0,-68.0,-69.0,-57.0,-55.0,-75.0,-66.0,-68.0,-67.0,-88.0,-100.0,-100.0,-73.0,-74.0,-81.0,-84.0,-87.0,-68.0,-69.0,-58.0,-55.0,-74.0,-68.0,-68.0,-67.0,-100.0,-100.0,-80.0,-80.0
2025:01:24:09:18:56,RP07,A,SM-S908E,2212343.0,29,-43.32662557141722,30.0,10.0,train,-100.0,-100.0,-100.0,-75.0,-81.0,-81.0,-100.0,-85.0,-72.0,-72.0,-56.0,-61.0,-78.0,-74.0,-75.0,-80.0,-100.0,-100.0,-100.0,-75.0,-81.0,-81.0,-86.0,-90.0,-72.0,-72.0,-57.0,-61.0,-78.0,-74.0,-75.0,-80.0,-100.0,-100.0,-100.0,-100.0
B0398,RP07,B,CTK45-dot-B,,34,,30.0,10.0,train,-84.0,-92.0,-83.0,-70.0,-65.0,-70.0,-100.0,-83.0,-57.0,-70.0,-39.0,-56.0,-62.0,-69.0,-70.0,-100.0,-100.0,-93.0,-85.0,-71.0,-65.0,-70.0,-100.0,-83.0,-57.0,-71.0,-39.0,-50.0,-62.0,-70.0,-70.0,-100.0,-77.0,-77.0,-77.0,-76.0
B0403,RP07,B,CTK45-dot-B,,29,,30.0,10.0,train,-100.0,-100.0,-100.0,-67.0,-70.0,-75.0,-100.0,-100.0,-50.0,-64.0,-47.0,-50.0,-68.0,-72.0,-70.0,-78.0,-100.0,-100.0,-100.0,-66.0,-69.0,-74.0,-100.0,-100.0,-48.0,-65.0,-47.0,-46.0,-68.0,-72.0,-69.0,-78.0,-78.0,-76.0,-78.0,-77.0
B0382,RP07,B,CTK45-dot-B,,24,,30.0,10.0,train,-100.0,-100.0,-100.0,-76.0,-71.0,-100.0,-80.0,-93.0,-74.0,-65.0,-100.0,-51.0,-100.0,-74.0,-67.0,-72.0,-94.0,-100.0,-100.0,-76.0,-71.0,-100.0,-80.0,-94.0,-74.0,-65.0,-100.0,-55.0,-100.0,-74.0,-68.0,-72.0,-81.0,-81.0,-72.0,-100.0
B0396,RP07,B,CTK45-dot-B,,34,,30.0,10.0,train,-100.0,-92.0,-100.0,-71.0,-74.0,-76.0,-84.0,-85.0,-54.0,-69.0,-47.0,-53.0,-71.0,-67.0,-68.0,-69.0,-100.0,-93.0,-100.0,-72.0,-75.0,-76.0,-84.0,-87.0,-54.0,-69.0,-46.0,-45.0,-71.0,-67.0,-68.0,-70.0,-74.0,-72.0,-70.0,-70.0
B0359,RP07,B,CTK45-dot-B,,26,,30.0,10.0,train,-100.0,-100.0,-100.0,-82.0,-75.0,-79.0,-78.0,-100.0,-64.0,-67.0,-53.0,-54.0,-66.0,-68.0,-73.0,-70.0,-100.0,-100.0,-100.0,-82.0,-75.0,-78.0,-78.0,-100.0,-64.0,-67.0,-53.0,-55.0,-67.0,-68.0,-72.0,-71.0,-78.0,-78.0,-100.0,-100.0
2025:01:24:09:07:41,RP07,A,SM-S908E,2212343.0,28,19.47950678140038,30.0,10.0,train,-100.0,-100.0,-100.0,-79.0,-73.0,-87.0,-100.0,-100.0,-65.0,-72.0,-52.0,-54.0,-67.0,-72.0,-74.0,-70.0,-100.0,-100.0,-100.0,-74.0,-73.0,-88.0,-100.0,-100.0,-65.0,-71.0,-52.0,-54.0,-68.0,-72.0,-74.0,-70.0,-100.0,-100.0,-76.0,-76.0
B0361,RP07,B,CTK45-dot-B,,18,,30.0,10.0,train,-100.0,-100.0,-100.0,-100.0,-66.0,-70.0,-100.0,-77.0,-57.0,-64.0,-46.0,-53.0,-100.0,-60.0,-100.0,-75.0,-100.0,-100.0,-100.0,-100.0,-66.0,-71.0,-100.0,-77.0,-56.0,-64.0,-46.0,-54.0,-100.0,-60.0,-100.0,-75.0,-100.0,-100.0,-100.0,-100.0
B0397,RP07,B,CTK45-dot-B,,16,,30.0,10.0,train,-85.0,-100.0,-100.0,-71.0,-100.0,-73.0,-100.0,-82.0,-53.0,-100.0,-36.0,-100.0,-62.0,-100.0,-100.0,-78.0,-83.0,-100.0,-100.0,-71.0,-100.0,-74.0,-100.0,-81.0,-53.0,-100.0,-37.0,-100.0,-61.0,-100.0,-100.0,-78.0,-100.0,-100.0,-100.0,-100.0
B0386,RP07,B,CTK45-dot-B,,28,,30.0,10.0,train,-90.0,-91.0,-100.0,-100.0,-72.0,-89.0,-82.0,-88.0,-79.0,-65.0,-65.0,-53.0,-79.0,-72.0,-100.0,-67.0,-91.0,-90.0,-100.0,-100.0,-71.0,-88.0,-83.0,-87.0,-78.0,-65.0,-65.0,-53.0,-80.0,-72.0,-100.0,-67.0,-100.0,-100.0,-74.0,-73.0
B0408,RP07,B,CTK45-dot-B,,29,,30.0,10.0,train,-100.0,-89.0,-100.0,-73.0,-72.0,-64.0,-100.0,-82.0,-53.0,-56.0,-100.0,-45.0,-100.0,-70.0,-66.0,-76.0,-82.0,-89.0,-100.0,-73.0,-73.0,-63.0,-100.0,-82.0,-52.0,-56.0,-100.0,-46.0,-100.0,-70.0,-67.0,-75.0,-62.0,-62.0,-70.0,-69.0
B0387,RP07,B,CTK45-dot-B,,28,,30.0,10.0,train,-91.0,-90.0,-100.0,-72.0,-73.0,-88.0,-83.0,-100.0,-76.0,-64.0,-62.0,-54.0,-100.0,-100.0,-75.0,-66.0,-100.0,-89.0,-100.0,-74.0,-73.0,-88.0,-82.0,-100.0,-76.0,-63.0,-63.0,-54.0,-100.0,-100.0,-76.0,-67.0,-76.0,-77.0,-73.0,-73.0
B0390,RP07,B,CTK45-dot-B,,26,,30.0,10.0,train,-97.0,-100.0,-100.0,-100.0,-69.0,-91.0,-84.0,-90.0,-72.0,-66.0,-65.0,-51.0,-80.0,-68.0,-76.0,-66.0,-100.0,-100.0,-100.0,-100.0,-70.0,-100.0,-84.0,-91.0,-72.0,-65.0,-65.0,-50.0,-100.0,-68.0,-76.0,-67.0,-100.0,-79.0,-75.0,-75.0
2025:01:24:09:11:31,RP07,A,SM-S908E,2212343.0,30,-157.74984558666787,30.0,10.0,train,-88.0,-100.0,-100.0,-77.0,-80.0,-84.0,-83.0,-100.0,-68.0,-69.0,-55.0,-54.0,-67.0,-71.0,-69.0,-76.0,-100.0,-100.0,-100.0,-77.0,-80.0,-85.0,-84.0,-100.0,-68.0,-100.0,-56.0,-54.0,-68.0,-71.0,-69.0,-76.0,-78.0,-79.0,-80.0,-100.0
B0364,RP07,B,CTK45-dot-B,,28,,30.0,10.0,train,-81.0,-95.0,-100.0,-69.0,-69.0,-80.0,-100.0,-91.0,-60.0,-69.0,-50.0,-51.0,-71.0,-65.0,-65.0,-66.0,-100.0,-97.0,-100.0,-69.0,-70.0,-81.0,-100.0,-90.0,-60.0,-69.0,-50.0,-52.0,-100.0,-64.0,-65.0,-66.0,-77.0,-77.0,-100.0,-100.0
B0388,RP07,B,CTK45-dot-B,,25,,30.0,10.0,train,-91.0,-90.0,-100.0,-100.0,-72.0,-100.0,-82.0,-87.0,-100.0,-100.0,-63.0,-50.0,-80.0,-72.0,-83.0,-71.0,-90.0,-90.0,-100.0,-100.0,-72.0,-100.0,-82.0,-88.0,-100.0,-62.0,-63.0,-53.0,-80.0,-72.0,-83.0,-71.0,-81.0,-81.0,-100.0,-100.0
B0392,RP07,B,CTK45-dot-B,,22,,30.0,10.0,train,-100.0,-81.0,-100.0,-75.0,-69.0,-83.0,-85.0,-100.0,-72.0,-74.0,-100.0,-53.0,-100.0,-100.0,-100.0,-57.0,-78.0,-81.0,-100.0,-100.0,-70.0,-86.0,-86.0,-100.0,-71.0,-74.0,-100.0,-52.0,-100.0,-100.0,-100.0,-57.0,-70.0,-70.0,-69.0,-68.0
2025:01:24:09:17:30,RP07,A,SM-S908E,2212343.0,28,-43.5340683788911,30.0,10.0,train,-100.0,-100.0,-100.0,-84.0,-82.0,-84.0,-100.0,-89.0,-75.0,-68.0,-58.0,-57.0,-73.0,-100.0,-72.0,-75.0,-100.0,-100.0,-100.0,-100.0,-82.0,-84.0,-100.0,-100.0,-75.0,-68.0,-58.0,-57.0,-73.0,-71.0,-100.0,-75.0,-83.0,-82.0,-100.0,-100.0
2025:01:24:09:16:12,RP07,A,SM-S908E,2212343.0,26,-97.05741183586737,30.0,10.0,train,-100.0,-100.0,-100.0,-76.0,-79.0,-86.0,-100.0,-100.0,-69.0,-75.0,-59.0,-54.0,-66.0,-78.0,-100.0,-67.0,-100.0,-100.0,-100.0,-76.0,-79.0,-85.0,-100.0,-100.0,-70.0,-75.0,-59.0,-54.0,-66.0,-77.0,-74.0,-67.0,-80.0,-100.0,-100.0,-100.0
2025:01:24:09:08:53,RP07,A,SM-S908E,2212343.0,29,17.995099757889143,30.0,10.0,train,-100.0,-100.0,-100.0,-100.0,-72.0,-85.0,-84.0,-100.0,-68.0,-73.0,-53.0,-54.0,-66.0,-73.0,-74.0,-69.0,-100.0,-100.0,-100.0,-100.0,-72.0,-84.0,-84.0,-100.0,-68.0,-73.0,-53.0,-54.0,-66.0,-73.0,-75.0,-69.0,-100.0,-100.0,-76.0,-76.0
B0379,RP07,B,CTK45-dot-B,,29,,30.0,10.0,train,-89.0,-100.0,-100.0,-75.0,-76.0,-82.0,-84.0,-90.0,-68.0,-70.0,-58.0,-52.0,-81.0,-67.0,-70.0,-68.0,-90.0,-100.0,-100.0,-75.0,-76.0,-83.0,-84.0,-100.0,-69.0,-70.0,-56.0,-55.0,-83.0,-67.0,-71.0,-68.0,-100.0,-100.0,-83.0,-83.0
B0413,RP07,B,CTK45-dot-B,,34,,30.0,10.0,validation,-85.0,-100.0,-100.0,-77.0,-74.0,-81.0,-100.0,-86.0,-58.0,-69.0,-58.0,-51.0,-76.0,-66.0,-65.0,-73.0,-100.0,-100.0,-100.0,-77.0,-74.0,-81.0,-100.0,-86.0,-59.0,-68.0,-56.0,-51.0,-100.0,-70.0,-65.0,-73.0,-75.0,-76.0,-77.0,-77.0
2025:01:24:09:14:17,RP07,A,SM-S908E,2212343.0,27,-97.7144225395439,30.0,10.0,validation,-100.0,-100.0,-100.0,-73.0,-77.0,-84.0,-100.0,-90.0,-66.0,-76.0,-57.0,-53.0,-68.0,-76.0,-72.0,-69.0,-100.0,-100.0,-100.0,-73.0,-77.0,-84.0,-100.0,-90.0,-66.0,-76.0,-57.0,-53.0,-68.0,-76.0,-72.0,-69.0,-100.0,-100.0,-100.0,-100.0
B0365,RP07,B,CTK45-dot-B,,24,,30.0,10.0,validation,-84.0,-93.0,-100.0,-64.0,-100.0,-76.0,-100.0,-86.0,-52.0,-100.0,-51.0,-100.0,-76.0,-100.0,-66.0,-100.0,-81.0,-94.0,-100.0,-64.0,-100.0,-76.0,-100.0,-86.0,-52.0,-100.0,-100.0,-100.0,-74.0,-100.0,-66.0,-100.0,-72.0,-70.0,-100.0,-100.0
B0384,RP07,B,CTK45-dot-B,,35,,30.0,10.0,validation,-90.0,-90.0,-100.0,-73.0,-72.0,-86.0,-83.0,-87.0,-72.0,-70.0,-61.0,-58.0,-77.0,-74.0,-70.0,-63.0,-89.0,-89.0,-100.0,-74.0,-72.0,-85.0,-83.0,-89.0,-72.0,-70.0,-61.0,-59.0,-77.0,-73.0,-70.0,-63.0,-77.0,-77.0,-71.0,-71.0
B0410,RP07,B,CTK45-dot-B,,32,,30.0,10.0,validation,-91.0,-100.0,-100.0,-68.0,-68.0,-72.0,-100.0,-100.0,-62.0,-63.0,-43.0,-52.0,-69.0,-66.0,-63.0,-69.0,-91.0,-100.0,-100.0,-69.0,-68.0,-72.0,-100.0,-100.0,-62.0,-61.0,-43.0,-52.0,-69.0,-66.0,-62.0,-68.0,-72.0,-72.0,-75.0,-75.0
B0363,RP07,B,CTK45-dot-B,,22,,30.0,10.0,validation,-100.0,-90.0,-100.0,-71.0,-100.0,-76.0,-100.0,-83.0,-68.0,-100.0,-48.0,-100.0,-57.0,-100.0,-69.0,-73.0,-100.0,-91.0,-100.0,-71.0,-100.0,-79.0,-100.0,-82.0,-62.0,-100.0,-47.0,-100.0,-100.0,-100.0,-68.0,-73.0,-74.0,-73.0,-100.0,-100.0
2025:01:24:09:06:59,RP07,A,SM-S908E,2212343.0,31,19.900620447581225,30.0,10.0,validation,-100.0,-100.0,-100.0,-79.0,-79.0,-85.0,-84.0,-83.0,-69.0,-74.0,-56.0,-57.0,-65.0,-74.0,-68.0,-68.0,-100.0,-100.0,-100.0,-81.0,-79.0,-86.0,-83.0,-83.0,-70.0,-74.0,-56.0,-56.0,-100.0,-74.0,-68.0,-68.0,-100.0,-100.0,-77.0,-77.0
B0374,RP07,B,CTK45-dot-B,,26,,30.0,10.0,validation,-95.0,-100.0,-100.0,-78.0,-70.0,-90.0,-85.0,-100.0,-72.0,-67.0,-100.0,-48.0,-89.0,-66.0,-79.0,-67.0,-100.0,-100.0,-100.0,-77.0,-70.0,-90.0,-85.0,-100.0,-72.0,-67.0,-100.0,-51.0,-91.0,-66.0,-78.0,-67.0,-80.0,-82.0,-100.0,-100.0
2025:01:24:09:13:28,RP07,A,SM-S908E,2212343.0,27,-96.44990468569017,30.0,10.0,validation,-87.0,-100.0,-100.0,-76.0,-80.0,-100.0,-87.0,-100.0,-69.0,-74.0,-58.0,-53.0,-68.0,-74.0,-73.0,-70.0,-83.0,-100.0,-100.0,-76.0,-79.0,-100.0,-88.0,-100.0,-69.0,-74.0,-58.0,-53.0,-68.0,-74.0,-73.0,-70.0,-100.0,-100.0,-100.0,-100.0
B0406,RP07,B,CTK45-dot-B,,24,,30.0,10.0,validation,-89.0,-100.0,-100.0,-67.0,-73.0,-74.0,-100.0,-100.0,-61.0,-65.0,-53.0,-52.0,-72.0,-67.0,-65.0,-85.0,-100.0,-100.0,-100.0,-67.0,-73.0,-73.0,-100.0,-100.0,-61.0,-66.0,-52.0,-53.0,-72.0,-67.0,-65.0,-85.0,-100.0,-100.0,-100.0,-100.0
B0385,RP07,B,CTK45-dot-B,,24,,30.0,10.0,validation,-100.0,-90.0,-100.0,-72.0,-72.0,-89.0,-83.0,-88.0,-75.0,-64.0,-100.0,-51.0,-100.0,-69.0,-100.0,-66.0,-100.0,-90.0,-100.0,-73.0,-72.0,-89.0,-83.0,-100.0,-75.0,-64.0,-100.0,-50.0,-100.0,-69.0,-100.0,-66.0,-100.0,-100.0,-75.0,-74.0
B0380,RP07,B,CTK45-dot-B,,22,,30.0,10.0,validation,-100.0,-100.0,-100.0,-100.0,-69.0,-85.0,-84.0,-100.0,-74.0,-67.0,-55.0,-53.0,-100.0,-71.0,-100.0,-75.0,-100.0,-100.0,-100.0,-100.0,-69.0,-84.0,-84.0,-100.0,-74.0,-67.0,-55.0,-56.0,-100.0,-72.0,-100.0,-76.0,-82.0,-100.0,-73.0,-73.0
B0378,RP07,B,CTK45-dot-B,,29,,30.0,10.0,test,-88.0,-100.0,-100.0,-75.0,-77.0,-83.0,-84.0,-88.0,-65.0,-69.0,-100.0,-57.0,-72.0,-68.0,-68.0,-69.0,-87.0,-100.0,-100.0,-100.0,-77.0,-82.0,-85.0,-88.0,-66.0,-69.0,-100.0,-56.0,-73.0,-68.0,-69.0,-68.0,-86.0,-100.0,-80.0,-79.0
B0405,RP07,B,CTK45-dot-B,,19,,30.0,10.0,test,-100.0,-100.0,-100.0,-72.0,-69.0,-82.0,-100.0,-100.0,-74.0,-67.0,-48.0,-56.0,-100.0,-68.0,-69.0,-79.0,-100.0,-100.0,-100.0,-72.0,-69.0,-100.0,-100.0,-100.0,-72.0,-67.0,-47.0,-57.0,-100.0,-68.0,-69.0,-79.0,-100.0,-100.0,-100.0,-100.0
B0377,RP07,B,CTK45-dot-B,,27,,30.0,10.0,test,-100.0,-100.0,-100.0,-80.0,-77.0,-81.0,-85.0,-88.0,-68.0,-70.0,-56.0,-56.0,-100.0,-68.0,-68.0,-71.0,-100.0,-100.0,-100.0,-75.0,-76.0,-81.0,-85.0,-89.0,-68.0,-70.0,-57.0,-55.0,-100.0,-69.0,-68.0,-72.0,-100.0,-100.0,-79.0,-79.0
B0409,RP07,B,CTK45-dot-B,,15,,30.0,10.0,test,-100.0,-100.0,-100.0,-100.0,-100.0,-76.0,-85.0,-100.0,-100.0,-62.0,-59.0,-53.0,-100.0,-72.0,-63.0,-70.0,-100.0,-100.0,-100.0,-100.0,-100.0,-100.0,-85.0,-100.0,-100.0,-63.0,-59.0,-53.0,-100.0,-71.0,-63.0,-70.0,-100.0,-100.0,-100.0,-100.0
B0399,RP07,B,CTK45-dot-B,,29,,30.0,10.0,test,-84.0,-94.0,-100.0,-67.0,-76.0,-80.0,-100.0,-84.0,-55.0,-100.0,-51.0,-44.0,-64.0,-100.0,-63.0,-71.0,-84.0,-95.0,-100.0,-72.0,-76.0,-79.0,-100.0,-84.0,-55.0,-100.0,-50.0,-46.0,-63.0,-100.0,-63.0,-71.0,-72.0,-100.0,-75.0,-74.0
B0369,RP07,B,CTK45-dot-B,,18,,30.0,10.0,test,-85.0,-100.0,-100.0,-100.0,-74.0,-100.0,-100.0,-100.0,-100.0,-66.0,-44.0,-59.0,-100.0,-71.0,-65.0,-70.0,-100.0,-100.0,-100.0,-72.0,-74.0,-100.0,-100.0,-100.0,-100.0,-66.0,-44.0,-59.0,-100.0,-71.0,-64.0,-71.0,-81.0,-81.0,-100.0,-100.0
B0407,RP07,B,CTK45-dot-B,,31,,30.0,10.0,test,-85.0,-100.0,-100.0,-74.0,-77.0,-82.0,-100.0,-94.0,-72.0,-66.0,-60.0,-57.0,-67.0,-69.0,-73.0,-74.0,-89.0,-100.0,-100.0,-74.0,-77.0,-82.0,-100.0,-93.0,-72.0,-67.0,-47.0,-57.0,-67.0,-69.0,-74.0,-74.0,-81.0,-82.0,-81.0,-81.0
B0395,RP07,B,CTK45-dot-B,,17,,30.0,10.0,test,-82.0,-96.0,-89.0,-75.0,-100.0,-100.0,-100.0,-82.0,-100.0,-100.0,-56.0,-100.0,-61.0,-100.0,-71.0,-100.0,-100.0,-97.0,-87.0,-75.0,-100.0,-100.0,-100.0,-81.0,-100.0,-100.0,-57.0,-100.0,-61.0,-100.0,-71.0,-100.0,-75.0,-67.0,-100.0,-100.0
B0412,RP07,B,CTK45-dot-B,,30,,30.0,10.0,test,-89.0,-100.0,-100.0,-67.0,-73.0,-74.0,-83.0,-86.0,-61.0,-65.0,-53.0,-52.0,-72.0,-67.0,-65.0,-85.0,-100.0,-100.0,-100.0,-67.0,-73.0,-73.0,-82.0,-81.0,-61.0,-66.0,-52.0,-53.0,-72.0,-67.0,-65.0,-85.0,-100.0,-100.0,-74.0,-74.0
B0358,RP07,B,CTK45-dot-B,,33,,30.0,10.0,test,-85.0,-92.0,-100.0,-67.0,-75.0,-71.0,-100.0,-82.0,-65.0,-62.0,-47.0,-44.0,-76.0,-63.0,-67.0,-70.0,-84.0,-91.0,-100.0,-67.0,-75.0,-73.0,-100.0,-86.0,-65.0,-62.0,-48.0,-44.0,-77.0,-63.0,-67.0,-70.0,-100.0,-100.0,-80.0,-80.0
B0367,RP07,B,CTK45-dot-B,,33,,30.0,10.0,test,-100.0,-95.0,-100.0,-75.0,-71.0,-79.0,-84.0,-90.0,-58.0,-51.0,-48.0,-58.0,-65.0,-62.0,-68.0,-69.0,-100.0,-96.0,-100.0,-76.0,-71.0,-80.0,-84.0,-92.0,-58.0,-51.0,-48.0,-46.0,-65.0,-62.0,-69.0,-69.0,-75.0,-75.0,-77.0,-77.0
B0401,RP07,B,CTK45-dot-B,,20,,30.0,10.0,test,-100.0,-93.0,-100.0,-71.0,-100.0,-78.0,-100.0,-85.0,-53.0,-100.0,-58.0,-100.0,-64.0,-100.0,-62.0,-75.0,-100.0,-94.0,-100.0,-71.0,-100.0,-78.0,-100.0,-86.0,-55.0,-100.0,-58.0,-100.0,-64.0,-100.0,-63.0,-75.0,-71.0,-70.0,-100.0,-100.0
B0426,RP08,B,CTK45-dot-B,,21,,-30.0,14.0,train,-69.0,-73.0,-100.0,-56.0,-100.0,-77.0,-100.0,-91.0,-62.0,-100.0,-66.0,-100.0,-100.0,-100.0,-44.0,-54.0,-70.0,-73.0,-87.0,-55.0,-100.0,-74.0,-100.0,-90.0,-63.0,-100.0,-66.0,-100.0,-100.0,-100.0,-46.0,-54.0,-100.0,-44.0,-100.0,-100.0
B0454,RP08,B,CTK45-dot-B,,32,,-30.0,14.0,train,-73.0,-73.0,-85.0,-63.0,-60.0,-77.0,-78.0,-89.0,-58.0,-67.0,-70.0,-64.0,-78.0,-80.0,-43.0,-47.0,-73.0,-73.0,-86.0,-63.0,-62.0,-77.0,-77.0,-89.0,-59.0,-65.0,-71.0,-65.0,-78.0,-79.0,-43.0,-48.0,-100.0,-100.0,-100.0,-100.0
B0458,RP08,B,CTK45-dot-B,,28,,-30.0,14.0,train,-63.0,-69.0,-100.0,-54.0,-53.0,-100.0,-80.0,-90.0,-49.0,-100.0,-53.0,-100.0,-76.0,-100.0,-55.0,-51.0,-64.0,-69.0,-100.0,-55.0,-53.0,-100.0,-80.0,-91.0,-47.0,-100.0,-53.0,-100.0,-81.0,-100.0,-55.0,-48.0,-45.0,-53.0,-55.0,-55.0
B0425,RP08,B,CTK45-dot-B,,26,,-30.0,14.0,train,-69.0,-71.0,-100.0,-65.0,-61.0,-100.0,-75.0,-92.0,-100.0,-57.0,-100.0,-67.0,-76.0,-70.0,-45.0,-45.0,-71.0,-70.0,-100.0,-64.0,-61.0,-100.0,-74.0,-88.0,-100.0,-58.0,-100.0,-67.0,-100.0,-70.0,-45.0,-46.0,-100.0,-100.0,-53.0,-53.0
B0420,RP08,B,CTK45-dot-B,,25,,-30.0,14.0,train,-73.0,-71.0,-100.0,-64.0,-61.0,-77.0,-76.0,-91.0,-60.0,-57.0,-58.0,-66.0,-100.0,-100.0,-46.0,-46.0,-100.0,-71.0,-100.0,-64.0,-61.0,-100.0,-75.0,-100.0,-100.0,-57.0,-58.0,-67.0,-100.0,-100.0,-44.0,-46.0,-100.0,-100.0,-53.0,-53.0
B0463,RP08,B,CTK45-dot-B,,26,,-30.0,14.0,train,-62.0,-100.0,-100.0,-64.0,-63.0,-78.0,-80.0,-84.0,-55.0,-100.0,-68.0,-75.0,-75.0,-100.0,-40.0,-48.0,-62.0,-100.0,-100.0,-64.0,-63.0,-77.0,-80.0,-100.0,-55.0,-100.0,-68.0,-76.0,-100.0,-100.0,-41.0,-100.0,-63.0,-50.0,-100.0,-100.0
B0441,RP08,B,CTK45-dot-B,,26,,-30.0,14.0,train,-61.0,-73.0,-100.0,-56.0,-55.0,-77.0,-100.0,-100.0,-61.0,-59.0,-70.0,-65.0,-100.0,-80.0,-45.0,-52.0,-62.0,-73.0,-100.0,-56.0,-55.0,-77.0,-100.0,-87.0,-57.0,-58.0,-70.0,-65.0,-100.0,-80.0,-45.0,-52.0,-100.0,-100.0,-100.0,-100.0
B0456,RP08,B,CTK45-dot-B,,24,,-30.0,14.0,train,-67.0,-73.0,-100.0,-64.0,-58.0,-76.0,-100.0,-100.0,-66.0,-63.0,-100.0,-67.0,-100.0,-81.0,-41.0,-51.0,-67.0,-73.0,-85.0,-64.0,-58.0,-76.0,-100.0,-100.0,-66.0,-63.0,-100.0,-67.0,-75.0,-82.0,-40.0,-50.0,-100.0,-100.0,-100.0,-100.0
B0457,RP08,B,CTK45-dot-B,,24,,-30.0,14.0,train,-72.0,-74.0,-98.0,-65.0,-100.0,-78.0,-100.0,-89.0,-53.0,-100.0,-56.0,-100.0,-72.0,-100.0,-36.0,-48.0,-73.0,-74.0,-100.0,-65.0,-100.0,-80.0,-100.0,-90.0,-53.0,-100.0,-55.0,-100.0,-100.0,-100.0,-36.0,-48.0,-51.0,-51.0,-100.0,-100.0
2025:01:21:12:53:31,RP08,A,SM-S908E,2212343.0,34,-39.26606794774712,-30.0,14.0,train,-62.0,-69.0,-100.0,-56.0,-58.0,-78.0,-76.0,-100.0,-59.0,-64.0,-64.0,-75.0,-72.0,-82.0,-47.0,-50.0,-62.0,-69.0,-100.0,-56.0,-58.0,-79.0,-76.0,-100.0,-73.0,-64.0,-64.0,-72.0,-72.0,-83.0,-47.0,-50.0,-56.0,-55.0,-62.0,-62.0
2025:01:21:12:59:21,RP08,A,SM-S908E,2212343.0,32,-162.56178006287251,-30.0,14.0,train,-69.0,-74.0,-100.0,-66.0,-67.0,-80.0,-100.0,-100.0,-58.0,-67.0,-67.0,-74.0,-75.0,-100.0,-44.0,-54.0,-69.0,-74.0,-100.0,-66.0,-67.0,-81.0,-100.0,-100.0,-58.0,-67.0,-68.0,-74.0,-85.0,-86.0,-44.0,-54.0,-55.0,-55.0,-65.0,-65.0
B0446,RP08,B,CTK45-dot-B,,29,,-30.0,14.0,train,-100.0,-75.0,-100.0,-57.0,-62.0,-77.0,-72.0,-80.0,-59.0,-57.0,-100.0,-67.0,-100.0,-82.0,-45.0,-48.0,-100.0,-75.0,-100.0,-58.0,-62.0,-77.0,-72.0,-81.0,-59.0,-57.0,-100.0,-67.0,-100.0,-82.0,-45.0,-48.0,-70.0,-70.0,-61.0,-61.0
2025:01:21:12:48:21,RP08,A,SM-S908E,2212343.0,35,-96.72193931724033,-30.0,14.0,train,-64.0,-75.0,-87.0,-61.0,-62.0,-76.0,-74.0,-100.0,-59.0,-61.0,-73.0,-72.0,-69.0,-78.0,-41.0,-49.0,-66.0,-75.0,-85.0,-61.0,-62.0,-76.0,-74.0,-100.0,-60.0,-61.0,-73.0,-72.0,-69.0,-78.0,-41.0,-49.0,-60.0,-60.0,-63.0,-63.0
B0428,RP08,B,CTK45-dot-B,,29,,-30.0,14.0,train,-57.0,-77.0,-100.0,-53.0,-100.0,-72.0,-86.0,-100.0,-54.0,-65.0,-57.0,-74.0,-100.0,-83.0,-46.0,-44.0,-57.0,-76.0,-100.0,-53.0,-100.0,-72.0,-85.0,-100.0,-45.0,-64.0,-57.0,-73.0,-100.0,-83.0,-54.0,-46.0,-46.0,-46.0,-100.0,-100.0
B0427,RP08,B,CTK45-dot-B,,32,,-30.0,14.0,train,-60.0,-100.0,-78.0,-51.0,-61.0,-71.0,-100.0,-79.0,-59.0,-61.0,-63.0,-63.0,-75.0,-87.0,-42.0,-54.0,-61.0,-100.0,-78.0,-51.0,-61.5,-70.0,-100.0,-88.0,-43.0,-61.0,-63.0,-63.0,-74.0,-88.0,-42.0,-55.0,-49.0,-50.0,-100.0,-100.0
B0435,RP08,B,CTK45-dot-B,,23,,-30.0,14.0,train,-59.0,-68.0,-100.0,-61.0,-100.0,-73.0,-100.0,-100.0,-57.0,-100.0,-59.0,-100.0,-71.0,-100.0,-48.0,-49.0,-58.0,-68.0,-100.0,-60.0,-100.0,-73.0,-100.0,-100.0,-57.0,-100.0,-60.0,-100.0,-72.0,-100.0,-47.0,-50.0,-48.0,-49.0,-100.0,-100.0
2025:01:21:12:56:45,RP08,A,SM-S908E,2212343.0,29,32.04677852966033,-30.0,14.0,train,-70.0,-75.0,-85.0,-70.0,-70.0,-77.0,-77.0,-100.0,-67.0,-70.0,-69.0,-63.0,-76.0,-100.0,-56.0,-100.0,-68.0,-75.0,-100.0,-70.0,-70.0,-76.0,-77.0,-100.0,-67.0,-70.0,-69.0,-63.0,-100.0,-100.0,-56.0,-100.0,-64.0,-100.0,-66.0,-66.0
B0464,RP08,B,CTK45-dot-B,,38,,-30.0,14.0,train,-69.0,-78.0,-90.0,-56.0,-71.0,-70.0,-100.0,-89.0,-58.0,-72.0,-62.0,-75.0,-76.0,-93.0,-42.0,-49.0,-68.0,-77.0,-81.0,-56.0,-71.0,-70.0,-100.0,-88.0,-57.0,-72.0,-62.0,-75.0,-76.0,-92.0,-40.0,-48.0,-60.0,-60.0,-56.0,-56.0
B0430,RP08,B,CTK45-dot-B,,29,,-30.0,14.0,train,-59.0,-100.0,-100.0,-58.0,-64.0,-77.0,-84.0,-91.0,-100.0,-63.0,-55.0,-100.0,-73.0,-82.0,-45.0,-53.0,-59.0,-100.0,-100.0,-58.0,-64.0,-68.0,-84.0,-91.0,-100.0,-62.0,-56.0,-100.0,-79.0,-82.0,-45.0,-100.0,-50.0,-50.0,-58.0,-58.0
B0462,RP08,B,CTK45-dot-B,,22,,-30.0,14.0,train,-65.0,-72.0,-86.0,-51.0,-100.0,-70.0,-100.0,-87.0,-100.0,-100.0,-72.0,-100.0,-75.0,-100.0,-38.0,-47.0,-65.0,-72.0,-84.0,-51.0,-100.0,-70.0,-100.0,-88.0,-100.0,-100.0,-83.0,-100.0,-75.0,-100.0,-39.0,-47.0,-48.0,-47.0,-100.0,-100.0
B0443,RP08,B,CTK45-dot-B,,31,,-30.0,14.0,train,-70.0,-71.0,-100.0,-62.0,-59.0,-77.0,-73.0,-95.0,-58.0,-57.0,-57.0,-65.0,-75.0,-71.0,-46.0,-46.0,-68.0,-71.0,-100.0,-63.0,-59.0,-78.0,-73.0,-100.0,-58.0,-57.0,-58.0,-65.0,-75.0,-72.0,-46.0,-46.0,-100.0,-100.0,-55.0,-55.0
B0421,RP08,B,CTK45-dot-B,,33,,-30.0,14.0,train,-70.0,-70.0,-88.0,-62.0,-63.0,-78.0,-75.0,-93.0,-59.0,-60.0,-58.0,-67.0,-78.0,-73.0,-100.0,-47.0,-69.0,-70.0,-100.0,-62.0,-63.0,-78.0,-75.0,-100.0,-59.0,-58.0,-58.0,-67.0,-77.0,-72.0,-100.0,-47.0,-55.0,-56.0,-54.0,-54.0
B0444,RP08,B,CTK45-dot-B,,31,,-30.0,14.0,train,-75.0,-70.0,-100.0,-62.0,-60.0,-79.0,-75.0,-94.0,-58.0,-58.0,-100.0,-66.0,-75.0,-72.0,-45.0,-46.0,-69.0,-70.0,-100.0,-62.0,-60.0,-78.0,-74.0,-94.0,-58.0,-58.0,-100.0,-67.0,-75.0,-72.0,-45.0,-46.0,-100.0,-100.0,-51.0,-51.0
2025:01:21:12:47:33,RP08,A,SM-S908E,2212343.0,40,-95.94016132409612,-30.0,14.0,train,-67.0,-76.0,-87.0,-60.0,-67.0,-76.0,-74.0,-90.0,-61.0,-63.0,-65.0,-75.0,-70.0,-79.0,-42.0,-45.0,-65.0,-76.0,-87.0,-60.0,-67.0,-77.0,-74.0,-89.0,-61.0,-62.0,-65.0,-75.0,-70.0,-80.0,-42.0,-45.0,-64.0,-64.0,-68.0,-68.0
B0442,RP08,B,CTK45-dot-B,,29,,-30.0,14.0,train,-100.0,-61.0,-100.0,-55.0,-58.0,-77.0,-100.0,-100.0,-56.0,-61.0,-80.0,-63.0,-100.0,-74.0,-36.0,-47.0,-100.0,-61.0,-80.0,-55.0,-58.0,-77.0,-100.0,-100.0,-56.0,-61.0,-80.0,-63.0,-100.0,-74.0,-37.0,-47.0,-52.0,-52.0,-100.0,-100.0
B0449,RP08,B,CTK45-dot-B,,28,,-30.0,14.0,train,-70.0,-69.0,-100.0,-61.0,-60.0,-100.0,-71.0,-100.0,-60.0,-60.0,-100.0,-65.0,-100.0,-70.0,-46.0,-46.0,-70.0,-69.0,-100.0,-100.0,-60.0,-77.0,-71.0,-100.0,-60.0,-59.0,-100.0,-65.0,-100.0,-69.0,-46.0,-45.0,-55.0,-56.0,-50.0,-50.0
B0439,RP08,B,CTK45-dot-B,,34,,-30.0,14.0,train,-60.0,-73.0,-86.0,-54.0,-55.0,-79.0,-79.0,-86.0,-57.0,-56.0,-71.0,-64.0,-75.0,-77.0,-44.0,-51.0,-61.0,-74.0,-86.0,-54.0,-55.0,-79.0,-79.0,-86.0,-57.0,-56.0,-73.0,-64.0,-76.0,-77.0,-44.0,-51.0,-58.0,-100.0,-100.0,-100.0
B0448,RP08,B,CTK45-dot-B,,35,,-30.0,14.0,train,-68.0,-70.0,-88.0,-60.0,-60.0,-78.0,-74.0,-92.0,-58.0,-59.0,-57.0,-64.0,-72.0,-70.0,-45.0,-44.0,-69.0,-70.0,-89.0,-60.0,-60.0,-79.0,-74.0,-94.0,-58.0,-59.0,-58.0,-64.0,-72.0,-70.0,-45.0,-42.0,-100.0,-100.0,-52.0,-52.0
B0459,RP08,B,CTK45-dot-B,,18,,-30.0,14.0,train,-100.0,-71.0,-78.0,-63.0,-100.0,-100.0,-100.0,-92.0,-100.0,-100.0,-61.0,-100.0,-100.0,-100.0,-54.0,-47.0,-100.0,-70.0,-78.0,-64.0,-100.0,-100.0,-100.0,-94.0,-100.0,-100.0,-61.0,-100.0,-68.0,-100.0,-55.0,-47.0,-43.0,-43.0,-100.0,-100.0
B0466,RP08,B,CTK45-dot-B,,35,,-30.0,14.0,train,-69.0,-66.0,-88.0,-66.0,-59.0,-82.0,-100.0,-89.0,-59.0,-62.0,-68.0,-68.0,-76.0,-76.0,-50.0,-47.0,-68.0,-67.0,-88.0,-66.0,-63.0,-82.0,-100.0,-90.0,-60.0,-62.0,-68.0,-68.0,-77.0,-76.0,-50.0,-47.0,-59.0,-58.0,-100.0,-100.0
B0472,RP08,B,CTK45-dot-B,,21,,-30.0,14.0,train,-51.0,-71.0,-100.0,-61.0,-100.0,-74.0,-100.0,-90.0,-58.0,-100.0,-54.0,-100.0,-67.0,-100.0,-48.0,-44.0,-51.0,-72.0,-88.0,-62.0,-100.0,-73.0,-100.0,-90.0,-67.0,-100.0,-55.0,-100.0,-66.0,-100.0,-48.0,-100.0,-100.0,-100.0,-100.0,-100.0
B0445,RP08,B,CTK45-dot-B,,32,,-30.0,14.0,train,-67.0,-74.0,-83.0,-61.0,-59.0,-72.0,-100.0,-85.0,-64.0,-66.0,-65.0,-68.0,-74.0,-79.0,-40.0,-50.0,-67.0,-74.0,-84.0,-61.0,-59.0,-72.0,-100.0,-89.0,-64.0,-64.0,-65.0,-68.0,-73.0,-80.0,-40.0,-50.0,-66.0,-63.0,-100.0,-100.0
B0416,RP08,B,CTK45-dot-B,,25,,-30.0,14.0,train,-100.0,-72.0,-100.0,-66.0,-64.0,-76.0,-76.0,-92.0,-59.0,-55.0,-100.0,-67.0,-100.0,-74.0,-46.0,-46.0,-100.0,-71.0,-100.0,-100.0,-64.0,-76.0,-75.0,-88.0,-60.0,-58.0,-100.0,-67.0,-100.0,-74.0,-100.0,-46.0,-100.0,-100.0,-53.0,-53.0
B0418,RP08,B,CTK45-dot-B,,35,,-30.0,14.0,train,-72.0,-69.0,-100.0,-63.0,-60.0,-76.0,-76.0,-90.0,-62.0,-58.0,-59.0,-66.0,-76.0,-71.0,-45.0,-43.0,-71.0,-69.0,-100.0,-63.0,-60.0,-75.0,-75.0,-93.0,-62.0,-58.0,-61.0,-66.0,-76.0,-72.0,-45.0,-45.0,-58.0,-100.0,-51.0,-51.0
B0450,RP08,B,CTK45-dot-B,,34,,-30.0,14.0,train,-73.0,-70.0,-100.0,-61.0,-60.0,-78.0,-76.0,-92.0,-58.0,-60.0,-57.0,-67.0,-75.0,-72.0,-48.0,-46.0,-71.0,-70.0,-100.0,-64.0,-60.0,-77.0,-75.0,-100.0,-59.0,-58.0,-57.0,-67.0,-76.0,-72.0,-48.0,-46.0,-60.0,-59.0,-52.0,-52.0
2025:01:21:12:54:09,RP08,A,SM-S908E,2212343.0,38,34.41489502990073,-30.0,14.0,train,-60.0,-75.0,-85.0,-59.0,-59.0,-77.0,-78.0,-100.0,-62.0,-70.0,-69.0,-64.0,-73.0,-82.0,-45.0,-56.0,-60.0,-75.0,-84.0,-59.0,-60.0,-77.0,-79.0,-100.0,-62.0,-70.0,-69.0,-64.0,-73.0,-82.0,-45.0,-53.0,-58.0,-58.0,-62.0,-62.0
2025:01:21:12:54:55,RP08,A,SM-S908E,2212343.0,32,32.24750283402851,-30.0,14.0,train,-66.0,-77.0,-100.0,-67.0,-69.0,-75.0,-80.0,-100.0,-65.0,-69.0,-66.0,-64.0,-73.0,-100.0,-57.0,-100.0,-66.0,-77.0,-100.0,-67.0,-70.0,-76.0,-80.0,-100.0,-65.0,-69.0,-67.0,-64.0,-73.0,-100.0,-57.0,-53.0,-62.0,-62.0,-66.0,-66.0
2025:01:21:12:50:04,RP08,A,SM-S908E,2212343.0,38,-37.48834033763882,-30.0,14.0,train,-65.0,-77.0,-84.0,-62.0,-65.0,-77.0,-76.0,-100.0,-58.0,-64.0,-69.0,-71.0,-69.0,-83.0,-40.0,-45.0,-66.0,-77.0,-82.0,-62.0,-66.0,-77.0,-76.0,-100.0,-58.0,-64.0,-69.0,-71.0,-100.0,-83.0,-41.0,-44.0,-60.0,-60.0,-64.0,-64.0
B0453,RP08,B,CTK45-dot-B,,30,,-30.0,14.0,train,-75.0,-70.0,-100.0,-62.0,-61.0,-100.0,-72.0,-94.0,-58.0,-58.0,-57.0,-64.0,-74.0,-73.0,-100.0,-47.0,-72.0,-71.0,-100.0,-63.0,-61.0,-100.0,-72.0,-94.0,-58.0,-58.0,-59.0,-64.0,-76.0,-72.0,-100.0,-47.0,-56.0,-58.0,-52.0,-52.0
B0422,RP08,B,CTK45-dot-B,,32,,-30.0,14.0,train,-68.0,-67.0,-100.0,-71.0,-59.0,-83.0,-100.0,-94.0,-66.0,-70.0,-71.0,-73.0,-73.0,-76.0,-45.0,-48.0,-68.0,-67.0,-100.0,-69.0,-60.0,-84.0,-100.0,-96.0,-65.0,-70.0,-71.0,-73.0,-73.0,-76.0,-44.0,-48.0,-59.0,-59.0,-100.0,-100.0
B0471,RP08,B,CTK45-dot-B,,32,,-30.0,14.0,train,-60.0,-70.0,-100.0,-52.0,-100.0,-72.0,-76.0,-85.0,-49.0,-59.0,-69.0,-55.0,-67.0,-77.0,-41.0,-53.0,-60.0,-70.0,-100.0,-61.0,-100.0,-71.0,-76.0,-85.0,-49.0,-59.0,-79.0,-55.0,-77.0,-77.0,-41.0,-46.0,-50.0,-50.0,-57.0,-57.0
2025:01:21:12:51:58,RP08,A,SM-S908E,2212343.0,38,-39.15319869985312,-30.0,14.0,train,-63.0,-69.0,-81.0,-61.0,-58.0,-77.0,-78.0,-100.0,-69.0,-64.0,-68.0,-72.0,-73.0,-80.0,-47.0,-51.0,-63.0,-69.0,-100.0,-62.0,-58.0,-78.0,-79.0,-100.0,-69.0,-64.0,-68.0,-72.0,-73.0,-80.0,-48.0,-51.0,-58.0,-58.0,-66.0,-65.0
2025:01:21:13:00:04,RP08,A,SM-S908E,2212343.0,37,-162.94446430381834,-30.0,14.0,train,-66.0,-75.0,-87.0,-66.0,-65.0,-80.0,-82.0,-87.0,-53.0,-57.0,-69.0,-71.0,-77.0,-81.0,-45.0,-50.0,-60.0,-75.0,-100.0,-66.0,-65.0,-80.0,-82.0,-100.0,-53.0,-57.0,-69.0,-72.0,-78.0,-81.0,-45.0,-50.0,-56.0,-56.0,-65.0,-65.0
B0465,RP08,B,CTK45-dot-B,,30,,-30.0,14.0,train,-65.0,-73.0,-84.0,-62.0,-60.0,-71.0,-100.0,-88.0,-65.0,-62.0,-68.0,-73.0,-76.0,-79.0,-40.0,-50.0,-65.0,-73.0,-84.0,-62.0,-59.0,-71.0,-100.0,-89.0,-64.0,-62.0,-68.0,-73.0,-76.0,-78.0,-40.0,-50.0,-100.0,-100.0,-100.0,-100.0
B0438,RP08,B,CTK45-dot-B,,28,,-30.0,14.0,train,-60.0,-71.0,-89.0,-54.0,-54.0,-77.0,-100.0,-100.0,-58.0,-56.0,-70.0,-64.0,-74.0,-77.0,-43.0,-50.0,-61.0,-71.0,-89.0,-54.0,-54.0,-78.0,-100.0,-100.0,-58.0,-56.0,-70.0,-64.0,-74.0,-77.0,-43.0,-50.0,-100.0,-100.0,-100.0,-100.0
2025:01:21:12:45:55,RP08,A,SM-S908E,2212343.0,33,-95.56244462723409,-30.0,14.0,train,-70.0,-75.0,-100.0,-58.0,-66.0,-70.0,-76.0,-100.0,-59.0,-85.0,-67.0,-73.0,-76.0,-81.0,-57.0,-48.0,-73.0,-75.0,-100.0,-58.0,-66.0,-70.0,-76.0,-100.0,-77.0,-85.0,-66.0,-73.0,-76.0,-82.0,-58.0,-48.0,-57.0,-57.0,-66.0,-66.0
B0419,RP08,B,CTK45-dot-B,,32,,-30.0,14.0,train,-71.0,-70.0,-89.0,-63.0,-60.0,-100.0,-76.0,-93.0,-61.0,-57.0,-58.0,-67.0,-76.0,-70.0,-46.0,-45.0,-72.0,-70.0,-100.0,-63.0,-60.0,-100.0,-75.0,-95.0,-61.0,-57.0,-58.0,-67.0,-76.0,-69.0,-46.0,-45.0,-100.0,-100.0,-53.0,-53.0
2025:01:21:12:46:45,RP08,A,SM-S908E,2212343.0,34,-96.43535155769385,-30.0,14.0,train,-64.0,-77.0,-100.0,-63.0,-64.0,-77.0,-75.0,-100.0,-62.0,-65.0,-65.0,-71.0,-70.0,-80.0,-48.0,-48.0,-65.0,-78.0,-100.0,-64.0,-64.0,-78.0,-75.0,-100.0,-62.0,-65.0,-66.0,-71.0,-70.0,-79.0,-48.0,-48.0,-61.0,-61.0,-65.0,-65.0
B0473,RP08,B,CTK45-dot-B,,23,,-30.0,14.0,train,-63.0,-65.0,-77.0,-56.0,-100.0,-70.0,-100.0,-100.0,-54.0,-100.0,-63.0,-100.0,-73.0,-100.0,-45.0,-51.0,-64.0,-65.0,-100.0,-56.0,-100.0,-69.0,-100.0,-100.0,-53.0,-100.0,-63.0,-100.0,-73.0,-100.0,-45.0,-52.0,-48.0,-48.0,-100.0,-100.0
B0437,RP08,B,CTK45-dot-B,,29,,-30.0,14.0,train,-59.0,-63.0,-81.0,-54.0,-59.0,-76.0,-100.0,-100.0,-54.0,-63.0,-76.0,-62.0,-75.0,-75.0,-36.0,-47.0,-59.0,-63.0,-82.0,-55.0,-59.0,-76.0,-100.0,-100.0,-54.0,-63.0,-76.0,-62.0,-75.0,-74.0,-36.0,-48.0,-100.0,-100.0,-100.0,-100.0
B0431,RP08,B,CTK45-dot-B,,21,,-30.0,14.0,train,-61.0,-100.0,-100.0,-59.0,-100.0,-77.0,-100.0,-85.0,-51.0,-100.0,-60.0,-100.0,-67.0,-100.0,-49.0,-48.0,-62.0,-100.0,-100.0,-58.0,-100.0,-66.0,-100.0,-87.0,-52.0,-100.0,-63.0,-100.0,-67.0,-100.0,-49.0,-48.0,-49.0,-47.0,-100.0,-100.0
B0424,RP08,B,CTK45-dot-B,,33,,-30.0,14.0,train,-71.0,-70.0,-100.0,-65.0,-61.0,-77.0,-75.0,-91.0,-60.0,-57.0,-58.0,-65.0,-76.0,-71.0,-45.0,-43.0,-72.0,-70.0,-100.0,-65.0,-60.0,-77.0,-75.0,-91.0,-61.0,-57.0,-85.0,-65.0,-77.0,-71.0,-46.0,-43.0,-57.0,-100.0,-53.0,-53.0
B0460,RP08,B,CTK45-dot-B,,28,,-30.0,14.0,train,-57.0,-71.0,-84.0,-56.0,-51.0,-77.0,-72.0,-100.0,-63.0,-100.0,-59.0,-100.0,-73.0,-100.0,-41.0,-45.0,-57.0,-71.0,-100.0,-56.0,-52.0,-67.0,-72.0,-84.0,-64.0,-100.0,-60.0,-100.0,-74.0,-100.0,-50.0,-46.0,-46.0,-45.0,-46.0,-46.0
B0469,RP08,B,CTK45-dot-B,,29,,-30.0,14.0,train,-72.0,-67.0,-91.0,-61.0,-56.0,-80.0,-100.0,-100.0,-64.0,-67.0,-73.0,-72.0,-75.0,-76.0,-47.0,-47.0,-72.0,-68.0,-90.0,-61.0,-59.0,-100.0,-73.0,-100.0,-64.0,-68.0,-73.0,-72.0,-75.0,-76.0,-48.0,-48.0,-100.0,-100.0,-100.0,-100.0
B0423,RP08,B,CTK45-dot-B,,23,,-30.0,14.0,train,-76.0,-100.0,-100.0,-65.0,-61.0,-100.0,-100.0,-100.0,-63.0,-61.0,-69.0,-68.0,-75.0,-78.0,-41.0,-50.0,-75.0,-100.0,-84.0,-66.0,-61.0,-100.0,-100.0,-100.0,-64.0,-63.0,-69.0,-68.0,-75.0,-79.0,-43.0,-51.0,-100.0,-100.0,-100.0,-100.0
B0415,RP08,B,CTK45-dot-B,,34,,-30.0,14.0,train,-71.0,-69.0,-100.0,-61.0,-61.0,-75.0,-74.0,-92.0,-59.0,-58.0,-58.0,-66.0,-76.0,-71.0,-45.0,-45.0,-72.0,-69.0,-100.0,-62.0,-61.0,-74.0,-74.0,-92.0,-59.0,-59.0,-58.0,-66.0,-75.0,-71.0,-45.0,-45.0,-57.0,-100.0,-52.0,-52.0
B0468,RP08,B,CTK45-dot-B,,40,,-30.0,14.0,validation,-59.0,-59.0,-67.0,-52.0,-57.0,-77.0,-65.0,-88.0,-61.0,-61.0,-57.0,-67.0,-72.0,-80.0,-41.0,-39.0,-60.0,-59.0,-67.0,-52.0,-57.0,-67.0,-65.0,-88.0,-62.0,-62.0,-57.0,-67.0,-75.0,-82.0,-41.0,-39.0,-55.0,-62.0,-100.0,-100.0
2025:01:21:12:56:08,RP08,A,SM-S908E,2212343.0,38,35.19015677404091,-30.0,14.0,validation,-69.0,-77.0,-84.0,-65.0,-70.0,-78.0,-79.0,-100.0,-58.0,-66.0,-66.0,-63.0,-74.0,-86.0,-52.0,-100.0,-69.0,-78.0,-85.0,-65.0,-70.0,-78.0,-79.0,-100.0,-58.0,-66.0,-66.0,-63.0,-74.0,-87.0,-53.0,-53.0,-66.0,-66.0,-67.0,-67.0
B0470,RP08,B,CTK45-dot-B,,28,,-30.0,14.0,validation,-66.0,-68.0,-91.0,-62.0,-62.0,-80.0,-100.0,-95.0,-65.0,-64.0,-69.0,-74.0,-100.0,-76.0,-47.0,-49.0,-68.0,-68.0,-93.0,-63.0,-62.0,-80.0,-100.0,-95.0,-65.0,-64.0,-69.0,-74.0,-100.0,-76.0,-47.0,-50.0,-100.0,-100.0,-100.0,-100.0
B0451,RP08,B,CTK45-dot-B,,33,,-30.0,14.0,validation,-68.0,-70.0,-84.0,-61.0,-62.0,-78.0,-72.0,-92.0,-58.0,-58.0,-57.0,-63.0,-75.0,-73.0,-46.0,-47.0,-70.0,-70.0,-100.0,-64.0,-62.0,-77.0,-72.0,-95.0,-58.0,-57.0,-59.0,-63.0,-74.0,-72.0,-50.0,-47.0,-100.0,-100.0,-52.0,-52.0
B0447,RP08,B,CTK45-dot-B,,27,,-30.0,14.0,validation,-100.0,-66.0,-100.0,-68.0,-56.0,-83.0,-74.0,-100.0,-66.0,-62.0,-72.0,-76.0,-100.0,-81.0,-51.0,-51.0,-100.0,-66.0,-100.0,-69.0,-56.0,-100.0,-74.0,-100.0,-65.0,-63.0,-72.0,-76.0,-100.0,-82.0,-50.0,-51.0,-100.0,-100.0,-63.0,-63.0
2025:01:21:12:58:12,RP08,A,SM-S908E,2212343.0,35,-163.05979497840022,-30.0,14.0,validation,-66.0,-74.0,-100.0,-67.0,-63.0,-79.0,-81.0,-87.0,-53.0,-57.0,-69.0,-72.0,-77.0,-82.0,-45.0,-52.0,-67.0,-75.0,-100.0,-67.0,-63.0,-79.0,-81.0,-86.0,-53.0,-57.0,-69.0,-72.0,-77.0,-82.0,-46.0,-52.0,-53.0,-53.0,-66.0,-65.0
B0434,RP08,B,CTK45-dot-B,,38,,-30.0,14.0,validation,-60.0,-75.0,-87.0,-55.0,-55.0,-77.0,-81.0,-87.0,-59.0,-59.0,-69.0,-65.0,-78.0,-78.0,-46.0,-49.0,-61.0,-74.0,-88.0,-55.0,-55.0,-77.0,-81.0,-87.0,-59.0,-59.0,-69.0,-65.0,-78.0,-79.0,-46.0,-49.0,-58.0,-58.0,-100.0,-100.0
B0417,RP08,B,CTK45-dot-B,,26,,-30.0,14.0,validation,-100.0,-71.0,-100.0,-63.0,-63.0,-75.0,-73.0,-100.0,-57.0,-58.0,-59.0,-65.0,-100.0,-100.0,-45.0,-46.0,-100.0,-71.0,-100.0,-63.0,-63.0,-76.0,-73.0,-100.0,-57.0,-58.0,-60.0,-65.0,-77.0,-73.0,-44.0,-46.0,-100.0,-100.0,-54.0,-53.0
B0455,RP08,B,CTK45-dot-B,,20,,-30.0,14.0,validation,-67.0,-100.0,-100.0,-51.0,-100.0,-68.0,-100.0,-86.0,-60.0,-100.0,-60.0,-100.0,-78.0,-100.0,-39.0,-48.0,-67.0,-100.0,-100.0,-51.0,-100.0,-77.0,-100.0,-85.0,-60.0,-100.0,-60.0,-100.0,-76.0,-100.0,-40.0,-48.0,-52.0,-52.0,-100.0,-100.0
B0440,RP08,B,CTK45-dot-B,,30,,-30.0,14.0,validation,-60.0,-72.0,-88.0,-56.0,-55.0,-81.0,-100.0,-86.0,-56.0,-56.0,-74.0,-64.0,-76.0,-79.0,-43.0,-52.0,-60.0,-72.0,-88.0,-56.0,-55.0,-80.0,-100.0,-87.0,-56.0,-56.0,-74.0,-64.0,-76.0,-78.0,-43.0,-52.0,-100.0,-100.0,-100.0,-100.0
2025:01:21:12:52:45,RP08,A,SM-S908E,2212343.0,30,-39.398193734177674,-30.0,14.0,validation,-63.0,-69.0,-100.0,-60.0,-57.0,-76.0,-78.0,-100.0,-66.0,-71.0,-65.0,-69.0,-72.0,-100.0,-46.0,-50.0,-63.0,-69.0,-100.0,-60.0,-57.0,-77.0,-77.0,-100.0,-66.0,-71.0,-63.0,-69.0,-72.0,-100.0,-46.0,-50.0,-66.0,-66.0,-61.0,-61.0
2025:01:21:12:55:32,RP08,A,SM-S908E,2212343.0,32,38.08280582248325,-30.0,14.0,validation,-66.0,-76.0,-100.0,-65.0,-69.0,-75.0,-77.0,-100.0,-65.0,-67.0,-67.0,-62.0,-73.0,-100.0,-51.0,-100.0,-66.0,-76.0,-100.0,-65.0,-69.0,-75.0,-78.0,-100.0,-65.0,-67.0,-67.0,-62.0,-74.0,-100.0,-51.0,-53.0,-65.0,-65.0,-65.0,-64.0
2025:01:21:12:58:46,RP08,A,SM-S908E,2212343.0,32,-163.40177629757997,-30.0,14.0,test,-71.0,-75.0,-100.0,-62.0,-63.0,-81.0,-81.0,-100.0,-59.0,-66.0,-66.0,-74.0,-85.0,-100.0,-44.0,-57.0,-67.0,-75.0,-100.0,-63.0,-63.0,-82.0,-81.0,-100.0,-59.0,-65.0,-66.0,-74.0,-100.0,-100.0,-45.0,-57.0,-56.0,-56.0,-66.0,-66.0
B0432,RP08,B,CTK45-dot-B,,30,,-30.0,14.0,test,-100.0,-70.0,-100.0,-63.0,-61.0,-78.0,-73.0,-91.0,-58.0,-58.0,-58.0,-66.0,-74.0,-72.0,-47.0,-46.0,-100.0,-70.0,-100.0,-66.0,-61.0,-77.0,-73.0,-87.0,-58.0,-57.0,-58.0,-66.0,-75.0,-71.0,-46.0,-46.0,-100.0,-100.0,-53.0,-53.0
B0433,RP08,B,CTK45-dot-B,,36,,-30.0,14.0,test,-60.0,-61.0,-100.0,-55.0,-59.0,-76.0,-67.0,-96.0,-59.0,-66.0,-77.0,-62.0,-77.0,-74.0,-36.0,-47.0,-61.0,-61.0,-100.0,-56.0,-58.0,-76.0,-67.0,-94.0,-59.0,-67.0,-76.0,-62.0,-77.0,-74.0,-37.0,-46.0,-53.0,-52.0,-100.0,-100.0
B0474,RP08,B,CTK45-dot-B,,23,,-30.0,14.0,test,-100.0,-66.0,-90.0,-52.0,-100.0,-69.0,-100.0,-83.0,-56.0,-100.0,-63.0,-100.0,-100.0,-100.0,-49.0,-44.0,-100.0,-67.0,-100.0,-52.0,-100.0,-69.0,-100.0,-83.0,-65.0,-100.0,-64.0,-100.0,-100.0,-100.0,-49.0,-44.0,-53.0,-54.0,-100.0,-100.0
B0436,RP08,B,CTK45-dot-B,,34,,-30.0,14.0,test,-57.0,-62.0,-80.0,-58.0,-58.0,-78.0,-100.0,-100.0,-53.0,-61.0,-76.0,-62.0,-72.0,-73.0,-37.0,-48.0,-57.0,-62.0,-80.0,-58.0,-58.0,-79.0,-100.0,-89.0,-53.0,-62.0,-76.0,-62.0,-74.0,-73.0,-37.0,-48.0,-61.0,-61.0,-100.0,-100.0
2025:01:21:12:51:09,RP08,A,SM-S908E,2212343.0,34,-37.777422182467504,-30.0,14.0,test,-62.0,-68.0,-84.0,-64.0,-59.0,-81.0,-78.0,-100.0,-62.0,-65.0,-64.0,-72.0,-72.0,-81.0,-47.0,-49.0,-62.0,-68.0,-82.0,-64.0,-60.0,-81.0,-78.0,-100.0,-62.0,-65.0,-64.0,-72.0,-73.0,-81.0,-47.0,-49.0,-62.0,-62.0,-62.0,-62.0
B0461,RP08,B,CTK45-dot-B,,38,,-30.0,14.0,test,-65.0,-72.0,-79.0,-57.0,-54.0,-69.0,-100.0,-98.0,-65.0,-62.0,-60.0,-65.0,-73.0,-82.0,-40.0,-41.0,-66.0,-72.0,-79.0,-57.0,-54.0,-68.0,-100.0,-86.0,-65.0,-63.0,-60.0,-66.0,-70.0,-81.0,-40.0,-47.0,-47.0,-45.0,-45.0,-45.0
B0429,RP08,B,CTK45-dot-B,,24,,-30.0,14.0,test,-64.0,-74.0,-82.0,-65.0,-100.0,-70.0,-100.0,-100.0,-54.0,-100.0,-57.0,-100.0,-80.0,-100.0,-38.0,-45.0,-62.0,-74.0,-100.0,-65.0,-100.0,-70.0,-100.0,-100.0,-54.0,-100.0,-58.0,-100.0,-80.0,-100.0,-47.0,-45.0,-51.0,-51.0,-100.0,-100.0
B0467,RP08,B,CTK45-dot-B,,37,,-30.0,14.0,test,-69.0,-66.0,-88.0,-66.0,-59.0,-82.0,-74.0,-89.0,-59.0,-62.0,-68.0,-68.0,-76.0,-76.0,-50.0,-47.0,-68.0,-67.0,-88.0,-66.0,-63.0,-82.0,-74.0,-90.0,-60.0,-62.0,-68.0,-68.0,-77.0,-76.0,-50.0,-47.0,-59.0,-58.0,-100.0,-100.0
2025:01:21:12:49:22,RP08,A,SM-S908E,2212343.0,38,-94.4621651253546,-30.0,14.0,test,-63.0,-77.0,-82.0,-57.0,-66.0,-76.0,-75.0,-100.0,-56.0,-64.0,-63.0,-72.0,-69.0,-79.0,-41.0,-47.0,-63.0,-77.0,-80.0,-57.0,-66.0,-77.0,-75.0,-100.0,-56.0,-64.0,-63.0,-73.0,-70.0,-79.0,-40.0,-47.0,-59.0,-59.0,-64.0,-64.0
2025:01:21:12:57:32,RP08,A,SM-S908E,2212343.0,31,-164.1717227122547,-30.0,14.0,test,-67.0,-75.0,-100.0,-100.0,-68.0,-76.0,-79.0,-100.0,-64.0,-66.0,-68.0,-63.0,-100.0,-87.0,-52.0,-100.0,-68.0,-76.0,-100.0,-70.0,-68.0,-76.0,-79.0,-100.0,-64.0,-66.0,-68.0,-63.0,-100.0,-100.0,-52.0,-52.0,-65.0,-65.0,-65.0,-65.0
B0452,RP08,B,CTK45-dot-B,,26,,-30.0,14.0,test,-100.0,-72.0,-100.0,-62.0,-61.0,-78.0,-73.0,-100.0,-58.0,-58.0,-58.0,-67.0,-100.0,-71.0,-48.0,-47.0,-100.0,-72.0,-100.0,-62.0,-61.0,-78.0,-73.0,-100.0,-58.0,-57.0,-58.0,-66.0,-100.0,-71.0,-49.0,-47.0,-100.0,-100.0,-53.0,-53.0
B0489,RP09,B,CTK45-dot-B,,18,,38.0,7.0,train,-100.0,-87.0,-100.0,-59.0,-100.0,-79.0,-100.0,-100.0,-49.0,-100.0,-39.0,-100.0,-61.0,-100.0,-100.0,-68.0,-77.0,-87.0,-100.0,-59.0,-100.0,-72.0,-100.0,-100.0,-49.0,-100.0,-62.0,-100.0,-61.0,-100.0,-100.0,-68.0,-100.0,-100.0,-100.0,-100.0
2025:01:24:09:49:21,RP09,A,SM-S908E,2212343.0,39,-39.53690853525223,38.0,7.0,train,-88.0,-86.0,-100.0,-68.0,-73.0,-82.0,-78.0,-90.0,-64.0,-69.0,-43.0,-52.0,-68.0,-71.0,-73.0,-77.0,-88.0,-87.0,-100.0,-68.0,-73.0,-82.0,-78.0,-88.0,-64.0,-69.0,-43.0,-52.0,-68.0,-71.0,-73.0,-77.0,-80.0,-80.0,-80.0,-79.0
B0495,RP09,B,CTK45-dot-B,,38,,38.0,7.0,train,-73.0,-81.0,-100.0,-45.0,-52.0,-72.0,-71.0,-81.0,-45.0,-45.0,-33.0,-39.0,-60.0,-55.0,-55.0,-63.0,-100.0,-81.0,-100.0,-45.0,-51.0,-59.0,-71.0,-81.0,-45.0,-45.0,-33.0,-39.0,-62.0,-55.0,-51.0,-63.0,-62.0,-61.0,-100.0,-100.0
B0516,RP09,B,CTK45-dot-B,,31,,38.0,7.0,train,-85.0,-82.0,-100.0,-58.0,-62.0,-79.0,-100.0,-72.0,-62.0,-68.0,-40.0,-52.0,-60.0,-77.0,-72.0,-69.0,-85.0,-81.0,-100.0,-58.0,-62.0,-79.0,-100.0,-81.0,-63.0,-68.0,-41.0,-52.0,-60.0,-77.0,-72.0,-69.0,-76.0,-73.0,-100.0,-100.0
B0486,RP09,B,CTK45-dot-B,,23,,38.0,7.0,train,-100.0,-84.0,-91.0,-54.0,-100.0,-68.0,-100.0,-86.0,-56.0,-100.0,-42.0,-100.0,-58.0,-100.0,-69.0,-69.0,-100.0,-84.0,-100.0,-54.0,-100.0,-68.0,-100.0,-80.0,-57.0,-100.0,-43.0,-100.0,-58.0,-100.0,-76.0,-68.0,-68.0,-68.0,-100.0,-100.0
2025:01:24:09:39:27,RP09,A,SM-S908E,2212343.0,37,-159.53256365917176,38.0,7.0,train,-77.0,-100.0,-100.0,-61.0,-68.0,-80.0,-77.0,-81.0,-58.0,-60.0,-41.0,-45.0,-60.0,-64.0,-65.0,-70.0,-79.0,-100.0,-88.0,-62.0,-69.0,-80.0,-77.0,-81.0,-58.0,-59.0,-41.0,-45.0,-60.0,-64.0,-65.0,-69.0,-100.0,-100.0,-82.0,-77.0
B0525,RP09,B,CTK45-dot-B,,33,,38.0,7.0,train,-75.0,-100.0,-81.0,-43.0,-58.0,-68.0,-73.0,-77.0,-56.0,-51.0,-32.0,-41.0,-71.0,-63.0,-65.0,-71.0,-74.0,-100.0,-100.0,-44.0,-56.0,-66.0,-73.0,-75.0,-57.0,-51.0,-33.0,-42.0,-70.0,-63.0,-65.0,-71.0,-100.0,-100.0,-100.0,-100.0
B0529,RP09,B,CTK45-dot-B,,23,,38.0,7.0,train,-100.0,-100.0,-100.0,-65.0,-68.0,-70.0,-100.0,-100.0,-63.0,-61.0,-36.0,-46.0,-83.0,-66.0,-67.0,-72.0,-100.0,-100.0,-100.0,-65.0,-69.0,-70.0,-100.0,-100.0,-63.0,-61.0,-38.0,-46.0,-82.0,-66.0,-66.0,-72.0,-100.0,-100.0,-100.0,-100.0
B0528,RP09,B,CTK45-dot-B,,29,,38.0,7.0,train,-65.0,-77.0,-100.0,-49.0,-52.0,-67.0,-100.0,-74.0,-53.0,-54.0,-32.0,-41.0,-58.0,-60.0,-61.0,-67.0,-65.0,-77.0,-100.0,-49.0,-52.0,-67.0,-100.0,-75.0,-53.0,-54.0,-32.0,-41.0,-100.0,-60.0,-61.0,-67.0,-100.0,-100.0,-100.0,-100.0
B0497,RP09,B,CTK45-dot-B,,28,,38.0,7.0,train,-79.0,-85.0,-100.0,-100.0,-55.0,-75.0,-74.0,-100.0,-55.0,-51.0,-100.0,-48.0,-67.0,-61.0,-100.0,-69.0,-78.0,-84.0,-100.0,-59.0,-56.0,-74.0,-74.0,-100.0,-55.0,-51.0,-100.0,-47.0,-100.0,-61.0,-100.0,-69.0,-77.0,-100.0,-75.0,-75.0
B0523,RP09,B,CTK45-dot-B,,30,,38.0,7.0,train,-77.0,-82.0,-100.0,-62.0,-65.0,-79.0,-100.0,-82.0,-65.0,-67.0,-38.0,-51.0,-100.0,-70.0,-66.0,-66.0,-100.0,-82.0,-100.0,-58.0,-65.0,-79.0,-100.0,-82.0,-65.0,-67.0,-39.0,-51.0,-100.0,-70.0,-67.0,-66.0,-78.0,-78.0,-100.0,-100.0
B0530,RP09,B,CTK45-dot-B,,26,,38.0,7.0,train,-63.0,-80.0,-100.0,-52.0,-52.0,-69.0,-100.0,-72.0,-51.0,-53.0,-100.0,-38.0,-54.0,-61.0,-100.0,-69.0,-62.0,-80.0,-87.0,-52.0,-52.0,-69.0,-100.0,-71.0,-51.0,-53.0,-100.0,-38.0,-100.0,-61.0,-100.0,-69.0,-100.0,-100.0,-100.0,-100.0
2025:01:24:09:42:57,RP09,A,SM-S908E,2212343.0,36,-94.44271320820991,38.0,7.0,train,-75.0,-100.0,-100.0,-59.0,-67.0,-82.0,-82.0,-82.0,-61.0,-64.0,-42.0,-46.0,-71.0,-67.0,-66.0,-71.0,-75.0,-100.0,-100.0,-59.0,-67.0,-81.0,-82.0,-83.0,-61.0,-66.0,-42.0,-46.0,-71.0,-67.0,-66.0,-71.0,-73.0,-76.0,-77.0,-77.0
B0514,RP09,B,CTK45-dot-B,,34,,38.0,7.0,train,-78.0,-87.0,-100.0,-56.0,-63.0,-77.0,-71.0,-82.0,-65.0,-53.0,-50.0,-40.0,-69.0,-64.0,-70.0,-73.0,-77.0,-87.0,-100.0,-100.0,-61.0,-77.0,-71.0,-81.0,-64.0,-53.0,-50.0,-40.0,-69.0,-64.0,-70.0,-73.0,-72.0,-72.0,-77.0,-77.0
2025:01:24:09:40:14,RP09,A,SM-S908E,2212343.0,36,-164.74029738025277,38.0,7.0,train,-75.0,-84.0,-100.0,-60.0,-67.0,-81.0,-86.0,-100.0,-60.0,-68.0,-42.0,-47.0,-65.0,-66.0,-65.0,-70.0,-75.0,-84.0,-100.0,-61.0,-67.0,-81.0,-85.0,-100.0,-61.0,-68.0,-42.0,-47.0,-65.0,-66.0,-65.0,-70.0,-77.0,-77.0,-78.0,-78.0
B0499,RP09,B,CTK45-dot-B,,38,,38.0,7.0,train,-78.0,-86.0,-100.0,-55.0,-60.0,-76.0,-72.0,-82.0,-70.0,-52.0,-48.0,-42.0,-65.0,-67.0,-70.0,-76.0,-78.0,-86.0,-100.0,-55.0,-60.0,-76.0,-71.0,-80.0,-70.0,-53.0,-49.0,-43.0,-65.0,-66.0,-71.0,-75.0,-73.0,-71.0,-75.0,-74.0
B0515,RP09,B,CTK45-dot-B,,19,,38.0,7.0,train,-72.0,-85.0,-100.0,-51.0,-100.0,-67.0,-100.0,-100.0,-70.0,-100.0,-37.0,-100.0,-66.0,-100.0,-61.0,-66.0,-100.0,-85.0,-100.0,-52.0,-100.0,-67.0,-100.0,-100.0,-68.0,-100.0,-39.0,-100.0,-59.0,-100.0,-62.0,-67.0,-63.0,-61.0,-100.0,-100.0
B0522,RP09,B,CTK45-dot-B,,14,,38.0,7.0,train,-100.0,-85.0,-100.0,-62.0,-67.0,-100.0,-100.0,-100.0,-100.0,-66.0,-39.0,-46.0,-100.0,-70.0,-100.0,-69.0,-100.0,-85.0,-100.0,-62.0,-67.0,-100.0,-100.0,-100.0,-100.0,-100.0,-100.0,-46.0,-100.0,-69.0,-100.0,-70.0,-100.0,-100.0,-100.0,-100.0
B0492,RP09,B,CTK45-dot-B,,28,,38.0,7.0,train,-100.0,-85.0,-100.0,-51.0,-58.0,-100.0,-72.0,-100.0,-100.0,-55.0,-100.0,-40.0,-53.0,-59.0,-71.0,-67.0,-100.0,-84.0,-92.0,-51.0,-58.0,-100.0,-73.0,-100.0,-100.0,-55.0,-100.0,-47.0,-53.0,-59.0,-100.0,-67.0,-63.0,-63.0,-72.0,-71.0
B0493,RP09,B,CTK45-dot-B,,31,,38.0,7.0,train,-74.0,-85.0,-100.0,-51.0,-51.0,-83.0,-73.0,-90.0,-42.0,-100.0,-39.0,-54.0,-52.0,-61.0,-66.0,-68.0,-73.0,-85.0,-100.0,-51.0,-51.0,-76.0,-72.0,-82.0,-42.0,-100.0,-54.0,-41.0,-59.0,-61.0,-65.0,-68.0,-100.0,-100.0,-67.0,-67.0
B0520,RP09,B,CTK45-dot-B,,24,,38.0,7.0,train,-100.0,-79.0,-100.0,-62.0,-65.0,-70.0,-100.0,-70.0,-60.0,-59.0,-100.0,-47.0,-50.0,-62.0,-100.0,-71.0,-100.0,-80.0,-100.0,-63.0,-65.0,-70.0,-100.0,-70.0,-60.0,-59.0,-100.0,-47.0,-50.0,-62.0,-100.0,-71.0,-100.0,-100.0,-100.0,-100.0
B0505,RP09,B,CTK45-dot-B,,33,,38.0,7.0,train,-78.0,-84.0,-100.0,-55.0,-58.0,-76.0,-73.0,-100.0,-60.0,-53.0,-48.0,-39.0,-63.0,-62.0,-72.0,-78.0,-100.0,-84.0,-100.0,-55.0,-58.0,-76.0,-74.0,-100.0,-60.0,-55.0,-48.0,-39.0,-100.0,-62.0,-72.0,-78.0,-72.0,-72.0,-73.0,-73.0
B0509,RP09,B,CTK45-dot-B,,28,,38.0,7.0,train,-100.0,-86.0,-100.0,-56.0,-61.0,-100.0,-72.0,-81.0,-65.0,-53.0,-48.0,-40.0,-100.0,-63.0,-70.0,-76.0,-100.0,-86.0,-100.0,-57.0,-62.0,-100.0,-72.0,-82.0,-66.0,-54.0,-100.0,-40.0,-100.0,-63.0,-100.0,-76.0,-100.0,-100.0,-76.0,-75.0
2025:01:24:09:42:21,RP09,A,SM-S908E,2212343.0,38,-160.54131315327908,38.0,7.0,train,-75.0,-84.0,-100.0,-61.0,-67.0,-79.0,-83.0,-83.0,-61.0,-67.0,-43.0,-45.0,-64.0,-68.0,-64.0,-73.0,-75.0,-84.0,-100.0,-61.0,-68.0,-80.0,-83.0,-83.0,-61.0,-67.0,-43.0,-45.0,-64.0,-68.0,-64.0,-73.0,-76.0,-76.0,-79.0,-78.0
B0531,RP09,B,CTK45-dot-B,,22,,38.0,7.0,train,-100.0,-81.0,-100.0,-57.0,-56.0,-69.0,-100.0,-100.0,-65.0,-50.0,-36.0,-43.0,-100.0,-58.0,-71.0,-59.0,-100.0,-81.0,-100.0,-57.0,-56.0,-73.0,-100.0,-100.0,-65.0,-50.0,-44.0,-43.0,-100.0,-58.0,-71.0,-58.0,-100.0,-100.0,-100.0,-100.0
B0510,RP09,B,CTK45-dot-B,,31,,38.0,7.0,train,-77.0,-84.0,-100.0,-55.0,-61.0,-100.0,-73.0,-83.0,-60.0,-54.0,-51.0,-40.0,-71.0,-63.0,-72.0,-77.0,-100.0,-85.0,-100.0,-56.0,-61.0,-100.0,-73.0,-83.0,-60.0,-54.0,-51.0,-41.0,-100.0,-64.0,-72.0,-77.0,-100.0,-100.0,-75.0,-74.0
B0498,RP09,B,CTK45-dot-B,,36,,38.0,7.0,train,-79.0,-89.0,-100.0,-100.0,-62.0,-75.0,-72.0,-80.0,-65.0,-55.0,-46.0,-39.0,-70.0,-67.0,-70.0,-76.0,-78.0,-88.0,-100.0,-100.0,-61.0,-76.0,-71.0,-80.0,-64.0,-54.0,-46.0,-40.0,-69.0,-67.0,-71.0,-76.0,-73.0,-73.0,-75.0,-74.0
B0506,RP09,B,CTK45-dot-B,,35,,38.0,7.0,train,-82.0,-87.0,-100.0,-55.0,-58.0,-74.0,-73.0,-85.0,-100.0,-54.0,-49.0,-41.0,-64.0,-63.0,-100.0,-75.0,-81.0,-86.0,-100.0,-55.0,-61.0,-75.0,-73.0,-86.0,-100.0,-54.0,-49.0,-41.0,-65.0,-63.0,-100.0,-76.0,-100.0,-72.0,-74.0,-74.0
B0476,RP09,B,CTK45-dot-B,,37,,38.0,7.0,train,-76.0,-91.0,-100.0,-55.0,-61.0,-65.0,-100.0,-81.0,-46.0,-57.0,-43.0,-46.0,-61.0,-61.0,-67.0,-69.0,-80.0,-91.0,-100.0,-55.0,-61.0,-64.0,-100.0,-100.0,-47.0,-57.0,-44.0,-46.0,-55.0,-61.0,-67.0,-69.0,-64.0,-65.0,-69.0,-68.0
B0481,RP09,B,CTK45-dot-B,,19,,38.0,7.0,train,-72.0,-80.0,-100.0,-53.0,-100.0,-66.0,-100.0,-100.0,-40.0,-100.0,-36.0,-100.0,-52.0,-100.0,-65.0,-67.0,-73.0,-82.0,-100.0,-51.0,-100.0,-71.0,-100.0,-100.0,-41.0,-100.0,-38.0,-100.0,-50.0,-100.0,-65.0,-67.0,-81.0,-100.0,-100.0,-100.0
B0494,RP09,B,CTK45-dot-B,,39,,38.0,7.0,train,-100.0,-87.0,-71.0,-57.5,-55.0,-61.0,-100.0,-72.0,-65.0,-56.0,-45.0,-49.0,-68.0,-67.0,-62.0,-70.0,-73.0,-88.0,-72.0,-58.0,-55.0,-61.0,-100.0,-72.0,-66.0,-56.0,-46.0,-55.0,-69.0,-67.0,-62.0,-70.0,-77.0,-77.0,-70.0,-70.0
B0513,RP09,B,CTK45-dot-B,,30,,38.0,7.0,train,-78.0,-87.0,-100.0,-57.0,-61.0,-100.0,-69.0,-100.0,-100.0,-53.0,-49.0,-41.0,-71.0,-65.0,-70.0,-76.0,-78.0,-87.0,-100.0,-56.0,-61.0,-100.0,-70.0,-100.0,-100.0,-54.0,-48.0,-41.0,-71.0,-65.0,-71.0,-75.0,-72.0,-73.0,-76.0,-76.0
2025:01:24:09:47:04,RP09,A,SM-S908E,2212343.0,38,-39.224003105302,38.0,7.0,train,-83.0,-83.0,-100.0,-61.0,-71.0,-79.0,-83.0,-89.0,-61.0,-67.0,-41.0,-48.0,-64.0,-73.0,-67.0,-77.0,-100.0,-82.0,-100.0,-61.0,-71.0,-79.0,-82.0,-89.0,-62.0,-69.0,-41.0,-48.0,-64.0,-73.0,-72.0,-77.0,-71.0,-69.0,-76.0,-75.0
B0502,RP09,B,CTK45-dot-B,,39,,38.0,7.0,train,-80.0,-85.0,-100.0,-54.0,-61.0,-76.0,-74.0,-84.0,-58.0,-53.0,-47.0,-40.0,-63.0,-64.0,-70.0,-75.0,-82.0,-86.0,-100.0,-55.0,-61.0,-76.0,-73.0,-83.0,-58.0,-54.0,-47.0,-40.0,-64.0,-64.0,-70.0,-75.0,-69.0,-69.0,-72.0,-73.0
B0487,RP09,B,CTK45-dot-B,,29,,38.0,7.0,train,-80.0,-87.0,-100.0,-100.0,-61.0,-75.0,-74.0,-100.0,-60.0,-54.0,-47.0,-40.0,-64.0,-65.0,-100.0,-75.0,-81.0,-86.0,-100.0,-100.0,-62.0,-100.0,-73.0,-100.0,-61.0,-53.0,-47.0,-40.0,-63.0,-65.0,-100.0,-76.0,-100.0,-71.0,-72.0,-72.0
2025:01:24:09:37:52,RP09,A,SM-S908E,2212343.0,39,22.52673755113785,38.0,7.0,train,-82.0,-100.0,-100.0,-74.0,-63.0,-78.0,-82.0,-82.0,-59.0,-71.0,-38.0,-41.0,-69.0,-81.0,-67.0,-78.0,-83.0,-100.0,-100.0,-72.0,-63.0,-78.0,-82.0,-82.0,-59.0,-71.0,-38.0,-41.0,-62.0,-81.0,-67.0,-78.0,-78.0,-78.0,-76.0,-76.0
B0496,RP09,B,CTK45-dot-B,,21,,38.0,7.0,train,-83.0,-83.0,-100.0,-51.0,-100.0,-71.0,-100.0,-88.0,-56.0,-100.0,-33.0,-100.0,-59.0,-100.0,-68.0,-100.0,-78.0,-83.0,-100.0,-51.0,-100.0,-70.0,-100.0,-83.0,-56.0,-100.0,-33.0,-100.0,-59.0,-100.0,-65.0,-100.0,-56.0,-64.0,-100.0,-100.0
B0518,RP09,B,CTK45-dot-B,,22,,38.0,7.0,train,-100.0,-77.0,-100.0,-59.0,-64.0,-100.0,-100.0,-73.0,-68.0,-57.0,-50.0,-50.0,-100.0,-60.0,-100.0,-72.0,-100.0,-76.0,-100.0,-58.0,-65.0,-100.0,-100.0,-72.0,-68.0,-57.0,-48.0,-50.0,-100.0,-60.0,-100.0,-72.0,-100.0,-100.0,-100.0,-100.0
2025:01:24:09:44:11,RP09,A,SM-S908E,2212343.0,43,-93.28335029849654,38.0,7.0,train,-76.0,-84.0,-86.0,-65.0,-65.0,-78.0,-77.0,-100.0,-65.0,-66.0,-44.0,-48.0,-64.0,-71.0,-73.0,-75.0,-76.0,-84.0,-87.0,-65.0,-65.0,-79.0,-77.0,-100.0,-66.0,-66.0,-45.0,-48.0,-64.0,-71.0,-73.0,-75.0,-73.0,-73.0,-79.0,-79.0
B0488,RP09,B,CTK45-dot-B,,34,,38.0,7.0,train,-74.0,-100.0,-100.0,-60.0,-55.0,-70.0,-100.0,-93.0,-61.0,-52.0,-34.0,-47.0,-68.0,-64.0,-56.0,-73.0,-80.0,-100.0,-100.0,-66.0,-55.0,-69.0,-100.0,-85.0,-55.0,-52.0,-34.0,-46.0,-100.0,-64.0,-57.0,-72.0,-65.0,-62.0,-71.0,-72.0
B0483,RP09,B,CTK45-dot-B,,26,,38.0,7.0,train,-76.0,-94.0,-100.0,-63.0,-100.0,-63.0,-100.0,-92.0,-49.0,-100.0,-43.0,-100.0,-60.0,-100.0,-54.0,-70.0,-82.0,-93.0,-100.0,-64.0,-100.0,-63.0,-100.0,-91.0,-100.0,-100.0,-44.0,-100.0,-60.0,-100.0,-55.0,-71.0,-63.0,-62.0,-100.0,-100.0
B0477,RP09,B,CTK45-dot-B,,20,,38.0,7.0,train,-76.0,-88.0,-100.0,-55.0,-100.0,-75.0,-100.0,-100.0,-49.0,-100.0,-39.0,-100.0,-59.0,-100.0,-60.0,-71.0,-100.0,-88.0,-100.0,-55.0,-100.0,-74.0,-100.0,-100.0,-49.0,-100.0,-38.0,-100.0,-59.0,-100.0,-64.0,-71.0,-61.0,-100.0,-100.0,-100.0
2025:01:24:09:38:27,RP09,A,SM-S908E,2212343.0,41,21.075523691571924,38.0,7.0,train,-81.0,-89.0,-84.0,-76.0,-63.0,-79.0,-75.0,-83.0,-61.0,-69.0,-40.0,-41.0,-62.0,-79.0,-67.0,-78.0,-81.0,-89.0,-86.0,-76.0,-63.0,-80.0,-75.0,-83.0,-61.0,-71.0,-40.0,-41.0,-63.0,-79.0,-67.0,-78.0,-81.0,-79.0,-76.0,-76.0
B0526,RP09,B,CTK45-dot-B,,33,,38.0,7.0,train,-78.0,-87.0,-100.0,-56.0,-64.0,-81.0,-75.0,-83.0,-58.0,-53.0,-46.0,-41.0,-66.0,-66.0,-100.0,-73.0,-80.0,-86.0,-100.0,-100.0,-61.0,-82.0,-75.0,-83.0,-59.0,-53.0,-46.0,-41.0,-66.0,-67.0,-100.0,-73.0,-100.0,-78.0,-74.0,-75.0
B0500,RP09,B,CTK45-dot-B,,26,,38.0,7.0,train,-76.0,-100.0,-100.0,-100.0,-54.0,-81.0,-74.0,-84.0,-100.0,-51.0,-41.0,-42.0,-68.0,-65.0,-72.0,-63.0,-76.0,-100.0,-100.0,-100.0,-54.0,-81.0,-74.0,-87.0,-100.0,-51.0,-41.0,-42.0,-68.0,-63.0,-73.0,-63.0,-100.0,-100.0,-100.0,-100.0
B0475,RP09,B,CTK45-dot-B,,35,,38.0,7.0,train,-80.0,-86.0,-100.0,-63.0,-56.0,-69.0,-80.0,-87.0,-52.0,-57.0,-52.0,-56.0,-57.0,-65.0,-100.0,-64.0,-100.0,-87.0,-100.0,-62.0,-56.0,-68.0,-80.0,-80.0,-52.0,-57.0,-52.0,-47.0,-58.0,-65.0,-80.0,-63.0,-72.0,-100.0,-69.0,-65.0
2025:01:24:09:48:44,RP09,A,SM-S908E,2212343.0,40,-40.10389611015779,38.0,7.0,train,-85.0,-100.0,-84.0,-62.0,-69.0,-79.0,-82.0,-84.0,-64.0,-71.0,-41.0,-47.0,-67.0,-74.0,-68.0,-76.0,-86.0,-100.0,-84.0,-62.0,-69.0,-80.0,-83.0,-85.0,-64.0,-72.0,-42.0,-47.0,-67.0,-74.0,-69.0,-76.0,-71.0,-71.0,-76.0,-76.0
B0484,RP09,B,CTK45-dot-B,,19,,38.0,7.0,train,-68.0,-74.0,-100.0,-52.0,-100.0,-58.0,-100.0,-85.0,-64.0,-100.0,-64.0,-100.0,-65.0,-100.0,-100.0,-71.0,-67.0,-75.0,-100.0,-51.0,-100.0,-57.0,-100.0,-84.0,-64.0,-100.0,-44.0,-100.0,-66.0,-100.0,-100.0,-71.0,-100.0,-100.0,-100.0,-100.0
B0491,RP09,B,CTK45-dot-B,,36,,38.0,7.0,train,-67.0,-84.0,-100.0,-50.0,-54.0,-76.0,-75.0,-82.0,-49.0,-61.0,-37.0,-40.0,-53.0,-64.0,-67.0,-67.0,-73.0,-86.0,-100.0,-50.0,-54.0,-78.0,-74.0,-81.0,-49.0,-61.0,-37.0,-41.0,-54.0,-65.0,-69.0,-66.0,-61.0,-61.0,-68.0,-69.0
B0527,RP09,B,CTK45-dot-B,,31,,38.0,7.0,train,-64.0,-77.0,-100.0,-52.0,-52.0,-66.0,-69.0,-100.0,-56.0,-53.0,-31.0,-42.0,-59.0,-59.0,-100.0,-67.0,-65.0,-77.0,-100.0,-52.0,-51.0,-66.0,-69.0,-94.0,-56.0,-53.0,-32.0,-43.0,-59.0,-59.0,-100.0,-67.0,-100.0,-100.0,-100.0,-100.0
B0479,RP09,B,CTK45-dot-B,,35,,38.0,7.0,train,-79.0,-84.0,-100.0,-55.0,-62.0,-76.0,-75.0,-86.0,-61.0,-53.0,-52.0,-40.0,-68.0,-61.0,-100.0,-78.0,-81.0,-84.0,-100.0,-56.0,-61.0,-76.0,-74.0,-87.0,-61.0,-53.0,-52.0,-39.0,-68.0,-61.0,-100.0,-78.0,-100.0,-72.0,-73.0,-72.0
B0533,RP09,B,CTK45-dot-B,,27,,38.0,7.0,train,-78.0,-89.0,-100.0,-57.0,-55.0,-68.0,-71.0,-100.0,-52.0,-51.0,-100.0,-43.0,-100.0,-58.0,-71.0,-65.0,-79.0,-89.0,-100.0,-56.0,-54.0,-100.0,-71.0,-100.0,-52.0,-52.0,-100.0,-43.0,-58.0,-58.0,-71.0,-66.0,-100.0,-100.0,-100.0,-100.0
B0532,RP09,B,CTK45-dot-B,,39,,38.0,7.0,train,-72.0,-85.0,-82.0,-59.0,-66.0,-75.0,-70.0,-89.0,-51.0,-59.0,-63.0,-57.0,-59.0,-79.0,-51.0,-58.0,-73.0,-85.5,-100.0,-59.0,-61.0,-75.0,-100.0,-89.0,-51.0,-60.0,-63.0,-57.0,-59.0,-79.0,-51.0,-58.0,-63.0,-63.0,-100.0,-100.0
B0521,RP09,B,CTK45-dot-B,,19,,38.0,7.0,train,-77.0,-82.0,-100.0,-57.0,-62.0,-75.0,-76.0,-100.0,-58.0,-61.0,-35.0,-44.0,-100.0,-70.0,-100.0,-100.0,-100.0,-82.0,-100.0,-100.0,-61.0,-100.0,-76.0,-100.0,-58.0,-61.0,-34.0,-44.0,-100.0,-70.0,-100.0,-100.0,-100.0,-100.0,-100.0,-100.0
2025:01:24:09:36:29,RP09,A,SM-S908E,2212343.0,29,19.347919575297254,38.0,7.0,train,-76.0,-100.0,-100.0,-66.0,-66.0,-74.0,-79.0,-85.0,-63.0,-70.0,-41.0,-45.0,-100.0,-79.0,-66.0,-76.0,-76.0,-100.0,-100.0,-66.0,-66.0,-74.0,-79.0,-100.0,-64.0,-71.0,-41.0,-45.0,-100.0,-79.0,-66.0,-76.0,-100.0,-100.0,-100.0,-100.0
2025:01:24:09:41:36,RP09,A,SM-S908E,2212343.0,39,-160.6560880587997,38.0,7.0,train,-75.0,-83.0,-100.0,-58.0,-66.0,-79.0,-82.0,-82.0,-60.0,-67.0,-42.0,-46.0,-67.0,-67.0,-64.0,-72.0,-76.0,-84.0,-100.0,-58.0,-65.0,-79.0,-82.0,-82.0,-60.0,-66.0,-42.0,-46.0,-67.0,-67.0,-65.0,-72.0,-78.0,-78.0,-77.0,-77.0
2025:01:24:09:47:39,RP09,A,SM-S908E,2212343.0,36,-39.3604071675888,38.0,7.0,validation,-84.0,-100.0,-100.0,-67.0,-68.0,-82.0,-81.0,-100.0,-62.0,-70.0,-42.0,-55.0,-68.0,-73.0,-76.0,-78.0,-85.0,-88.0,-100.0,-68.0,-69.0,-100.0,-81.0,-100.0,-63.0,-70.0,-42.0,-55.0,-68.0,-73.0,-76.0,-78.0,-75.0,-75.0,-79.0,-78.0
B0517,RP09,B,CTK45-dot-B,,28,,38.0,7.0,validation,-72.0,-76.0,-100.0,-100.0,-64.0,-67.0,-71.0,-100.0,-57.0,-59.0,-43.0,-48.0,-50.0,-61.0,-73.0,-72.0,-72.0,-76.0,-100.0,-100.0,-65.0,-67.0,-71.0,-100.0,-57.0,-59.0,-43.0,-48.0,-50.0,-61.0,-73.0,-72.0,-100.0,-100.0,-100.0,-100.0
B0490,RP09,B,CTK45-dot-B,,30,,38.0,7.0,validation,-100.0,-86.0,-100.0,-49.0,-56.0,-69.0,-72.0,-100.0,-45.0,-60.0,-36.0,-41.0,-53.0,-56.0,-62.0,-67.0,-100.0,-86.0,-100.0,-49.0,-56.0,-69.0,-72.0,-100.0,-47.0,-60.0,-36.0,-100.0,-53.0,-55.0,-65.0,-67.0,-67.0,-73.0,-100.0,-100.0
B0524,RP09,B,CTK45-dot-B,,17,,38.0,7.0,validation,-100.0,-79.0,-100.0,-63.0,-58.0,-100.0,-100.0,-83.0,-100.0,-61.0,-100.0,-45.0,-100.0,-63.0,-66.0,-68.0,-100.0,-79.0,-100.0,-63.0,-58.0,-100.0,-100.0,-100.0,-100.0,-62.0,-100.0,-46.0,-100.0,-63.0,-65.0,-67.0,-100.0,-100.0,-100.0,-100.0
B0508,RP09,B,CTK45-dot-B,,24,,38.0,7.0,validation,-100.0,-85.0,-100.0,-54.0,-59.0,-73.0,-73.0,-100.0,-100.0,-53.0,-47.0,-38.0,-100.0,-63.0,-100.0,-76.0,-100.0,-85.0,-100.0,-54.0,-59.0,-74.0,-73.0,-100.0,-100.0,-53.0,-100.0,-38.0,-100.0,-63.0,-100.0,-77.0,-100.0,-100.0,-73.0,-73.0
B0480,RP09,B,CTK45-dot-B,,22,,38.0,7.0,validation,-75.0,-91.0,-89.0,-63.0,-100.0,-65.0,-100.0,-92.0,-48.0,-100.0,-39.0,-100.0,-52.0,-100.0,-59.0,-100.0,-73.0,-92.0,-100.0,-62.0,-100.0,-72.0,-100.0,-100.0,-46.0,-100.0,-38.0,-100.0,-59.0,-100.0,-61.0,-100.0,-71.0,-69.0,-100.0,-100.0
B0511,RP09,B,CTK45-dot-B,,34,,38.0,7.0,validation,-80.0,-86.0,-100.0,-57.0,-61.0,-78.0,-71.0,-82.0,-63.0,-53.0,-48.0,-43.0,-69.0,-63.0,-70.0,-75.0,-80.0,-87.0,-100.0,-57.0,-61.0,-77.0,-70.0,-100.0,-64.0,-53.0,-47.0,-42.0,-69.0,-63.0,-70.0,-76.0,-100.0,-100.0,-75.0,-75.0
2025:01:24:09:35:35,RP09,A,SM-S908E,2212343.0,31,19.462204028945226,38.0,7.0,validation,-82.0,-77.0,-100.0,-69.0,-75.0,-63.0,-72.0,-100.0,-78.0,-74.0,-66.0,-68.0,-79.0,-86.0,-72.0,-69.0,-82.0,-77.0,-100.0,-69.0,-75.0,-64.0,-72.0,-100.0,-78.0,-74.0,-66.0,-68.0,-80.0,-86.0,-72.0,-69.0,-77.0,-77.0,-100.0,-77.0
2025:01:24:09:44:53,RP09,A,SM-S908E,2212343.0,32,-93.05747314692213,38.0,7.0,validation,-75.0,-84.0,-100.0,-57.0,-70.0,-79.0,-79.0,-100.0,-72.0,-62.0,-49.0,-45.0,-65.0,-75.0,-100.0,-75.0,-74.0,-83.0,-100.0,-57.0,-69.0,-100.0,-79.0,-100.0,-72.0,-62.0,-49.0,-45.0,-66.0,-75.0,-100.0,-75.0,-71.0,-100.0,-79.0,-79.0
2025:01:24:09:46:14,RP09,A,SM-S908E,2212343.0,36,-39.50135764997996,38.0,7.0,validation,-74.0,-100.0,-100.0,-65.0,-68.0,-80.0,-77.0,-82.0,-66.0,-65.0,-45.0,-43.0,-59.0,-71.0,-74.0,-74.0,-74.0,-100.0,-100.0,-65.0,-68.0,-80.0,-77.0,-81.0,-66.0,-66.0,-45.0,-43.0,-59.0,-71.0,-74.0,-74.0,-71.0,-69.0,-77.0,-77.0
B0485,RP09,B,CTK45-dot-B,,37,,38.0,7.0,validation,-66.0,-80.0,-90.0,-57.0,-55.0,-67.0,-76.0,-91.0,-68.0,-57.0,-35.0,-44.0,-78.0,-61.0,-100.0,-67.0,-70.0,-80.0,-100.0,-58.0,-55.0,-65.0,-77.0,-77.0,-100.0,-57.0,-35.0,-39.0,-69.0,-60.0,-100.0,-67.0,-68.0,-66.0,-69.0,-69.0
B0519,RP09,B,CTK45-dot-B,,35,,38.0,7.0,validation,-73.0,-78.0,-100.0,-61.0,-64.0,-68.0,-71.0,-70.0,-69.0,-61.0,-48.0,-53.0,-49.0,-61.0,-68.0,-74.0,-73.0,-79.0,-100.0,-61.0,-64.0,-66.0,-71.0,-70.0,-69.0,-55.0,-48.0,-54.0,-49.0,-61.0,-68.0,-74.0,-72.0,-73.0,-100.0,-100.0
B0478,RP09,B,CTK45-dot-B,,20,,38.0,7.0,test,-100.0,-88.0,-100.0,-58.0,-100.0,-64.0,-100.0,-87.0,-49.0,-100.0,-43.0,-100.0,-100.0,-100.0,-61.0,-67.0,-100.0,-88.0,-100.0,-55.0,-100.0,-64.0,-100.0,-81.0,-48.0,-100.0,-43.0,-100.0,-100.0,-100.0,-60.0,-67.0,-65.0,-66.0,-100.0,-100.0
2025:01:24:09:40:56,RP09,A,SM-S908E,2212343.0,37,-159.35616714278484,38.0,7.0,test,-76.0,-100.0,-100.0,-58.0,-67.0,-79.0,-81.0,-82.0,-61.0,-68.0,-42.0,-45.0,-70.0,-65.0,-64.0,-70.0,-76.0,-100.0,-100.0,-58.0,-67.0,-79.0,-81.0,-82.0,-61.0,-68.0,-42.0,-46.0,-70.0,-65.0,-65.0,-70.0,-74.0,-73.0,-77.0,-77.0
2025:01:24:09:45:34,RP09,A,SM-S908E,2212343.0,40,-93.81165749265283,38.0,7.0,test,-71.0,-84.0,-100.0,-63.0,-69.0,-82.0,-74.0,-85.0,-66.0,-67.0,-48.0,-45.0,-60.0,-74.0,-71.0,-77.0,-73.0,-84.0,-100.0,-64.0,-69.0,-82.0,-75.0,-85.0,-67.0,-67.0,-48.0,-45.0,-60.0,-74.0,-72.0,-78.0,-69.0,-68.0,-75.0,-75.0
B0534,RP09,B,CTK45-dot-B,,28,,38.0,7.0,test,-77.0,-86.0,-100.0,-57.0,-53.0,-73.0,-100.0,-100.0,-46.0,-54.0,-37.0,-41.0,-61.0,-64.0,-72.0,-62.0,-78.0,-87.0,-100.0,-57.0,-53.0,-73.0,-100.0,-100.0,-46.0,-55.0,-40.0,-41.0,-61.0,-64.0,-72.0,-62.0,-100.0,-100.0,-100.0,-100.0
B0503,RP09,B,CTK45-dot-B,,35,,38.0,7.0,test,-81.0,-86.0,-100.0,-54.0,-60.0,-78.0,-74.0,-86.0,-60.0,-54.0,-46.0,-40.0,-62.0,-63.0,-70.0,-74.0,-100.0,-86.0,-100.0,-54.0,-60.0,-78.0,-75.0,-84.0,-60.0,-54.0,-47.0,-40.0,-100.0,-63.0,-100.0,-74.0,-70.0,-70.0,-73.0,-73.0
B0501,RP09,B,CTK45-dot-B,,31,,38.0,7.0,test,-78.0,-85.0,-100.0,-100.0,-62.0,-76.0,-72.0,-81.0,-61.0,-54.0,-49.0,-40.0,-71.0,-64.0,-100.0,-74.0,-78.0,-86.0,-100.0,-100.0,-100.0,-77.0,-73.0,-81.0,-62.0,-53.0,-49.0,-40.0,-72.0,-64.0,-100.0,-74.0,-72.0,-71.0,-74.0,-74.0
2025:01:24:09:43:32,RP09,A,SM-S908E,2212343.0,36,-93.9683156129975,38.0,7.0,test,-71.0,-100.0,-88.0,-68.0,-65.0,-77.0,-76.0,-85.0,-64.0,-67.0,-44.0,-48.0,-65.0,-71.0,-73.0,-77.0,-76.0,-100.0,-88.0,-69.0,-65.0,-76.0,-76.0,-85.0,-64.0,-67.0,-44.0,-48.0,-65.0,-71.0,-73.0,-77.0,-73.0,-100.0,-81.0,-81.0
B0507,RP09,B,CTK45-dot-B,,37,,38.0,7.0,test,-80.0,-85.0,-100.0,-54.0,-61.0,-100.0,-73.0,-75.0,-60.0,-54.0,-47.0,-39.0,-64.0,-62.0,-70.0,-77.0,-79.0,-86.0,-100.0,-54.0,-59.0,-100.0,-73.0,-84.0,-60.0,-53.0,-47.0,-40.0,-60.0,-62.0,-100.0,-78.0,-70.0,-70.0,-72.0,-72.0
B0512,RP09,B,CTK45-dot-B,,36,,38.0,7.0,test,-81.0,-86.0,-100.0,-57.0,-62.0,-78.0,-70.0,-81.0,-66.0,-53.0,-48.0,-42.0,-69.0,-64.0,-71.0,-75.0,-79.0,-87.0,-100.0,-57.0,-62.0,-76.0,-69.0,-81.0,-66.0,-53.0,-48.0,-42.0,-69.0,-64.0,-71.0,-75.0,-72.0,-73.0,-77.0,-76.0
B0504,RP09,B,CTK45-dot-B,,29,,38.0,7.0,test,-100.0,-84.0,-100.0,-55.0,-57.0,-100.0,-74.0,-100.0,-62.0,-54.0,-47.0,-38.0,-65.0,-66.0,-72.0,-81.0,-100.0,-84.0,-100.0,-55.0,-58.0,-100.0,-75.0,-100.0,-63.0,-55.0,-47.0,-38.0,-63.0,-66.0,-100.0,-80.0,-71.0,-70.0,-73.0,-72.0
2025:01:24:09:37:14,RP09,A,SM-S908E,2212343.0,28,19.993148547832494,38.0,7.0,test,-100.0,-100.0,-100.0,-69.0,-62.0,-78.0,-75.0,-100.0,-65.0,-100.0,-39.0,-44.0,-68.0,-74.0,-68.0,-77.0,-100.0,-100.0,-100.0,-69.0,-62.0,-78.0,-75.0,-100.0,-65.0,-100.0,-39.0,-44.0,-68.0,-74.0,-68.0,-77.0,-100.0,-100.0,-76.0,-76.0
B0482,RP09,B,CTK45-dot-B,,30,,38.0,7.0,test,-100.0,-100.0,-100.0,-64.0,-57.0,-66.0,-76.0,-83.0,-48.0,-59.0,-100.0,-42.0,-54.0,-66.0,-67.0,-63.0,-100.0,-100.0,-100.0,-64.0,-57.0,-66.0,-76.0,-81.0,-49.0,-59.0,-100.0,-47.0,-55.0,-67.0,-100.0,-63.0,-100.0,-100.0,-66.0,-66.0
B0577,RP10,B,CTK45-dot-B,,30,,-15.0,18.0,train,-74.0,-77.0,-100.0,-100.0,-61.0,-65.0,-73.0,-87.0,-59.0,-56.0,-52.0,-49.0,-81.0,-76.0,-60.0,-70.0,-75.0,-77.0,-100.0,-100.0,-61.0,-65.0,-73.0,-87.0,-60.0,-55.0,-54.0,-49.0,-84.0,-77.0,-60.0,-70.0,-100.0,-100.0,-74.0,-74.0
B0588,RP10,B,CTK45-dot-B,,31,,-15.0,18.0,train,-100.0,-72.0,-80.0,-52.0,-65.0,-63.0,-75.0,-81.0,-55.0,-55.0,-58.0,-54.0,-71.0,-78.0,-58.0,-67.0,-100.0,-73.0,-81.0,-53.0,-65.0,-63.0,-74.0,-79.0,-55.0,-56.0,-58.0,-54.0,-100.0,-79.0,-58.0,-67.0,-100.0,-100.0,-100.0,-100.0
B0545,RP10,B,CTK45-dot-B,,32,,-15.0,18.0,train,-76.0,-78.0,-100.0,-100.0,-65.0,-70.0,-73.0,-92.0,-65.0,-57.0,-51.0,-47.0,-83.0,-76.0,-100.0,-71.0,-100.0,-78.0,-100.0,-100.0,-65.0,-70.0,-73.0,-91.0,-65.0,-67.0,-51.0,-47.0,-100.0,-78.0,-100.0,-70.0,-73.0,-72.0,-71.0,-71.0
B0594,RP10,B,CTK45-dot-B,,31,,-15.0,18.0,train,-73.0,-78.0,-89.0,-58.0,-71.0,-62.0,-100.0,-79.0,-52.0,-52.0,-52.0,-53.0,-72.0,-72.0,-56.0,-58.0,-74.0,-78.0,-100.0,-58.0,-71.0,-62.0,-100.0,-80.0,-52.0,-52.0,-52.0,-53.0,-72.0,-72.0,-56.0,-69.0,-100.0,-100.0,-100.0,-100.0
B0539,RP10,B,CTK45-dot-B,,31,,-15.0,18.0,train,-75.0,-85.0,-88.0,-65.0,-69.0,-75.0,-100.0,-100.0,-58.0,-51.0,-48.0,-47.0,-84.0,-71.0,-63.0,-71.0,-75.0,-84.0,-100.0,-65.0,-69.0,-75.0,-100.0,-94.0,-58.0,-50.0,-48.0,-47.0,-85.0,-70.0,-63.0,-70.0,-100.0,-100.0,-100.0,-100.0
B0574,RP10,B,CTK45-dot-B,,35,,-15.0,18.0,train,-66.0,-77.0,-100.0,-51.0,-65.0,-62.0,-85.0,-86.0,-58.0,-70.0,-58.0,-62.0,-70.0,-89.0,-65.0,-63.0,-64.0,-77.0,-100.0,-51.0,-65.0,-62.0,-85.0,-88.0,-59.0,-70.0,-58.0,-62.0,-71.0,-88.0,-100.0,-63.0,-100.0,-100.0,-69.0,-69.0
B0578,RP10,B,CTK45-dot-B,,37,,-15.0,18.0,train,-73.0,-78.0,-100.0,-69.0,-61.0,-65.0,-72.0,-89.0,-59.0,-57.0,-52.0,-48.0,-82.0,-75.0,-100.0,-70.0,-100.0,-78.0,-100.0,-70.0,-61.0,-64.0,-72.0,-88.0,-59.0,-57.0,-53.0,-48.0,-82.0,-76.0,-61.0,-71.0,-73.0,-72.0,-75.0,-75.0
2025:01:21:13:22:09,RP10,A,SM-S908E,2212343.0,34,-36.46543764007617,-15.0,18.0,train,-68.0,-69.0,-100.0,-56.0,-65.0,-69.0,-74.0,-100.0,-59.0,-69.0,-60.0,-62.0,-69.0,-82.0,-64.0,-74.0,-68.0,-70.0,-100.0,-56.0,-66.0,-69.0,-74.0,-100.0,-59.0,-69.0,-60.0,-62.0,-69.0,-79.0,-64.0,-73.0,-67.0,-67.0,-72.0,-72.0
B0549,RP10,B,CTK45-dot-B,,35,,-15.0,18.0,train,-75.0,-76.0,-100.0,-58.0,-62.0,-66.0,-71.0,-100.0,-58.0,-56.0,-53.0,-47.0,-100.0,-76.0,-61.0,-70.0,-76.0,-76.0,-100.0,-68.0,-62.0,-66.0,-72.0,-100.0,-58.0,-56.0,-52.0,-48.0,-100.0,-75.0,-61.0,-70.0,-72.0,-73.0,-72.0,-73.0
B0590,RP10,B,CTK45-dot-B,,28,,-15.0,18.0,train,-73.0,-76.0,-100.0,-100.0,-61.0,-68.0,-68.0,-100.0,-60.0,-60.0,-61.0,-54.0,-73.0,-74.0,-63.0,-69.0,-73.0,-75.0,-100.0,-100.0,-61.0,-68.0,-68.0,-100.0,-60.0,-60.0,-63.0,-54.0,-73.0,-75.0,-63.0,-69.0,-100.0,-100.0,-100.0,-100.0
B0541,RP10,B,CTK45-dot-B,,26,,-15.0,18.0,train,-100.0,-77.0,-100.0,-69.0,-61.0,-66.0,-72.0,-100.0,-58.0,-58.0,-52.0,-49.0,-100.0,-76.0,-100.0,-70.0,-100.0,-78.0,-100.0,-69.0,-61.0,-65.0,-72.0,-100.0,-58.0,-59.0,-52.0,-49.0,-100.0,-76.0,-100.0,-70.0,-72.0,-100.0,-76.0,-76.0
B0561,RP10,B,CTK45-dot-B,,23,,-15.0,18.0,train,-73.0,-76.0,-100.0,-55.0,-100.0,-68.0,-100.0,-84.0,-58.0,-100.0,-49.0,-100.0,-72.0,-100.0,-57.0,-65.0,-100.0,-76.0,-100.0,-56.0,-100.0,-70.0,-100.0,-100.0,-58.0,-100.0,-50.0,-100.0,-100.0,-100.0,-58.0,-64.0,-66.0,-66.0,-100.0,-100.0
B0566,RP10,B,CTK45-dot-B,,21,,-15.0,18.0,train,-77.0,-81.0,-100.0,-70.0,-100.0,-100.0,-100.0,-94.0,-59.0,-100.0,-55.0,-100.0,-73.0,-100.0,-59.0,-66.0,-76.0,-81.0,-100.0,-71.0,-100.0,-100.0,-100.0,-91.0,-100.0,-100.0,-55.0,-100.0,-74.0,-100.0,-59.0,-66.0,-100.0,-100.0,-100.0,-100.0
B0551,RP10,B,CTK45-dot-B,,25,,-15.0,18.0,train,-74.0,-78.0,-100.0,-70.0,-100.0,-100.0,-70.0,-88.0,-100.0,-56.0,-100.0,-49.0,-81.0,-76.0,-100.0,-69.0,-100.0,-79.0,-100.0,-68.0,-100.0,-100.0,-70.0,-87.0,-100.0,-55.0,-100.0,-49.0,-100.0,-76.0,-100.0,-69.0,-73.0,-73.0,-73.0,-72.0
B0552,RP10,B,CTK45-dot-B,,40,,-15.0,18.0,train,-76.0,-69.0,-82.0,-56.0,-65.0,-62.0,-73.0,-83.0,-57.0,-60.0,-53.0,-54.0,-68.0,-74.0,-70.0,-70.0,-77.0,-70.0,-83.0,-56.0,-65.0,-63.0,-73.0,-82.0,-57.0,-60.0,-56.0,-53.0,-68.0,-73.0,-70.0,-70.0,-80.0,-79.0,-100.0,-100.0
2025:01:21:13:24:53,RP10,A,SM-S908E,2212343.0,36,47.33891321972093,-15.0,18.0,train,-64.0,-78.0,-77.0,-53.0,-62.0,-74.0,-77.0,-100.0,-65.0,-70.0,-64.0,-72.0,-83.0,-80.0,-66.0,-69.0,-64.0,-78.0,-77.0,-53.0,-62.0,-73.0,-77.0,-100.0,-65.0,-70.0,-64.0,-72.0,-85.0,-81.0,-66.0,-69.0,-74.0,-74.0,-74.0,-74.0
B0560,RP10,B,CTK45-dot-B,,36,,-15.0,18.0,train,-69.0,-79.0,-100.0,-100.0,-62.0,-64.0,-79.0,-86.0,-52.0,-63.0,-48.0,-58.0,-77.0,-81.0,-64.0,-69.0,-68.0,-79.0,-100.0,-100.0,-62.0,-64.0,-79.0,-88.0,-52.0,-63.0,-49.0,-58.0,-76.0,-81.0,-64.0,-67.0,-65.0,-65.0,-67.0,-67.0
B0589,RP10,B,CTK45-dot-B,,33,,-15.0,18.0,train,-74.0,-79.0,-100.0,-59.0,-65.0,-76.0,-67.0,-95.0,-62.0,-50.0,-51.0,-58.0,-74.0,-71.0,-69.0,-71.0,-75.0,-79.0,-100.0,-59.0,-65.0,-75.0,-67.0,-96.0,-62.0,-51.0,-52.0,-58.0,-100.0,-71.0,-69.0,-70.0,-100.0,-100.0,-100.0,-100.0
B0556,RP10,B,CTK45-dot-B,,27,,-15.0,18.0,train,-60.0,-77.0,-100.0,-57.0,-100.0,-71.0,-100.0,-93.0,-65.0,-100.0,-49.0,-100.0,-74.0,-100.0,-62.0,-62.0,-70.0,-77.0,-100.0,-57.0,-100.0,-69.0,-100.0,-93.0,-65.0,-100.0,-48.0,-100.0,-76.0,-100.0,-65.0,-63.0,-67.0,-68.0,-100.0,-100.0
2025:01:21:13:29:36,RP10,A,SM-S908E,2212343.0,35,-165.24828749099373,-15.0,18.0,train,-69.0,-67.0,-83.0,-57.0,-63.0,-72.0,-78.0,-100.0,-61.0,-60.0,-72.0,-67.0,-71.0,-100.0,-66.0,-63.0,-69.0,-67.0,-83.0,-57.0,-63.0,-73.0,-78.0,-100.0,-62.0,-59.0,-72.0,-67.0,-71.0,-77.0,-64.0,-63.0,-70.0,-70.0,-75.0,-75.0
2025:01:21:13:17:12,RP10,A,SM-S908E,2212343.0,35,-92.35695775786134,-15.0,18.0,train,-69.0,-73.0,-83.0,-55.0,-64.0,-68.0,-77.0,-100.0,-62.0,-61.0,-54.0,-58.0,-71.0,-81.0,-57.0,-67.0,-69.0,-73.0,-82.0,-55.0,-64.0,-68.0,-77.0,-100.0,-62.0,-61.0,-54.0,-59.0,-69.0,-81.0,-57.0,-67.0,-69.0,-100.0,-74.0,-73.0
B0538,RP10,B,CTK45-dot-B,,33,,-15.0,18.0,train,-73.0,-71.0,-77.0,-57.0,-65.0,-65.0,-100.0,-100.0,-54.0,-58.0,-68.0,-63.0,-66.0,-74.0,-69.0,-70.0,-73.0,-71.0,-78.0,-57.0,-66.0,-66.0,-100.0,-84.0,-54.0,-58.0,-69.0,-63.0,-68.0,-74.0,-69.0,-70.0,-100.0,-100.0,-100.0,-100.0
B0593,RP10,B,CTK45-dot-B,,32,,-15.0,18.0,train,-68.0,-74.0,-86.0,-59.0,-61.0,-71.0,-100.0,-100.0,-63.0,-61.0,-60.0,-55.0,-74.0,-74.0,-63.0,-69.0,-68.0,-74.0,-87.0,-59.0,-61.0,-71.0,-100.0,-100.0,-63.0,-60.0,-60.0,-55.0,-75.0,-74.0,-63.0,-69.0,-58.0,-58.0,-100.0,-100.0
2025:01:21:13:22:44,RP10,A,SM-S908E,2212343.0,35,-37.04891207553661,-15.0,18.0,train,-66.0,-70.0,-100.0,-55.0,-64.0,-69.0,-75.0,-83.0,-61.0,-63.0,-61.0,-65.0,-69.0,-79.0,-62.0,-73.0,-66.0,-70.0,-100.0,-55.0,-64.0,-69.0,-75.0,-100.0,-61.0,-63.0,-61.0,-65.0,-70.0,-79.0,-62.0,-73.0,-67.0,-67.0,-73.0,-73.0
2025:01:21:13:25:30,RP10,A,SM-S908E,2212343.0,33,43.72227412839347,-15.0,18.0,train,-67.0,-77.0,-79.0,-56.0,-100.0,-73.0,-80.0,-100.0,-62.0,-70.0,-69.0,-69.0,-74.0,-82.0,-62.0,-68.0,-67.0,-77.0,-79.0,-56.0,-100.0,-73.0,-80.0,-100.0,-62.0,-70.0,-69.0,-69.0,-100.0,-83.0,-62.0,-68.0,-69.0,-69.0,-73.0,-74.0
B0535,RP10,B,CTK45-dot-B,,30,,-15.0,18.0,train,-100.0,-78.0,-100.0,-69.0,-61.0,-66.0,-71.0,-87.0,-59.0,-58.0,-52.0,-48.0,-100.0,-76.0,-100.0,-71.0,-100.0,-78.0,-100.0,-100.0,-62.0,-66.0,-72.0,-87.0,-59.0,-61.0,-52.0,-48.0,-100.0,-77.0,-100.0,-71.0,-74.0,-100.0,-74.0,-74.0
B0563,RP10,B,CTK45-dot-B,,23,,-15.0,18.0,train,-100.0,-80.0,-100.0,-66.0,-100.0,-68.0,-100.0,-87.0,-56.0,-100.0,-53.0,-100.0,-100.0,-100.0,-59.0,-64.0,-100.0,-80.0,-100.0,-66.0,-100.0,-69.0,-100.0,-86.0,-56.0,-100.0,-53.0,-100.0,-100.0,-100.0,-59.0,-64.0,-68.0,-68.0,-100.0,-100.0
B0569,RP10,B,CTK45-dot-B,,37,,-15.0,18.0,train,-68.0,-82.0,-100.0,-61.0,-68.0,-59.0,-73.0,-100.0,-54.0,-60.0,-43.0,-53.0,-69.0,-78.0,-59.0,-66.0,-67.0,-82.0,-100.0,-62.0,-69.0,-59.0,-73.0,-92.0,-55.0,-60.0,-43.0,-53.0,-69.0,-79.0,-60.0,-65.0,-61.0,-100.0,-68.0,-68.0
2025:01:21:13:19:59,RP10,A,SM-S908E,2212343.0,33,-36.4376749701131,-15.0,18.0,train,-66.0,-71.0,-100.0,-52.0,-65.0,-65.0,-77.0,-100.0,-61.0,-62.0,-54.0,-58.0,-73.0,-100.0,-59.0,-67.0,-67.0,-72.0,-83.0,-52.0,-65.0,-65.0,-77.0,-100.0,-61.0,-62.0,-54.0,-58.0,-73.0,-100.0,-60.0,-67.0,-71.0,-71.0,-74.0,-74.0
B0543,RP10,B,CTK45-dot-B,,26,,-15.0,18.0,train,-100.0,-70.0,-79.0,-56.0,-64.0,-70.0,-73.0,-100.0,-55.0,-59.0,-69.0,-60.0,-100.0,-100.0,-69.0,-71.0,-100.0,-70.0,-79.0,-56.0,-64.0,-71.0,-74.0,-100.0,-56.0,-59.0,-71.0,-60.0,-100.0,-100.0,-69.0,-70.0,-100.0,-100.0,-100.0,-100.0
2025:01:21:13:30:12,RP10,A,SM-S908E,2212343.0,38,-165.00174375174893,-15.0,18.0,train,-71.0,-66.0,-83.0,-56.0,-59.0,-70.0,-76.0,-100.0,-67.0,-62.0,-68.0,-73.0,-77.0,-86.0,-65.0,-65.0,-71.0,-66.0,-82.0,-56.0,-60.0,-70.0,-76.0,-100.0,-68.0,-62.0,-68.0,-73.0,-77.0,-86.0,-64.0,-65.0,-70.0,-70.0,-71.0,-71.0
B0575,RP10,B,CTK45-dot-B,,34,,-15.0,18.0,train,-79.0,-83.0,-100.0,-55.0,-58.0,-100.0,-74.0,-85.0,-60.0,-52.0,-48.0,-40.0,-68.0,-61.0,-72.0,-100.0,-80.0,-84.0,-100.0,-56.0,-62.0,-75.0,-74.0,-84.0,-61.0,-53.0,-48.0,-40.0,-68.0,-61.0,-100.0,-100.0,-71.0,-71.0,-73.0,-74.0
B0555,RP10,B,CTK45-dot-B,,40,,-15.0,18.0,train,-73.0,-82.0,-85.0,-61.0,-67.0,-73.0,-68.0,-95.0,-59.0,-52.0,-47.0,-53.0,-79.0,-70.0,-63.0,-73.0,-74.0,-82.0,-85.0,-61.0,-68.0,-73.0,-68.0,-95.0,-59.0,-52.0,-48.0,-53.0,-79.0,-70.0,-63.0,-73.0,-68.0,-68.0,-100.0,-100.0
B0547,RP10,B,CTK45-dot-B,,26,,-15.0,18.0,train,-100.0,-100.0,-100.0,-59.0,-65.0,-71.0,-71.0,-100.0,-53.0,-54.0,-55.0,-55.0,-100.0,-78.0,-61.0,-64.0,-100.0,-100.0,-84.0,-59.0,-64.0,-72.0,-71.0,-100.0,-54.0,-54.0,-55.0,-55.0,-100.0,-78.0,-62.0,-64.0,-100.0,-100.0,-100.0,-100.0
2025:01:21:13:26:27,RP10,A,SM-S908E,2212343.0,36,48.32933952353997,-15.0,18.0,train,-67.0,-82.0,-78.0,-56.0,-65.0,-75.0,-82.0,-100.0,-62.0,-68.0,-65.0,-63.0,-75.0,-79.0,-63.0,-72.0,-65.0,-82.0,-79.0,-57.0,-65.0,-76.0,-82.0,-100.0,-62.0,-68.0,-65.0,-63.0,-78.0,-82.0,-63.0,-72.0,-68.0,-68.0,-74.0,-74.0
B0583,RP10,B,CTK45-dot-B,,32,,-15.0,18.0,train,-100.0,-78.0,-100.0,-71.0,-64.0,-69.0,-73.0,-87.0,-64.0,-56.0,-55.0,-50.0,-100.0,-76.0,-67.0,-68.0,-100.0,-78.0,-100.0,-70.0,-64.0,-69.0,-73.0,-88.0,-63.0,-56.0,-56.0,-50.0,-100.0,-75.0,-66.0,-68.0,-71.0,-69.0,-69.0,-68.0
B0536,RP10,B,CTK45-dot-B,,32,,-15.0,18.0,train,-76.0,-69.0,-100.0,-56.0,-64.0,-100.0,-100.0,-82.0,-58.0,-67.0,-57.0,-52.0,-72.0,-74.0,-69.0,-69.0,-77.0,-69.0,-81.0,-57.0,-64.0,-100.0,-100.0,-81.0,-58.0,-67.0,-57.0,-52.0,-100.0,-75.0,-70.0,-69.0,-73.0,-72.0,-100.0,-100.0
B0554,RP10,B,CTK45-dot-B,,31,,-15.0,18.0,train,-72.0,-72.0,-79.0,-57.0,-64.0,-66.0,-100.0,-86.0,-53.0,-58.0,-100.0,-64.0,-68.0,-78.0,-68.0,-70.0,-72.0,-71.0,-78.0,-58.0,-66.0,-66.0,-100.0,-83.0,-53.0,-58.0,-100.0,-63.0,-67.0,-75.0,-68.0,-70.0,-76.0,-100.0,-100.0,-100.0
B0567,RP10,B,CTK45-dot-B,,21,,-15.0,18.0,train,-70.0,-100.0,-100.0,-64.0,-100.0,-55.0,-100.0,-82.0,-53.0,-100.0,-60.0,-100.0,-65.0,-100.0,-55.0,-61.0,-69.0,-100.0,-100.0,-72.0,-100.0,-69.0,-100.0,-85.0,-53.0,-100.0,-60.0,-100.0,-65.0,-100.0,-56.0,-61.0,-100.0,-100.0,-100.0,-100.0
2025:01:21:13:28:59,RP10,A,SM-S908E,2212343.0,36,-164.83191906127215,-15.0,18.0,train,-70.0,-66.0,-84.0,-57.0,-63.0,-73.0,-75.0,-100.0,-59.0,-60.0,-66.0,-67.0,-69.0,-77.0,-64.0,-65.0,-71.0,-66.0,-84.0,-56.0,-63.0,-72.0,-75.0,-100.0,-59.0,-60.0,-66.0,-66.0,-69.0,-76.0,-65.0,-65.0,-70.0,-70.0,-73.0,-72.0
B0570,RP10,B,CTK45-dot-B,,35,,-15.0,18.0,train,-60.0,-78.0,-100.0,-53.0,-65.0,-61.0,-74.0,-84.0,-55.0,-100.0,-46.0,-63.0,-64.0,-100.0,-62.0,-63.0,-62.0,-78.0,-82.0,-64.0,-65.0,-60.0,-74.0,-84.0,-56.0,-100.0,-47.0,-63.0,-63.0,-100.0,-63.0,-62.0,-64.0,-64.0,-68.0,-68.0
B0542,RP10,B,CTK45-dot-B,,34,,-15.0,18.0,train,-76.0,-100.0,-100.0,-59.0,-69.0,-77.0,-67.0,-91.0,-59.0,-50.0,-46.0,-48.0,-73.0,-71.0,-62.0,-72.0,-76.0,-100.0,-100.0,-59.0,-69.0,-77.0,-67.0,-100.0,-58.0,-51.0,-46.0,-48.0,-100.0,-71.0,-62.0,-71.0,-69.0,-69.0,-100.0,-100.0
B0550,RP10,B,CTK45-dot-B,,31,,-15.0,18.0,train,-100.0,-78.0,-91.0,-69.0,-61.0,-66.0,-71.0,-100.0,-59.0,-58.0,-52.0,-49.0,-100.0,-75.0,-59.0,-69.0,-100.0,-78.0,-90.0,-69.0,-61.0,-66.0,-71.0,-100.0,-100.0,-58.0,-51.0,-49.0,-100.0,-75.0,-59.0,-69.0,-74.0,-100.0,-73.0,-74.0
B0581,RP10,B,CTK45-dot-B,,36,,-15.0,18.0,train,-77.0,-78.0,-100.0,-58.0,-65.0,-68.0,-73.0,-90.0,-65.0,-54.0,-55.0,-52.0,-100.0,-73.0,-68.0,-69.0,-72.0,-78.0,-100.0,-71.0,-66.0,-68.0,-73.0,-89.0,-65.0,-55.0,-55.0,-51.0,-100.0,-74.0,-68.0,-69.0,-71.0,-71.0,-71.0,-70.0
2025:01:21:13:21:22,RP10,A,SM-S908E,2212343.0,31,-37.43761810290927,-15.0,18.0,train,-64.0,-72.0,-100.0,-55.0,-65.0,-69.0,-75.0,-88.0,-59.0,-63.0,-57.0,-56.0,-67.0,-100.0,-62.0,-75.0,-64.0,-72.0,-100.0,-55.0,-65.0,-69.0,-75.0,-100.0,-59.0,-63.0,-57.0,-56.0,-67.0,-100.0,-62.0,-75.0,-70.0,-69.0,-74.0,-74.0
2025:01:21:13:23:20,RP10,A,SM-S908E,2212343.0,36,44.04011730862214,-15.0,18.0,train,-65.0,-69.0,-79.0,-51.0,-64.0,-67.0,-75.0,-81.0,-57.0,-60.0,-57.0,-61.0,-64.0,-76.0,-57.0,-73.0,-65.0,-69.0,-100.0,-51.0,-64.0,-67.0,-75.0,-81.0,-58.0,-59.0,-57.0,-61.0,-64.0,-77.0,-58.0,-73.0,-62.0,-62.0,-74.0,-74.0
B0586,RP10,B,CTK45-dot-B,,37,,-15.0,18.0,train,-76.0,-78.0,-100.0,-58.0,-67.0,-75.0,-72.0,-88.0,-59.0,-60.0,-51.0,-53.0,-79.0,-73.0,-61.0,-70.0,-79.0,-78.0,-100.0,-73.0,-67.0,-67.0,-71.0,-89.0,-69.0,-61.0,-51.0,-53.0,-100.0,-74.0,-61.0,-71.0,-70.0,-71.0,-68.0,-68.0
B0585,RP10,B,CTK45-dot-B,,34,,-15.0,18.0,train,-75.0,-76.0,-100.0,-58.0,-67.0,-69.0,-75.0,-87.0,-68.0,-56.0,-54.0,-51.0,-80.0,-73.0,-66.0,-70.0,-75.0,-77.0,-100.0,-72.0,-68.0,-69.0,-75.0,-100.0,-67.0,-54.0,-100.0,-52.0,-80.0,-73.0,-100.0,-70.0,-70.0,-72.0,-70.0,-70.0
2025:01:21:13:20:34,RP10,A,SM-S908E,2212343.0,35,-36.088554596806034,-15.0,18.0,train,-64.0,-73.0,-100.0,-58.0,-67.0,-68.0,-72.0,-84.0,-59.0,-66.0,-55.0,-62.0,-68.0,-83.0,-62.0,-74.0,-65.0,-73.0,-100.0,-58.0,-67.0,-68.0,-72.0,-100.0,-59.0,-66.0,-56.0,-62.0,-68.0,-83.0,-62.0,-74.0,-69.0,-69.0,-74.0,-74.0
B0557,RP10,B,CTK45-dot-B,,18,,-15.0,18.0,train,-100.0,-75.0,-100.0,-57.0,-100.0,-68.0,-100.0,-90.0,-63.0,-100.0,-57.0,-100.0,-100.0,-100.0,-57.0,-63.0,-100.0,-75.0,-100.0,-58.0,-100.0,-69.0,-100.0,-90.0,-62.0,-100.0,-58.0,-100.0,-100.0,-100.0,-56.0,-64.0,-100.0,-100.0,-100.0,-100.0
B0571,RP10,B,CTK45-dot-B,,23,,-15.0,18.0,train,-76.0,-82.0,-100.0,-65.0,-100.0,-57.0,-100.0,-87.0,-53.0,-100.0,-48.0,-100.0,-69.0,-100.0,-58.0,-62.0,-76.0,-82.0,-100.0,-100.0,-100.0,-56.0,-100.0,-95.0,-63.0,-100.0,-100.0,-100.0,-68.0,-100.0,-57.0,-100.0,-70.0,-70.0,-100.0,-100.0
B0582,RP10,B,CTK45-dot-B,,30,,-15.0,18.0,train,-100.0,-79.0,-100.0,-58.0,-65.0,-68.0,-73.0,-100.0,-64.0,-54.0,-100.0,-50.0,-100.0,-73.0,-100.0,-69.0,-100.0,-79.0,-100.0,-58.5,-64.0,-68.0,-73.0,-100.0,-63.0,-56.0,-100.0,-51.0,-100.0,-73.0,-100.0,-70.0,-72.0,-72.0,-71.0,-70.0
B0537,RP10,B,CTK45-dot-B,,26,,-15.0,18.0,train,-100.0,-69.0,-79.0,-56.0,-67.0,-72.0,-74.0,-100.0,-56.0,-58.0,-69.0,-60.0,-100.0,-100.0,-67.0,-70.0,-100.0,-69.0,-79.0,-57.0,-67.0,-72.0,-73.0,-100.0,-56.0,-59.0,-100.0,-61.0,-100.0,-76.0,-67.0,-70.0,-100.0,-100.0,-100.0,-100.0
B0562,RP10,B,CTK45-dot-B,,22,,-15.0,18.0,train,-73.0,-84.0,-100.0,-56.0,-100.0,-72.0,-100.0,-100.0,-64.0,-100.0,-56.0,-100.0,-75.0,-100.0,-59.0,-61.0,-73.0,-84.0,-100.0,-55.0,-100.0,-71.0,-100.0,-100.0,-65.0,-100.0,-54.0,-100.0,-75.0,-100.0,-59.0,-62.0,-67.0,-67.0,-100.0,-100.0
2025:01:21:13:27:20,RP10,A,SM-S908E,2212343.0,36,-164.226640716918,-15.0,18.0,train,-66.0,-83.0,-78.0,-55.0,-62.0,-78.0,-80.0,-91.0,-68.0,-100.0,-74.0,-72.0,-77.0,-84.0,-63.0,-73.0,-66.0,-82.0,-79.0,-55.0,-62.0,-78.0,-81.0,-100.0,-68.0,-74.0,-74.0,-72.0,-78.0,-84.0,-63.0,-71.0,-68.0,-68.0,-76.0,-76.0
B0572,RP10,B,CTK45-dot-B,,19,,-15.0,18.0,train,-100.0,-100.0,-100.0,-62.0,-100.0,-56.0,-100.0,-88.0,-52.0,-100.0,-48.0,-100.0,-68.0,-100.0,-69.0,-63.0,-100.0,-100.0,-100.0,-63.0,-100.0,-57.0,-100.0,-100.0,-100.0,-100.0,-48.0,-100.0,-100.0,-100.0,-68.0,-63.0,-73.0,-71.0,-100.0,-100.0
B0592,RP10,B,CTK45-dot-B,,26,,-15.0,18.0,validation,-71.0,-78.0,-100.0,-58.0,-61.0,-67.0,-100.0,-100.0,-62.0,-60.0,-63.0,-53.0,-74.0,-75.0,-43.0,-50.0,-72.0,-78.0,-100.0,-58.0,-61.0,-67.0,-100.0,-100.0,-62.0,-60.0,-64.0,-53.0,-74.0,-75.0,-45.0,-50.0,-100.0,-100.0,-100.0,-100.0
B0591,RP10,B,CTK45-dot-B,,30,,-15.0,18.0,validation,-71.0,-75.0,-100.0,-60.0,-61.0,-68.0,-100.0,-100.0,-62.0,-61.0,-63.0,-56.0,-74.0,-73.0,-45.0,-50.0,-71.0,-75.0,-80.0,-61.0,-61.0,-69.0,-100.0,-100.0,-63.0,-60.0,-64.0,-55.0,-74.0,-74.0,-45.0,-50.0,-57.0,-57.0,-100.0,-100.0
2025:01:21:13:27:54,RP10,A,SM-S908E,2212343.0,37,-165.03894590138677,-15.0,18.0,validation,-70.0,-66.0,-86.0,-54.0,-61.0,-71.0,-77.0,-100.0,-66.0,-68.0,-65.0,-73.0,-78.0,-81.0,-64.0,-66.0,-69.0,-66.0,-87.0,-54.0,-61.0,-71.0,-77.0,-100.0,-66.0,-68.0,-65.0,-73.0,-77.0,-81.0,-64.0,-66.0,-70.0,-70.0,-71.0,-71.0
2025:01:21:13:16:36,RP10,A,SM-S908E,2212343.0,39,-93.02742151056752,-15.0,18.0,validation,-74.0,-67.0,-77.0,-51.0,-60.0,-66.0,-81.0,-85.0,-55.0,-57.0,-43.0,-55.0,-70.0,-74.0,-61.0,-65.0,-73.0,-67.0,-100.0,-51.0,-60.0,-66.0,-81.0,-100.0,-56.0,-57.0,-44.0,-55.0,-71.0,-73.0,-61.0,-64.0,-64.0,-65.0,-70.0,-70.0
B0573,RP10,B,CTK45-dot-B,,25,,-15.0,18.0,validation,-63.0,-78.0,-100.0,-59.0,-100.0,-66.0,-100.0,-90.0,-66.0,-100.0,-53.0,-100.0,-76.0,-100.0,-61.0,-61.0,-64.0,-78.0,-100.0,-57.0,-100.0,-67.0,-100.0,-90.0,-66.0,-100.0,-53.0,-100.0,-76.0,-100.0,-61.0,-62.0,-66.0,-67.0,-100.0,-100.0
2025:01:21:13:24:00,RP10,A,SM-S908E,2212343.0,34,47.433239261533316,-15.0,18.0,validation,-71.0,-78.0,-81.0,-58.0,-65.0,-77.0,-84.0,-100.0,-65.0,-69.0,-66.0,-66.0,-78.0,-83.0,-100.0,-66.0,-71.0,-77.0,-100.0,-58.0,-65.0,-76.0,-83.0,-100.0,-65.0,-69.0,-66.0,-67.0,-78.0,-83.0,-64.0,-66.0,-71.0,-71.0,-69.0,-69.0
B0580,RP10,B,CTK45-dot-B,,29,,-15.0,18.0,validation,-76.0,-78.0,-100.0,-100.0,-65.0,-69.0,-73.0,-100.0,-64.0,-54.0,-100.0,-51.0,-79.0,-74.0,-100.0,-69.0,-76.0,-78.0,-100.0,-100.0,-65.0,-69.0,-74.0,-100.0,-64.0,-54.0,-100.0,-51.0,-100.0,-75.0,-100.0,-69.0,-71.0,-71.0,-69.0,-69.0
2025:01:21:13:17:50,RP10,A,SM-S908E,2212343.0,28,-93.50243217062072,-15.0,18.0,validation,-67.0,-74.0,-83.0,-52.0,-65.0,-66.0,-78.0,-89.0,-63.0,-100.0,-54.0,-60.0,-79.0,-100.0,-57.0,-67.0,-100.0,-74.0,-100.0,-53.0,-66.0,-66.0,-78.0,-89.0,-63.0,-100.0,-54.0,-60.0,-79.0,-100.0,-58.0,-66.0,-100.0,-100.0,-73.0,-73.0
2025:01:21:13:19:20,RP10,A,SM-S908E,2212343.0,33,-93.06150676979985,-15.0,18.0,validation,-66.0,-73.0,-100.0,-54.0,-67.0,-67.0,-77.0,-100.0,-60.0,-61.0,-55.0,-60.0,-74.0,-82.0,-61.0,-66.0,-66.0,-73.0,-81.0,-54.0,-67.0,-68.0,-77.0,-100.0,-61.0,-61.0,-55.0,-60.0,-74.0,-82.0,-61.0,-66.0,-100.0,-100.0,-72.0,-72.0
2025:01:21:13:18:45,RP10,A,SM-S908E,2212343.0,36,-92.9375588099792,-15.0,18.0,validation,-69.0,-72.0,-82.0,-53.0,-64.0,-70.0,-77.0,-100.0,-58.0,-61.0,-57.0,-58.0,-77.0,-79.0,-59.0,-66.0,-68.0,-72.0,-82.0,-53.0,-64.0,-70.0,-77.0,-100.0,-58.0,-61.0,-57.0,-58.0,-78.0,-78.0,-59.0,-66.0,-70.0,-71.0,-73.0,-73.0
B0587,RP10,B,CTK45-dot-B,,35,,-15.0,18.0,validation,-62.0,-66.0,-100.0,-46.0,-63.0,-60.0,-75.0,-85.0,-65.0,-100.0,-50.0,-71.0,-71.0,-100.0,-47.0,-55.0,-62.0,-66.0,-100.0,-47.0,-63.0,-63.0,-76.0,-88.0,-64.0,-100.0,-50.0,-71.0,-70.0,-100.0,-47.0,-42.0,-54.0,-53.0,-69.0,-68.0
B0584,RP10,B,CTK45-dot-B,,27,,-15.0,18.0,validation,-100.0,-78.0,-100.0,-68.0,-67.0,-69.0,-72.0,-87.0,-70.0,-56.0,-100.0,-53.0,-100.0,-100.0,-100.0,-68.0,-100.0,-77.0,-100.0,-68.0,-67.0,-100.0,-72.0,-86.0,-61.0,-55.0,-100.0,-53.0,-100.0,-100.0,-100.0,-68.0,-71.0,-70.0,-70.0,-70.0
B0544,RP10,B,CTK45-dot-B,,26,,-15.0,18.0,test,-100.0,-78.0,-100.0,-68.0,-61.0,-67.0,-74.0,-100.0,-59.0,-59.0,-51.0,-49.0,-77.0,-76.0,-100.0,-69.0,-100.0,-78.0,-100.0,-100.0,-61.0,-67.0,-75.0,-100.0,-59.0,-56.0,-52.0,-49.0,-100.0,-76.0,-100.0,-69.0,-100.0,-71.0,-71.0,-71.0
B0558,RP10,B,CTK45-dot-B,,22,,-15.0,18.0,test,-62.0,-79.0,-100.0,-58.0,-100.0,-68.0,-100.0,-89.0,-68.0,-100.0,-47.0,-100.0,-82.0,-100.0,-59.0,-61.0,-61.0,-79.0,-100.0,-57.0,-100.0,-100.0,-100.0,-100.0,-100.0,-100.0,-47.0,-100.0,-75.0,-100.0,-60.0,-61.0,-64.0,-64.0,-100.0,-100.0
B0565,RP10,B,CTK45-dot-B,,34,,-15.0,18.0,test,-71.0,-80.0,-100.0,-65.0,-65.0,-67.0,-75.0,-88.0,-56.0,-66.0,-61.0,-60.0,-67.0,-83.0,-51.0,-60.0,-100.0,-80.0,-100.0,-65.0,-65.0,-67.0,-75.0,-86.0,-56.0,-66.0,-71.0,-61.0,-100.0,-83.0,-51.0,-58.0,-71.0,-71.0,-67.0,-67.0
B0540,RP10,B,CTK45-dot-B,,18,,-15.0,18.0,test,-100.0,-80.0,-88.0,-64.0,-71.0,-100.0,-100.0,-100.0,-100.0,-51.0,-100.0,-58.0,-100.0,-71.0,-64.0,-73.0,-100.0,-80.0,-88.0,-64.0,-70.0,-100.0,-100.0,-100.0,-100.0,-51.0,-100.0,-57.0,-100.0,-72.0,-65.0,-73.0,-100.0,-100.0,-100.0,-100.0
B0553,RP10,B,CTK45-dot-B,,39,,-15.0,18.0,test,-76.0,-69.0,-79.0,-56.0,-64.0,-62.0,-100.0,-82.0,-58.0,-67.0,-57.0,-52.0,-72.0,-74.0,-69.0,-69.0,-77.0,-69.0,-81.0,-57.0,-64.0,-63.0,-100.0,-81.0,-58.0,-67.0,-57.0,-52.0,-71.0,-75.0,-70.0,-69.0,-73.0,-72.0,-100.0,-100.0
B0576,RP10,B,CTK45-dot-B,,34,,-15.0,18.0,test,-77.0,-83.0,-100.0,-64.0,-69.0,-65.0,-78.0,-100.0,-63.0,-53.0,-53.0,-53.0,-82.0,-78.0,-61.0,-67.0,-100.0,-83.0,-100.0,-64.0,-69.0,-65.0,-78.0,-92.0,-62.0,-50.0,-53.0,-53.0,-81.0,-78.0,-100.0,-67.0,-71.0,-71.0,-75.0,-74.0
B0579,RP10,B,CTK45-dot-B,,33,,-15.0,18.0,test,-100.0,-77.0,-100.0,-75.0,-68.0,-67.0,-72.0,-89.0,-61.0,-57.0,-62.0,-54.0,-100.0,-76.0,-63.0,-69.0,-100.0,-77.0,-100.0,-76.0,-68.0,-67.0,-72.0,-89.0,-63.0,-60.0,-62.0,-54.0,-100.0,-100.0,-63.0,-69.0,-71.0,-71.0,-73.0,-73.0
B0559,RP10,B,CTK45-dot-B,,34,,-15.0,18.0,test,-68.0,-100.0,-100.0,-55.0,-72.0,-62.0,-100.0,-81.0,-44.0,-66.0,-48.0,-58.0,-73.0,-80.0,-55.0,-68.0,-69.0,-100.0,-89.0,-55.0,-72.0,-71.0,-100.0,-85.0,-46.0,-67.0,-48.0,-58.0,-74.0,-80.0,-100.0,-67.0,-70.0,-71.0,-100.0,-100.0
B0564,RP10,B,CTK45-dot-B,,24,,-15.0,18.0,test,-68.0,-84.0,-100.0,-63.0,-100.0,-62.0,-100.0,-93.0,-53.0,-100.0,-51.0,-100.0,-74.0,-100.0,-72.0,-68.0,-100.0,-84.0,-100.0,-64.0,-100.0,-61.0,-100.0,-91.0,-53.0,-100.0,-51.0,-100.0,-100.0,-100.0,-100.0,-67.0,-68.0,-68.0,-100.0,-100.0
B0546,RP10,B,CTK45-dot-B,,36,,-15.0,18.0,test,-73.0,-72.0,-80.0,-52.0,-66.0,-64.0,-100.0,-100.0,-53.0,-57.0,-59.0,-53.0,-67.0,-79.0,-59.0,-65.0,-74.0,-71.0,-81.0,-52.0,-66.0,-64.0,-100.0,-82.0,-53.0,-57.0,-59.0,-53.0,-67.0,-79.0,-59.0,-65.0,-62.0,-62.0,-100.0,-100.0
B0568,RP10,B,CTK45-dot-B,,24,,-15.0,18.0,test,-76.0,-84.0,-86.0,-64.0,-100.0,-55.0,-100.0,-100.0,-58.0,-100.0,-47.0,-100.0,-72.0,-100.0,-53.0,-63.0,-100.0,-84.0,-100.0,-73.0,-100.0,-54.0,-100.0,-92.0,-59.0,-100.0,-47.0,-100.0,-80.0,-100.0,-55.0,-62.0,-68.0,-68.0,-100.0,-100.0
B0548,RP10,B,CTK45-dot-B,,25,,-15.0,18.0,test,-74.0,-75.0,-100.0,-100.0,-61.0,-67.0,-71.0,-100.0,-58.0,-57.0,-52.0,-48.0,-83.0,-77.0,-100.0,-69.0,-100.0,-76.0,-100.0,-100.0,-61.0,-100.0,-72.0,-100.0,-59.0,-59.0,-52.0,-47.0,-100.0,-76.0,-100.0,-69.0,-100.0,-100.0,-74.0,-73.0
2025:01:21:13:35:26,RP11,A,SM-S908E,2212343.0,33,-35.667562397677756,0.0,18.0,train,-74.0,-79.0,-100.0,-56.0,-68.0,-69.0,-73.0,-100.0,-56.0,-53.0,-53.0,-59.0,-75.0,-72.0,-56.0,-68.0,-74.0,-79.0,-100.0,-56.0,-69.0,-68.0,-73.0,-100.0,-56.0,-53.0,-52.0,-59.0,-77.0,-72.0,-56.0,-68.0,-63.0,-63.0,-76.0,-76.0
B0613,RP11,B,CTK45-dot-B,,28,,0.0,18.0,train,-82.0,-75.0,-78.0,-59.0,-100.0,-64.0,-72.0,-82.0,-60.0,-56.0,-100.0,-71.0,-100.0,-78.0,-100.0,-60.0,-100.0,-75.0,-79.0,-58.0,-59.0,-65.0,-72.0,-80.0,-60.0,-58.0,-71.0,-71.0,-100.0,-79.0,-100.0,-60.0,-100.0,-100.0,-63.0,-63.0
B0609,RP11,B,CTK45-dot-B,,29,,0.0,18.0,train,-83.0,-75.0,-100.0,-100.0,-60.0,-64.0,-74.0,-81.0,-61.0,-56.0,-68.0,-60.0,-73.0,-78.0,-100.0,-62.0,-83.0,-75.0,-100.0,-100.0,-60.0,-64.0,-74.0,-81.0,-60.0,-56.0,-69.0,-60.0,-73.0,-76.0,-100.0,-62.0,-100.0,-100.0,-60.0,-60.0
B0651,RP11,B,CTK45-dot-B,,38,,0.0,18.0,train,-73.0,-76.0,-100.0,-66.0,-65.0,-69.0,-67.0,-78.0,-63.0,-55.0,-64.0,-52.0,-77.0,-71.0,-57.0,-56.0,-73.0,-76.0,-100.0,-68.0,-65.0,-69.0,-67.0,-78.0,-63.0,-56.0,-64.0,-51.0,-77.0,-70.0,-56.0,-56.0,-70.0,-71.0,-100.0,-100.0
B0617,RP11,B,CTK45-dot-B,,29,,0.0,18.0,train,-81.0,-74.0,-100.0,-64.0,-62.0,-61.0,-71.0,-79.0,-62.0,-49.0,-72.0,-65.0,-74.0,-70.0,-100.0,-58.0,-100.0,-73.0,-100.0,-64.0,-62.0,-61.0,-71.0,-77.0,-62.0,-50.0,-72.0,-65.0,-100.0,-70.0,-100.0,-58.0,-69.0,-100.0,-58.0,-57.0
2025:01:21:13:40:52,RP11,A,SM-S908E,2212343.0,35,43.18314376148717,0.0,18.0,train,-71.0,-78.0,-100.0,-54.0,-59.0,-58.0,-75.0,-78.0,-59.0,-62.0,-54.0,-49.0,-75.0,-77.0,-62.0,-61.0,-69.0,-78.0,-74.0,-55.0,-59.0,-58.0,-75.0,-77.0,-59.0,-62.0,-54.0,-49.0,-76.0,-77.0,-62.0,-61.0,-71.0,-72.0,-65.0,-65.0
B0628,RP11,B,CTK45-dot-B,,35,,0.0,18.0,train,-80.0,-86.0,-100.0,-54.0,-70.0,-63.0,-73.0,-72.0,-57.0,-66.0,-59.0,-55.0,-100.0,-77.0,-46.0,-64.0,-100.0,-86.0,-100.0,-54.0,-70.0,-66.0,-72.0,-72.0,-64.0,-66.0,-59.0,-55.0,-100.0,-77.0,-46.0,-63.0,-60.0,-60.0,-73.0,-73.0
2025:01:21:13:31:49,RP11,A,SM-S908E,2212343.0,37,-96.93595624245555,0.0,18.0,train,-73.0,-74.0,-75.0,-58.0,-67.0,-59.0,-72.0,-73.0,-58.0,-57.0,-50.0,-52.0,-72.0,-73.0,-59.0,-54.0,-73.0,-74.0,-100.0,-58.0,-67.0,-59.0,-72.0,-85.0,-58.0,-57.0,-50.0,-52.0,-72.0,-73.0,-60.0,-54.0,-64.0,-64.0,-67.0,-67.0
B0636,RP11,B,CTK45-dot-B,,32,,0.0,18.0,train,-72.0,-76.0,-89.0,-63.0,-62.0,-70.0,-100.0,-86.0,-57.0,-59.0,-64.0,-56.0,-75.0,-71.0,-54.0,-62.0,-72.0,-76.0,-90.0,-64.0,-62.0,-70.0,-100.0,-86.0,-57.0,-59.0,-65.0,-57.0,-75.0,-71.0,-54.0,-62.0,-100.0,-100.0,-100.0,-100.0
B0598,RP11,B,CTK45-dot-B,,30,,0.0,18.0,train,-100.0,-75.0,-82.0,-57.0,-63.0,-65.0,-70.0,-80.0,-62.0,-49.0,-65.0,-68.0,-100.0,-77.0,-59.0,-59.0,-100.0,-75.0,-100.0,-57.0,-64.0,-66.0,-70.0,-79.0,-63.0,-51.0,-65.0,-68.0,-100.0,-77.0,-59.0,-59.0,-71.0,-100.0,-65.0,-65.0
B0645,RP11,B,CTK45-dot-B,,27,,0.0,18.0,train,-78.0,-72.0,-78.0,-52.0,-60.0,-100.0,-100.0,-77.0,-100.0,-59.0,-65.0,-60.0,-76.0,-78.0,-53.0,-59.0,-78.0,-72.0,-78.0,-52.0,-60.0,-62.0,-100.0,-79.0,-100.0,-58.0,-65.0,-60.0,-76.0,-79.0,-54.0,-59.0,-100.0,-100.0,-100.0,-100.0
B0612,RP11,B,CTK45-dot-B,,33,,0.0,18.0,train,-77.0,-76.0,-77.0,-56.0,-62.0,-66.0,-75.0,-82.0,-62.0,-56.0,-67.0,-65.0,-72.0,-78.0,-56.0,-62.0,-78.0,-76.0,-100.0,-57.0,-62.0,-65.0,-75.0,-81.0,-62.0,-56.0,-68.0,-65.0,-72.0,-79.0,-60.0,-62.0,-100.0,-100.0,-63.0,-63.0
B0630,RP11,B,CTK45-dot-B,,25,,0.0,18.0,train,-73.0,-87.0,-100.0,-61.0,-100.0,-64.0,-100.0,-76.0,-52.0,-100.0,-44.0,-100.0,-69.0,-100.0,-54.0,-67.0,-71.0,-87.0,-100.0,-61.0,-100.0,-72.0,-100.0,-80.0,-100.0,-100.0,-54.0,-100.0,-67.0,-100.0,-54.0,-68.0,-66.0,-67.0,-100.0,-100.0
B0634,RP11,B,CTK45-dot-B,,28,,0.0,18.0,train,-68.0,-100.0,-100.0,-54.0,-72.0,-100.0,-100.0,-86.0,-66.0,-66.0,-39.0,-100.0,-75.0,-73.0,-53.0,-66.0,-68.0,-100.0,-100.0,-55.0,-72.0,-100.0,-100.0,-84.0,-100.0,-66.0,-48.0,-100.0,-77.0,-73.0,-54.0,-100.0,-69.0,-72.0,-100.0,-100.0
2025:01:21:13:42:28,RP11,A,SM-S908E,2212343.0,34,43.44359662416656,0.0,18.0,train,-71.0,-81.0,-100.0,-62.0,-64.0,-60.0,-75.0,-80.0,-61.0,-62.0,-56.0,-51.0,-75.0,-100.0,-65.0,-57.0,-72.0,-81.0,-100.0,-62.0,-64.0,-60.0,-75.0,-80.0,-61.0,-63.0,-56.0,-51.0,-75.0,-100.0,-66.0,-57.0,-72.0,-72.0,-63.0,-63.0
B0649,RP11,B,CTK45-dot-B,,37,,0.0,18.0,train,-79.0,-75.0,-79.0,-62.0,-65.0,-68.0,-68.0,-100.0,-63.0,-55.0,-63.0,-52.0,-77.0,-70.0,-58.0,-56.0,-79.0,-75.0,-100.0,-62.0,-65.0,-69.0,-68.0,-100.0,-63.0,-55.0,-63.0,-52.0,-77.0,-70.0,-58.0,-55.0,-73.0,-73.0,-100.0,-100.0
2025:01:21:13:43:24,RP11,A,SM-S908E,2212343.0,36,-168.49530234135756,0.0,18.0,train,-69.0,-81.0,-80.0,-58.0,-64.0,-61.0,-74.0,-79.0,-61.0,-65.0,-55.0,-52.0,-75.0,-74.0,-67.0,-55.0,-70.0,-82.0,-80.0,-59.0,-64.0,-61.0,-74.0,-79.0,-63.0,-65.0,-55.0,-52.0,-75.0,-74.0,-67.0,-55.0,-72.0,-72.0,-67.0,-66.0
B0640,RP11,B,CTK45-dot-B,,32,,0.0,18.0,train,-74.0,-87.0,-91.0,-58.0,-60.0,-64.0,-100.0,-78.0,-51.0,-52.0,-52.0,-52.0,-74.0,-73.0,-52.0,-61.0,-74.0,-87.0,-90.0,-58.0,-60.0,-64.0,-100.0,-79.0,-60.0,-52.0,-52.0,-53.0,-74.0,-73.0,-53.0,-61.0,-100.0,-100.0,-100.0,-100.0
2025:01:21:13:38:35,RP11,A,SM-S908E,2212343.0,35,-35.96071625355645,0.0,18.0,train,-74.0,-79.0,-80.0,-58.0,-70.0,-66.0,-73.0,-81.0,-62.0,-54.0,-53.0,-61.0,-77.0,-72.0,-60.0,-67.0,-73.0,-79.0,-100.0,-58.0,-70.0,-66.0,-74.0,-81.0,-62.0,-54.0,-53.0,-61.0,-77.0,-71.0,-100.0,-67.0,-61.0,-60.0,-73.0,-73.0
B0610,RP11,B,CTK45-dot-B,,32,,0.0,18.0,train,-78.0,-73.0,-100.0,-70.0,-61.0,-64.0,-74.0,-79.0,-61.0,-57.0,-57.0,-51.0,-100.0,-74.0,-60.0,-63.0,-100.0,-74.0,-100.0,-57.0,-61.0,-64.0,-74.0,-78.0,-61.0,-57.0,-58.0,-50.0,-100.0,-74.0,-60.0,-63.0,-73.0,-72.0,-63.0,-62.0
B0637,RP11,B,CTK45-dot-B,,22,,0.0,18.0,train,-100.0,-75.0,-100.0,-60.0,-61.0,-72.0,-100.0,-100.0,-57.0,-60.0,-60.0,-56.0,-100.0,-70.0,-51.0,-62.0,-100.0,-75.0,-100.0,-60.0,-61.0,-71.0,-100.0,-100.0,-57.0,-61.0,-60.0,-57.0,-100.0,-71.0,-51.0,-62.0,-100.0,-100.0,-100.0,-100.0
B0622,RP11,B,CTK45-dot-B,,24,,0.0,18.0,train,-85.0,-79.0,-100.0,-63.0,-100.0,-62.0,-100.0,-100.0,-63.0,-100.0,-45.0,-100.0,-69.0,-100.0,-47.0,-61.0,-86.0,-80.0,-100.0,-63.0,-100.0,-61.0,-100.0,-100.0,-63.0,-100.0,-43.0,-100.0,-71.0,-100.0,-48.0,-61.0,-61.0,-59.0,-100.0,-100.0
B0605,RP11,B,CTK45-dot-B,,24,,0.0,18.0,train,-82.0,-74.0,-100.0,-100.0,-62.0,-67.0,-73.0,-83.0,-63.0,-63.0,-70.0,-63.0,-73.0,-100.0,-60.0,-100.0,-81.0,-74.0,-100.0,-100.0,-62.0,-66.0,-73.0,-84.0,-63.0,-61.0,-100.0,-64.0,-73.0,-100.0,-100.0,-100.0,-100.0,-100.0,-59.0,-59.0
B0626,RP11,B,CTK45-dot-B,,26,,0.0,18.0,train,-78.0,-77.0,-100.0,-67.0,-100.0,-63.0,-100.0,-84.0,-57.0,-100.0,-52.0,-100.0,-100.0,-100.0,-49.0,-64.0,-88.0,-77.0,-100.0,-57.0,-100.0,-63.0,-100.0,-82.0,-58.0,-100.0,-52.0,-100.0,-100.0,-100.0,-48.0,-64.0,-57.0,-58.0,-100.0,-100.0
B0648,RP11,B,CTK45-dot-B,,30,,0.0,18.0,train,-79.0,-75.0,-78.0,-60.0,-64.0,-70.0,-100.0,-78.0,-59.0,-55.0,-61.0,-58.0,-100.0,-73.0,-57.0,-55.0,-79.0,-75.0,-78.0,-60.0,-64.0,-70.0,-100.0,-78.0,-60.0,-55.0,-61.0,-58.0,-100.0,-74.0,-58.0,-55.0,-100.0,-100.0,-100.0,-100.0
B0639,RP11,B,CTK45-dot-B,,31,,0.0,18.0,train,-100.0,-77.0,-81.0,-61.0,-61.0,-61.0,-72.0,-85.0,-59.0,-67.0,-48.0,-65.0,-70.0,-85.0,-61.0,-51.0,-65.0,-77.0,-100.0,-100.0,-61.0,-60.0,-72.0,-85.0,-60.0,-67.0,-47.0,-67.0,-100.0,-85.0,-100.0,-53.0,-54.0,-57.0,-100.0,-100.0
B0602,RP11,B,CTK45-dot-B,,26,,0.0,18.0,train,-81.0,-74.0,-100.0,-100.0,-62.0,-65.0,-73.0,-100.0,-62.0,-57.0,-100.0,-67.0,-100.0,-79.0,-66.0,-61.0,-100.0,-74.0,-100.0,-100.0,-62.0,-66.0,-74.0,-100.0,-62.0,-57.0,-100.0,-67.0,-100.0,-78.0,-65.0,-61.0,-69.0,-100.0,-61.0,-61.0
B0642,RP11,B,CTK45-dot-B,,23,,0.0,18.0,train,-100.0,-78.0,-100.0,-62.0,-68.0,-100.0,-100.0,-100.0,-53.0,-51.0,-51.0,-53.0,-100.0,-73.0,-56.0,-60.0,-100.0,-78.0,-100.0,-62.0,-68.0,-100.0,-100.0,-100.0,-53.0,-51.0,-52.0,-53.0,-100.0,-73.0,-56.0,-60.0,-100.0,-100.0,-100.0,-100.0
B0644,RP11,B,CTK45-dot-B,,34,,0.0,18.0,train,-76.0,-72.0,-75.0,-53.0,-65.0,-64.0,-100.0,-78.0,-62.0,-68.0,-74.0,-66.0,-80.0,-73.0,-53.0,-60.0,-77.0,-73.0,-75.0,-53.0,-65.0,-64.0,-100.0,-78.0,-61.0,-68.0,-74.0,-66.0,-81.0,-73.0,-53.0,-60.0,-65.0,-65.0,-100.0,-100.0
B0652,RP11,B,CTK45-dot-B,,36,,0.0,18.0,train,-79.0,-77.0,-80.0,-59.0,-63.0,-69.0,-100.0,-80.0,-59.0,-56.0,-60.0,-52.0,-77.0,-71.0,-59.0,-57.0,-80.0,-77.0,-81.0,-59.0,-64.0,-69.0,-100.0,-80.0,-59.0,-57.0,-60.0,-52.0,-78.0,-72.0,-59.0,-56.0,-70.0,-70.0,-100.0,-100.0
B0631,RP11,B,CTK45-dot-B,,22,,0.0,18.0,train,-100.0,-83.0,-100.0,-56.0,-100.0,-63.0,-100.0,-80.0,-50.0,-100.0,-43.0,-100.0,-100.0,-100.0,-49.0,-64.0,-100.0,-83.0,-100.0,-66.0,-100.0,-63.0,-100.0,-79.0,-59.0,-100.0,-43.0,-100.0,-100.0,-100.0,-49.0,-64.0,-65.0,-64.0,-100.0,-100.0
2025:01:21:13:44:00,RP11,A,SM-S908E,2212343.0,33,-167.3699100993175,0.0,18.0,train,-76.0,-75.0,-82.0,-62.0,-62.0,-69.0,-76.0,-80.0,-58.0,-57.0,-59.0,-52.0,-77.0,-73.0,-59.0,-59.0,-77.0,-75.0,-100.0,-62.0,-62.0,-70.0,-76.0,-82.0,-59.0,-57.0,-60.0,-52.0,-77.0,-72.0,-59.0,-59.0,-100.0,-100.0,-69.0,-69.0
2025:01:21:13:36:22,RP11,A,SM-S908E,2212343.0,33,-35.582027820273865,0.0,18.0,train,-73.0,-79.0,-100.0,-54.0,-70.0,-66.0,-74.0,-77.0,-56.0,-54.0,-53.0,-61.0,-75.0,-72.0,-55.0,-65.0,-100.0,-79.0,-100.0,-54.0,-71.0,-67.0,-74.0,-78.0,-56.0,-54.0,-53.0,-61.0,-75.0,-72.0,-55.0,-65.0,-62.0,-62.0,-71.0,-71.0
B0614,RP11,B,CTK45-dot-B,,35,,0.0,18.0,train,-68.0,-78.0,-88.0,-55.0,-62.0,-63.0,-100.0,-77.0,-55.0,-52.0,-53.0,-55.0,-68.0,-74.0,-56.0,-58.0,-69.0,-78.0,-85.0,-55.0,-62.0,-63.0,-100.0,-78.0,-55.0,-51.0,-53.0,-56.0,-68.0,-74.0,-56.0,-57.0,-55.0,-55.0,-100.0,-100.0
2025:01:21:13:39:18,RP11,A,SM-S908E,2212343.0,34,45.335274080570485,0.0,18.0,train,-75.0,-79.0,-100.0,-56.0,-70.0,-68.0,-73.0,-79.0,-58.0,-54.0,-52.0,-55.0,-74.0,-74.0,-60.0,-71.0,-74.0,-79.0,-100.0,-56.0,-70.0,-68.0,-73.0,-79.0,-59.0,-54.0,-52.0,-55.0,-74.0,-74.0,-60.0,-71.0,-66.0,-65.0,-75.0,-76.0
B0627,RP11,B,CTK45-dot-B,,27,,0.0,18.0,train,-78.0,-81.0,-100.0,-60.0,-100.0,-69.0,-100.0,-73.0,-58.0,-100.0,-48.0,-100.0,-66.0,-100.0,-60.0,-66.0,-79.0,-82.0,-83.0,-61.0,-100.0,-77.0,-100.0,-76.0,-59.0,-100.0,-49.0,-100.0,-66.0,-100.0,-60.0,-65.0,-61.0,-60.0,-100.0,-100.0
B0599,RP11,B,CTK45-dot-B,,32,,0.0,18.0,train,-80.0,-73.0,-79.0,-60.0,-60.0,-66.0,-72.0,-83.0,-63.0,-56.0,-67.0,-66.0,-74.0,-100.0,-60.0,-62.0,-80.0,-73.0,-77.0,-60.0,-60.0,-65.0,-71.0,-82.0,-62.0,-55.0,-100.0,-65.0,-73.0,-78.0,-100.0,-62.0,-100.0,-100.0,-62.0,-61.0
B0604,RP11,B,CTK45-dot-B,,30,,0.0,18.0,train,-82.0,-75.0,-100.0,-60.0,-59.0,-65.0,-75.0,-82.0,-62.0,-58.0,-72.0,-67.0,-74.0,-100.0,-62.0,-64.0,-82.0,-75.0,-100.0,-60.0,-59.0,-66.0,-74.0,-82.0,-61.0,-60.0,-72.0,-67.0,-73.0,-100.0,-100.0,-63.0,-100.0,-64.0,-59.0,-59.0
B0643,RP11,B,CTK45-dot-B,,36,,0.0,18.0,train,-63.0,-77.0,-75.0,-54.0,-61.0,-60.0,-70.0,-78.0,-54.0,-51.0,-53.0,-56.0,-68.0,-73.0,-53.0,-59.0,-63.0,-77.0,-75.0,-54.0,-60.0,-60.0,-70.0,-76.0,-54.0,-51.0,-53.0,-56.0,-68.0,-73.0,-53.0,-59.0,-100.0,-100.0,-100.0,-100.0
B0632,RP11,B,CTK45-dot-B,,19,,0.0,18.0,train,-72.0,-80.0,-100.0,-55.0,-100.0,-100.0,-100.0,-76.0,-100.0,-100.0,-45.0,-100.0,-73.0,-100.0,-47.0,-65.0,-70.0,-80.0,-100.0,-100.0,-100.0,-100.0,-100.0,-77.0,-100.0,-100.0,-48.0,-100.0,-71.0,-100.0,-47.0,-65.0,-63.0,-100.0,-100.0,-100.0
B0633,RP11,B,CTK45-dot-B,,27,,0.0,18.0,train,-66.0,-77.0,-78.0,-55.0,-100.0,-67.0,-100.0,-100.0,-67.0,-100.0,-45.0,-100.0,-68.0,-100.0,-59.0,-66.0,-66.0,-77.0,-100.0,-56.0,-100.0,-67.0,-100.0,-81.0,-68.0,-100.0,-45.0,-100.0,-68.0,-100.0,-59.0,-66.0,-57.0,-54.0,-100.0,-100.0
2025:01:21:13:44:44,RP11,A,SM-S908E,2212343.0,38,-166.63769868503007,0.0,18.0,train,-76.0,-72.0,-100.0,-57.0,-61.0,-65.0,-72.0,-78.0,-57.0,-52.0,-55.0,-57.0,-68.0,-68.0,-61.0,-63.0,-76.0,-72.0,-100.0,-57.0,-61.0,-65.0,-72.0,-78.0,-57.0,-50.0,-55.0,-57.0,-68.0,-68.0,-61.0,-63.0,-61.0,-61.0,-72.0,-72.0
B0629,RP11,B,CTK45-dot-B,,22,,0.0,18.0,train,-100.0,-73.0,-100.0,-61.0,-100.0,-63.0,-100.0,-77.0,-52.0,-100.0,-43.0,-100.0,-64.0,-100.0,-53.0,-64.0,-80.0,-73.0,-100.0,-61.0,-100.0,-100.0,-100.0,-75.0,-52.0,-100.0,-46.0,-100.0,-63.0,-100.0,-52.0,-67.0,-63.0,-62.0,-100.0,-100.0
B0611,RP11,B,CTK45-dot-B,,35,,0.0,18.0,train,-77.0,-73.0,-100.0,-55.0,-58.0,-67.0,-75.0,-81.0,-62.0,-55.0,-69.0,-66.0,-71.0,-78.0,-61.0,-63.0,-80.0,-73.0,-100.0,-55.0,-59.0,-67.0,-75.0,-80.0,-62.0,-56.0,-69.0,-66.0,-71.0,-77.0,-61.0,-62.0,-63.0,-61.0,-63.0,-63.0
2025:01:21:13:33:00,RP11,A,SM-S908E,2212343.0,32,-95.44343556360745,0.0,18.0,train,-72.0,-73.0,-100.0,-56.0,-67.0,-61.0,-73.0,-83.0,-58.0,-62.0,-54.0,-52.0,-100.0,-72.0,-57.0,-61.0,-72.0,-73.0,-100.0,-56.0,-68.0,-62.0,-73.0,-81.0,-58.0,-61.0,-54.0,-52.0,-100.0,-72.0,-57.0,-61.0,-63.0,-63.0,-68.0,-68.0
2025:01:21:13:37:52,RP11,A,SM-S908E,2212343.0,33,-36.189120149007394,0.0,18.0,train,-76.0,-79.0,-100.0,-59.0,-74.0,-66.0,-73.0,-82.0,-57.0,-55.0,-53.0,-60.0,-77.0,-73.0,-56.0,-71.0,-76.0,-79.0,-100.0,-59.0,-74.0,-65.0,-73.0,-83.0,-58.0,-55.0,-53.0,-60.0,-100.0,-73.0,-56.0,-68.0,-66.0,-66.0,-75.0,-75.0
2025:01:21:13:34:33,RP11,A,SM-S908E,2212343.0,37,-37.15919671081678,0.0,18.0,train,-73.0,-80.0,-100.0,-59.0,-71.0,-69.0,-73.0,-81.0,-59.0,-54.0,-54.0,-57.0,-77.0,-71.0,-54.0,-65.0,-73.0,-80.0,-77.0,-60.0,-71.0,-69.0,-73.0,-79.0,-59.0,-54.0,-54.0,-57.0,-77.0,-71.0,-54.0,-65.0,-59.0,-59.0,-66.0,-66.0
2025:01:21:13:46:16,RP11,A,SM-S908E,2212343.0,38,-166.73319356074452,0.0,18.0,train,-79.0,-76.0,-100.0,-59.0,-61.0,-72.0,-71.0,-81.0,-59.0,-63.0,-60.0,-60.0,-75.0,-74.0,-58.0,-64.0,-79.0,-76.0,-100.0,-59.0,-61.0,-72.0,-71.0,-82.0,-59.0,-63.0,-60.0,-60.0,-75.0,-73.0,-59.0,-64.0,-61.0,-61.0,-73.0,-73.0
B0618,RP11,B,CTK45-dot-B,,17,,0.0,18.0,train,-67.0,-72.0,-100.0,-56.0,-100.0,-67.0,-100.0,-76.0,-52.0,-100.0,-52.0,-100.0,-100.0,-100.0,-64.0,-56.0,-100.0,-72.0,-100.0,-56.0,-100.0,-67.0,-100.0,-76.0,-60.0,-100.0,-51.0,-100.0,-100.0,-100.0,-100.0,-56.0,-100.0,-100.0,-100.0,-100.0
B0621,RP11,B,CTK45-dot-B,,26,,0.0,18.0,train,-74.0,-82.0,-78.0,-65.0,-100.0,-60.0,-100.0,-78.0,-62.0,-100.0,-59.0,-100.0,-69.0,-100.0,-51.0,-58.0,-76.0,-82.0,-76.0,-65.0,-100.0,-57.0,-100.0,-76.0,-61.0,-100.0,-57.0,-100.0,-69.0,-100.0,-51.0,-100.0,-53.0,-54.0,-100.0,-100.0
B0615,RP11,B,CTK45-dot-B,,34,,0.0,18.0,train,-72.0,-76.0,-80.0,-62.0,-61.0,-70.0,-70.0,-89.0,-57.0,-61.0,-60.0,-55.0,-77.0,-71.0,-50.0,-62.0,-72.0,-76.0,-84.0,-62.0,-61.0,-70.0,-70.0,-80.0,-57.0,-61.0,-60.0,-55.0,-80.0,-71.0,-50.0,-62.0,-100.0,-100.0,-100.0,-100.0
B0603,RP11,B,CTK45-dot-B,,35,,0.0,18.0,train,-83.0,-75.0,-100.0,-60.0,-62.0,-66.0,-75.0,-83.0,-65.0,-61.0,-67.0,-65.0,-73.0,-80.0,-60.0,-61.0,-82.0,-75.0,-100.0,-60.0,-63.0,-65.0,-75.0,-84.0,-61.0,-57.0,-67.0,-65.0,-72.0,-80.0,-59.0,-61.0,-68.0,-68.0,-59.0,-59.0
B0597,RP11,B,CTK45-dot-B,,24,,0.0,18.0,train,-100.0,-74.0,-100.0,-59.0,-63.0,-100.0,-70.0,-100.0,-100.0,-51.0,-64.0,-68.0,-100.0,-77.0,-61.0,-59.0,-100.0,-74.0,-100.0,-59.0,-64.0,-100.0,-70.0,-100.0,-100.0,-54.0,-65.0,-68.0,-100.0,-77.0,-61.0,-59.0,-71.0,-71.0,-62.0,-62.0
2025:01:21:13:32:24,RP11,A,SM-S908E,2212343.0,36,-94.84673439744641,0.0,18.0,train,-72.0,-73.0,-77.0,-59.0,-69.0,-60.0,-72.0,-83.0,-58.0,-57.0,-57.0,-53.0,-70.0,-73.0,-54.0,-54.0,-72.0,-73.0,-77.0,-59.0,-69.0,-60.0,-72.0,-80.0,-58.0,-57.0,-57.0,-53.0,-70.0,-73.0,-54.0,-54.0,-62.0,-63.0,-68.0,-68.0
B0654,RP11,B,CTK45-dot-B,,30,,0.0,18.0,train,-100.0,-85.0,-100.0,-100.0,-79.0,-78.0,-71.0,-75.0,-59.0,-51.0,-52.0,-44.0,-100.0,-65.0,-67.0,-71.0,-100.0,-84.0,-100.0,-100.0,-79.0,-79.0,-71.0,-76.0,-59.0,-54.0,-51.0,-43.0,-100.0,-65.0,-67.0,-71.0,-82.0,-82.0,-74.0,-74.0
B0607,RP11,B,CTK45-dot-B,,29,,0.0,18.0,train,-80.0,-74.0,-100.0,-100.0,-62.0,-64.0,-73.0,-82.0,-60.0,-58.0,-69.0,-64.0,-72.0,-75.0,-62.0,-61.0,-80.0,-73.0,-100.0,-100.0,-62.0,-64.0,-73.0,-100.0,-60.0,-56.0,-68.0,-64.0,-71.0,-75.0,-62.0,-61.0,-100.0,-100.0,-62.0,-62.0
B0600,RP11,B,CTK45-dot-B,,30,,0.0,18.0,validation,-81.0,-75.0,-100.0,-100.0,-61.0,-66.0,-74.0,-82.0,-61.0,-57.0,-69.0,-64.0,-100.0,-82.0,-63.0,-64.0,-100.0,-74.0,-100.0,-60.0,-61.0,-66.0,-74.0,-80.0,-62.0,-59.0,-69.0,-64.0,-100.0,-100.0,-63.0,-63.0,-66.0,-67.0,-64.0,-64.0
B0625,RP11,B,CTK45-dot-B,,22,,0.0,18.0,validation,-100.0,-82.0,-87.0,-60.0,-100.0,-60.0,-100.0,-73.0,-61.0,-100.0,-48.0,-100.0,-100.0,-100.0,-46.0,-64.0,-100.0,-82.0,-77.0,-60.0,-100.0,-59.0,-100.0,-74.0,-63.0,-100.0,-47.0,-100.0,-100.0,-100.0,-100.0,-64.0,-53.0,-100.0,-100.0,-100.0
B0606,RP11,B,CTK45-dot-B,,25,,0.0,18.0,validation,-100.0,-73.0,-100.0,-58.0,-63.0,-65.0,-73.0,-100.0,-61.0,-56.0,-100.0,-61.0,-72.0,-80.0,-100.0,-59.0,-100.0,-74.0,-100.0,-100.0,-63.0,-65.0,-73.0,-82.0,-62.0,-60.0,-100.0,-61.0,-100.0,-80.0,-100.0,-59.0,-65.0,-65.0,-61.0,-60.0
B0641,RP11,B,CTK45-dot-B,,37,,0.0,18.0,validation,-70.0,-79.0,-75.0,-55.0,-59.0,-63.0,-100.0,-78.0,-53.0,-51.0,-54.0,-56.0,-67.0,-73.0,-54.0,-60.0,-71.0,-80.0,-100.0,-54.0,-59.0,-63.0,-100.0,-77.0,-53.0,-51.0,-58.0,-55.0,-67.0,-73.0,-54.0,-60.0,-55.0,-54.0,-100.0,-100.0
B0624,RP11,B,CTK45-dot-B,,32,,0.0,18.0,validation,-69.0,-100.0,-100.0,-56.0,-64.0,-69.0,-100.0,-78.0,-62.0,-73.0,-45.0,-58.0,-69.0,-77.0,-100.0,-58.0,-69.0,-100.0,-100.0,-100.0,-64.0,-68.0,-100.0,-78.0,-62.0,-74.0,-43.0,-58.0,-70.0,-77.0,-100.0,-61.0,-49.0,-49.0,-67.0,-67.0
B0635,RP11,B,CTK45-dot-B,,23,,0.0,18.0,validation,-79.0,-74.0,-100.0,-61.0,-100.0,-56.0,-100.0,-79.0,-56.0,-100.0,-53.0,-100.0,-67.0,-100.0,-62.0,-56.0,-100.0,-75.0,-100.0,-61.0,-100.0,-57.0,-100.0,-79.0,-59.0,-100.0,-61.0,-100.0,-68.0,-100.0,-100.0,-56.0,-54.0,-52.0,-100.0,-100.0
B0653,RP11,B,CTK45-dot-B,,30,,0.0,18.0,validation,-72.0,-76.0,-84.0,-60.0,-60.0,-69.0,-100.0,-88.0,-57.0,-57.0,-55.0,-53.0,-76.0,-71.0,-48.0,-62.0,-73.0,-76.0,-83.0,-60.0,-60.0,-68.0,-100.0,-87.0,-57.0,-57.0,-55.0,-54.0,-76.0,-71.0,-49.0,-63.0,-100.0,-100.0,-100.0,-100.0
B0646,RP11,B,CTK45-dot-B,,28,,0.0,18.0,validation,-100.0,-74.0,-82.0,-55.0,-66.0,-62.0,-100.0,-79.0,-66.0,-59.0,-68.0,-69.0,-74.0,-71.0,-56.0,-65.0,-100.0,-74.0,-100.0,-55.0,-67.0,-62.0,-100.0,-77.0,-67.0,-59.0,-68.0,-69.0,-100.0,-72.0,-56.0,-65.0,-100.0,-100.0,-100.0,-100.0
B0619,RP11,B,CTK45-dot-B,,19,,0.0,18.0,validation,-72.0,-73.0,-80.0,-55.0,-100.0,-100.0,-100.0,-100.0,-47.0,-100.0,-53.0,-100.0,-72.0,-100.0,-63.0,-56.0,-71.0,-73.0,-100.0,-100.0,-100.0,-100.0,-100.0,-82.0,-57.0,-100.0,-54.0,-100.0,-72.0,-100.0,-62.0,-56.0,-100.0,-100.0,-100.0,-100.0
2025:01:21:13:40:02,RP11,A,SM-S908E,2212343.0,33,42.86336455686876,0.0,18.0,validation,-70.0,-79.0,-100.0,-60.0,-64.0,-60.0,-77.0,-79.0,-59.0,-63.0,-54.0,-52.0,-77.0,-74.0,-65.0,-63.0,-71.0,-79.0,-100.0,-60.0,-64.0,-60.0,-77.0,-79.0,-59.0,-63.0,-54.0,-52.0,-100.0,-74.0,-66.0,-63.0,-69.0,-69.0,-69.0,-69.0
B0616,RP11,B,CTK45-dot-B,,34,,0.0,18.0,validation,-71.0,-76.0,-100.0,-61.0,-59.0,-76.0,-100.0,-86.0,-58.0,-62.0,-62.0,-54.0,-78.0,-72.0,-52.0,-61.0,-71.0,-75.0,-100.0,-61.0,-59.0,-76.0,-100.0,-87.0,-58.0,-62.0,-62.0,-54.0,-79.0,-71.0,-52.0,-61.0,-55.0,-52.0,-100.0,-100.0
B0595,RP11,B,CTK45-dot-B,,19,,0.0,18.0,validation,-69.0,-76.0,-100.0,-100.0,-100.0,-68.0,-100.0,-83.0,-49.0,-100.0,-59.0,-100.0,-66.0,-100.0,-100.0,-68.0,-68.0,-76.0,-100.0,-100.0,-100.0,-66.0,-100.0,-84.0,-49.0,-100.0,-60.0,-100.0,-75.0,-100.0,-100.0,-64.0,-61.0,-62.0,-100.0,-100.0
2025:01:21:13:41:41,RP11,A,SM-S908E,2212343.0,37,41.56508000831679,0.0,18.0,test,-70.0,-77.0,-100.0,-56.0,-62.0,-59.0,-76.0,-78.0,-60.0,-63.0,-54.0,-53.0,-78.0,-78.0,-59.0,-60.0,-100.0,-77.0,-76.0,-56.0,-63.0,-60.0,-76.0,-79.0,-60.0,-63.0,-53.0,-53.0,-78.0,-77.0,-60.0,-60.0,-70.0,-70.0,-67.0,-66.0
B0647,RP11,B,CTK45-dot-B,,36,,0.0,18.0,test,-80.0,-73.0,-85.0,-56.0,-62.0,-66.0,-100.0,-72.0,-58.0,-60.0,-65.0,-64.0,-71.0,-74.0,-53.0,-65.0,-80.0,-73.0,-86.0,-57.0,-62.0,-66.0,-100.0,-72.0,-59.0,-60.0,-64.0,-64.0,-71.0,-74.0,-53.0,-66.0,-59.0,-59.0,-100.0,-100.0
2025:01:21:13:30:59,RP11,A,SM-S908E,2212343.0,33,-96.93640314953575,0.0,18.0,test,-70.0,-66.0,-100.0,-54.0,-61.0,-75.0,-77.0,-100.0,-61.0,-65.0,-66.0,-73.0,-78.0,-100.0,-67.0,-67.0,-70.0,-66.0,-100.0,-54.0,-61.0,-70.0,-76.0,-100.0,-61.0,-65.0,-66.0,-73.0,-78.0,-83.0,-62.0,-65.0,-64.0,-64.0,-75.0,-76.0
B0638,RP11,B,CTK45-dot-B,,29,,0.0,18.0,test,-100.0,-76.0,-100.0,-59.0,-59.0,-69.0,-100.0,-90.0,-58.0,-58.0,-100.0,-54.0,-75.0,-72.0,-49.0,-60.0,-71.0,-76.0,-100.0,-59.0,-61.0,-69.0,-100.0,-91.0,-57.0,-57.0,-100.0,-54.0,-100.0,-72.0,-49.0,-60.0,-55.0,-54.0,-100.0,-100.0
B0601,RP11,B,CTK45-dot-B,,30,,0.0,18.0,test,-82.0,-74.0,-77.0,-100.0,-60.0,-65.0,-73.0,-80.0,-62.0,-55.0,-69.0,-66.0,-73.0,-80.0,-100.0,-64.0,-82.0,-74.0,-77.0,-100.0,-60.0,-65.0,-73.0,-84.0,-62.0,-56.0,-100.0,-66.0,-73.0,-79.0,-100.0,-64.0,-100.0,-100.0,-65.0,-65.0
2025:01:21:13:33:37,RP11,A,SM-S908E,2212343.0,36,-96.46401663618424,0.0,18.0,test,-73.0,-71.0,-100.0,-58.0,-62.0,-59.0,-72.0,-84.0,-54.0,-59.0,-53.0,-53.0,-71.0,-72.0,-55.0,-56.0,-73.0,-71.0,-100.0,-58.0,-63.0,-59.0,-72.0,-82.0,-54.0,-59.0,-53.0,-53.0,-71.0,-72.0,-56.0,-55.0,-62.0,-62.0,-67.0,-67.0
B0650,RP11,B,CTK45-dot-B,,31,,0.0,18.0,test,-78.0,-76.0,-79.0,-62.0,-64.0,-73.0,-100.0,-79.0,-60.0,-54.0,-65.0,-57.0,-77.0,-72.0,-57.0,-56.0,-78.0,-76.0,-80.0,-63.0,-64.0,-73.0,-100.0,-79.0,-60.0,-55.0,-100.0,-57.0,-76.0,-73.0,-58.0,-56.0,-100.0,-100.0,-100.0,-100.0
2025:01:21:13:45:32,RP11,A,SM-S908E,2212343.0,39,-166.89736888736132,0.0,18.0,test,-81.0,-73.0,-100.0,-60.0,-59.0,-73.0,-76.0,-82.0,-60.0,-67.0,-61.0,-62.0,-78.0,-74.0,-60.0,-62.0,-81.0,-74.0,-100.0,-60.0,-59.0,-74.0,-76.0,-82.0,-60.0,-67.0,-61.0,-62.0,-79.0,-74.0,-60.0,-62.0,-63.0,-62.0,-72.0,-72.0
B0596,RP11,B,CTK45-dot-B,,37,,0.0,18.0,test,-80.0,-74.0,-77.0,-56.0,-60.0,-64.0,-70.0,-77.0,-59.0,-54.0,-68.0,-68.0,-72.0,-75.0,-62.0,-59.0,-81.0,-74.0,-78.0,-56.0,-60.0,-64.0,-70.0,-78.0,-60.0,-55.0,-68.0,-68.0,-72.0,-77.0,-62.0,-59.0,-68.0,-68.0,-64.0,-65.0
B0608,RP11,B,CTK45-dot-B,,35,,0.0,18.0,test,-78.0,-74.0,-100.0,-55.0,-61.0,-66.0,-73.0,-81.0,-61.0,-57.0,-64.0,-60.0,-73.0,-78.0,-57.0,-64.0,-80.0,-74.0,-100.0,-57.0,-60.0,-66.0,-73.0,-83.0,-61.0,-57.0,-64.0,-60.0,-73.0,-78.0,-60.0,-65.0,-68.0,-68.0,-63.0,-64.0
B0620,RP11,B,CTK45-dot-B,,24,,0.0,18.0,test,-75.0,-79.0,-77.0,-57.0,-100.0,-69.0,-100.0,-79.0,-48.0,-100.0,-50.0,-100.0,-68.0,-100.0,-51.0,-55.0,-74.0,-79.0,-100.0,-57.0,-100.0,-68.0,-100.0,-78.0,-57.0,-100.0,-49.0,-100.0,-68.0,-100.0,-52.0,-56.0,-55.0,-56.0,-100.0,-100.0
B0623,RP11,B,CTK45-dot-B,,18,,0.0,18.0,test,-79.0,-85.0,-100.0,-58.0,-100.0,-63.0,-100.0,-73.0,-69.0,-100.0,-54.0,-100.0,-100.0,-100.0,-46.0,-61.0,-100.0,-85.0,-100.0,-59.0,-100.0,-62.0,-100.0,-71.0,-69.0,-100.0,-54.0,-100.0,-100.0,-100.0,-46.0,-100.0,-100.0,-100.0,-100.0,-100.0
2025:01:21:12:42:32,RP12,A,SM-S908E,2212343.0,34,-159.38773711729652,-26.0,22.0,train,-73.0,-75.0,-80.0,-61.0,-60.0,-70.0,-74.0,-100.0,-77.0,-79.0,-69.0,-74.0,-78.0,-83.0,-55.0,-55.0,-73.0,-75.0,-80.0,-61.0,-61.0,-71.0,-74.0,-100.0,-77.0,-79.0,-69.0,-74.0,-77.0,-83.0,-55.0,-55.0,-58.0,-58.0,-65.0,-64.0
B0664,RP12,B,CTK45-dot-B,,31,,-26.0,22.0,train,-100.0,-69.0,-75.0,-58.0,-53.0,-69.0,-72.0,-100.0,-78.0,-72.0,-64.0,-61.0,-100.0,-75.0,-50.0,-59.0,-100.0,-69.0,-76.0,-59.0,-54.0,-69.0,-72.0,-100.0,-78.0,-72.0,-63.0,-61.0,-100.0,-76.0,-50.0,-59.0,-68.0,-67.0,-61.0,-61.0
B0705,RP12,B,CTK45-dot-B,,32,,-26.0,22.0,train,-56.0,-72.0,-68.0,-50.0,-53.0,-73.0,-67.0,-82.0,-74.0,-79.0,-70.0,-64.0,-65.0,-100.0,-50.0,-47.0,-56.0,-72.0,-68.0,-50.0,-52.0,-73.0,-67.0,-82.0,-74.0,-79.0,-70.0,-64.0,-65.0,-100.0,-50.0,-47.0,-100.0,-100.0,-100.0,-100.0
2025:01:21:12:41:44,RP12,A,SM-S908E,2212343.0,34,-159.53910683719215,-26.0,22.0,train,-75.0,-76.0,-80.0,-62.0,-61.0,-70.0,-77.0,-100.0,-77.0,-80.0,-71.0,-73.0,-76.0,-83.0,-54.0,-55.0,-76.0,-76.0,-79.0,-62.0,-61.0,-71.0,-78.0,-100.0,-77.0,-79.0,-71.0,-73.0,-76.0,-83.0,-54.0,-55.0,-59.0,-59.0,-63.0,-62.0
B0700,RP12,B,CTK45-dot-B,,35,,-26.0,22.0,train,-56.0,-70.0,-69.0,-49.0,-57.0,-73.0,-67.0,-81.0,-77.0,-77.0,-62.0,-66.0,-63.0,-100.0,-47.0,-46.0,-54.0,-70.0,-69.0,-49.0,-57.0,-73.0,-67.0,-82.0,-76.0,-76.0,-63.0,-66.0,-63.0,-75.0,-48.0,-46.0,-100.0,-100.0,-100.0,-100.0
B0708,RP12,B,CTK45-dot-B,,30,,-26.0,22.0,train,-74.0,-72.0,-77.0,-60.0,-53.0,-70.0,-72.0,-88.0,-100.0,-72.0,-63.0,-63.0,-67.0,-77.0,-51.0,-59.0,-100.0,-72.0,-78.0,-100.0,-53.0,-100.0,-72.0,-100.0,-100.0,-71.0,-63.0,-63.0,-67.0,-76.0,-50.0,-59.0,-100.0,-100.0,-61.0,-61.0
B0706,RP12,B,CTK45-dot-B,,38,,-26.0,22.0,train,-57.0,-71.0,-68.0,-49.0,-55.0,-73.0,-100.0,-83.0,-74.0,-76.0,-79.0,-67.0,-63.0,-79.0,-47.0,-47.0,-57.0,-71.0,-69.0,-49.0,-55.0,-72.0,-100.0,-78.0,-74.0,-76.0,-79.0,-67.0,-64.0,-80.0,-47.0,-47.0,-68.0,-67.0,-100.0,-100.0
B0681,RP12,B,CTK45-dot-B,,39,,-26.0,22.0,train,-67.0,-71.0,-73.0,-56.0,-54.0,-66.0,-77.0,-90.0,-67.0,-75.0,-70.0,-63.0,-71.0,-100.0,-50.0,-59.0,-68.0,-72.0,-73.0,-56.0,-55.0,-66.0,-77.0,-90.0,-68.0,-75.0,-70.0,-62.0,-72.0,-100.0,-50.0,-59.0,-63.0,-64.0,-100.0,-100.0
B0680,RP12,B,CTK45-dot-B,,27,,-26.0,22.0,train,-70.0,-72.0,-76.0,-57.0,-57.0,-73.0,-100.0,-91.0,-68.0,-100.0,-63.0,-68.0,-100.0,-100.0,-52.0,-54.0,-70.0,-72.0,-100.0,-57.0,-57.0,-73.0,-100.0,-91.0,-68.0,-75.0,-63.0,-69.0,-100.0,-87.0,-52.0,-54.0,-100.0,-100.0,-100.0,-100.0
B0704,RP12,B,CTK45-dot-B,,37,,-26.0,22.0,train,-55.0,-69.0,-67.0,-50.0,-55.0,-100.0,-71.0,-84.0,-100.0,-74.0,-70.0,-64.0,-63.0,-100.0,-49.0,-47.0,-55.0,-69.0,-68.0,-50.0,-55.0,-100.0,-72.0,-84.0,-75.0,-75.0,-70.0,-64.0,-63.0,-79.0,-50.0,-47.0,-64.0,-64.0,-100.0,-100.0
B0678,RP12,B,CTK45-dot-B,,24,,-26.0,22.0,train,-72.0,-73.0,-100.0,-56.0,-56.0,-100.0,-76.0,-100.0,-100.0,-77.0,-100.0,-66.0,-81.0,-86.0,-50.0,-54.0,-72.0,-73.0,-100.0,-56.0,-57.0,-100.0,-76.0,-100.0,-100.0,-77.0,-100.0,-67.0,-81.0,-87.0,-51.0,-54.0,-100.0,-100.0,-100.0,-100.0
B0672,RP12,B,CTK45-dot-B,,33,,-26.0,22.0,train,-67.0,-70.0,-76.0,-63.0,-54.0,-70.0,-71.0,-90.0,-78.0,-73.0,-66.0,-63.0,-68.0,-100.0,-48.0,-58.0,-67.0,-69.0,-77.0,-100.0,-53.0,-70.0,-71.0,-88.0,-78.0,-72.0,-66.0,-63.0,-69.0,-76.0,-49.0,-58.0,-100.0,-100.0,-60.0,-60.0
B0694,RP12,B,CTK45-dot-B,,22,,-26.0,22.0,train,-100.0,-70.0,-70.0,-55.0,-100.0,-71.0,-100.0,-85.0,-77.0,-100.0,-64.0,-100.0,-71.0,-100.0,-48.0,-50.0,-72.0,-70.0,-69.0,-64.0,-100.0,-71.0,-100.0,-84.0,-63.0,-100.0,-62.0,-100.0,-72.0,-100.0,-49.0,-100.0,-56.0,-56.0,-100.0,-100.0
B0692,RP12,B,CTK45-dot-B,,21,,-26.0,22.0,train,-74.0,-73.0,-84.0,-54.0,-100.0,-66.0,-100.0,-86.0,-72.0,-100.0,-66.0,-100.0,-67.0,-100.0,-100.0,-50.0,-73.0,-73.0,-75.0,-54.0,-100.0,-65.0,-100.0,-92.0,-72.0,-100.0,-53.0,-100.0,-73.0,-100.0,-100.0,-51.0,-56.0,-100.0,-100.0,-100.0
2025:01:21:12:37:17,RP12,A,SM-S908E,2212343.0,40,-40.78978044896213,-26.0,22.0,train,-67.0,-73.0,-74.0,-57.0,-60.0,-69.0,-73.0,-89.0,-82.0,-81.0,-67.0,-74.0,-62.0,-85.0,-44.0,-55.0,-67.0,-73.0,-74.0,-57.0,-60.0,-69.0,-73.0,-87.0,-82.0,-81.0,-68.0,-74.0,-62.0,-85.0,-45.0,-54.0,-65.0,-65.0,-63.0,-63.0
B0673,RP12,B,CTK45-dot-B,,26,,-26.0,22.0,train,-69.0,-73.0,-78.0,-69.0,-56.0,-76.0,-72.0,-90.0,-81.0,-100.0,-66.0,-60.0,-100.0,-81.0,-54.0,-57.0,-100.0,-73.0,-100.0,-69.0,-58.0,-100.0,-72.0,-100.0,-100.0,-100.0,-100.0,-60.0,-100.0,-81.0,-54.0,-57.0,-100.0,-100.0,-62.0,-62.0
2025:01:21:12:33:10,RP12,A,SM-S908E,2212343.0,38,-96.72592710349444,-26.0,22.0,train,-63.0,-69.0,-68.0,-56.0,-54.0,-69.0,-70.0,-100.0,-76.0,-77.0,-67.0,-69.0,-65.0,-81.0,-49.0,-57.0,-63.0,-69.0,-68.0,-56.0,-54.0,-69.0,-70.0,-100.0,-77.0,-76.0,-67.0,-69.0,-65.0,-81.0,-49.0,-57.0,-56.0,-56.0,-65.0,-65.0
B0707,RP12,B,CTK45-dot-B,,38,,-26.0,22.0,train,-69.0,-70.0,-80.0,-56.0,-53.0,-70.0,-71.0,-88.0,-78.0,-71.0,-61.0,-63.0,-67.0,-76.0,-48.0,-59.0,-70.0,-71.0,-79.0,-58.0,-53.0,-71.0,-71.0,-88.0,-80.0,-74.0,-61.0,-63.0,-67.0,-77.0,-48.0,-59.0,-72.0,-73.0,-62.0,-63.0
B0670,RP12,B,CTK45-dot-B,,35,,-26.0,22.0,train,-73.0,-72.0,-77.0,-61.0,-55.0,-72.0,-73.0,-89.0,-77.0,-74.0,-64.0,-61.0,-100.0,-77.0,-48.0,-60.0,-73.0,-72.0,-77.0,-61.0,-55.0,-71.0,-73.0,-90.0,-76.0,-74.0,-65.0,-61.0,-100.0,-79.0,-48.0,-60.0,-65.0,-100.0,-60.0,-60.0
2025:01:21:12:33:53,RP12,A,SM-S908E,2212343.0,38,-95.59329267492393,-26.0,22.0,train,-61.0,-71.0,-70.0,-57.0,-55.0,-68.0,-71.0,-85.0,-80.0,-76.0,-67.0,-69.0,-64.0,-80.0,-46.0,-54.0,-56.0,-71.0,-70.0,-57.0,-55.0,-68.0,-71.0,-87.0,-80.0,-77.0,-65.0,-69.0,-62.0,-80.0,-46.0,-54.0,-57.0,-57.0,-66.0,-66.0
B0663,RP12,B,CTK45-dot-B,,31,,-26.0,22.0,train,-79.0,-72.0,-76.0,-62.0,-48.0,-72.0,-100.0,-87.0,-76.0,-74.0,-72.0,-63.0,-68.0,-74.0,-43.0,-53.0,-79.0,-72.0,-76.0,-62.0,-49.0,-72.0,-100.0,-89.0,-77.0,-74.0,-72.0,-63.0,-68.0,-74.0,-43.0,-53.0,-100.0,-100.0,-100.0,-100.0
B0685,RP12,B,CTK45-dot-B,,34,,-26.0,22.0,train,-100.0,-71.5,-80.0,-58.5,-55.0,-72.0,-75.0,-86.0,-77.0,-76.0,-54.0,-60.0,-100.0,-76.0,-40.0,-48.0,-100.0,-71.5,-78.0,-55.0,-55.0,-71.0,-75.0,-87.0,-58.0,-100.0,-54.0,-60.0,-100.0,-75.0,-40.0,-52.0,-100.0,-100.0,-100.0,-100.0
B0666,RP12,B,CTK45-dot-B,,29,,-26.0,22.0,train,-100.0,-71.0,-78.0,-67.0,-63.0,-100.0,-73.0,-92.0,-77.0,-77.0,-69.0,-62.0,-100.0,-81.0,-50.0,-59.0,-100.0,-70.0,-100.0,-67.0,-60.0,-100.0,-73.0,-100.0,-100.0,-77.0,-69.0,-62.0,-100.0,-80.0,-51.0,-59.0,-76.0,-75.0,-63.0,-64.0
B0712,RP12,B,CTK45-dot-B,,31,,-26.0,22.0,train,-100.0,-72.0,-75.0,-59.0,-55.0,-70.0,-71.0,-87.0,-80.0,-72.0,-65.0,-62.0,-70.0,-76.0,-49.0,-62.0,-100.0,-72.0,-100.0,-59.0,-55.0,-70.0,-71.0,-88.0,-80.0,-72.0,-100.0,-62.0,-100.0,-76.0,-49.0,-61.0,-100.0,-68.0,-62.0,-61.0
B0697,RP12,B,CTK45-dot-B,,16,,-26.0,22.0,train,-100.0,-74.0,-86.0,-59.0,-100.0,-72.0,-100.0,-100.0,-74.0,-100.0,-75.0,-100.0,-100.0,-100.0,-100.0,-49.0,-68.0,-74.0,-86.0,-58.0,-100.0,-73.0,-100.0,-88.0,-73.0,-100.0,-75.0,-100.0,-100.0,-100.0,-55.0,-100.0,-100.0,-100.0,-100.0,-100.0
B0661,RP12,B,CTK45-dot-B,,35,,-26.0,22.0,train,-74.0,-70.0,-77.0,-61.0,-54.0,-69.0,-71.0,-90.0,-81.0,-71.0,-65.0,-65.0,-66.0,-76.0,-48.0,-58.0,-100.0,-70.0,-77.0,-60.0,-55.0,-69.0,-72.0,-89.0,-81.0,-72.0,-65.0,-66.0,-68.0,-77.0,-49.0,-58.0,-65.0,-66.0,-61.0,-61.0
2025:01:21:12:39:05,RP12,A,SM-S908E,2212343.0,39,30.840230253686755,-26.0,22.0,train,-66.0,-69.0,-71.0,-57.0,-54.0,-68.0,-72.0,-89.0,-78.0,-79.0,-66.0,-72.0,-61.0,-83.0,-43.0,-55.0,-66.0,-69.0,-71.0,-57.0,-54.0,-68.0,-72.0,-83.0,-78.0,-79.0,-66.0,-72.0,-62.0,-83.0,-44.0,-53.0,-59.0,-59.0,-68.0,-68.0
B0656,RP12,B,CTK45-dot-B,,31,,-26.0,22.0,train,-100.0,-69.0,-76.0,-60.0,-52.0,-69.0,-71.0,-90.0,-78.0,-72.0,-67.0,-62.0,-100.0,-75.0,-49.0,-59.0,-100.0,-69.0,-65.0,-60.0,-53.0,-100.0,-71.0,-89.0,-100.0,-72.0,-100.0,-62.0,-100.0,-76.0,-49.0,-60.0,-68.0,-68.0,-62.0,-62.0
2025:01:21:12:40:31,RP12,A,SM-S908E,2212343.0,35,33.408905473492545,-26.0,22.0,train,-70.0,-78.0,-79.0,-60.0,-65.0,-70.0,-75.0,-100.0,-73.0,-75.0,-61.0,-74.0,-67.0,-79.0,-43.0,-48.0,-70.0,-78.0,-79.0,-60.0,-65.0,-70.0,-75.0,-100.0,-73.0,-77.0,-61.0,-74.0,-67.0,-79.0,-43.0,-48.0,-66.0,-66.0,-64.0,-64.0
B0711,RP12,B,CTK45-dot-B,,28,,-26.0,22.0,train,-75.0,-72.0,-79.0,-65.0,-54.0,-100.0,-70.0,-90.0,-100.0,-74.0,-100.0,-64.0,-68.0,-79.0,-55.0,-58.0,-100.0,-71.0,-78.0,-100.0,-53.0,-100.0,-69.0,-89.0,-100.0,-73.0,-100.0,-65.0,-100.0,-79.0,-56.0,-58.0,-100.0,-65.0,-60.0,-60.0
B0677,RP12,B,CTK45-dot-B,,26,,-26.0,22.0,train,-78.0,-71.5,-80.0,-61.0,-67.0,-73.0,-100.0,-100.0,-72.0,-76.0,-56.0,-58.0,-100.0,-100.0,-46.0,-52.0,-78.0,-71.5,-79.0,-62.0,-67.0,-73.0,-100.0,-100.0,-72.0,-76.0,-56.0,-58.0,-100.0,-100.0,-47.0,-52.0,-100.0,-100.0,-100.0,-100.0
B0695,RP12,B,CTK45-dot-B,,35,,-26.0,22.0,train,-74.0,-100.0,-71.0,-51.0,-68.0,-74.0,-100.0,-84.0,-77.0,-76.0,-67.0,-100.0,-62.0,-77.0,-44.0,-46.0,-75.0,-100.0,-100.0,-60.0,-69.0,-73.0,-100.0,-80.0,-63.0,-75.0,-65.0,-100.0,-63.0,-77.0,-44.0,-46.0,-64.0,-63.0,-65.0,-64.0
B0689,RP12,B,CTK45-dot-B,,37,,-26.0,22.0,train,-61.0,-68.0,-100.0,-54.0,-53.0,-69.0,-75.0,-100.0,-77.0,-74.0,-62.0,-57.0,-78.0,-80.0,-49.0,-51.0,-62.0,-67.0,-100.0,-55.0,-53.0,-70.0,-74.0,-96.0,-59.0,-73.0,-62.0,-57.0,-78.0,-80.0,-48.0,-53.0,-58.0,-58.0,-67.0,-67.0
2025:01:21:12:39:20,RP12,A,SM-S908E,2212343.0,35,33.14346558616434,-26.0,22.0,train,-66.0,-69.0,-79.0,-64.0,-61.0,-72.0,-76.0,-100.0,-80.0,-81.0,-70.0,-71.0,-73.0,-86.0,-49.0,-57.0,-67.0,-69.0,-79.0,-63.0,-62.0,-72.0,-76.0,-100.0,-80.0,-82.0,-71.0,-71.0,-73.0,-100.0,-49.0,-57.0,-64.0,-64.0,-57.0,-57.0
2025:01:21:12:36:07,RP12,A,SM-S908E,2212343.0,39,-41.07839017656763,-26.0,22.0,train,-67.0,-72.0,-73.0,-58.0,-60.0,-71.0,-73.0,-89.0,-84.0,-79.0,-67.0,-73.0,-62.0,-84.0,-45.0,-55.0,-66.0,-72.0,-68.0,-58.0,-60.0,-72.0,-73.0,-88.0,-84.0,-78.0,-67.0,-73.0,-63.0,-84.0,-45.0,-55.0,-61.0,-61.0,-63.0,-63.0
2025:01:21:12:41:09,RP12,A,SM-S908E,2212343.0,35,29.4660471319294,-26.0,22.0,train,-61.0,-78.0,-78.0,-59.0,-60.0,-72.0,-78.0,-88.0,-76.0,-82.0,-72.0,-80.0,-76.0,-100.0,-52.0,-65.0,-62.0,-78.0,-79.0,-60.0,-60.0,-72.0,-77.0,-87.0,-76.0,-83.0,-65.0,-80.0,-76.0,-100.0,-52.0,-65.0,-68.0,-68.0,-64.0,-64.0
2025:01:21:12:30:22,RP12,A,SM-S908E,2212343.0,40,-95.66839598270967,-26.0,22.0,train,-61.0,-71.0,-68.0,-56.0,-57.0,-68.0,-74.0,-82.0,-76.0,-78.0,-63.0,-68.0,-63.0,-79.0,-46.0,-49.0,-62.0,-71.0,-68.0,-56.0,-57.0,-68.0,-74.0,-84.0,-77.0,-77.0,-67.0,-68.0,-64.0,-79.0,-46.0,-49.0,-57.0,-56.0,-61.0,-61.0
B0682,RP12,B,CTK45-dot-B,,33,,-26.0,22.0,train,-71.0,-71.5,-83.0,-68.0,-100.0,-70.0,-67.0,-92.0,-71.0,-100.0,-69.0,-68.0,-81.0,-89.0,-49.0,-58.0,-69.0,-71.5,-83.0,-100.0,-100.0,-71.0,-67.0,-92.0,-70.0,-100.0,-70.0,-68.0,-83.0,-90.0,-57.0,-68.0,-42.0,-43.0,-100.0,-100.0
B0709,RP12,B,CTK45-dot-B,,34,,-26.0,22.0,train,-67.0,-71.0,-77.0,-61.0,-52.0,-72.0,-71.0,-100.0,-81.0,-73.0,-63.0,-60.0,-68.0,-83.0,-47.0,-57.0,-67.0,-71.0,-78.0,-61.0,-54.0,-72.0,-72.0,-100.0,-82.0,-73.0,-100.0,-60.0,-68.0,-75.0,-48.0,-57.0,-70.0,-71.0,-62.0,-61.0
B0657,RP12,B,CTK45-dot-B,,29,,-26.0,22.0,train,-100.0,-74.0,-73.0,-58.0,-45.0,-65.0,-62.0,-94.0,-77.0,-100.0,-66.0,-72.0,-75.0,-78.0,-56.0,-58.0,-70.0,-74.0,-73.0,-58.0,-46.0,-65.0,-62.0,-100.0,-77.0,-100.0,-82.0,-72.0,-75.0,-78.0,-56.0,-57.0,-100.0,-100.0,-100.0,-100.0
2025:01:21:12:31:31,RP12,A,SM-S908E,2212343.0,32,-96.21558213621552,-26.0,22.0,train,-62.0,-73.0,-68.0,-100.0,-59.0,-68.0,-72.0,-88.0,-79.0,-76.0,-63.0,-70.0,-62.0,-79.0,-47.0,-54.0,-61.0,-73.0,-100.0,-100.0,-59.0,-69.0,-72.0,-90.0,-80.0,-77.0,-64.0,-70.0,-62.0,-79.0,-47.0,-54.0,-100.0,-100.0,-66.0,-66.0
B0669,RP12,B,CTK45-dot-B,,32,,-26.0,22.0,train,-100.0,-72.0,-80.0,-68.0,-55.0,-71.0,-72.0,-90.0,-78.0,-72.0,-64.0,-61.0,-69.0,-77.0,-52.0,-59.0,-100.0,-72.0,-80.0,-68.0,-55.0,-100.0,-72.0,-90.0,-100.0,-74.0,-64.0,-61.0,-100.0,-78.0,-52.0,-59.0,-68.0,-68.0,-59.0,-59.0
B0713,RP12,B,CTK45-dot-B,,38,,-26.0,22.0,train,-69.0,-74.0,-78.0,-61.0,-53.0,-71.0,-73.0,-88.0,-76.0,-72.0,-60.0,-60.0,-66.0,-74.0,-50.0,-60.0,-69.0,-74.0,-79.0,-61.0,-54.0,-71.0,-72.0,-88.0,-76.0,-72.0,-61.0,-60.0,-67.0,-75.0,-50.0,-60.0,-70.0,-69.0,-61.0,-60.0
B0655,RP12,B,CTK45-dot-B,,39,,-26.0,22.0,train,-72.0,-69.0,-76.0,-63.0,-52.0,-71.0,-73.0,-89.0,-79.0,-73.0,-63.0,-61.0,-68.0,-78.0,-49.0,-60.0,-73.0,-69.0,-75.0,-63.0,-53.0,-71.0,-72.0,-90.0,-77.0,-73.0,-64.0,-61.0,-67.0,-76.0,-49.0,-59.0,-67.0,-66.0,-59.0,-59.0
B0665,RP12,B,CTK45-dot-B,,36,,-26.0,22.0,train,-79.0,-74.0,-79.0,-58.5,-53.0,-75.0,-70.0,-91.0,-100.0,-77.0,-65.0,-62.0,-69.0,-78.0,-55.0,-58.0,-79.0,-74.0,-78.0,-58.5,-53.0,-100.0,-69.0,-91.0,-100.0,-76.0,-65.0,-62.0,-100.0,-77.0,-56.0,-58.0,-100.0,-65.0,-60.0,-60.0
B0714,RP12,B,CTK45-dot-B,,38,,-26.0,22.0,train,-71.0,-70.0,-76.0,-57.0,-49.0,-100.0,-73.0,-90.0,-100.0,-72.0,-57.0,-59.0,-61.0,-75.0,-48.0,-56.0,-73.0,-70.0,-78.0,-56.0,-48.0,-100.0,-73.0,-88.0,-100.0,-72.0,-100.0,-59.0,-58.0,-75.0,-61.0,-56.0,-61.0,-61.0,-79.0,-79.0
2025:01:21:12:45:19,RP12,A,SM-S908E,2212343.0,34,-160.55847323924326,-26.0,22.0,train,-76.0,-72.0,-79.0,-62.0,-59.0,-69.0,-74.0,-100.0,-80.0,-80.0,-72.0,-73.0,-81.0,-100.0,-56.0,-56.0,-76.0,-72.0,-80.0,-62.0,-59.0,-70.0,-74.0,-100.0,-80.0,-78.0,-72.0,-73.0,-100.0,-81.0,-56.0,-55.0,-59.0,-58.0,-64.0,-64.0
B0662,RP12,B,CTK45-dot-B,,33,,-26.0,22.0,train,-100.0,-100.0,-100.0,-50.0,-61.0,-68.0,-77.0,-85.0,-77.0,-71.0,-61.0,-67.0,-65.0,-79.0,-48.0,-49.0,-76.0,-100.0,-100.0,-50.0,-61.0,-67.0,-77.0,-83.0,-62.0,-72.0,-61.0,-67.0,-71.0,-80.0,-49.0,-100.0,-61.0,-61.0,-100.0,-100.0
B0696,RP12,B,CTK45-dot-B,,21,,-26.0,22.0,train,-60.0,-70.0,-87.0,-59.0,-100.0,-67.0,-100.0,-92.0,-73.0,-100.0,-62.0,-100.0,-100.0,-100.0,-48.0,-49.0,-61.0,-70.0,-100.0,-58.0,-100.0,-68.0,-100.0,-91.0,-72.0,-100.0,-63.0,-100.0,-100.0,-100.0,-48.0,-49.0,-66.0,-67.0,-100.0,-100.0
B0688,RP12,B,CTK45-dot-B,,39,,-26.0,22.0,train,-60.0,-71.5,-69.0,-48.0,-53.0,-68.0,-70.0,-84.0,-66.0,-74.0,-63.0,-58.0,-58.0,-78.0,-47.0,-54.0,-70.0,-71.5,-70.0,-48.0,-53.0,-69.0,-70.0,-100.0,-66.0,-75.0,-73.0,-58.0,-61.0,-78.0,-57.0,-100.0,-54.0,-52.0,-68.0,-67.0
2025:01:21:12:32:21,RP12,A,SM-S908E,2212343.0,38,-95.8923193482027,-26.0,22.0,train,-61.0,-68.0,-68.0,-58.0,-57.0,-66.0,-75.0,-100.0,-75.0,-77.0,-66.0,-68.0,-63.0,-79.0,-48.0,-50.0,-61.0,-68.0,-68.0,-58.0,-57.0,-67.0,-74.0,-100.0,-75.0,-77.0,-66.0,-68.0,-63.0,-79.0,-48.0,-50.0,-56.0,-56.0,-66.0,-65.0
2025:01:21:12:44:36,RP12,A,SM-S908E,2212343.0,31,-156.0211803525566,-26.0,22.0,train,-73.0,-72.0,-100.0,-61.0,-63.0,-69.0,-77.0,-100.0,-76.0,-82.0,-70.0,-74.0,-79.0,-100.0,-57.0,-56.0,-73.0,-72.0,-100.0,-61.0,-63.0,-69.0,-77.0,-100.0,-100.0,-82.0,-70.0,-74.0,-79.0,-82.0,-57.0,-56.0,-59.0,-59.0,-65.0,-65.0
B0683,RP12,B,CTK45-dot-B,,22,,-26.0,22.0,train,-71.0,-71.5,-100.0,-54.0,-100.0,-66.0,-100.0,-85.0,-68.0,-100.0,-59.0,-100.0,-67.0,-100.0,-40.0,-57.0,-71.0,-71.5,-100.0,-53.0,-100.0,-66.0,-100.0,-100.0,-68.0,-100.0,-51.0,-100.0,-68.0,-100.0,-41.0,-57.0,-56.0,-56.0,-100.0,-100.0
B0710,RP12,B,CTK45-dot-B,,17,,-26.0,22.0,train,-100.0,-70.0,-100.0,-54.0,-100.0,-74.0,-100.0,-89.0,-71.0,-100.0,-70.0,-100.0,-63.0,-100.0,-100.0,-52.0,-100.0,-70.0,-81.0,-53.0,-100.0,-73.0,-100.0,-88.0,-70.0,-100.0,-70.0,-100.0,-63.0,-100.0,-100.0,-52.0,-100.0,-100.0,-100.0,-100.0
B0658,RP12,B,CTK45-dot-B,,27,,-26.0,22.0,train,-100.0,-69.0,-100.0,-55.0,-64.0,-66.0,-100.0,-100.0,-76.0,-100.0,-63.0,-70.0,-65.0,-100.0,-58.0,-54.0,-66.0,-69.0,-100.0,-56.0,-64.0,-100.0,-100.0,-100.0,-66.0,-78.0,-62.0,-71.0,-100.0,-90.0,-58.0,-48.0,-55.0,-56.0,-56.0,-56.0
B0684,RP12,B,CTK45-dot-B,,17,,-26.0,22.0,train,-100.0,-71.5,-100.0,-53.0,-100.0,-72.0,-100.0,-100.0,-65.0,-100.0,-66.0,-100.0,-100.0,-100.0,-43.0,-55.0,-100.0,-71.5,-73.0,-53.0,-100.0,-72.0,-100.0,-100.0,-66.0,-100.0,-56.0,-100.0,-100.0,-100.0,-42.0,-54.0,-55.0,-55.0,-100.0,-100.0
B0686,RP12,B,CTK45-dot-B,,35,,-26.0,22.0,validation,-62.0,-73.0,-73.0,-52.0,-57.0,-70.0,-100.0,-82.0,-72.0,-75.0,-54.0,-58.0,-65.0,-79.0,-48.0,-55.0,-61.0,-74.0,-73.0,-53.0,-57.0,-70.0,-100.0,-79.0,-100.0,-75.0,-54.0,-58.0,-64.0,-80.0,-49.0,-56.0,-67.0,-66.0,-100.0,-100.0
B0679,RP12,B,CTK45-dot-B,,29,,-26.0,22.0,validation,-72.0,-73.0,-76.0,-58.0,-57.0,-72.0,-100.0,-100.0,-68.0,-100.0,-66.0,-68.0,-81.0,-87.0,-48.0,-56.0,-72.0,-73.0,-77.0,-58.0,-58.0,-73.0,-100.0,-100.0,-69.0,-77.0,-66.0,-68.0,-81.0,-87.0,-49.0,-56.0,-100.0,-100.0,-100.0,-100.0
2025:01:21:12:39:54,RP12,A,SM-S908E,2212343.0,33,30.27369760727053,-26.0,22.0,validation,-100.0,-77.0,-79.0,-58.0,-65.0,-70.0,-74.0,-100.0,-72.0,-79.0,-62.0,-73.0,-66.0,-78.0,-44.0,-48.0,-69.0,-77.0,-79.0,-58.0,-65.0,-70.0,-74.0,-100.0,-72.0,-78.0,-62.0,-73.0,-66.0,-78.0,-44.0,-47.0,-66.0,-66.0,-63.0,-63.0
B0703,RP12,B,CTK45-dot-B,,33,,-26.0,22.0,validation,-75.0,-71.0,-75.0,-62.0,-50.0,-73.0,-71.0,-91.0,-80.0,-75.0,-64.0,-64.0,-66.0,-75.0,-44.0,-61.0,-75.0,-71.0,-75.0,-62.0,-50.0,-72.0,-72.0,-92.0,-80.0,-74.0,-66.0,-65.0,-66.0,-74.0,-44.0,-62.0,-100.0,-100.0,-100.0,-100.0
2025:01:21:12:35:16,RP12,A,SM-S908E,2212343.0,36,-41.068211008379336,-26.0,22.0,validation,-65.0,-71.0,-72.0,-58.0,-59.0,-70.0,-70.0,-100.0,-78.0,-80.0,-65.0,-72.0,-60.0,-85.0,-43.0,-53.0,-64.0,-71.0,-72.0,-58.0,-59.0,-70.0,-70.0,-100.0,-78.0,-80.0,-65.0,-72.0,-61.0,-84.0,-43.0,-53.0,-59.0,-59.0,-67.0,-67.0
B0675,RP12,B,CTK45-dot-B,,31,,-26.0,22.0,validation,-65.0,-73.0,-72.0,-55.0,-59.0,-73.0,-100.0,-82.0,-67.0,-76.0,-54.0,-58.0,-67.0,-78.0,-49.0,-56.0,-65.0,-73.0,-72.0,-55.0,-58.0,-73.0,-100.0,-82.0,-67.0,-76.0,-54.0,-58.0,-67.0,-78.0,-49.0,-56.0,-100.0,-100.0,-100.0,-100.0
B0674,RP12,B,CTK45-dot-B,,33,,-26.0,22.0,validation,-71.0,-74.0,-79.0,-53.0,-57.0,-72.0,-71.0,-100.0,-67.0,-76.0,-56.0,-57.0,-67.0,-79.0,-48.0,-57.0,-71.0,-75.0,-80.0,-53.0,-57.0,-72.0,-71.0,-80.0,-67.0,-76.0,-56.0,-57.0,-68.0,-79.0,-48.0,-57.0,-100.0,-100.0,-100.0,-100.0
2025:01:21:12:43:50,RP12,A,SM-S908E,2212343.0,37,-157.18676558392508,-26.0,22.0,validation,-71.0,-74.0,-75.0,-59.0,-60.0,-69.0,-75.0,-100.0,-81.0,-81.0,-73.0,-81.0,-78.0,-83.0,-57.0,-56.0,-71.0,-74.0,-75.0,-59.0,-60.0,-70.0,-75.0,-100.0,-80.0,-81.0,-71.0,-81.0,-78.0,-83.0,-57.0,-56.0,-59.0,-59.0,-66.0,-66.0
B0668,RP12,B,CTK45-dot-B,,38,,-26.0,22.0,validation,-74.0,-72.0,-79.0,-63.0,-55.0,-73.0,-71.0,-87.0,-78.0,-74.0,-63.0,-61.0,-69.0,-79.0,-53.0,-57.0,-74.0,-72.0,-80.0,-63.0,-53.0,-73.0,-71.0,-88.0,-79.0,-74.0,-63.0,-61.0,-69.0,-79.0,-53.0,-57.0,-66.0,-66.0,-59.0,-59.0
B0701,RP12,B,CTK45-dot-B,,39,,-26.0,22.0,validation,-49.0,-72.0,-67.0,-49.0,-55.0,-73.0,-67.0,-82.0,-74.0,-75.0,-67.0,-65.0,-62.0,-79.0,-49.0,-46.0,-57.0,-72.0,-67.0,-49.0,-54.0,-74.0,-67.0,-79.0,-74.0,-75.0,-67.0,-65.0,-63.0,-80.0,-49.0,-46.0,-66.0,-66.0,-100.0,-100.0
B0693,RP12,B,CTK45-dot-B,,21,,-26.0,22.0,validation,-100.0,-68.0,-69.0,-58.0,-100.0,-81.0,-100.0,-84.0,-62.0,-100.0,-62.0,-100.0,-100.0,-100.0,-47.0,-51.0,-100.0,-68.0,-70.0,-56.0,-100.0,-71.0,-100.0,-87.0,-61.0,-100.0,-60.0,-100.0,-100.0,-100.0,-48.0,-51.0,-100.0,-100.0,-100.0,-100.0
B0676,RP12,B,CTK45-dot-B,,24,,-26.0,22.0,validation,-80.0,-77.0,-100.0,-66.0,-71.0,-71.0,-73.0,-100.0,-73.0,-75.0,-100.0,-56.0,-69.0,-100.0,-47.0,-57.0,-80.0,-77.0,-100.0,-66.0,-71.0,-70.0,-74.0,-100.0,-73.0,-75.0,-100.0,-56.0,-69.0,-100.0,-47.0,-57.0,-100.0,-100.0,-100.0,-100.0
2025:01:21:12:36:42,RP12,A,SM-S908E,2212343.0,40,-40.20294160532867,-26.0,22.0,test,-64.0,-71.0,-73.0,-57.0,-58.0,-70.0,-74.0,-100.0,-80.0,-79.0,-66.0,-69.0,-62.0,-84.0,-45.0,-54.0,-64.0,-71.0,-74.0,-57.0,-58.0,-70.0,-74.0,-89.0,-80.0,-79.0,-67.0,-69.0,-62.0,-100.0,-45.0,-54.0,-65.0,-65.0,-62.0,-62.0
B0690,RP12,B,CTK45-dot-B,,24,,-26.0,22.0,test,-62.0,-67.0,-71.0,-48.0,-100.0,-72.0,-100.0,-76.0,-60.0,-100.0,-61.0,-100.0,-61.0,-100.0,-44.0,-57.0,-61.0,-67.0,-100.0,-47.0,-100.0,-70.0,-100.0,-100.0,-72.0,-100.0,-69.0,-100.0,-69.0,-100.0,-44.0,-57.0,-59.0,-60.0,-100.0,-100.0
B0698,RP12,B,CTK45-dot-B,,26,,-26.0,22.0,test,-62.0,-100.0,-69.0,-60.0,-100.0,-68.0,-100.0,-82.0,-69.0,-100.0,-52.0,-100.0,-64.0,-100.0,-49.0,-50.0,-64.0,-100.0,-69.0,-59.0,-100.0,-68.0,-100.0,-89.0,-60.0,-100.0,-53.0,-100.0,-64.0,-100.0,-49.0,-51.0,-65.0,-65.0,-100.0,-100.0
B0659,RP12,B,CTK45-dot-B,,36,,-26.0,22.0,test,-75.0,-71.0,-75.0,-62.0,-51.0,-70.0,-100.0,-91.0,-78.0,-74.0,-67.0,-63.0,-67.0,-72.0,-44.0,-54.0,-74.0,-71.0,-75.0,-62.0,-51.0,-73.0,-100.0,-91.0,-78.0,-75.0,-67.0,-63.0,-67.0,-73.0,-43.0,-54.0,-69.0,-70.0,-100.0,-100.0
B0671,RP12,B,CTK45-dot-B,,18,,-26.0,22.0,test,-100.0,-73.0,-71.0,-54.0,-100.0,-65.0,-100.0,-85.0,-60.0,-100.0,-61.0,-100.0,-100.0,-100.0,-46.0,-50.0,-100.0,-73.0,-70.0,-62.0,-100.0,-67.0,-100.0,-87.0,-61.0,-100.0,-60.0,-100.0,-100.0,-100.0,-46.0,-50.0,-100.0,-100.0,-100.0,-100.0
B0699,RP12,B,CTK45-dot-B,,39,,-26.0,22.0,test,-65.0,-76.0,-71.0,-53.0,-58.0,-71.0,-100.0,-80.0,-72.0,-74.0,-55.0,-57.0,-67.0,-77.0,-48.0,-55.0,-65.0,-76.0,-71.0,-53.0,-58.0,-72.0,-100.0,-80.0,-72.0,-75.0,-56.0,-57.0,-67.0,-77.0,-48.0,-55.0,-63.0,-62.0,-100.0,-100.0
B0660,RP12,B,CTK45-dot-B,,32,,-26.0,22.0,test,-77.0,-73.0,-78.0,-60.0,-50.0,-72.0,-100.0,-85.0,-80.0,-74.0,-72.0,-64.0,-70.0,-73.0,-43.0,-53.0,-77.0,-73.0,-77.0,-60.0,-50.0,-73.0,-100.0,-85.0,-80.0,-74.0,-72.0,-64.0,-70.0,-74.0,-43.0,-53.0,-100.0,-100.0,-100.0,-100.0
B0702,RP12,B,CTK45-dot-B,,31,,-26.0,22.0,test,-67.0,-69.0,-77.0,-60.0,-52.0,-100.0,-71.0,-100.0,-100.0,-73.0,-63.0,-63.0,-68.0,-75.0,-49.0,-57.0,-67.0,-69.0,-78.0,-61.0,-53.0,-100.0,-71.0,-100.0,-100.0,-73.0,-64.0,-62.0,-67.0,-76.0,-50.0,-58.0,-100.0,-70.0,-61.0,-61.0
2025:01:21:12:37:53,RP12,A,SM-S908E,2212343.0,38,-40.514250774861665,-26.0,22.0,test,-65.0,-71.0,-71.0,-58.0,-60.0,-71.0,-73.0,-89.0,-81.0,-100.0,-64.0,-71.0,-63.0,-86.0,-45.0,-54.0,-65.0,-71.0,-71.0,-58.0,-60.0,-70.0,-73.0,-87.0,-81.0,-100.0,-64.0,-71.0,-64.0,-86.0,-45.0,-54.0,-62.0,-62.0,-63.0,-62.0
B0691,RP12,B,CTK45-dot-B,,41,,-26.0,22.0,test,-55.0,-71.0,-88.0,-53.0,-54.0,-70.0,-77.0,-92.0,-67.0,-74.0,-62.0,-62.0,-60.0,-77.0,-42.0,-49.0,-55.0,-71.0,-100.0,-56.0,-54.0,-71.0,-77.0,-100.0,-67.0,-73.0,-55.0,-62.0,-58.0,-77.0,-42.0,-53.0,-51.0,-51.0,-100.0,-100.0
B0667,RP12,B,CTK45-dot-B,,32,,-26.0,22.0,test,-67.0,-74.0,-79.0,-59.0,-53.0,-73.0,-71.0,-100.0,-78.0,-74.0,-62.0,-65.0,-68.0,-80.0,-54.0,-57.0,-67.0,-74.0,-100.0,-61.0,-53.0,-72.0,-72.0,-100.0,-79.0,-73.0,-62.0,-64.0,-68.0,-80.0,-100.0,-57.0,-100.0,-100.0,-58.0,-58.0
B0687,RP12,B,CTK45-dot-B,,23,,-26.0,22.0,test,-70.0,-64.0,-100.0,-52.0,-100.0,-64.0,-100.0,-100.0,-78.0,-100.0,-52.0,-100.0,-65.0,-100.0,-40.0,-51.0,-69.0,-64.0,-100.0,-51.0,-100.0,-66.0,-100.0,-100.0,-77.0,-100.0,-51.0,-100.0,-64.0,-100.0,-40.0,-52.0,-61.0,-61.0,-100.0,-100.0
B0750,RP13,B,CTK45-dot-B,,38,,-13.0,22.0,train,-67.0,-70.0,-73.0,-62.0,-55.0,-71.0,-72.0,-87.0,-72.0,-71.0,-62.0,-64.0,-80.0,-82.0,-46.0,-52.0,-68.0,-70.0,-73.0,-62.0,-55.0,-71.0,-72.0,-100.0,-71.0,-72.0,-62.0,-64.0,-80.0,-79.0,-47.0,-52.0,-64.0,-100.0,-59.0,-59.0
B0730,RP13,B,CTK45-dot-B,,26,,-13.0,22.0,train,-65.0,-73.0,-62.0,-45.0,-100.0,-72.0,-100.0,-91.0,-65.0,-100.0,-59.0,-100.0,-74.0,-100.0,-45.0,-45.0,-64.0,-73.0,-62.0,-46.0,-100.0,-75.0,-100.0,-88.0,-63.0,-100.0,-59.0,-100.0,-91.0,-100.0,-45.0,-45.0,-60.0,-60.0,-100.0,-100.0
2025:01:21:12:16:08,RP13,A,SM-S908E,2212343.0,39,-76.78258405791928,-13.0,22.0,train,-62.0,-67.0,-69.0,-55.0,-55.0,-69.0,-78.0,-81.0,-65.0,-72.0,-55.0,-62.0,-75.0,-81.0,-42.0,-57.0,-56.0,-67.0,-69.0,-55.0,-55.0,-69.0,-78.0,-81.0,-65.0,-71.0,-55.0,-62.0,-75.0,-81.0,-43.0,-57.0,-55.0,-55.0,-66.0,-67.0
B0732,RP13,B,CTK45-dot-B,,19,,-13.0,22.0,train,-61.0,-73.0,-63.0,-43.0,-100.0,-76.0,-100.0,-100.0,-63.0,-100.0,-59.0,-100.0,-74.0,-100.0,-49.0,-52.0,-100.0,-73.0,-60.0,-100.0,-100.0,-100.0,-100.0,-100.0,-64.0,-100.0,-59.0,-100.0,-100.0,-100.0,-49.0,-44.0,-60.0,-58.0,-100.0,-100.0
2025:01:21:12:27:36,RP13,A,SM-S908E,2212343.0,36,-168.37468326632663,-13.0,22.0,train,-62.0,-65.0,-68.0,-52.0,-53.0,-67.0,-74.0,-100.0,-67.0,-76.0,-69.0,-70.0,-71.0,-82.0,-43.0,-45.0,-62.0,-65.0,-68.0,-52.0,-53.0,-67.0,-74.0,-100.0,-67.0,-74.0,-68.0,-70.0,-72.0,-82.0,-44.0,-44.0,-55.0,-55.0,-56.0,-55.0
2025:01:21:12:28:35,RP13,A,SM-S908E,2212343.0,36,-168.56535216139028,-13.0,22.0,train,-69.0,-72.0,-73.0,-55.0,-58.0,-69.0,-72.0,-100.0,-71.0,-77.0,-65.0,-73.0,-71.0,-87.0,-44.0,-50.0,-67.0,-72.0,-73.0,-55.0,-58.0,-69.0,-72.0,-100.0,-71.0,-77.0,-66.0,-73.0,-72.0,-87.0,-44.0,-49.0,-56.0,-56.0,-62.0,-61.0
B0767,RP13,B,CTK45-dot-B,,28,,-13.0,22.0,train,-71.0,-68.0,-72.0,-56.0,-57.0,-100.0,-72.0,-100.0,-100.0,-71.0,-56.0,-56.0,-79.0,-78.0,-45.0,-54.0,-72.0,-68.0,-100.0,-56.0,-57.0,-100.0,-72.0,-100.0,-100.0,-100.0,-56.0,-56.0,-79.0,-79.0,-45.0,-53.0,-100.0,-100.0,-60.0,-60.0
B0716,RP13,B,CTK45-dot-B,,32,,-13.0,22.0,train,-70.0,-68.0,-73.0,-57.0,-57.0,-100.0,-72.0,-93.0,-100.0,-72.0,-58.0,-57.0,-78.0,-77.0,-47.0,-54.0,-71.0,-68.0,-73.0,-58.0,-57.0,-100.0,-72.0,-100.0,-100.0,-72.0,-58.0,-56.0,-78.0,-78.0,-47.0,-51.0,-63.0,-63.0,-60.0,-60.0
B0741,RP13,B,CTK45-dot-B,,26,,-13.0,22.0,train,-70.0,-70.0,-58.0,-53.0,-100.0,-68.0,-100.0,-84.0,-60.0,-100.0,-46.0,-100.0,-66.0,-100.0,-47.0,-52.0,-69.0,-69.0,-58.0,-53.0,-100.0,-68.0,-100.0,-84.0,-69.0,-100.0,-59.0,-100.0,-66.0,-100.0,-59.0,-100.0,-63.0,-63.0,-100.0,-100.0
B0770,RP13,B,CTK45-dot-B,,36,,-13.0,22.0,train,-72.0,-71.0,-70.0,-58.0,-55.0,-72.0,-72.0,-90.0,-70.0,-72.0,-58.0,-58.0,-78.0,-78.0,-45.0,-50.0,-73.0,-70.0,-70.0,-59.0,-55.0,-72.0,-72.0,-89.0,-100.0,-77.0,-58.0,-57.0,-78.0,-78.0,-45.0,-52.0,-65.0,-66.0,-61.0,-61.0
B0772,RP13,B,CTK45-dot-B,,27,,-13.0,22.0,train,-100.0,-70.0,-74.0,-57.0,-55.0,-73.0,-72.0,-90.0,-75.0,-100.0,-58.0,-56.0,-100.0,-78.0,-47.0,-52.0,-100.0,-70.0,-74.0,-57.0,-54.0,-73.0,-72.0,-100.0,-100.0,-70.0,-58.0,-56.0,-100.0,-77.0,-47.0,-54.0,-100.0,-100.0,-61.0,-60.0
B0748,RP13,B,CTK45-dot-B,,29,,-13.0,22.0,train,-56.0,-69.5,-67.0,-60.0,-100.0,-70.0,-100.0,-83.0,-50.0,-100.0,-47.0,-100.0,-64.0,-100.0,-53.0,-52.0,-56.0,-69.0,-67.0,-68.0,-100.0,-74.0,-100.0,-83.0,-66.0,-100.0,-49.0,-100.0,-64.0,-100.0,-47.0,-45.0,-100.0,-100.0,-100.0,-100.0
2025:01:21:12:16:50,RP13,A,SM-S908E,2212343.0,39,-75.67221476926755,-13.0,22.0,train,-61.0,-69.0,-66.0,-52.0,-55.0,-72.0,-78.0,-83.0,-66.0,-73.0,-55.0,-63.0,-74.0,-82.0,-45.0,-56.0,-61.0,-69.0,-66.0,-52.0,-55.0,-72.0,-78.0,-81.0,-66.0,-74.0,-55.0,-63.0,-74.0,-82.0,-46.0,-56.0,-58.0,-57.0,-68.0,-68.0
B0773,RP13,B,CTK45-dot-B,,30,,-13.0,22.0,train,-71.0,-70.0,-70.0,-54.0,-56.0,-74.0,-73.0,-90.0,-69.0,-100.0,-61.0,-56.0,-79.0,-100.0,-45.0,-52.0,-71.0,-70.0,-70.0,-54.0,-56.0,-76.0,-73.0,-88.0,-69.0,-100.0,-61.0,-57.0,-78.0,-100.0,-46.0,-51.0,-100.0,-100.0,-60.0,-59.0
B0755,RP13,B,CTK45-dot-B,,29,,-13.0,22.0,train,-68.0,-73.0,-66.0,-51.0,-51.0,-61.0,-100.0,-82.0,-59.0,-66.0,-54.0,-53.0,-100.0,-78.0,-100.0,-58.0,-66.0,-73.0,-66.0,-51.0,-52.0,-61.0,-100.0,-84.0,-59.0,-66.0,-54.0,-53.0,-100.0,-78.0,-100.0,-58.0,-73.0,-73.0,-100.0,-100.0
B0733,RP13,B,CTK45-dot-B,,37,,-13.0,22.0,train,-59.0,-75.0,-68.0,-60.0,-65.0,-62.0,-77.0,-74.0,-55.0,-71.0,-47.0,-65.0,-70.0,-82.0,-45.0,-49.0,-59.0,-74.0,-70.0,-61.0,-65.0,-69.0,-77.0,-83.0,-55.0,-72.0,-59.0,-65.0,-100.0,-81.0,-44.0,-46.0,-100.0,-100.0,-100.0,-100.0
B0724,RP13,B,CTK45-dot-B,,31,,-13.0,22.0,train,-63.0,-69.0,-69.0,-59.0,-55.0,-75.0,-100.0,-100.0,-66.0,-70.0,-61.0,-64.0,-70.0,-80.0,-40.0,-51.0,-63.0,-69.0,-100.0,-60.0,-56.0,-74.0,-100.0,-100.0,-66.0,-71.0,-61.0,-64.0,-100.0,-80.0,-40.0,-51.0,-55.0,-55.0,-100.0,-100.0
B0729,RP13,B,CTK45-dot-B,,26,,-13.0,22.0,train,-66.0,-71.0,-100.0,-47.0,-100.0,-68.0,-100.0,-100.0,-64.0,-100.0,-60.0,-100.0,-75.0,-100.0,-47.0,-52.0,-67.0,-70.0,-100.0,-46.0,-100.0,-68.0,-100.0,-89.0,-64.0,-100.0,-59.0,-100.0,-76.0,-100.0,-47.0,-52.0,-52.0,-53.0,-100.0,-100.0
B0765,RP13,B,CTK45-dot-B,,39,,-13.0,22.0,train,-68.0,-69.0,-70.0,-58.0,-56.0,-71.0,-72.0,-92.0,-69.0,-71.0,-58.0,-55.0,-79.0,-79.0,-47.0,-54.0,-68.0,-69.0,-71.0,-57.0,-56.0,-71.0,-72.0,-90.0,-69.0,-73.0,-58.0,-56.0,-78.0,-79.0,-46.0,-54.0,-64.0,-63.0,-60.0,-60.0
2025:01:21:12:22:20,RP13,A,SM-S908E,2212343.0,40,125.87281153339299,-13.0,22.0,train,-73.0,-69.5,-75.0,-57.0,-57.0,-77.0,-75.0,-86.0,-66.0,-69.0,-54.0,-58.0,-75.0,-78.0,-50.0,-55.0,-73.0,-69.0,-75.0,-58.0,-67.0,-77.0,-75.0,-87.0,-66.0,-69.0,-54.0,-58.0,-75.0,-78.0,-51.0,-53.0,-61.0,-61.0,-62.0,-62.0
2025:01:21:12:09:43,RP13,A,SM-S908E,2212343.0,45,-134.38759462261166,-13.0,22.0,train,-62.0,-70.0,-66.0,-51.0,-56.0,-69.0,-69.0,-85.0,-66.0,-74.0,-66.0,-74.0,-74.0,-77.0,-45.0,-49.0,-62.0,-70.0,-66.0,-51.0,-56.0,-70.0,-69.0,-86.0,-68.0,-71.0,-67.0,-74.0,-75.0,-77.0,-45.0,-48.0,-59.0,-59.0,-64.0,-64.0
B0737,RP13,B,CTK45-dot-B,,44,,-13.0,22.0,train,-60.0,-68.0,-100.0,-45.0,-64.0,-65.0,-100.0,-80.0,-60.0,-70.0,-51.0,-53.0,-70.0,-87.0,-49.0,-52.0,-69.0,-68.0,-62.0,-45.0,-64.0,-67.0,-100.0,-80.0,-65.0,-70.0,-63.0,-53.0,-69.0,-87.0,-50.0,-59.0,-61.0,-62.0,-64.0,-64.0
B0749,RP13,B,CTK45-dot-B,,27,,-13.0,22.0,train,-100.0,-69.5,-70.0,-67.0,-57.0,-71.0,-68.0,-100.0,-81.0,-75.0,-62.0,-64.0,-100.0,-85.0,-54.0,-56.0,-100.0,-69.0,-86.0,-66.0,-68.0,-72.0,-68.0,-100.0,-80.0,-76.0,-62.0,-65.0,-100.0,-85.0,-100.0,-56.0,-100.0,-100.0,-58.0,-58.0
B0736,RP13,B,CTK45-dot-B,,33,,-13.0,22.0,train,-74.0,-69.5,-100.0,-57.0,-57.0,-64.0,-100.0,-86.0,-52.0,-70.0,-45.0,-60.0,-100.0,-85.0,-50.0,-49.0,-64.0,-69.0,-100.0,-57.0,-68.0,-73.0,-100.0,-87.0,-55.0,-71.0,-46.0,-60.0,-100.0,-85.0,-50.0,-56.0,-100.0,-100.0,-68.0,-67.0
B0740,RP13,B,CTK45-dot-B,,22,,-13.0,22.0,train,-100.0,-72.0,-60.0,-45.0,-100.0,-65.0,-100.0,-100.0,-63.0,-100.0,-46.0,-100.0,-75.0,-100.0,-47.0,-52.0,-100.0,-71.0,-100.0,-45.0,-100.0,-66.0,-100.0,-100.0,-64.0,-100.0,-48.0,-100.0,-83.0,-100.0,-56.0,-52.0,-64.0,-66.0,-100.0,-100.0
2025:01:21:12:21:06,RP13,A,SM-S908E,2212343.0,41,124.71264075318848,-13.0,22.0,train,-64.0,-75.0,-64.0,-53.0,-61.0,-68.0,-73.0,-92.0,-64.0,-71.0,-57.0,-59.0,-73.0,-79.0,-53.0,-60.0,-64.0,-75.0,-64.0,-53.0,-61.0,-68.0,-73.0,-92.0,-64.0,-71.0,-57.0,-59.0,-73.0,-79.0,-53.0,-60.0,-56.0,-56.0,-64.0,-64.0
B0766,RP13,B,CTK45-dot-B,,26,,-13.0,22.0,train,-100.0,-67.0,-69.0,-57.0,-57.0,-71.0,-72.0,-100.0,-72.0,-74.0,-56.0,-56.0,-100.0,-78.0,-47.0,-55.0,-100.0,-67.0,-70.0,-100.0,-57.0,-71.0,-71.0,-100.0,-73.0,-100.0,-58.0,-56.0,-100.0,-78.0,-47.0,-50.0,-100.0,-100.0,-59.0,-59.0
B0719,RP13,B,CTK45-dot-B,,26,,-13.0,22.0,train,-62.0,-68.0,-100.0,-57.0,-54.0,-74.0,-100.0,-83.0,-100.0,-72.0,-59.0,-61.0,-100.0,-100.0,-40.0,-51.0,-61.0,-68.0,-69.0,-56.0,-54.0,-74.0,-100.0,-86.0,-100.0,-100.0,-59.0,-62.0,-100.0,-100.0,-40.0,-51.0,-100.0,-100.0,-100.0,-100.0
B0725,RP13,B,CTK45-dot-B,,28,,-13.0,22.0,train,-63.0,-69.0,-100.0,-43.0,-55.0,-67.0,-72.0,-100.0,-58.0,-63.0,-61.0,-59.0,-100.0,-77.0,-49.0,-54.0,-63.0,-69.0,-58.0,-43.0,-55.0,-67.0,-71.0,-100.0,-58.0,-62.0,-61.0,-60.0,-100.0,-77.0,-49.0,-55.0,-100.0,-100.0,-100.0,-100.0
B0758,RP13,B,CTK45-dot-B,,38,,-13.0,22.0,train,-68.0,-70.0,-67.0,-63.0,-54.0,-76.0,-71.0,-87.0,-66.0,-75.0,-64.0,-65.0,-72.0,-100.0,-47.0,-52.0,-68.0,-70.0,-67.0,-64.0,-54.0,-76.0,-71.0,-87.0,-66.0,-76.0,-64.0,-64.0,-72.0,-100.0,-47.0,-52.0,-67.0,-67.0,-100.0,-100.0
B0753,RP13,B,CTK45-dot-B,,33,,-13.0,22.0,train,-73.0,-71.0,-73.0,-57.0,-54.0,-71.0,-71.0,-89.0,-70.0,-70.0,-57.0,-55.0,-77.0,-79.0,-46.0,-52.0,-100.0,-71.0,-73.0,-57.0,-54.0,-100.0,-71.0,-100.0,-70.0,-71.0,-57.0,-55.0,-100.0,-79.0,-46.0,-52.0,-62.0,-100.0,-59.0,-59.0
B0715,RP13,B,CTK45-dot-B,,36,,-13.0,22.0,train,-62.0,-69.0,-71.0,-63.0,-55.0,-73.0,-100.0,-85.0,-67.0,-69.0,-60.0,-62.0,-78.0,-80.0,-40.0,-50.0,-62.0,-69.0,-71.0,-63.0,-55.0,-74.0,-100.0,-85.0,-67.0,-69.0,-60.0,-62.0,-78.0,-80.0,-40.0,-50.0,-54.0,-54.0,-100.0,-100.0
B0739,RP13,B,CTK45-dot-B,,41,,-13.0,22.0,train,-67.0,-67.0,-100.0,-46.0,-56.0,-69.0,-76.0,-77.0,-59.0,-67.0,-45.0,-100.0,-72.0,-80.0,-48.0,-52.0,-68.0,-67.0,-67.0,-46.0,-56.0,-68.0,-76.0,-77.0,-60.0,-67.0,-59.0,-100.0,-72.0,-80.0,-48.0,-52.0,-56.0,-56.0,-66.0,-66.0
B0735,RP13,B,CTK45-dot-B,,28,,-13.0,22.0,train,-69.0,-76.0,-70.0,-51.0,-100.0,-64.0,-100.0,-100.0,-58.0,-100.0,-50.0,-100.0,-76.0,-100.0,-42.0,-51.0,-100.0,-69.0,-86.0,-51.0,-100.0,-64.0,-100.0,-87.0,-62.0,-100.0,-50.0,-100.0,-100.0,-100.0,-42.0,-52.0,-54.0,-54.0,-100.0,-100.0
B0723,RP13,B,CTK45-dot-B,,32,,-13.0,22.0,train,-63.0,-69.0,-70.0,-62.0,-55.0,-74.0,-100.0,-82.0,-66.0,-70.0,-60.0,-63.0,-100.0,-80.0,-40.0,-51.0,-63.0,-69.0,-71.0,-61.0,-55.0,-74.0,-100.0,-85.0,-66.0,-71.0,-60.0,-62.0,-100.0,-80.0,-41.0,-51.0,-55.0,-54.0,-100.0,-100.0
B0726,RP13,B,CTK45-dot-B,,27,,-13.0,22.0,train,-62.0,-68.0,-61.0,-100.0,-56.0,-100.0,-71.0,-87.0,-58.0,-62.0,-60.0,-56.0,-71.0,-100.0,-49.0,-54.0,-63.0,-69.0,-61.0,-100.0,-100.0,-100.0,-71.0,-86.0,-58.0,-63.0,-60.0,-56.0,-71.0,-100.0,-49.0,-54.0,-100.0,-100.0,-100.0,-100.0
B0761,RP13,B,CTK45-dot-B,,34,,-13.0,22.0,train,-69.0,-69.0,-72.0,-56.0,-57.0,-71.0,-71.0,-91.0,-68.0,-100.0,-59.0,-59.0,-100.0,-78.0,-46.0,-51.0,-100.0,-69.0,-71.0,-56.0,-56.0,-70.0,-71.0,-90.0,-67.0,-100.0,-59.0,-59.0,-100.0,-77.0,-100.0,-51.0,-64.0,-63.0,-59.0,-59.0
B0762,RP13,B,CTK45-dot-B,,32,,-13.0,22.0,train,-70.0,-69.0,-73.0,-58.0,-57.0,-73.0,-71.0,-90.0,-72.0,-72.0,-59.0,-56.0,-78.0,-78.0,-100.0,-54.0,-70.0,-69.0,-72.0,-59.0,-57.0,-73.0,-71.0,-100.0,-100.0,-72.0,-59.0,-56.0,-77.0,-79.0,-100.0,-52.0,-100.0,-100.0,-60.0,-59.0
2025:01:21:12:23:39,RP13,A,SM-S908E,2212343.0,35,178.6899633084321,-13.0,22.0,train,-72.0,-69.5,-70.0,-56.0,-57.0,-73.0,-74.0,-100.0,-63.0,-70.0,-54.0,-59.0,-78.0,-77.0,-49.0,-54.0,-71.0,-69.0,-70.0,-56.0,-57.0,-73.0,-74.0,-100.0,-64.0,-70.0,-54.0,-59.0,-80.0,-77.0,-50.0,-54.0,-59.0,-59.0,-61.0,-61.0
B0764,RP13,B,CTK45-dot-B,,30,,-13.0,22.0,train,-68.0,-68.0,-73.0,-59.0,-56.0,-100.0,-71.0,-90.0,-100.0,-71.0,-59.0,-54.0,-78.0,-100.0,-45.0,-53.0,-68.0,-68.0,-73.0,-59.0,-56.0,-100.0,-71.0,-90.0,-100.0,-71.0,-59.0,-55.0,-77.0,-77.0,-45.0,-53.0,-100.0,-100.0,-61.0,-61.0
B0728,RP13,B,CTK45-dot-B,,33,,-13.0,22.0,train,-68.0,-74.0,-59.0,-51.0,-60.0,-66.0,-100.0,-100.0,-65.0,-64.0,-57.0,-55.0,-75.0,-78.0,-47.0,-52.0,-68.0,-74.0,-100.0,-50.0,-60.0,-66.0,-100.0,-100.0,-65.0,-64.0,-57.0,-55.0,-75.0,-78.0,-57.0,-52.0,-64.0,-64.0,-100.0,-100.0
B0722,RP13,B,CTK45-dot-B,,28,,-13.0,22.0,train,-63.0,-67.0,-61.0,-43.0,-59.0,-67.0,-100.0,-100.0,-58.0,-63.0,-62.0,-62.0,-70.0,-77.0,-100.0,-56.0,-63.0,-67.0,-61.0,-43.0,-59.0,-67.0,-100.0,-100.0,-58.0,-63.0,-62.0,-61.0,-70.0,-77.0,-100.0,-56.0,-100.0,-100.0,-100.0,-100.0
B0721,RP13,B,CTK45-dot-B,,28,,-13.0,22.0,train,-62.0,-67.0,-60.0,-43.0,-57.0,-67.0,-72.0,-100.0,-58.0,-63.0,-61.0,-57.0,-70.0,-100.0,-48.0,-54.0,-60.0,-67.0,-100.0,-43.0,-57.0,-67.0,-72.0,-100.0,-58.0,-63.0,-61.0,-58.0,-70.0,-76.0,-49.0,-53.0,-100.0,-100.0,-100.0,-100.0
B0760,RP13,B,CTK45-dot-B,,32,,-13.0,22.0,train,-69.0,-69.0,-72.0,-56.0,-57.0,-72.0,-72.0,-100.0,-73.0,-73.0,-59.0,-57.0,-77.0,-100.0,-46.0,-53.0,-69.0,-69.0,-72.0,-58.0,-57.0,-72.0,-73.0,-100.0,-71.0,-73.0,-60.0,-57.0,-76.0,-100.0,-46.0,-53.0,-62.0,-62.0,-60.0,-60.0
2025:01:21:12:25:08,RP13,A,SM-S908E,2212343.0,36,-168.37453429729987,-13.0,22.0,train,-68.0,-73.0,-68.0,-49.0,-55.0,-69.0,-72.0,-100.0,-66.0,-78.0,-71.0,-75.0,-72.0,-86.0,-43.0,-50.0,-68.0,-73.0,-68.0,-49.0,-55.0,-70.0,-73.0,-100.0,-66.0,-79.0,-71.0,-74.0,-72.0,-86.0,-42.0,-50.0,-55.0,-55.0,-62.0,-62.0
B0747,RP13,B,CTK45-dot-B,,23,,-13.0,22.0,train,-100.0,-69.0,-75.0,-47.0,-100.0,-66.0,-100.0,-85.0,-65.0,-100.0,-54.0,-100.0,-100.0,-100.0,-43.0,-49.0,-100.0,-69.0,-66.0,-47.0,-100.0,-76.0,-100.0,-85.0,-64.0,-100.0,-54.0,-100.0,-100.0,-100.0,-44.0,-49.0,-100.0,-100.0,-100.0,-100.0
B0720,RP13,B,CTK45-dot-B,,38,,-13.0,22.0,train,-62.0,-68.0,-61.0,-43.0,-57.0,-67.0,-72.0,-89.0,-58.0,-62.0,-57.0,-58.0,-70.0,-76.0,-49.0,-52.0,-59.0,-69.0,-58.0,-43.0,-57.0,-67.0,-72.0,-86.0,-57.0,-62.0,-58.0,-57.0,-72.0,-76.0,-49.0,-52.0,-54.0,-55.0,-100.0,-100.0
B0751,RP13,B,CTK45-dot-B,,28,,-13.0,22.0,train,-67.0,-72.0,-66.0,-52.0,-59.0,-68.0,-100.0,-100.0,-71.0,-64.0,-60.0,-53.0,-75.0,-79.0,-54.0,-52.0,-68.0,-72.0,-100.0,-52.0,-58.0,-68.0,-100.0,-100.0,-71.0,-63.0,-62.0,-53.0,-74.0,-78.0,-54.0,-52.0,-100.0,-100.0,-100.0,-100.0
B0743,RP13,B,CTK45-dot-B,,27,,-13.0,22.0,train,-73.0,-73.0,-57.0,-53.0,-100.0,-74.0,-100.0,-82.0,-61.0,-100.0,-49.0,-100.0,-66.0,-100.0,-47.0,-52.0,-74.0,-72.0,-58.0,-53.0,-100.0,-71.0,-100.0,-82.0,-59.0,-100.0,-50.0,-100.0,-100.0,-100.0,-59.0,-52.0,-62.0,-62.0,-100.0,-100.0
B0754,RP13,B,CTK45-dot-B,,24,,-13.0,22.0,train,-68.0,-69.0,-100.0,-52.0,-57.0,-68.0,-100.0,-100.0,-69.0,-64.0,-100.0,-55.0,-73.0,-79.0,-54.0,-52.0,-69.0,-69.0,-100.0,-52.0,-57.0,-68.0,-100.0,-100.0,-69.0,-63.0,-100.0,-55.0,-74.0,-79.0,-54.0,-52.0,-100.0,-100.0,-100.0,-100.0
B0746,RP13,B,CTK45-dot-B,,42,,-13.0,22.0,train,-70.0,-68.0,-69.0,-52.0,-56.0,-67.0,-100.0,-83.0,-65.0,-69.0,-52.0,-67.0,-68.0,-82.0,-45.0,-54.0,-78.0,-69.0,-79.0,-60.0,-56.0,-67.0,-100.0,-81.0,-65.0,-69.0,-52.0,-68.0,-68.0,-82.0,-46.0,-100.0,-51.0,-50.0,-56.0,-56.0
B0745,RP13,B,CTK45-dot-B,,25,,-13.0,22.0,train,-62.0,-65.0,-68.0,-62.0,-100.0,-62.0,-100.0,-88.0,-61.0,-100.0,-55.0,-100.0,-100.0,-100.0,-42.0,-52.0,-100.0,-64.0,-67.0,-54.0,-100.0,-62.0,-100.0,-86.0,-61.0,-100.0,-54.0,-100.0,-100.0,-100.0,-42.0,-100.0,-65.0,-64.0,-100.0,-100.0
B0752,RP13,B,CTK45-dot-B,,35,,-13.0,22.0,train,-70.0,-71.0,-72.0,-60.0,-54.0,-70.0,-72.0,-100.0,-77.0,-75.0,-61.0,-65.0,-80.0,-79.0,-46.0,-53.0,-70.0,-71.0,-72.0,-100.0,-54.0,-71.0,-72.0,-100.0,-79.0,-75.0,-61.0,-65.0,-79.0,-79.0,-46.0,-53.0,-64.0,-64.0,-60.0,-60.0
B0742,RP13,B,CTK45-dot-B,,34,,-13.0,22.0,train,-55.0,-76.0,-56.0,-44.0,-58.0,-59.0,-100.0,-80.0,-57.0,-68.0,-54.0,-100.0,-75.0,-84.0,-100.0,-60.0,-56.0,-69.0,-56.0,-44.0,-61.0,-60.0,-100.0,-85.0,-57.0,-68.0,-54.0,-100.0,-74.0,-85.0,-58.0,-100.0,-100.0,-100.0,-67.0,-67.0
B0769,RP13,B,CTK45-dot-B,,33,,-13.0,22.0,train,-68.0,-68.0,-70.0,-56.0,-54.0,-69.0,-72.0,-89.0,-71.0,-70.0,-57.0,-56.0,-78.0,-77.0,-46.0,-52.0,-69.0,-69.0,-70.0,-56.0,-55.0,-70.0,-71.0,-89.0,-70.0,-100.0,-100.0,-56.0,-78.0,-78.0,-46.0,-53.0,-100.0,-100.0,-59.0,-59.0
2025:01:21:12:13:39,RP13,A,SM-S908E,2212343.0,40,-132.39884665655669,-13.0,22.0,train,-65.0,-71.0,-71.0,-52.0,-63.0,-73.0,-74.0,-89.0,-64.0,-75.0,-60.0,-64.0,-72.0,-77.0,-43.0,-48.0,-65.0,-71.0,-72.0,-52.0,-63.0,-73.0,-74.0,-90.0,-64.0,-75.0,-60.0,-64.0,-72.0,-77.0,-43.0,-48.0,-58.0,-58.0,-63.0,-63.0
B0727,RP13,B,CTK45-dot-B,,25,,-13.0,22.0,validation,-68.0,-70.0,-68.0,-100.0,-54.0,-60.0,-100.0,-100.0,-60.0,-64.0,-53.0,-55.0,-100.0,-78.0,-53.0,-53.0,-70.0,-70.0,-68.0,-100.0,-55.0,-60.0,-100.0,-100.0,-60.0,-64.0,-53.0,-55.0,-100.0,-78.0,-52.0,-53.0,-100.0,-100.0,-100.0,-100.0
B0744,RP13,B,CTK45-dot-B,,24,,-13.0,22.0,validation,-61.0,-67.0,-64.0,-53.0,-100.0,-65.0,-100.0,-85.0,-63.0,-100.0,-100.0,-100.0,-69.0,-100.0,-41.0,-53.0,-61.0,-67.0,-64.0,-52.0,-100.0,-64.0,-100.0,-83.0,-63.0,-100.0,-100.0,-100.0,-100.0,-100.0,-41.0,-53.0,-64.0,-65.0,-100.0,-100.0
2025:01:21:12:24:31,RP13,A,SM-S908E,2212343.0,35,178.33760572358256,-13.0,22.0,validation,-70.0,-71.0,-69.0,-53.0,-57.0,-74.0,-73.0,-100.0,-73.0,-77.0,-61.0,-62.0,-71.0,-85.0,-45.0,-49.0,-71.0,-71.0,-70.0,-54.0,-58.0,-74.0,-73.0,-100.0,-73.0,-77.0,-61.0,-62.0,-78.0,-100.0,-46.0,-49.0,-58.0,-58.0,-62.0,-62.0
2025:01:21:12:18:07,RP13,A,SM-S908E,2212343.0,35,-75.4271148836665,-13.0,22.0,validation,-59.0,-70.0,-65.0,-59.0,-54.0,-100.0,-78.0,-86.0,-68.0,-69.0,-57.0,-59.0,-73.0,-81.0,-44.0,-56.0,-59.0,-70.0,-66.0,-59.0,-54.0,-100.0,-79.0,-100.0,-68.0,-70.0,-57.0,-59.0,-73.0,-81.0,-45.0,-56.0,-54.0,-54.0,-66.0,-66.0
B0756,RP13,B,CTK45-dot-B,,39,,-13.0,22.0,validation,-69.0,-69.0,-66.0,-65.0,-55.0,-73.0,-100.0,-87.0,-63.0,-72.0,-60.0,-65.0,-72.0,-78.0,-48.0,-41.0,-66.0,-69.0,-66.0,-65.0,-55.0,-74.0,-100.0,-85.0,-63.0,-73.0,-60.0,-65.0,-73.0,-78.0,-47.0,-41.0,-70.0,-70.0,-100.0,-100.0
2025:01:21:12:11:52,RP13,A,SM-S908E,2212343.0,43,-134.8515185493291,-13.0,22.0,validation,-65.0,-71.0,-68.0,-51.0,-61.0,-72.0,-73.0,-86.0,-63.0,-74.0,-61.0,-62.0,-74.0,-79.0,-45.0,-48.0,-65.0,-71.0,-68.0,-52.0,-62.0,-72.0,-73.0,-89.0,-64.0,-73.0,-62.0,-63.0,-74.0,-79.0,-45.0,-48.0,-57.0,-57.0,-62.0,-61.0
B0731,RP13,B,CTK45-dot-B,,25,,-13.0,22.0,validation,-61.0,-75.0,-60.0,-44.0,-100.0,-70.0,-100.0,-100.0,-67.0,-100.0,-57.0,-100.0,-73.0,-100.0,-47.0,-44.0,-60.0,-76.0,-62.0,-44.0,-100.0,-70.0,-100.0,-100.0,-66.0,-100.0,-57.0,-100.0,-74.0,-100.0,-49.0,-43.0,-54.0,-53.0,-100.0,-100.0
B0734,RP13,B,CTK45-dot-B,,44,,-13.0,22.0,validation,-62.0,-74.0,-70.0,-72.0,-68.0,-66.0,-80.0,-83.0,-55.0,-71.0,-47.0,-67.0,-73.0,-83.0,-50.0,-47.0,-61.0,-74.0,-70.0,-72.0,-68.0,-65.0,-80.0,-83.0,-55.0,-70.0,-47.0,-68.0,-73.0,-83.0,-50.0,-51.0,-50.0,-47.0,-61.0,-61.0
B0771,RP13,B,CTK45-dot-B,,33,,-13.0,22.0,validation,-70.0,-71.0,-72.0,-59.0,-55.0,-100.0,-72.0,-88.0,-73.0,-70.0,-59.0,-57.0,-100.0,-78.0,-47.0,-50.0,-100.0,-70.0,-73.0,-61.0,-55.0,-100.0,-72.0,-88.0,-73.0,-71.0,-59.0,-57.0,-100.0,-78.0,-47.0,-51.0,-67.0,-66.0,-59.0,-59.0
2025:01:21:12:14:24,RP13,A,SM-S908E,2212343.0,41,-135.305856892134,-13.0,22.0,validation,-65.0,-71.0,-69.0,-56.0,-61.0,-71.0,-72.0,-92.0,-64.0,-71.0,-63.0,-64.0,-73.0,-77.0,-43.0,-47.0,-65.0,-71.0,-69.0,-56.0,-61.0,-71.0,-72.0,-100.0,-64.0,-73.0,-63.0,-65.0,-73.0,-77.0,-43.0,-47.0,-55.0,-55.0,-63.0,-63.0
B0757,RP13,B,CTK45-dot-B,,40,,-13.0,22.0,validation,-71.0,-70.0,-66.0,-63.0,-53.0,-74.0,-100.0,-87.0,-66.0,-72.0,-60.0,-64.0,-72.0,-78.0,-47.0,-44.0,-72.0,-70.0,-66.0,-64.0,-53.0,-74.0,-100.0,-87.0,-66.0,-75.0,-60.0,-64.0,-73.0,-78.0,-47.0,-44.0,-68.0,-68.0,-100.0,-100.0
B0763,RP13,B,CTK45-dot-B,,27,,-13.0,22.0,validation,-100.0,-69.0,-72.0,-100.0,-57.0,-74.0,-71.0,-100.0,-73.0,-69.0,-60.0,-56.0,-100.0,-100.0,-44.0,-51.0,-100.0,-68.0,-74.0,-100.0,-57.0,-75.0,-71.0,-100.0,-73.0,-71.0,-60.0,-56.0,-100.0,-100.0,-45.0,-54.0,-100.0,-100.0,-61.0,-60.0
B0768,RP13,B,CTK45-dot-B,,31,,-13.0,22.0,test,-69.0,-70.0,-70.0,-60.0,-54.0,-100.0,-71.0,-91.0,-100.0,-73.0,-59.0,-54.0,-76.0,-77.0,-46.0,-51.0,-69.0,-70.0,-70.0,-61.0,-55.0,-100.0,-72.0,-89.0,-100.0,-73.0,-59.0,-55.0,-77.0,-100.0,-46.0,-54.0,-61.0,-62.0,-60.0,-59.0
2025:01:21:12:17:32,RP13,A,SM-S908E,2212343.0,40,-75.25807514536905,-13.0,22.0,test,-61.0,-69.0,-65.0,-56.0,-56.0,-69.0,-78.0,-83.0,-66.0,-73.0,-56.0,-69.0,-76.0,-80.0,-42.0,-57.0,-62.0,-69.0,-67.0,-54.0,-56.0,-69.0,-78.0,-76.0,-66.0,-70.0,-55.0,-69.0,-76.0,-80.0,-42.0,-58.0,-53.0,-54.0,-67.0,-67.0
B0759,RP13,B,CTK45-dot-B,,33,,-13.0,22.0,test,-72.0,-69.0,-66.0,-63.0,-53.0,-74.0,-100.0,-91.0,-66.0,-73.0,-61.0,-65.0,-100.0,-82.0,-47.0,-43.0,-72.0,-69.0,-64.0,-63.0,-53.0,-74.0,-100.0,-87.0,-66.0,-76.0,-60.0,-64.0,-100.0,-100.0,-47.0,-43.0,-68.0,-66.0,-100.0,-100.0
2025:01:21:12:15:19,RP13,A,SM-S908E,2212343.0,39,-75.93771768195323,-13.0,22.0,test,-62.0,-70.0,-68.0,-54.0,-61.0,-71.0,-73.0,-100.0,-65.0,-72.0,-60.0,-64.0,-74.0,-77.0,-46.0,-48.0,-62.0,-70.0,-68.0,-54.0,-62.0,-71.0,-73.0,-100.0,-65.0,-73.0,-60.0,-65.0,-74.0,-77.0,-46.0,-48.0,-56.0,-56.0,-61.0,-61.0
B0774,RP13,B,CTK45-dot-B,,32,,-13.0,22.0,test,-70.0,-73.0,-73.0,-61.0,-54.0,-73.0,-72.0,-88.0,-70.0,-72.0,-57.0,-56.0,-78.0,-100.0,-46.0,-51.0,-70.0,-72.0,-73.0,-61.0,-55.0,-100.0,-72.0,-88.0,-100.0,-69.0,-58.0,-56.0,-79.0,-100.0,-47.0,-49.0,-61.0,-62.0,-59.0,-58.0
2025:01:21:12:10:55,RP13,A,SM-S908E,2212343.0,41,-134.08344570664443,-13.0,22.0,test,-63.0,-71.0,-70.0,-51.0,-62.0,-72.0,-74.0,-85.0,-64.0,-73.0,-59.0,-62.0,-72.0,-80.0,-50.0,-45.0,-64.0,-71.0,-71.0,-52.0,-62.0,-72.0,-74.0,-100.0,-62.0,-73.0,-59.0,-62.0,-73.0,-80.0,-49.0,-45.0,-57.0,-57.0,-61.0,-61.0
2025:01:21:12:21:42,RP13,A,SM-S908E,2212343.0,37,126.66893638972726,-13.0,22.0,test,-62.0,-78.0,-63.0,-52.0,-60.0,-67.0,-73.0,-100.0,-69.0,-70.0,-55.0,-62.0,-71.0,-78.0,-52.0,-59.0,-62.0,-78.0,-63.0,-53.0,-60.0,-68.0,-73.0,-100.0,-69.0,-70.0,-56.0,-62.0,-72.0,-78.0,-52.0,-59.0,-58.0,-58.0,-61.0,-61.0
B0738,RP13,B,CTK45-dot-B,,28,,-13.0,22.0,test,-61.0,-75.0,-58.0,-50.0,-100.0,-65.0,-100.0,-74.0,-56.0,-100.0,-46.0,-100.0,-71.0,-100.0,-51.0,-66.0,-61.0,-75.0,-66.0,-49.0,-100.0,-66.0,-100.0,-80.0,-57.0,-100.0,-46.0,-100.0,-71.0,-100.0,-51.0,-66.0,-63.0,-63.0,-100.0,-100.0
B0718,RP13,B,CTK45-dot-B,,39,,-13.0,22.0,test,-62.0,-69.0,-70.0,-59.0,-53.0,-74.0,-70.0,-83.0,-68.0,-70.0,-60.0,-61.0,-79.0,-80.0,-40.0,-51.0,-62.0,-70.0,-71.0,-58.0,-53.0,-74.0,-70.0,-86.0,-67.0,-68.0,-60.0,-61.0,-78.0,-80.0,-40.0,-51.0,-55.0,-54.0,-100.0,-100.0
2025:01:21:12:20:00,RP13,A,SM-S908E,2212343.0,41,125.55700292629483,-13.0,22.0,test,-64.0,-75.0,-64.0,-51.0,-61.0,-70.0,-79.0,-86.0,-66.0,-69.0,-57.0,-60.0,-70.0,-76.0,-46.0,-51.0,-64.0,-75.0,-64.0,-51.0,-61.0,-70.0,-79.0,-86.0,-66.0,-69.0,-57.0,-60.0,-70.0,-76.0,-46.0,-52.0,-54.0,-54.0,-70.0,-69.0
B0717,RP13,B,CTK45-dot-B,,26,,-13.0,22.0,test,-62.0,-69.0,-100.0,-57.0,-54.0,-74.0,-100.0,-86.0,-67.0,-100.0,-100.0,-62.0,-76.0,-79.0,-40.0,-50.0,-62.0,-69.0,-100.0,-57.0,-54.0,-74.0,-100.0,-85.0,-68.0,-100.0,-100.0,-62.0,-79.0,-79.0,-40.0,-51.0,-100.0,-100.0,-100.0,-100.0
2025:01:21:12:22:58,RP13,A,SM-S908E,2212343.0,34,127.47944248671934,-13.0,22.0,test,-74.0,-79.0,-100.0,-62.0,-66.0,-73.0,-72.0,-87.0,-67.0,-69.0,-58.0,-59.0,-80.0,-77.0,-49.0,-54.0,-74.0,-79.0,-100.0,-62.0,-67.0,-73.0,-72.0,-100.0,-67.0,-69.0,-58.0,-59.0,-81.0,-78.0,-49.0,-54.0,-58.0,-58.0,-63.0,-63.0
2025:01:24:10:14:10,RP14,A,SM-S908E,2212343.0,34,-92.65653447062343,13.0,22.0,train,-82.0,-85.0,-87.0,-64.0,-67.0,-66.0,-64.0,-75.0,-60.0,-66.0,-48.0,-46.0,-72.0,-100.0,-59.0,-64.0,-82.0,-85.0,-100.0,-65.0,-67.0,-66.0,-64.0,-75.0,-60.0,-66.0,-48.0,-46.0,-72.0,-100.0,-60.0,-64.0,-70.0,-70.0,-100.0,-100.0
B0816,RP14,B,CTK45-dot-B,,37,,13.0,22.0,train,-76.0,-82.0,-100.0,-66.0,-65.0,-66.0,-77.0,-71.0,-45.0,-60.0,-43.0,-44.0,-72.0,-65.0,-60.0,-71.0,-77.0,-77.0,-100.0,-70.0,-63.0,-66.0,-77.0,-73.0,-46.0,-61.0,-44.0,-44.0,-100.0,-65.0,-69.0,-100.0,-100.0,-100.0,-71.0,-71.0
B0827,RP14,B,CTK45-dot-B,,33,,13.0,22.0,train,-69.0,-82.0,-74.0,-61.0,-56.0,-74.0,-71.0,-100.0,-69.0,-70.0,-59.0,-61.0,-78.0,-80.0,-47.0,-66.0,-69.0,-83.0,-74.0,-61.0,-68.0,-71.0,-71.0,-100.0,-70.0,-73.0,-59.0,-61.0,-77.0,-100.0,-65.0,-54.0,-100.0,-69.0,-59.0,-59.0
B0817,RP14,B,CTK45-dot-B,,22,,13.0,22.0,train,-100.0,-79.0,-100.0,-67.0,-100.0,-100.0,-100.0,-66.0,-100.0,-100.0,-52.0,-100.0,-63.0,-100.0,-62.0,-68.0,-100.0,-80.0,-100.0,-78.0,-100.0,-100.0,-100.0,-68.0,-100.0,-100.0,-52.0,-100.0,-62.0,-100.0,-63.0,-68.0,-68.0,-68.0,-100.0,-100.0
B0814,RP14,B,CTK45-dot-B,,34,,13.0,22.0,train,-100.0,-80.0,-100.0,-53.0,-68.0,-71.0,-78.0,-66.0,-47.0,-65.0,-44.0,-45.0,-72.0,-66.0,-75.0,-67.0,-100.0,-81.0,-100.0,-54.0,-68.0,-70.0,-78.0,-66.0,-48.0,-65.0,-43.0,-45.0,-100.0,-66.0,-100.0,-68.0,-100.0,-100.0,-100.0,-100.0
2025:01:24:10:10:01,RP14,A,SM-S908E,2212343.0,42,-164.76368551745003,13.0,22.0,train,-73.0,-81.0,-81.0,-69.0,-71.0,-68.0,-68.0,-76.0,-59.0,-69.0,-46.0,-41.0,-70.0,-69.0,-57.0,-72.0,-73.0,-82.0,-81.0,-69.0,-71.0,-68.0,-68.0,-76.0,-59.0,-69.0,-46.0,-41.0,-71.0,-69.0,-57.0,-72.0,-68.0,-68.0,-78.0,-78.0
B0802,RP14,B,CTK45-dot-B,,32,,13.0,22.0,train,-86.0,-82.0,-100.0,-100.0,-70.0,-72.0,-70.0,-74.0,-64.0,-56.0,-45.0,-53.0,-73.0,-68.0,-66.0,-68.0,-84.0,-82.0,-100.0,-100.0,-68.0,-73.0,-70.0,-74.0,-64.0,-56.0,-45.0,-53.0,-74.0,-69.0,-67.0,-68.0,-100.0,-100.0,-69.0,-68.0
2025:01:24:10:07:42,RP14,A,SM-S908E,2212343.0,40,19.83232502431722,13.0,22.0,train,-74.0,-85.0,-85.0,-66.0,-67.0,-75.0,-61.0,-71.0,-54.0,-66.0,-48.0,-46.0,-71.0,-71.0,-62.0,-68.0,-74.0,-85.0,-85.0,-66.0,-67.0,-75.0,-61.0,-74.0,-54.0,-66.0,-48.0,-47.0,-71.0,-71.0,-62.0,-68.0,-67.0,-67.0,-76.0,-76.0
B0797,RP14,B,CTK45-dot-B,,41,,13.0,22.0,train,-74.0,-83.0,-81.0,-68.0,-60.0,-66.0,-72.0,-73.0,-58.0,-66.0,-43.0,-38.0,-63.0,-67.0,-58.0,-62.0,-75.0,-83.0,-100.0,-69.0,-68.0,-66.0,-72.0,-73.0,-59.0,-66.0,-43.0,-38.0,-63.0,-66.0,-59.0,-62.0,-69.0,-69.0,-100.0,-100.0
B0778,RP14,B,CTK45-dot-B,,32,,13.0,22.0,train,-82.0,-82.0,-100.0,-77.0,-70.0,-73.0,-70.0,-74.0,-100.0,-56.0,-47.0,-51.0,-72.0,-67.0,-66.0,-67.0,-83.0,-82.0,-100.0,-76.0,-70.0,-100.0,-70.0,-74.0,-100.0,-56.0,-47.0,-52.0,-72.0,-67.0,-66.0,-67.0,-75.0,-100.0,-69.0,-68.0
B0803,RP14,B,CTK45-dot-B,,33,,13.0,22.0,train,-85.0,-82.0,-100.0,-100.0,-68.0,-72.0,-70.0,-74.0,-61.0,-57.0,-47.0,-54.0,-72.0,-68.0,-67.0,-68.0,-100.0,-82.0,-100.0,-100.0,-69.0,-72.0,-70.0,-74.0,-60.0,-57.0,-45.0,-54.0,-72.0,-67.0,-68.0,-68.0,-78.0,-77.0,-69.0,-69.0
2025:01:24:10:10:50,RP14,A,SM-S908E,2212343.0,40,-166.31801688323682,13.0,22.0,train,-79.0,-82.0,-82.0,-69.0,-72.0,-69.0,-65.0,-75.0,-60.0,-71.0,-45.0,-41.0,-74.0,-69.0,-60.0,-70.0,-79.0,-83.0,-82.0,-69.0,-72.0,-69.0,-65.0,-75.0,-60.0,-71.0,-45.0,-41.0,-74.0,-69.0,-60.0,-70.0,-68.0,-69.0,-78.0,-79.0
B0794,RP14,B,CTK45-dot-B,,37,,13.0,22.0,train,-74.0,-86.0,-79.0,-65.0,-65.0,-67.0,-100.0,-63.0,-42.0,-49.0,-41.0,-39.0,-71.0,-58.0,-65.0,-72.0,-74.0,-86.0,-79.0,-65.0,-66.0,-67.0,-100.0,-62.0,-41.0,-49.0,-41.0,-39.0,-71.0,-57.0,-66.0,-72.0,-100.0,-100.0,-100.0,-100.0
B0804,RP14,B,CTK45-dot-B,,33,,13.0,22.0,train,-82.0,-81.0,-100.0,-77.0,-69.0,-72.0,-70.0,-74.0,-64.0,-56.0,-46.0,-53.0,-72.0,-68.0,-65.0,-68.0,-82.0,-82.0,-100.0,-100.0,-100.0,-72.0,-70.0,-74.0,-62.0,-56.0,-47.0,-53.0,-73.0,-67.0,-65.0,-68.0,-76.0,-77.0,-69.0,-69.0
2025:01:24:10:18:21,RP14,A,SM-S908E,2212343.0,42,-40.183483958606026,13.0,22.0,train,-79.0,-82.0,-100.0,-65.0,-67.0,-66.0,-65.0,-79.0,-64.0,-70.0,-51.0,-45.0,-73.0,-77.0,-66.0,-73.0,-80.0,-87.0,-89.0,-65.0,-67.0,-66.0,-65.0,-79.0,-65.0,-71.0,-51.0,-45.0,-73.0,-77.0,-67.0,-73.0,-72.0,-72.0,-76.0,-76.0
2025:01:24:10:04:35,RP14,A,SM-S908E,2212343.0,33,20.723084173757666,13.0,22.0,train,-100.0,-100.0,-100.0,-79.0,-78.0,-70.0,-76.0,-79.0,-66.0,-72.0,-41.0,-44.0,-73.0,-77.0,-69.0,-75.0,-100.0,-100.0,-100.0,-79.0,-68.0,-71.0,-76.0,-79.0,-66.0,-72.0,-41.0,-44.0,-72.0,-77.0,-69.0,-75.0,-78.0,-77.0,-81.0,-81.0
B0788,RP14,B,CTK45-dot-B,,32,,13.0,22.0,train,-73.0,-85.0,-100.0,-51.0,-59.0,-63.0,-71.0,-76.0,-53.0,-58.0,-100.0,-46.0,-66.0,-59.0,-64.0,-65.0,-73.0,-85.0,-100.0,-51.0,-68.0,-64.0,-71.0,-76.0,-53.0,-58.0,-100.0,-46.0,-66.0,-59.0,-65.0,-65.0,-100.0,-100.0,-100.0,-100.0
B0806,RP14,B,CTK45-dot-B,,32,,13.0,22.0,train,-81.0,-82.0,-100.0,-100.0,-69.0,-73.0,-70.0,-73.0,-60.0,-56.0,-45.0,-55.0,-71.0,-69.0,-66.0,-69.0,-81.0,-82.0,-100.0,-100.0,-70.0,-73.0,-70.0,-73.0,-60.0,-56.0,-46.0,-55.0,-72.0,-69.0,-66.0,-68.0,-100.0,-100.0,-69.0,-68.0
B0825,RP14,B,CTK45-dot-B,,39,,13.0,22.0,train,-68.0,-85.0,-100.0,-58.0,-73.0,-65.0,-78.0,-83.0,-53.0,-68.0,-41.0,-45.0,-100.0,-77.0,-59.0,-59.0,-72.0,-84.0,-100.0,-60.0,-73.0,-65.0,-78.0,-83.0,-53.0,-68.0,-41.0,-45.0,-100.0,-77.0,-100.0,-63.0,-63.0,-62.0,-67.0,-67.0
B0812,RP14,B,CTK45-dot-B,,26,,13.0,22.0,train,-80.0,-81.0,-100.0,-59.0,-100.0,-70.0,-100.0,-72.0,-52.0,-100.0,-48.0,-100.0,-72.0,-100.0,-58.0,-66.0,-100.0,-82.0,-99.0,-59.0,-100.0,-69.0,-100.0,-73.0,-52.0,-100.0,-48.0,-100.0,-65.0,-100.0,-58.0,-66.0,-69.0,-69.0,-100.0,-100.0
B0823,RP14,B,CTK45-dot-B,,24,,13.0,22.0,train,-80.0,-84.0,-100.0,-56.0,-100.0,-68.0,-100.0,-73.0,-49.0,-100.0,-39.0,-100.0,-66.0,-100.0,-51.0,-59.0,-73.0,-84.0,-100.0,-56.0,-100.0,-70.0,-100.0,-73.0,-48.0,-100.0,-40.0,-100.0,-66.0,-100.0,-50.0,-59.0,-61.0,-61.0,-100.0,-100.0
B0780,RP14,B,CTK45-dot-B,,24,,13.0,22.0,train,-100.0,-82.0,-65.0,-63.0,-68.0,-100.0,-70.0,-85.0,-100.0,-74.0,-47.0,-68.0,-100.0,-100.0,-49.0,-66.0,-100.0,-83.0,-65.0,-63.0,-68.0,-100.0,-70.0,-85.0,-100.0,-74.0,-47.0,-68.0,-100.0,-100.0,-49.0,-66.0,-100.0,-100.0,-100.0,-100.0
B0779,RP14,B,CTK45-dot-B,,25,,13.0,22.0,train,-74.0,-82.0,-100.0,-60.0,-62.0,-100.0,-71.0,-100.0,-100.0,-55.0,-100.0,-55.0,-69.0,-65.0,-56.0,-58.0,-73.0,-82.0,-100.0,-59.0,-63.0,-100.0,-71.0,-100.0,-100.0,-55.0,-100.0,-55.0,-71.0,-65.0,-56.0,-57.0,-100.0,-100.0,-100.0,-100.0
2025:01:24:10:14:53,RP14,A,SM-S908E,2212343.0,37,-92.56977720128472,13.0,22.0,train,-80.0,-100.0,-85.0,-64.0,-65.0,-71.0,-62.0,-85.0,-57.0,-69.0,-48.0,-44.0,-77.0,-77.0,-60.0,-65.0,-80.0,-85.0,-88.0,-64.0,-65.0,-71.0,-62.0,-85.0,-58.0,-69.0,-48.0,-44.0,-77.0,-77.0,-61.0,-65.0,-70.0,-70.0,-76.0,-76.0
B0777,RP14,B,CTK45-dot-B,,34,,13.0,22.0,train,-83.0,-81.0,-100.0,-78.0,-68.0,-100.0,-70.0,-75.0,-57.0,-57.0,-44.0,-52.0,-72.0,-69.0,-66.0,-66.0,-83.0,-81.0,-100.0,-78.0,-68.0,-100.0,-70.0,-75.0,-58.0,-57.0,-45.0,-53.0,-72.0,-69.0,-66.0,-66.0,-77.0,-77.0,-68.0,-68.0
B0799,RP14,B,CTK45-dot-B,,36,,13.0,22.0,train,-74.0,-82.0,-100.0,-66.0,-63.0,-72.0,-100.0,-67.0,-54.0,-54.0,-42.0,-44.0,-67.0,-71.0,-57.0,-56.0,-100.0,-82.0,-100.0,-68.0,-63.0,-70.0,-100.0,-67.0,-54.0,-53.0,-39.0,-46.0,-68.0,-71.0,-56.0,-56.0,-61.0,-62.0,-100.0,-100.0
B0830,RP14,B,CTK45-dot-B,,36,,13.0,22.0,train,-100.0,-84.0,-100.0,-57.0,-59.0,-72.0,-100.0,-68.0,-55.0,-61.0,-40.0,-53.0,-100.0,-63.0,-56.0,-58.0,-100.0,-85.0,-100.0,-57.0,-68.0,-71.0,-100.0,-77.0,-53.0,-61.0,-41.0,-53.0,-100.0,-63.0,-55.0,-55.0,-58.0,-59.0,-66.0,-66.0
2025:01:24:10:12:49,RP14,A,SM-S908E,2212343.0,39,-93.09885788846442,13.0,22.0,train,-100.0,-82.0,-87.0,-65.0,-70.0,-68.0,-68.0,-78.0,-68.0,-72.0,-51.0,-43.0,-78.0,-80.0,-63.0,-67.0,-100.0,-81.0,-88.0,-65.0,-70.0,-69.0,-68.0,-77.0,-68.0,-72.0,-51.0,-42.0,-78.0,-80.0,-63.0,-67.0,-74.0,-74.0,-76.0,-76.0
2025:01:24:10:12:11,RP14,A,SM-S908E,2212343.0,39,-164.80903512693465,13.0,22.0,train,-81.0,-82.0,-83.0,-67.0,-72.0,-67.0,-68.0,-76.0,-60.0,-68.0,-47.0,-42.0,-73.0,-68.0,-63.0,-70.0,-80.0,-82.0,-83.0,-67.0,-72.0,-67.0,-68.0,-75.0,-60.0,-68.0,-47.0,-42.0,-73.0,-68.0,-63.0,-70.0,-69.0,-69.0,-79.0,-79.0
B0813,RP14,B,CTK45-dot-B,,25,,13.0,22.0,train,-78.0,-79.0,-100.0,-63.0,-100.0,-64.0,-100.0,-100.0,-50.0,-100.0,-49.0,-100.0,-60.0,-100.0,-64.0,-67.0,-78.0,-79.0,-100.0,-100.0,-100.0,-65.0,-100.0,-100.0,-48.0,-100.0,-51.0,-100.0,-60.0,-100.0,-64.0,-67.0,-75.0,-74.0,-100.0,-100.0
B0801,RP14,B,CTK45-dot-B,,40,,13.0,22.0,train,-76.0,-84.0,-100.0,-59.0,-62.0,-63.0,-100.0,-67.0,-53.0,-54.0,-49.0,-56.0,-68.0,-65.0,-60.0,-58.0,-100.0,-84.0,-100.0,-59.0,-62.0,-64.0,-100.0,-66.0,-53.0,-54.0,-48.0,-56.0,-68.0,-64.0,-60.0,-59.0,-67.0,-66.0,-100.0,-100.0
B0810,RP14,B,CTK45-dot-B,,30,,13.0,22.0,train,-80.0,-82.0,-100.0,-76.0,-69.0,-100.0,-71.0,-72.0,-100.0,-56.0,-45.0,-52.0,-72.0,-68.0,-67.0,-66.0,-80.0,-83.0,-100.0,-100.0,-70.0,-100.0,-70.0,-73.0,-100.0,-56.0,-45.0,-51.0,-72.0,-68.0,-68.0,-64.0,-100.0,-76.0,-68.0,-68.0
B0831,RP14,B,CTK45-dot-B,,40,,13.0,22.0,train,-81.0,-83.0,-100.0,-64.0,-64.0,-76.0,-76.0,-66.0,-49.0,-67.0,-52.0,-60.0,-72.0,-76.0,-100.0,-66.0,-75.0,-83.0,-84.0,-74.0,-64.0,-72.0,-76.0,-65.0,-49.0,-68.0,-47.0,-60.0,-56.0,-76.0,-100.0,-66.0,-62.0,-62.0,-55.0,-55.0
B0786,RP14,B,CTK45-dot-B,,31,,13.0,22.0,train,-82.0,-82.0,-100.0,-100.0,-70.0,-73.0,-70.0,-74.0,-63.0,-59.0,-46.0,-52.0,-74.0,-68.0,-66.0,-67.0,-82.0,-82.0,-100.0,-100.0,-70.0,-73.0,-70.0,-75.0,-64.0,-58.0,-47.0,-53.0,-74.0,-68.0,-66.0,-66.0,-100.0,-100.0,-70.0,-70.0
B0795,RP14,B,CTK45-dot-B,,43,,13.0,22.0,train,-75.0,-85.0,-90.0,-71.0,-60.0,-67.0,-73.0,-74.0,-63.0,-60.0,-45.0,-39.0,-65.0,-68.0,-59.0,-62.0,-74.0,-85.0,-89.0,-71.0,-60.0,-67.0,-73.0,-71.0,-63.0,-60.0,-45.0,-38.0,-65.0,-68.0,-59.0,-62.0,-74.0,-74.0,-100.0,-100.0
2025:01:24:10:19:01,RP14,A,SM-S908E,2212343.0,37,-40.11425919779832,13.0,22.0,train,-81.0,-100.0,-89.0,-67.0,-71.0,-67.0,-66.0,-78.0,-57.0,-75.0,-60.0,-53.0,-78.0,-80.0,-67.0,-66.0,-81.0,-100.0,-89.0,-67.0,-70.0,-66.0,-66.0,-78.0,-57.0,-75.0,-60.0,-53.0,-78.0,-80.0,-67.0,-66.0,-75.0,-75.0,-79.0,-79.0
B0793,RP14,B,CTK45-dot-B,,39,,13.0,22.0,train,-74.0,-86.0,-79.0,-65.0,-65.0,-67.0,-100.0,-63.0,-42.0,-49.0,-41.0,-39.0,-71.0,-58.0,-65.0,-72.0,-74.0,-86.0,-79.0,-65.0,-66.0,-67.0,-100.0,-62.0,-41.0,-49.0,-41.0,-39.0,-71.0,-57.0,-66.0,-72.0,-100.0,-100.0,-100.0,-100.0
2025:01:24:10:16:18,RP14,A,SM-S908E,2212343.0,41,-40.444801414598274,13.0,22.0,train,-79.0,-100.0,-100.0,-66.0,-66.0,-67.0,-61.0,-80.0,-67.0,-70.0,-51.0,-46.0,-73.0,-83.0,-69.0,-71.0,-79.0,-100.0,-88.0,-66.0,-66.0,-68.0,-61.0,-81.0,-67.0,-70.0,-51.0,-46.0,-74.0,-83.0,-69.0,-71.0,-79.0,-78.0,-80.0,-79.0
B0789,RP14,B,CTK45-dot-B,,42,,13.0,22.0,train,-73.0,-83.0,-85.0,-55.0,-59.0,-70.0,-71.0,-69.0,-62.0,-54.0,-41.0,-44.0,-66.0,-61.0,-48.0,-59.0,-73.0,-83.0,-86.0,-55.0,-68.0,-70.0,-71.0,-70.0,-62.0,-54.0,-42.0,-44.0,-66.0,-61.0,-49.0,-59.0,-49.0,-49.0,-100.0,-100.0
B0782,RP14,B,CTK45-dot-B,,34,,13.0,22.0,train,-81.0,-82.0,-100.0,-78.0,-69.0,-71.0,-70.0,-73.0,-63.0,-58.0,-47.0,-53.0,-77.0,-69.0,-70.0,-69.0,-81.0,-81.0,-100.0,-79.0,-69.0,-71.0,-70.0,-73.0,-61.0,-59.0,-46.0,-53.0,-77.0,-69.0,-100.0,-67.0,-77.0,-100.0,-69.0,-69.0
B0800,RP14,B,CTK45-dot-B,,34,,13.0,22.0,train,-100.0,-82.0,-100.0,-66.0,-63.0,-72.0,-100.0,-67.0,-54.0,-54.0,-42.0,-44.0,-67.0,-71.0,-57.0,-56.0,-100.0,-82.0,-100.0,-68.0,-63.0,-70.0,-100.0,-67.0,-54.0,-53.0,-39.0,-46.0,-68.0,-71.0,-56.0,-56.0,-61.0,-62.0,-100.0,-100.0
B0775,RP14,B,CTK45-dot-B,,25,,13.0,22.0,train,-100.0,-100.0,-100.0,-76.0,-68.0,-70.0,-70.0,-100.0,-58.0,-57.0,-47.0,-51.0,-100.0,-68.0,-66.0,-67.0,-100.0,-100.0,-100.0,-100.0,-69.0,-71.0,-70.0,-100.0,-58.0,-57.0,-46.0,-51.0,-100.0,-69.0,-66.0,-66.0,-100.0,-100.0,-69.0,-69.0
B0807,RP14,B,CTK45-dot-B,,34,,13.0,22.0,train,-82.0,-81.0,-100.0,-75.0,-70.0,-71.0,-70.0,-72.0,-59.0,-57.0,-45.0,-54.0,-73.0,-68.0,-67.0,-66.0,-83.0,-82.0,-100.0,-100.0,-70.0,-72.0,-70.0,-72.0,-60.0,-58.0,-46.0,-54.0,-73.0,-68.0,-67.0,-66.0,-76.0,-76.0,-70.0,-69.0
B0828,RP14,B,CTK45-dot-B,,33,,13.0,22.0,train,-82.0,-81.0,-100.0,-59.0,-65.0,-68.0,-77.0,-77.0,-48.0,-100.0,-49.0,-58.0,-62.0,-100.0,-76.0,-66.0,-90.0,-81.0,-100.0,-59.0,-67.0,-100.0,-77.0,-78.0,-100.0,-100.0,-60.0,-58.0,-62.0,-100.0,-100.0,-54.0,-69.0,-68.0,-55.0,-55.0
B0784,RP14,B,CTK45-dot-B,,31,,13.0,22.0,train,-80.0,-82.0,-100.0,-100.0,-100.0,-71.0,-70.0,-73.0,-60.0,-57.0,-46.0,-51.0,-72.0,-68.0,-66.0,-65.0,-80.0,-82.0,-100.0,-100.0,-69.0,-71.0,-69.0,-73.0,-60.0,-56.0,-45.0,-52.0,-72.0,-69.0,-66.0,-64.0,-100.0,-100.0,-69.0,-69.0
2025:01:24:10:16:53,RP14,A,SM-S908E,2212343.0,38,-39.737238071699565,13.0,22.0,train,-100.0,-82.0,-100.0,-66.0,-68.0,-66.0,-69.0,-80.0,-60.0,-65.0,-57.0,-48.0,-77.0,-81.0,-64.0,-69.0,-81.0,-88.0,-100.0,-66.0,-68.0,-66.0,-69.0,-80.0,-60.0,-66.0,-57.0,-48.0,-78.0,-81.0,-65.0,-69.0,-72.0,-72.0,-76.0,-76.0
B0808,RP14,B,CTK45-dot-B,,27,,13.0,22.0,train,-100.0,-82.0,-100.0,-76.0,-69.0,-72.0,-70.0,-72.0,-60.0,-100.0,-49.0,-56.0,-73.0,-100.0,-66.0,-66.0,-100.0,-81.0,-100.0,-78.0,-69.0,-70.0,-70.0,-72.0,-60.0,-100.0,-47.0,-56.0,-100.0,-100.0,-66.0,-68.0,-100.0,-100.0,-69.0,-68.0
2025:01:24:10:13:33,RP14,A,SM-S908E,2212343.0,40,-92.32957037525408,13.0,22.0,train,-80.0,-100.0,-86.0,-64.0,-69.0,-71.0,-61.0,-81.0,-70.0,-70.0,-50.0,-44.0,-74.0,-80.0,-62.0,-65.0,-80.0,-87.0,-85.0,-65.0,-69.0,-71.0,-61.0,-81.0,-70.0,-70.0,-50.0,-44.0,-74.0,-80.0,-62.0,-65.0,-72.0,-63.0,-75.0,-75.0
B0819,RP14,B,CTK45-dot-B,,35,,13.0,22.0,train,-68.0,-85.0,-80.0,-62.0,-72.0,-69.0,-100.0,-65.0,-59.0,-72.0,-100.0,-45.0,-71.0,-80.0,-50.0,-61.0,-70.0,-85.0,-100.0,-61.0,-70.0,-69.0,-100.0,-69.0,-61.0,-72.0,-100.0,-45.0,-70.0,-80.0,-49.0,-60.0,-64.0,-65.0,-63.0,-62.0
B0798,RP14,B,CTK45-dot-B,,30,,13.0,22.0,train,-100.0,-83.0,-81.0,-68.0,-60.0,-100.0,-100.0,-100.0,-100.0,-66.0,-43.0,-38.0,-63.0,-67.0,-58.0,-62.0,-100.0,-83.0,-100.0,-69.0,-68.0,-100.0,-100.0,-100.0,-100.0,-66.0,-43.0,-38.0,-63.0,-66.0,-59.0,-62.0,-69.0,-69.0,-100.0,-100.0
2025:01:24:10:17:32,RP14,A,SM-S908E,2212343.0,32,-39.87664214100167,13.0,22.0,train,-85.0,-100.0,-100.0,-70.0,-76.0,-100.0,-74.0,-83.0,-69.0,-71.0,-55.0,-43.0,-81.0,-82.0,-68.0,-73.0,-85.0,-100.0,-100.0,-70.0,-76.0,-100.0,-75.0,-83.0,-70.0,-71.0,-55.0,-44.0,-100.0,-82.0,-68.0,-73.0,-74.0,-75.0,-80.0,-79.0
B0776,RP14,B,CTK45-dot-B,,31,,13.0,22.0,train,-83.0,-82.0,-100.0,-100.0,-68.0,-72.0,-70.0,-73.0,-58.0,-59.0,-45.0,-53.0,-72.0,-69.0,-64.0,-65.0,-84.0,-81.0,-100.0,-100.0,-68.0,-72.0,-70.0,-74.0,-59.0,-57.0,-46.0,-53.0,-72.0,-100.0,-65.0,-66.0,-100.0,-100.0,-68.0,-68.0
B0785,RP14,B,CTK45-dot-B,,30,,13.0,22.0,train,-100.0,-83.0,-100.0,-77.0,-68.0,-71.0,-70.0,-74.0,-60.0,-58.0,-47.0,-52.0,-73.0,-100.0,-68.0,-67.0,-100.0,-82.0,-100.0,-77.0,-69.0,-72.0,-70.0,-74.0,-61.0,-57.0,-46.0,-52.0,-72.0,-100.0,-68.0,-68.0,-100.0,-78.0,-68.0,-69.0
2025:01:24:10:06:32,RP14,A,SM-S908E,2212343.0,42,20.08493982435922,13.0,22.0,train,-75.0,-84.0,-82.0,-66.0,-66.0,-69.0,-62.0,-75.0,-56.0,-67.0,-47.0,-43.0,-71.0,-69.0,-64.0,-69.0,-74.0,-84.0,-83.0,-67.0,-66.0,-69.0,-62.0,-75.0,-56.0,-67.0,-47.0,-43.0,-71.0,-69.0,-64.0,-69.0,-70.0,-70.0,-75.0,-75.0
2025:01:24:10:05:24,RP14,A,SM-S908E,2212343.0,35,23.996201262394283,13.0,22.0,train,-83.0,-83.0,-84.0,-70.0,-65.0,-73.0,-64.0,-80.0,-66.0,-65.0,-48.0,-45.0,-73.0,-76.0,-63.0,-68.0,-100.0,-83.0,-83.0,-70.0,-65.0,-73.0,-64.0,-81.0,-66.0,-65.0,-48.0,-45.0,-73.0,-76.0,-55.0,-68.0,-100.0,-100.0,-75.0,-74.0
B0783,RP14,B,CTK45-dot-B,,30,,13.0,22.0,validation,-100.0,-82.0,-100.0,-100.0,-69.0,-72.0,-70.0,-75.0,-60.0,-57.0,-45.0,-52.0,-71.0,-68.0,-100.0,-67.0,-100.0,-81.0,-100.0,-100.0,-69.0,-72.0,-70.0,-75.0,-60.0,-57.0,-46.0,-51.0,-72.0,-68.0,-100.0,-66.0,-76.0,-77.0,-69.0,-69.0
B0791,RP14,B,CTK45-dot-B,,30,,13.0,22.0,validation,-70.0,-80.0,-100.0,-59.0,-67.0,-62.0,-67.0,-68.0,-43.0,-48.0,-43.0,-41.0,-50.0,-100.0,-63.0,-70.0,-100.0,-80.0,-100.0,-59.0,-68.0,-62.0,-67.0,-65.0,-43.0,-48.0,-43.0,-41.0,-51.0,-100.0,-63.0,-70.0,-100.0,-100.0,-100.0,-100.0
B0809,RP14,B,CTK45-dot-B,,32,,13.0,22.0,validation,-100.0,-82.0,-100.0,-78.0,-69.0,-72.0,-70.0,-74.0,-59.0,-57.0,-47.0,-51.0,-100.0,-69.0,-66.0,-68.0,-100.0,-81.0,-100.0,-78.0,-69.0,-71.0,-70.0,-74.0,-59.0,-57.0,-47.0,-51.0,-100.0,-69.0,-66.0,-66.0,-100.0,-77.0,-69.0,-68.0
B0826,RP14,B,CTK45-dot-B,,36,,13.0,22.0,validation,-85.0,-81.0,-93.0,-100.0,-68.0,-71.0,-73.0,-70.0,-60.0,-57.0,-45.0,-51.0,-72.0,-65.0,-65.0,-67.0,-86.0,-81.0,-92.0,-100.0,-68.0,-70.0,-73.0,-70.0,-60.0,-57.0,-46.0,-52.0,-72.0,-69.0,-65.0,-67.0,-78.0,-75.0,-67.0,-67.0
B0832,RP14,B,CTK45-dot-B,,23,,13.0,22.0,validation,-100.0,-78.0,-82.0,-66.0,-100.0,-67.0,-100.0,-61.0,-48.0,-100.0,-38.0,-100.0,-59.0,-100.0,-100.0,-55.0,-69.0,-78.0,-82.0,-65.0,-100.0,-67.0,-100.0,-64.0,-48.0,-100.0,-40.0,-100.0,-100.0,-100.0,-100.0,-55.0,-68.0,-70.0,-100.0,-100.0
B0792,RP14,B,CTK45-dot-B,,30,,13.0,22.0,validation,-70.0,-81.0,-84.0,-100.0,-66.0,-62.0,-100.0,-64.0,-42.0,-50.0,-43.0,-41.0,-50.0,-55.0,-61.0,-70.0,-70.0,-81.0,-100.0,-100.0,-67.0,-62.0,-100.0,-64.0,-42.0,-50.0,-43.0,-40.0,-100.0,-55.0,-61.0,-70.0,-100.0,-100.0,-100.0,-100.0
2025:01:24:10:08:22,RP14,A,SM-S908E,2212343.0,40,-165.61972457042114,13.0,22.0,validation,-77.0,-81.0,-83.0,-66.0,-75.0,-70.0,-63.0,-76.0,-56.0,-64.0,-46.0,-41.0,-71.0,-68.0,-60.0,-73.0,-77.0,-81.0,-83.0,-66.0,-75.0,-71.0,-63.0,-77.0,-56.0,-65.0,-46.0,-41.0,-71.0,-68.0,-60.0,-73.0,-72.0,-72.0,-79.0,-79.0
B0796,RP14,B,CTK45-dot-B,,35,,13.0,22.0,validation,-75.0,-85.0,-100.0,-71.0,-60.0,-67.0,-100.0,-74.0,-63.0,-60.0,-45.0,-39.0,-65.0,-100.0,-59.0,-62.0,-100.0,-85.0,-100.0,-71.0,-60.0,-67.0,-100.0,-71.0,-63.0,-60.0,-45.0,-38.0,-65.0,-68.0,-59.0,-62.0,-74.0,-74.0,-100.0,-100.0
B0818,RP14,B,CTK45-dot-B,,35,,13.0,22.0,validation,-76.0,-100.0,-84.0,-65.0,-75.0,-68.0,-80.0,-65.0,-54.0,-63.0,-41.0,-49.0,-66.0,-72.0,-59.0,-58.0,-75.0,-90.0,-93.0,-65.0,-76.0,-68.0,-81.0,-66.0,-52.0,-63.0,-42.0,-49.0,-100.0,-72.0,-60.0,-68.0,-70.0,-72.0,-100.0,-100.0
B0805,RP14,B,CTK45-dot-B,,32,,13.0,22.0,validation,-81.0,-82.0,-100.0,-100.0,-69.0,-71.0,-70.0,-74.0,-59.0,-57.0,-46.0,-52.0,-73.0,-69.0,-68.0,-68.0,-100.0,-82.0,-100.0,-100.0,-69.0,-72.0,-70.0,-74.0,-60.0,-57.0,-46.0,-52.0,-72.0,-70.0,-68.0,-68.0,-77.0,-100.0,-68.0,-68.0
B0829,RP14,B,CTK45-dot-B,,25,,13.0,22.0,validation,-84.0,-81.0,-85.0,-100.0,-100.0,-71.0,-100.0,-62.0,-62.0,-100.0,-43.0,-100.0,-62.0,-100.0,-52.0,-58.0,-76.0,-82.0,-85.0,-100.0,-100.0,-70.0,-100.0,-63.0,-61.0,-100.0,-43.0,-100.0,-63.0,-100.0,-54.0,-58.0,-63.0,-63.0,-100.0,-100.0
B0790,RP14,B,CTK45-dot-B,,34,,13.0,22.0,test,-72.0,-81.0,-85.0,-59.0,-68.0,-61.0,-100.0,-78.0,-43.0,-50.0,-45.0,-39.0,-50.0,-56.0,-62.0,-72.0,-72.0,-82.0,-100.0,-59.0,-68.0,-61.0,-100.0,-76.0,-44.0,-50.0,-45.0,-38.0,-50.0,-56.0,-60.0,-73.0,-100.0,-100.0,-100.0,-100.0
2025:01:24:10:07:07,RP14,A,SM-S908E,2212343.0,31,20.251070082972994,13.0,22.0,test,-73.0,-100.0,-100.0,-63.0,-68.0,-75.0,-60.0,-72.0,-53.0,-66.0,-48.0,-43.0,-71.0,-72.0,-65.0,-68.0,-100.0,-100.0,-100.0,-63.0,-68.0,-75.0,-60.0,-100.0,-53.0,-67.0,-48.0,-42.0,-72.0,-72.0,-65.0,-68.0,-100.0,-100.0,-76.0,-76.0
B0787,RP14,B,CTK45-dot-B,,34,,13.0,22.0,test,-73.0,-81.0,-100.0,-53.0,-66.0,-65.0,-74.0,-69.0,-52.0,-61.0,-48.0,-44.0,-63.0,-61.0,-67.0,-74.0,-73.0,-81.0,-78.0,-53.0,-66.0,-66.0,-74.0,-69.0,-54.0,-61.0,-48.0,-45.0,-64.0,-61.0,-66.0,-73.0,-100.0,-100.0,-100.0,-100.0
2025:01:24:10:09:12,RP14,A,SM-S908E,2212343.0,36,-165.18768574500274,13.0,22.0,test,-76.0,-81.0,-82.0,-69.0,-74.0,-69.0,-66.0,-72.0,-57.0,-66.0,-45.0,-40.0,-70.0,-100.0,-61.0,-72.0,-76.0,-81.0,-82.0,-69.0,-73.0,-69.0,-66.0,-76.0,-57.0,-65.0,-45.0,-40.0,-69.0,-100.0,-61.0,-72.0,-71.0,-71.0,-78.0,-78.0
B0781,RP14,B,CTK45-dot-B,,32,,13.0,22.0,test,-74.0,-83.0,-88.0,-100.0,-62.0,-63.0,-71.0,-65.0,-53.0,-54.0,-48.0,-54.0,-75.0,-64.0,-56.0,-58.0,-100.0,-82.0,-88.0,-100.0,-62.0,-63.0,-71.0,-65.0,-53.0,-54.0,-48.0,-54.0,-69.0,-100.0,-56.0,-57.0,-100.0,-100.0,-100.0,-100.0
B0815,RP14,B,CTK45-dot-B,,18,,13.0,22.0,test,-100.0,-81.0,-100.0,-55.0,-100.0,-100.0,-100.0,-100.0,-44.0,-100.0,-47.0,-100.0,-71.0,-100.0,-73.0,-70.0,-100.0,-81.0,-100.0,-54.0,-100.0,-100.0,-100.0,-100.0,-44.0,-100.0,-45.0,-100.0,-61.0,-100.0,-100.0,-70.0,-69.0,-69.0,-100.0,-100.0
B0822,RP14,B,CTK45-dot-B,,23,,13.0,22.0,test,-100.0,-85.0,-78.0,-55.0,-100.0,-73.0,-100.0,-79.0,-46.0,-100.0,-44.0,-100.0,-100.0,-100.0,-58.0,-56.0,-100.0,-85.0,-78.0,-55.0,-100.0,-72.0,-100.0,-80.0,-47.0,-100.0,-44.0,-100.0,-100.0,-100.0,-58.0,-56.0,-67.0,-67.0,-100.0,-100.0
2025:01:24:10:15:29,RP14,A,SM-S908E,2212343.0,36,-91.68088474834082,13.0,22.0,test,-80.0,-85.0,-100.0,-64.0,-65.0,-69.0,-61.0,-81.0,-55.0,-70.0,-47.0,-43.0,-78.0,-77.0,-62.0,-63.0,-80.0,-85.0,-100.0,-64.0,-65.0,-69.0,-61.0,-81.0,-55.0,-70.0,-47.0,-43.0,-78.0,-77.0,-62.0,-63.0,-70.0,-70.0,-75.0,-75.0
B0821,RP14,B,CTK45-dot-B,,22,,13.0,22.0,test,-100.0,-85.0,-100.0,-65.0,-100.0,-71.0,-100.0,-70.0,-60.0,-100.0,-41.0,-100.0,-63.0,-100.0,-51.0,-59.0,-100.0,-85.0,-100.0,-64.0,-100.0,-100.0,-100.0,-70.0,-100.0,-100.0,-41.0,-100.0,-100.0,-100.0,-51.0,-59.0,-61.0,-60.0,-100.0,-100.0
B0820,RP14,B,CTK45-dot-B,,26,,13.0,22.0,test,-72.0,-82.0,-100.0,-53.0,-100.0,-66.0,-100.0,-65.0,-50.0,-100.0,-44.0,-100.0,-69.0,-100.0,-68.0,-59.0,-72.0,-82.0,-100.0,-53.0,-100.0,-67.0,-100.0,-67.0,-49.0,-100.0,-42.0,-100.0,-67.0,-100.0,-59.0,-59.0,-55.0,-58.0,-100.0,-100.0
B0824,RP14,B,CTK45-dot-B,,19,,13.0,22.0,test,-100.0,-84.0,-76.0,-61.0,-100.0,-70.0,-100.0,-79.0,-49.0,-100.0,-45.0,-100.0,-53.0,-100.0,-58.0,-51.0,-100.0,-84.0,-100.0,-100.0,-100.0,-70.0,-100.0,-80.0,-100.0,-100.0,-45.0,-100.0,-53.0,-100.0,-58.0,-51.0,-70.0,-71.0,-100.0,-100.0
B0811,RP14,B,CTK45-dot-B,,22,,13.0,22.0,test,-70.0,-81.0,-100.0,-72.0,-100.0,-72.0,-100.0,-67.0,-49.0,-100.0,-43.0,-100.0,-56.0,-100.0,-51.0,-57.0,-100.0,-82.0,-100.0,-65.0,-100.0,-82.0,-100.0,-69.0,-49.0,-100.0,-44.0,-100.0,-58.0,-100.0,-51.0,-100.0,-66.0,-100.0,-100.0,-100.0
B0862,RP15,B,CTK45-dot-B,,39,,26.0,22.0,train,-70.0,-76.0,-84.0,-70.0,-66.0,-71.0,-100.0,-61.0,-43.0,-47.0,-57.0,-51.0,-73.0,-63.0,-67.0,-74.0,-71.0,-77.0,-100.0,-68.0,-66.0,-72.0,-100.0,-62.0,-44.0,-47.0,-57.0,-51.0,-73.0,-64.0,-68.0,-73.0,-73.0,-73.0,-100.0,-100.0
B0877,RP15,B,CTK45-dot-B,,33,,26.0,22.0,train,-75.0,-78.0,-100.0,-59.0,-77.0,-61.0,-65.0,-69.0,-53.0,-57.0,-49.0,-53.0,-64.0,-64.0,-100.0,-57.0,-74.0,-77.0,-100.0,-59.0,-77.0,-62.0,-65.0,-69.0,-53.0,-57.0,-49.0,-53.0,-64.0,-100.0,-100.0,-57.0,-100.0,-100.0,-100.0,-100.0
B0886,RP15,B,CTK45-dot-B,,24,,26.0,22.0,train,-100.0,-100.0,-100.0,-100.0,-78.0,-100.0,-72.0,-74.0,-62.0,-54.0,-50.0,-43.0,-100.0,-65.0,-100.0,-72.0,-100.0,-100.0,-100.0,-100.0,-78.0,-100.0,-72.0,-74.0,-63.0,-53.0,-50.0,-43.0,-100.0,-65.0,-100.0,-72.0,-83.0,-84.0,-75.0,-75.0
2025:01:24:09:57:53,RP15,A,SM-S908E,2212343.0,36,-93.42217797225675,26.0,22.0,train,-75.0,-81.0,-100.0,-72.0,-75.0,-74.0,-78.0,-79.0,-67.0,-70.0,-46.0,-49.0,-73.0,-76.0,-67.0,-66.0,-83.0,-81.0,-100.0,-73.0,-75.0,-73.0,-78.0,-78.0,-66.0,-70.0,-45.0,-49.0,-74.0,-76.0,-68.0,-66.0,-75.0,-75.0,-76.0,-76.0
B0887,RP15,B,CTK45-dot-B,,30,,26.0,22.0,train,-78.0,-83.0,-100.0,-83.0,-78.0,-100.0,-71.0,-71.0,-59.0,-53.0,-100.0,-42.0,-69.0,-63.0,-67.0,-72.0,-80.0,-83.0,-100.0,-100.0,-78.0,-100.0,-71.0,-71.0,-59.0,-53.0,-100.0,-42.0,-69.0,-64.0,-67.0,-72.0,-82.0,-100.0,-77.0,-77.0
2025:01:24:09:53:45,RP15,A,SM-S908E,2212343.0,31,-163.72675795897817,26.0,22.0,train,-77.0,-100.0,-100.0,-100.0,-76.0,-75.0,-74.0,-79.0,-65.0,-65.0,-49.0,-50.0,-69.0,-76.0,-71.0,-70.0,-79.0,-100.0,-100.0,-100.0,-77.0,-75.0,-74.0,-79.0,-65.0,-65.0,-50.0,-50.0,-69.0,-76.0,-71.0,-70.0,-77.0,-77.0,-76.0,-76.0
B0856,RP15,B,CTK45-dot-B,,40,,26.0,22.0,train,-76.0,-81.0,-100.0,-59.0,-67.0,-61.0,-75.0,-77.0,-45.0,-59.0,-44.0,-46.0,-67.0,-64.0,-100.0,-62.0,-76.0,-81.0,-84.0,-59.0,-67.0,-61.0,-75.0,-77.0,-45.0,-56.0,-44.0,-46.0,-67.0,-64.0,-100.0,-62.0,-59.0,-59.0,-68.0,-67.0
B0864,RP15,B,CTK45-dot-B,,47,,26.0,22.0,train,-67.0,-76.0,-76.0,-70.0,-67.0,-71.0,-68.0,-63.0,-43.0,-48.0,-57.0,-51.0,-69.0,-63.0,-71.0,-73.0,-71.0,-76.0,-79.0,-71.0,-67.0,-71.0,-68.0,-64.0,-43.0,-48.0,-57.0,-51.0,-67.0,-63.0,-70.0,-73.0,-73.0,-74.0,-100.0,-100.0
B0890,RP15,B,CTK45-dot-B,,29,,26.0,22.0,train,-100.0,-84.0,-91.0,-100.0,-78.0,-75.0,-71.0,-74.0,-59.0,-53.0,-52.0,-44.0,-100.0,-64.0,-65.0,-70.0,-100.0,-83.0,-100.0,-100.0,-77.0,-77.0,-71.0,-75.0,-59.0,-53.0,-53.0,-42.0,-100.0,-64.0,-66.0,-73.0,-100.0,-100.0,-76.0,-76.0
B0845,RP15,B,CTK45-dot-B,,40,,26.0,22.0,train,-81.0,-84.0,-84.0,-67.0,-74.0,-65.0,-73.0,-66.0,-46.0,-54.0,-34.0,-48.0,-62.0,-65.0,-57.0,-58.0,-100.0,-84.0,-100.0,-67.0,-73.0,-65.0,-73.0,-65.0,-46.0,-54.0,-43.0,-48.0,-61.0,-65.0,-57.0,-64.0,-100.0,-100.0,-76.0,-76.0
2025:01:24:09:56:35,RP15,A,SM-S908E,2212343.0,33,-163.30991970386458,26.0,22.0,train,-76.0,-100.0,-100.0,-75.0,-75.0,-73.0,-72.0,-84.0,-66.0,-75.0,-43.0,-44.0,-75.0,-74.0,-73.0,-75.0,-76.0,-100.0,-100.0,-75.0,-75.0,-71.0,-71.0,-82.0,-66.0,-75.0,-43.0,-44.0,-75.0,-74.0,-74.0,-75.0,-73.0,-73.0,-76.0,-76.0
B0882,RP15,B,CTK45-dot-B,,38,,26.0,22.0,train,-67.0,-78.0,-100.0,-69.0,-68.0,-75.0,-100.0,-63.0,-46.0,-49.0,-54.0,-49.0,-66.0,-61.0,-68.0,-72.0,-66.0,-78.0,-100.0,-69.0,-68.0,-75.0,-100.0,-63.0,-46.0,-49.0,-53.0,-48.0,-66.0,-63.0,-68.0,-72.0,-73.0,-73.0,-100.0,-100.0
B0872,RP15,B,CTK45-dot-B,,32,,26.0,22.0,train,-100.0,-84.0,-100.0,-77.0,-74.0,-79.0,-72.0,-72.0,-60.0,-53.0,-51.0,-46.0,-69.0,-68.0,-63.0,-69.0,-100.0,-84.0,-100.0,-100.0,-73.0,-79.0,-71.0,-73.0,-59.0,-53.0,-50.0,-47.0,-69.0,-68.0,-63.0,-73.0,-100.0,-100.0,-75.0,-75.0
B0851,RP15,B,CTK45-dot-B,,18,,26.0,22.0,train,-100.0,-100.0,-100.0,-64.0,-100.0,-71.0,-100.0,-83.0,-61.0,-100.0,-47.0,-100.0,-70.0,-100.0,-100.0,-73.0,-100.0,-100.0,-100.0,-74.0,-100.0,-75.0,-100.0,-81.0,-52.0,-100.0,-46.0,-100.0,-59.0,-100.0,-100.0,-73.0,-77.0,-78.0,-100.0,-100.0
B0868,RP15,B,CTK45-dot-B,,34,,26.0,22.0,train,-78.0,-83.0,-100.0,-100.0,-77.0,-75.0,-71.0,-69.0,-57.0,-54.0,-52.0,-44.0,-71.0,-65.0,-66.0,-71.0,-78.0,-83.0,-100.0,-100.0,-78.0,-75.0,-71.0,-70.0,-58.0,-54.0,-52.0,-43.0,-71.0,-65.0,-66.0,-70.0,-81.0,-81.0,-76.0,-76.0
B0857,RP15,B,CTK45-dot-B,,25,,26.0,22.0,train,-68.0,-100.0,-100.0,-59.0,-100.0,-60.0,-100.0,-75.0,-47.0,-100.0,-43.0,-100.0,-60.0,-100.0,-60.0,-60.0,-69.0,-100.0,-81.0,-59.0,-100.0,-60.0,-100.0,-75.0,-49.0,-100.0,-43.0,-100.0,-61.0,-100.0,-61.0,-62.0,-60.0,-59.0,-100.0,-100.0
B0860,RP15,B,CTK45-dot-B,,38,,26.0,22.0,train,-76.0,-82.0,-100.0,-69.0,-68.0,-64.0,-64.0,-67.0,-55.0,-58.0,-36.0,-41.0,-67.0,-67.0,-63.0,-69.0,-78.0,-83.0,-88.0,-100.0,-68.0,-65.0,-64.0,-68.0,-55.0,-52.0,-36.0,-41.0,-66.0,-67.0,-64.0,-56.0,-100.0,-100.0,-100.0,-65.0
B0844,RP15,B,CTK45-dot-B,,23,,26.0,22.0,train,-74.0,-100.0,-86.0,-100.0,-100.0,-71.0,-100.0,-67.0,-57.0,-100.0,-43.0,-100.0,-62.0,-100.0,-64.0,-69.0,-74.0,-100.0,-87.0,-100.0,-100.0,-71.0,-100.0,-67.0,-56.0,-100.0,-41.0,-100.0,-69.0,-100.0,-64.0,-56.0,-74.0,-75.0,-100.0,-100.0
2025:01:24:09:52:32,RP15,A,SM-S908E,2212343.0,33,19.65802725233386,26.0,22.0,train,-77.0,-100.0,-93.0,-75.0,-76.0,-75.0,-75.0,-85.0,-63.0,-68.0,-47.0,-48.0,-68.0,-77.0,-69.0,-68.0,-77.0,-100.0,-92.0,-75.0,-76.0,-75.0,-76.0,-85.0,-63.0,-68.0,-47.0,-48.0,-68.0,-77.0,-70.0,-68.0,-100.0,-100.0,-75.0,-75.0
B0838,RP15,B,CTK45-dot-B,,28,,26.0,22.0,train,-74.0,-79.0,-100.0,-64.0,-64.0,-100.0,-68.0,-68.0,-56.0,-55.0,-42.0,-39.0,-100.0,-68.0,-56.0,-59.0,-72.0,-80.0,-100.0,-64.0,-64.0,-100.0,-68.0,-69.0,-56.0,-55.0,-42.0,-39.0,-68.0,-67.0,-56.0,-60.0,-100.0,-100.0,-100.0,-100.0
2025:01:24:09:51:56,RP15,A,SM-S908E,2212343.0,38,19.775977489955082,26.0,22.0,train,-76.0,-85.0,-88.0,-76.0,-77.0,-72.0,-78.0,-87.0,-64.0,-66.0,-46.0,-47.0,-68.0,-75.0,-70.0,-69.0,-76.0,-85.0,-88.0,-75.0,-77.0,-72.0,-78.0,-81.0,-65.0,-66.0,-46.0,-47.0,-68.0,-75.0,-70.0,-69.0,-79.0,-100.0,-75.0,-75.0
B0843,RP15,B,CTK45-dot-B,,21,,26.0,22.0,train,-100.0,-88.0,-100.0,-59.0,-100.0,-63.0,-100.0,-100.0,-47.0,-100.0,-37.0,-100.0,-73.0,-100.0,-56.0,-71.0,-100.0,-89.0,-100.0,-61.0,-100.0,-64.0,-100.0,-100.0,-56.0,-100.0,-37.0,-100.0,-100.0,-100.0,-57.0,-71.0,-67.0,-100.0,-100.0,-100.0
2025:01:24:09:55:11,RP15,A,SM-S908E,2212343.0,33,-161.31524162463,26.0,22.0,train,-75.0,-100.0,-100.0,-72.0,-77.0,-72.0,-73.0,-81.0,-67.0,-68.0,-44.0,-50.0,-82.0,-74.0,-68.0,-68.0,-75.0,-100.0,-100.0,-72.0,-77.0,-72.0,-73.0,-82.0,-67.0,-68.0,-44.0,-50.0,-83.0,-100.0,-69.0,-68.0,-74.0,-74.0,-77.0,-77.0
B0834,RP15,B,CTK45-dot-B,,39,,26.0,22.0,train,-69.0,-86.0,-80.0,-74.0,-69.0,-74.0,-70.0,-73.0,-59.0,-64.0,-53.0,-43.0,-68.0,-66.0,-63.0,-68.0,-69.0,-86.0,-100.0,-75.0,-67.0,-74.0,-70.0,-75.0,-59.0,-65.0,-53.0,-44.0,-68.0,-66.0,-63.0,-68.0,-100.0,-100.0,-100.0,-100.0
B0837,RP15,B,CTK45-dot-B,,38,,26.0,22.0,train,-73.0,-80.0,-100.0,-64.0,-63.0,-66.0,-100.0,-68.0,-56.0,-55.0,-42.0,-38.0,-68.0,-67.0,-56.0,-60.0,-73.0,-80.0,-100.0,-64.0,-63.0,-66.0,-100.0,-69.0,-57.0,-56.0,-42.0,-38.0,-68.0,-68.0,-56.0,-60.0,-69.0,-69.0,-100.0,-100.0
B0855,RP15,B,CTK45-dot-B,,20,,26.0,22.0,train,-100.0,-80.0,-100.0,-63.0,-100.0,-62.0,-100.0,-78.0,-47.0,-100.0,-41.0,-100.0,-100.0,-100.0,-56.0,-100.0,-100.0,-80.0,-100.0,-65.0,-100.0,-62.0,-100.0,-77.0,-49.0,-100.0,-41.0,-100.0,-100.0,-100.0,-64.0,-100.0,-100.0,-100.0,-100.0,-100.0
B0884,RP15,B,CTK45-dot-B,,24,,26.0,22.0,train,-100.0,-78.0,-100.0,-67.0,-68.0,-75.0,-100.0,-100.0,-46.0,-49.0,-54.0,-49.0,-100.0,-63.0,-69.0,-71.0,-100.0,-77.0,-100.0,-68.0,-68.0,-75.0,-100.0,-100.0,-46.0,-49.0,-54.0,-49.0,-100.0,-62.0,-67.0,-71.0,-100.0,-100.0,-100.0,-100.0
B0849,RP15,B,CTK45-dot-B,,34,,26.0,22.0,train,-100.0,-81.0,-87.0,-60.0,-76.0,-69.0,-76.0,-60.0,-46.0,-53.0,-34.0,-100.0,-63.0,-70.0,-100.0,-58.0,-100.0,-81.0,-89.0,-59.0,-76.0,-64.0,-76.0,-67.0,-46.0,-54.0,-35.0,-100.0,-100.0,-70.0,-100.0,-57.0,-100.0,-100.0,-75.0,-75.0
2025:01:24:10:02:40,RP15,A,SM-S908E,2212343.0,35,-39.3948247423423,26.0,22.0,train,-78.0,-100.0,-100.0,-80.0,-83.0,-69.0,-75.0,-82.0,-68.0,-74.0,-42.0,-49.0,-73.0,-78.0,-70.0,-73.0,-78.0,-100.0,-100.0,-77.0,-83.0,-70.0,-75.0,-82.0,-68.0,-74.0,-43.0,-49.0,-73.0,-78.0,-70.0,-73.0,-80.0,-79.0,-81.0,-81.0
B0879,RP15,B,CTK45-dot-B,,29,,26.0,22.0,train,-73.0,-78.0,-100.0,-100.0,-65.0,-60.0,-100.0,-71.0,-55.0,-49.0,-32.0,-43.0,-58.0,-62.0,-58.0,-68.0,-74.0,-77.0,-100.0,-100.0,-66.0,-60.0,-100.0,-68.0,-55.0,-50.0,-32.0,-43.0,-58.0,-62.0,-59.0,-68.0,-100.0,-100.0,-100.0,-100.0
B0847,RP15,B,CTK45-dot-B,,19,,26.0,22.0,train,-100.0,-80.0,-88.0,-63.0,-100.0,-61.0,-100.0,-73.0,-58.0,-100.0,-46.0,-100.0,-100.0,-100.0,-66.5,-60.0,-100.0,-80.0,-100.0,-71.0,-100.0,-62.0,-100.0,-72.0,-57.0,-100.0,-46.0,-100.0,-100.0,-100.0,-100.0,-60.0,-100.0,-100.0,-100.0,-100.0
2025:01:24:09:58:40,RP15,A,SM-S908E,2212343.0,26,-93.85283596938889,26.0,22.0,train,-100.0,-82.0,-100.0,-100.0,-79.0,-100.0,-75.0,-78.0,-70.0,-69.0,-47.0,-48.0,-76.0,-76.0,-64.0,-66.0,-100.0,-82.0,-100.0,-100.0,-79.0,-100.0,-75.0,-80.0,-70.0,-69.0,-47.0,-48.0,-75.0,-76.0,-65.0,-66.0,-100.0,-100.0,-79.0,-79.0
B0888,RP15,B,CTK45-dot-B,,36,,26.0,22.0,train,-78.0,-84.0,-100.0,-84.0,-79.0,-76.0,-70.0,-72.0,-62.0,-53.0,-51.0,-42.0,-70.0,-63.0,-66.0,-72.0,-78.0,-84.0,-100.0,-84.0,-77.0,-77.0,-70.0,-72.0,-62.0,-53.0,-51.0,-42.0,-69.0,-63.0,-66.0,-73.0,-83.0,-83.0,-76.0,-76.0
B0850,RP15,B,CTK45-dot-B,,29,,26.0,22.0,train,-74.0,-85.0,-88.0,-57.0,-100.0,-100.0,-72.0,-84.0,-100.0,-57.0,-50.0,-100.0,-54.0,-68.0,-66.0,-71.0,-100.0,-85.0,-100.0,-64.0,-79.0,-100.0,-71.0,-85.0,-100.0,-57.0,-50.0,-100.0,-54.0,-68.0,-68.0,-72.0,-100.0,-100.0,-77.0,-77.0
2025:01:24:10:01:22,RP15,A,SM-S908E,2212343.0,34,-40.961248955353135,26.0,22.0,train,-74.0,-81.0,-86.0,-100.0,-79.0,-78.0,-79.0,-77.0,-66.0,-71.0,-51.0,-54.0,-79.0,-76.0,-68.0,-68.0,-75.0,-81.0,-89.0,-100.0,-79.0,-79.0,-79.0,-77.0,-66.0,-71.0,-51.0,-54.0,-100.0,-76.0,-68.0,-68.0,-100.0,-100.0,-79.0,-80.0
2025:01:24:09:51:21,RP15,A,SM-S908E,2212343.0,28,22.37224864900555,26.0,22.0,train,-75.0,-100.0,-100.0,-74.0,-76.0,-76.0,-76.0,-83.0,-67.0,-68.0,-46.0,-48.0,-70.0,-75.0,-66.0,-70.0,-75.0,-100.0,-100.0,-74.0,-76.0,-76.0,-76.0,-84.0,-67.0,-68.0,-46.0,-48.0,-70.0,-75.0,-66.0,-70.0,-100.0,-100.0,-100.0,-100.0
B0842,RP15,B,CTK45-dot-B,,22,,26.0,22.0,train,-74.0,-79.0,-100.0,-66.0,-100.0,-66.0,-100.0,-65.0,-56.0,-100.0,-35.0,-100.0,-65.0,-100.0,-67.0,-60.0,-100.0,-79.0,-100.0,-67.0,-100.0,-100.0,-100.0,-66.0,-65.0,-100.0,-36.0,-100.0,-72.0,-100.0,-68.0,-61.0,-100.0,-100.0,-100.0,-100.0
2025:01:24:09:54:35,RP15,A,SM-S908E,2212343.0,34,-161.1958773271704,26.0,22.0,train,-75.0,-86.0,-100.0,-74.0,-79.0,-72.0,-79.0,-80.0,-67.0,-72.0,-43.0,-46.0,-76.0,-76.0,-68.0,-69.0,-75.0,-85.0,-100.0,-74.0,-77.0,-72.0,-79.0,-80.0,-67.0,-72.0,-43.0,-46.0,-77.0,-76.0,-68.0,-68.0,-100.0,-100.0,-79.0,-78.0
2025:01:24:10:03:15,RP15,A,SM-S908E,2212343.0,33,-39.86879261920838,26.0,22.0,train,-100.0,-86.0,-88.0,-100.0,-81.0,-71.0,-74.0,-81.0,-67.0,-73.0,-41.0,-45.0,-75.0,-78.0,-68.0,-76.0,-78.0,-100.0,-100.0,-100.0,-81.0,-71.0,-74.0,-80.0,-67.0,-73.0,-42.0,-45.0,-75.0,-78.0,-68.0,-76.0,-100.0,-100.0,-83.0,-83.0
B0873,RP15,B,CTK45-dot-B,,31,,26.0,22.0,train,-100.0,-84.0,-100.0,-83.0,-79.0,-76.0,-70.0,-100.0,-59.0,-54.0,-54.0,-44.0,-100.0,-64.0,-66.0,-73.0,-100.0,-84.0,-100.0,-83.0,-79.0,-79.0,-70.0,-100.0,-59.0,-53.0,-53.0,-44.0,-100.0,-64.0,-66.0,-74.0,-83.0,-82.0,-76.0,-76.0
B0839,RP15,B,CTK45-dot-B,,39,,26.0,22.0,train,-73.0,-80.0,-100.0,-71.0,-74.0,-73.0,-100.0,-79.0,-61.0,-61.0,-50.0,-43.0,-68.0,-70.0,-61.0,-68.0,-71.0,-81.0,-79.0,-72.0,-73.0,-74.0,-100.0,-80.0,-61.0,-61.0,-50.0,-43.0,-68.0,-70.0,-68.0,-68.0,-63.0,-63.0,-100.0,-100.0
B0871,RP15,B,CTK45-dot-B,,29,,26.0,22.0,train,-100.0,-84.0,-100.0,-100.0,-79.0,-100.0,-71.0,-74.0,-60.0,-53.0,-55.0,-45.0,-70.0,-65.0,-67.0,-72.0,-100.0,-84.0,-100.0,-100.0,-78.0,-100.0,-70.0,-74.0,-60.0,-100.0,-55.0,-45.0,-70.0,-65.0,-67.0,-73.0,-81.0,-82.0,-76.0,-76.0
B0874,RP15,B,CTK45-dot-B,,27,,26.0,22.0,train,-100.0,-84.0,-100.0,-84.0,-77.0,-78.0,-72.0,-72.0,-61.0,-53.0,-51.0,-42.0,-100.0,-65.0,-66.0,-74.0,-100.0,-84.0,-100.0,-86.0,-77.0,-100.0,-72.0,-100.0,-100.0,-53.0,-100.0,-43.0,-100.0,-100.0,-100.0,-74.0,-85.0,-84.0,-76.0,-75.0
2025:01:24:10:01:58,RP15,A,SM-S908E,2212343.0,40,-39.251304544239986,26.0,22.0,train,-77.0,-88.0,-83.0,-100.0,-80.0,-68.0,-76.0,-81.0,-68.0,-70.0,-39.0,-46.0,-72.0,-79.0,-70.0,-72.0,-77.0,-89.0,-84.0,-100.0,-80.0,-69.0,-76.0,-81.0,-68.0,-71.0,-39.0,-46.0,-72.0,-79.0,-70.0,-72.0,-77.0,-77.0,-77.0,-77.0
B0836,RP15,B,CTK45-dot-B,,30,,26.0,22.0,train,-70.0,-86.0,-80.0,-74.0,-67.0,-74.0,-100.0,-75.0,-59.0,-63.0,-49.0,-43.0,-68.0,-67.0,-100.0,-69.0,-70.0,-85.0,-100.0,-74.0,-67.0,-74.0,-100.0,-76.0,-58.0,-63.0,-50.0,-43.0,-68.0,-67.0,-100.0,-69.0,-100.0,-100.0,-100.0,-100.0
B0840,RP15,B,CTK45-dot-B,,34,,26.0,22.0,train,-73.0,-78.0,-100.0,-63.0,-62.0,-66.0,-69.0,-70.0,-58.0,-55.0,-41.0,-37.0,-71.0,-68.0,-57.0,-61.0,-74.0,-79.0,-100.0,-63.0,-63.0,-67.0,-69.0,-70.0,-58.0,-54.0,-42.0,-37.0,-71.0,-68.0,-57.0,-61.0,-100.0,-100.0,-100.0,-100.0
2025:01:24:10:03:55,RP15,A,SM-S908E,2212343.0,31,-39.15674015198482,26.0,22.0,train,-100.0,-100.0,-100.0,-76.0,-82.0,-67.0,-74.0,-83.0,-69.0,-72.0,-39.0,-45.0,-72.0,-78.0,-67.0,-72.0,-100.0,-100.0,-88.0,-76.0,-82.0,-67.0,-74.0,-81.0,-69.0,-73.0,-40.0,-45.0,-72.0,-78.0,-67.0,-72.0,-74.0,-77.0,-76.0,-75.0
2025:01:24:09:59:29,RP15,A,SM-S908E,2212343.0,33,-93.15046992664982,26.0,22.0,train,-81.0,-100.0,-100.0,-74.0,-76.0,-74.0,-76.0,-80.0,-68.0,-68.0,-46.0,-52.0,-74.0,-79.0,-64.0,-63.0,-81.0,-100.0,-100.0,-74.0,-76.0,-75.0,-76.0,-81.0,-68.0,-68.0,-46.0,-52.0,-75.0,-79.0,-65.0,-63.0,-72.0,-72.0,-76.0,-76.0
B0876,RP15,B,CTK45-dot-B,,25,,26.0,22.0,train,-100.0,-86.0,-100.0,-83.0,-79.0,-100.0,-72.0,-71.0,-57.0,-53.0,-100.0,-43.0,-100.0,-66.0,-65.0,-72.0,-100.0,-85.0,-100.0,-83.0,-78.0,-100.0,-72.0,-73.0,-100.0,-51.0,-100.0,-42.0,-72.0,-66.0,-66.0,-72.0,-81.0,-100.0,-75.0,-74.0
B0870,RP15,B,CTK45-dot-B,,33,,26.0,22.0,train,-79.0,-83.0,-100.0,-83.0,-80.0,-78.0,-71.0,-74.0,-59.0,-53.0,-100.0,-44.0,-71.0,-65.0,-68.0,-71.0,-79.0,-83.0,-100.0,-100.0,-79.0,-79.0,-72.0,-76.0,-59.0,-54.0,-100.0,-44.0,-70.0,-66.0,-67.0,-71.0,-81.0,-81.0,-76.0,-76.0
B0846,RP15,B,CTK45-dot-B,,30,,26.0,22.0,train,-80.0,-79.0,-100.0,-100.0,-100.0,-66.0,-77.0,-67.0,-43.0,-52.0,-38.0,-47.0,-61.0,-72.0,-100.0,-58.0,-100.0,-79.0,-100.0,-100.0,-100.0,-100.0,-77.0,-69.0,-51.0,-52.0,-38.0,-47.0,-61.0,-72.0,-64.0,-56.0,-100.0,-100.0,-69.0,-69.0
B0878,RP15,B,CTK45-dot-B,,30,,26.0,22.0,train,-82.0,-75.0,-100.0,-100.0,-73.0,-100.0,-100.0,-68.0,-48.0,-50.0,-33.0,-40.0,-56.0,-58.0,-64.0,-59.0,-82.0,-75.0,-100.0,-100.0,-73.0,-100.0,-100.0,-68.0,-48.0,-50.0,-33.0,-40.0,-56.0,-58.0,-65.0,-59.0,-100.0,-100.0,-100.0,-100.0
2025:01:24:09:53:09,RP15,A,SM-S908E,2212343.0,28,22.172081259614234,26.0,22.0,train,-100.0,-88.0,-100.0,-73.0,-77.0,-75.0,-75.0,-83.0,-62.0,-68.0,-44.0,-47.0,-67.0,-76.0,-68.0,-68.0,-100.0,-88.0,-100.0,-100.0,-78.0,-75.0,-74.0,-84.0,-63.0,-68.0,-44.0,-47.0,-100.0,-76.0,-68.0,-68.0,-100.0,-100.0,-76.0,-76.0
B0880,RP15,B,CTK45-dot-B,,40,,26.0,22.0,train,-72.0,-85.0,-100.0,-66.0,-68.0,-62.0,-68.0,-64.0,-58.0,-50.0,-42.0,-46.0,-66.0,-63.0,-66.5,-63.0,-73.0,-86.0,-100.0,-63.0,-68.0,-62.0,-69.0,-65.0,-59.0,-50.0,-43.0,-46.0,-63.0,-63.0,-67.0,-63.0,-58.0,-58.0,-100.0,-100.0
B0861,RP15,B,CTK45-dot-B,,26,,26.0,22.0,train,-86.0,-81.0,-79.0,-81.0,-100.0,-70.0,-100.0,-68.0,-50.0,-100.0,-100.0,-100.0,-61.0,-100.0,-65.0,-69.0,-79.0,-82.0,-100.0,-80.0,-100.0,-71.0,-100.0,-68.0,-50.0,-100.0,-100.0,-100.0,-61.0,-100.0,-67.0,-55.0,-75.0,-76.0,-100.0,-100.0
B0854,RP15,B,CTK45-dot-B,,22,,26.0,22.0,train,-70.0,-100.0,-100.0,-53.0,-100.0,-61.0,-100.0,-78.0,-46.0,-100.0,-41.0,-100.0,-68.0,-100.0,-57.0,-63.0,-73.0,-100.0,-100.0,-61.0,-100.0,-61.0,-100.0,-79.0,-46.0,-100.0,-40.0,-100.0,-68.0,-100.0,-57.0,-63.0,-100.0,-100.0,-100.0,-100.0
B0889,RP15,B,CTK45-dot-B,,25,,26.0,22.0,validation,-79.0,-82.0,-100.0,-100.0,-78.0,-100.0,-71.0,-100.0,-59.0,-53.0,-52.0,-45.0,-72.0,-100.0,-66.0,-73.0,-79.0,-82.0,-100.0,-100.0,-79.0,-100.0,-70.0,-100.0,-100.0,-53.0,-52.0,-45.0,-73.0,-63.0,-66.0,-77.0,-100.0,-100.0,-76.0,-75.0
B0841,RP15,B,CTK45-dot-B,,22,,26.0,22.0,validation,-74.0,-80.0,-100.0,-65.0,-100.0,-67.0,-100.0,-76.0,-63.0,-100.0,-53.0,-100.0,-54.0,-100.0,-70.0,-71.0,-100.0,-79.0,-100.0,-63.0,-100.0,-69.0,-100.0,-74.0,-63.0,-100.0,-53.0,-100.0,-54.0,-100.0,-70.0,-71.0,-79.0,-79.0,-100.0,-100.0
B0883,RP15,B,CTK45-dot-B,,34,,26.0,22.0,validation,-67.0,-77.0,-80.0,-66.0,-69.0,-77.0,-100.0,-62.0,-47.0,-49.0,-54.0,-49.0,-69.0,-63.0,-66.0,-72.0,-62.0,-77.0,-100.0,-67.0,-68.0,-77.0,-100.0,-63.0,-47.0,-49.0,-100.0,-48.0,-69.0,-62.0,-67.0,-72.0,-73.0,-100.0,-100.0,-100.0
B0867,RP15,B,CTK45-dot-B,,26,,26.0,22.0,validation,-100.0,-83.0,-100.0,-100.0,-80.0,-100.0,-71.0,-73.0,-60.0,-53.0,-53.0,-45.0,-100.0,-65.0,-67.0,-72.0,-100.0,-84.0,-100.0,-100.0,-80.0,-100.0,-71.0,-74.0,-61.0,-54.0,-53.0,-44.0,-100.0,-64.0,-67.0,-72.0,-100.0,-100.0,-76.0,-76.0
B0866,RP15,B,CTK45-dot-B,,30,,26.0,22.0,validation,-100.0,-83.0,-100.0,-100.0,-76.0,-75.0,-71.0,-71.0,-57.0,-54.0,-50.0,-44.0,-71.0,-64.0,-100.0,-67.0,-100.0,-83.0,-100.0,-100.0,-76.0,-76.0,-71.0,-71.0,-57.0,-52.0,-50.0,-45.0,-71.0,-64.0,-100.0,-67.0,-80.0,-80.0,-75.0,-75.0
2025:01:24:09:55:49,RP15,A,SM-S908E,2212343.0,33,-160.43085834953376,26.0,22.0,validation,-76.0,-87.0,-100.0,-73.0,-73.0,-71.0,-76.0,-84.0,-68.0,-70.0,-43.0,-46.0,-74.0,-74.0,-71.0,-73.0,-77.0,-100.0,-86.0,-73.0,-73.0,-71.0,-76.0,-85.0,-68.0,-72.0,-43.0,-46.0,-74.0,-74.0,-71.0,-73.0,-100.0,-100.0,-77.0,-76.0
B0891,RP15,B,CTK45-dot-B,,29,,26.0,22.0,validation,-79.0,-83.0,-100.0,-100.0,-76.0,-80.0,-71.0,-72.0,-59.0,-53.0,-50.0,-44.0,-70.0,-100.0,-65.0,-70.0,-80.0,-83.0,-100.0,-100.0,-75.0,-80.0,-71.0,-72.0,-60.0,-53.0,-49.0,-44.0,-70.0,-100.0,-66.0,-75.0,-100.0,-100.0,-76.0,-75.0
B0852,RP15,B,CTK45-dot-B,,32,,26.0,22.0,validation,-100.0,-84.0,-100.0,-68.0,-70.0,-76.0,-65.0,-71.0,-45.0,-49.0,-51.0,-56.0,-57.0,-70.0,-63.0,-79.0,-100.0,-83.0,-100.0,-100.0,-70.0,-70.0,-65.0,-76.0,-45.0,-53.0,-51.0,-56.0,-100.0,-70.0,-64.0,-80.0,-100.0,-100.0,-100.0,-100.0
B0858,RP15,B,CTK45-dot-B,,24,,26.0,22.0,validation,-77.0,-80.0,-100.0,-63.0,-100.0,-60.0,-100.0,-73.0,-52.0,-100.0,-43.0,-100.0,-70.0,-100.0,-62.0,-56.0,-77.0,-80.0,-100.0,-63.0,-100.0,-60.0,-100.0,-73.0,-52.0,-100.0,-43.0,-100.0,-72.0,-100.0,-62.0,-57.0,-100.0,-100.0,-100.0,-100.0
B0875,RP15,B,CTK45-dot-B,,27,,26.0,22.0,validation,-100.0,-84.0,-100.0,-84.0,-78.0,-75.0,-72.0,-73.0,-100.0,-53.0,-53.0,-44.0,-100.0,-65.0,-65.0,-71.0,-100.0,-84.0,-100.0,-84.0,-76.0,-100.0,-72.0,-74.0,-100.0,-54.0,-52.0,-44.0,-100.0,-65.0,-65.0,-72.0,-100.0,-100.0,-76.0,-76.0
B0863,RP15,B,CTK45-dot-B,,39,,26.0,22.0,validation,-70.0,-85.0,-79.0,-74.0,-67.0,-76.0,-100.0,-75.0,-58.0,-63.0,-51.0,-43.0,-67.0,-67.0,-62.0,-69.0,-70.0,-85.0,-79.0,-74.0,-67.0,-76.0,-100.0,-75.0,-59.0,-64.0,-52.0,-43.0,-67.0,-67.0,-62.0,-69.0,-63.0,-63.0,-100.0,-100.0
B0853,RP15,B,CTK45-dot-B,,38,,26.0,22.0,validation,-100.0,-85.0,-100.0,-66.0,-69.0,-64.0,-70.0,-74.0,-43.0,-70.0,-53.0,-53.0,-58.0,-63.0,-100.0,-78.0,-100.0,-85.0,-100.0,-66.0,-69.0,-64.0,-70.0,-73.0,-43.0,-50.0,-86.0,-54.0,-59.0,-64.0,-100.0,-79.0,-79.0,-78.0,-76.0,-76.0
B0892,RP15,B,CTK45-dot-B,,38,,26.0,22.0,test,-75.0,-82.0,-100.0,-74.0,-68.0,-71.0,-69.0,-67.0,-52.0,-51.0,-46.0,-45.0,-70.0,-67.0,-55.0,-65.0,-75.0,-82.0,-100.0,-75.0,-74.0,-71.0,-70.0,-67.0,-54.0,-50.0,-46.0,-45.0,-69.0,-66.0,-64.0,-65.0,-73.0,-73.0,-69.0,-69.0
B0859,RP15,B,CTK45-dot-B,,19,,26.0,22.0,test,-84.0,-84.0,-100.0,-100.0,-100.0,-67.0,-100.0,-66.0,-57.0,-100.0,-50.0,-100.0,-68.0,-100.0,-69.0,-100.0,-100.0,-85.0,-100.0,-100.0,-100.0,-68.0,-100.0,-66.0,-57.0,-100.0,-49.0,-100.0,-67.0,-100.0,-62.0,-100.0,-100.0,-100.0,-100.0,-100.0
B0848,RP15,B,CTK45-dot-B,,24,,26.0,22.0,test,-100.0,-85.0,-79.0,-74.0,-68.0,-73.0,-100.0,-100.0,-60.0,-62.0,-49.0,-43.0,-100.0,-100.0,-64.0,-68.0,-100.0,-85.0,-79.0,-76.0,-67.0,-74.0,-100.0,-100.0,-59.0,-64.0,-49.0,-43.0,-100.0,-67.0,-64.0,-68.0,-100.0,-100.0,-100.0,-100.0
B0833,RP15,B,CTK45-dot-B,,35,,26.0,22.0,test,-72.0,-79.0,-100.0,-63.0,-64.0,-67.0,-70.0,-67.0,-59.0,-58.0,-43.0,-39.0,-69.0,-67.0,-56.0,-60.0,-70.0,-79.0,-100.0,-63.0,-64.0,-67.0,-70.0,-68.0,-59.0,-58.0,-43.0,-38.0,-70.0,-67.0,-56.0,-60.0,-100.0,-100.0,-100.0,-100.0
B0869,RP15,B,CTK45-dot-B,,24,,26.0,22.0,test,-100.0,-84.0,-100.0,-100.0,-78.0,-100.0,-72.0,-74.0,-59.0,-51.0,-53.0,-44.0,-69.0,-65.0,-67.0,-74.0,-100.0,-83.0,-100.0,-100.0,-77.0,-100.0,-71.0,-74.0,-61.0,-54.0,-100.0,-44.0,-100.0,-65.0,-100.0,-74.0,-100.0,-82.0,-76.0,-76.0
2025:01:24:09:50:43,RP15,A,SM-S908E,2212343.0,42,21.350596145351872,26.0,22.0,test,-82.0,-83.0,-86.0,-64.0,-71.0,-81.0,-83.0,-86.0,-62.0,-69.0,-40.0,-49.0,-67.0,-74.0,-68.0,-78.0,-82.0,-83.0,-86.0,-64.0,-71.0,-81.0,-82.0,-86.0,-62.0,-70.0,-40.0,-49.0,-67.0,-74.0,-68.0,-78.0,-72.0,-72.0,-77.0,-77.0
B0835,RP15,B,CTK45-dot-B,,39,,26.0,22.0,test,-70.0,-86.0,-80.0,-74.0,-67.0,-75.0,-100.0,-72.0,-58.0,-64.0,-53.0,-43.0,-68.0,-67.0,-63.0,-68.0,-70.0,-86.0,-100.0,-74.0,-68.0,-75.0,-100.0,-75.0,-58.0,-64.0,-52.0,-43.0,-67.0,-66.0,-63.0,-69.0,-64.0,-64.0,-100.0,-100.0
2025:01:24:10:00:45,RP15,A,SM-S908E,2212343.0,33,-91.9721191956058,26.0,22.0,test,-81.0,-81.0,-100.0,-72.0,-76.0,-67.0,-73.0,-100.0,-61.0,-66.0,-40.0,-49.0,-69.0,-71.0,-66.0,-64.0,-82.0,-82.0,-100.0,-73.0,-76.0,-66.0,-73.0,-100.0,-64.0,-66.0,-40.0,-49.0,-69.0,-71.0,-66.0,-65.0,-100.0,-72.0,-73.0,-73.0
B0865,RP15,B,CTK45-dot-B,,35,,26.0,22.0,test,-78.0,-84.0,-100.0,-83.0,-77.0,-77.0,-72.0,-72.0,-62.0,-54.0,-53.0,-42.0,-70.0,-64.0,-67.0,-68.0,-100.0,-85.0,-100.0,-83.0,-78.0,-77.0,-73.0,-72.0,-63.0,-54.0,-53.0,-42.0,-100.0,-63.0,-67.0,-69.0,-81.0,-80.0,-76.0,-76.0
B0881,RP15,B,CTK45-dot-B,,41,,26.0,22.0,test,-73.0,-85.0,-89.0,-65.0,-69.0,-65.0,-100.0,-65.0,-55.0,-50.0,-38.0,-44.0,-66.0,-64.0,-47.0,-64.0,-73.0,-85.0,-90.0,-65.0,-69.0,-64.0,-100.0,-65.0,-55.0,-51.0,-39.0,-44.0,-66.0,-64.0,-47.0,-64.0,-58.0,-58.0,-100.0,-100.0
2025:01:24:09:57:19,RP15,A,SM-S908E,2212343.0,31,-93.3474871940835,26.0,22.0,test,-100.0,-100.0,-100.0,-74.0,-75.0,-71.0,-75.0,-85.0,-72.0,-69.0,-45.0,-45.0,-76.0,-75.0,-67.0,-73.0,-75.0,-100.0,-100.0,-75.0,-75.0,-71.0,-75.0,-85.0,-72.0,-69.0,-45.0,-45.0,-76.0,-76.0,-67.0,-73.0,-75.0,-75.0,-80.0,-80.0
B0885,RP15,B,CTK45-dot-B,,24,,26.0,22.0,test,-100.0,-83.0,-100.0,-100.0,-77.0,-100.0,-72.0,-75.0,-58.0,-52.0,-54.0,-45.0,-100.0,-65.0,-66.0,-71.0,-100.0,-83.0,-100.0,-100.0,-78.0,-100.0,-73.0,-74.0,-58.0,-54.0,-54.0,-45.0,-100.0,-65.0,-67.0,-71.0,-100.0,-100.0,-75.0,-75.0
B0913,RP16,B,CTK45-dot-B,,27,,-42.0,24.0,train,-70.0,-82.0,-84.0,-65.0,-100.0,-76.0,-100.0,-87.0,-71.0,-100.0,-67.0,-100.0,-71.0,-100.0,-57.0,-61.0,-70.0,-82.0,-86.0,-63.0,-100.0,-76.0,-100.0,-87.0,-71.0,-100.0,-68.0,-100.0,-78.0,-100.0,-58.0,-61.0,-60.0,-59.0,-100.0,-100.0
B0899,RP16,B,CTK45-dot-B,,29,,-42.0,24.0,train,-71.0,-82.0,-76.0,-61.0,-65.0,-73.0,-100.0,-100.0,-77.0,-79.0,-69.0,-70.0,-79.0,-85.0,-55.0,-58.0,-71.0,-82.0,-76.0,-61.0,-65.0,-72.0,-100.0,-100.0,-77.0,-78.0,-70.0,-70.0,-79.0,-85.0,-56.0,-58.0,-100.0,-100.0,-100.0,-100.0
B0921,RP16,B,CTK45-dot-B,,36,,-42.0,24.0,train,-73.0,-88.0,-84.0,-66.0,-70.0,-73.0,-83.0,-93.0,-77.0,-78.0,-70.0,-78.0,-81.0,-100.0,-53.0,-68.0,-75.0,-88.0,-89.0,-66.0,-70.0,-77.0,-82.0,-91.0,-85.0,-79.0,-70.0,-69.0,-100.0,-100.0,-53.0,-68.0,-62.0,-61.0,-65.0,-71.0
B0926,RP16,B,CTK45-dot-B,,21,,-42.0,24.0,train,-81.0,-87.0,-100.0,-65.0,-100.0,-75.0,-100.0,-100.0,-74.0,-100.0,-73.0,-100.0,-75.0,-100.0,-57.0,-65.0,-100.0,-86.0,-100.0,-65.0,-100.0,-76.0,-100.0,-91.0,-73.0,-100.0,-74.0,-100.0,-75.0,-100.0,-100.0,-65.0,-53.0,-52.0,-100.0,-100.0
B0946,RP16,B,CTK45-dot-B,,32,,-42.0,24.0,train,-78.0,-78.0,-83.0,-77.0,-69.0,-79.0,-75.0,-100.0,-81.0,-78.0,-70.0,-68.0,-100.0,-81.0,-61.0,-59.0,-100.0,-78.0,-81.0,-76.0,-70.0,-77.0,-76.0,-100.0,-79.0,-77.0,-70.0,-68.0,-100.0,-81.0,-61.0,-59.0,-59.0,-57.0,-62.0,-62.0
2025:01:21:13:10:25,RP16,A,SM-S908E,2212343.0,34,50.83641146712888,-42.0,24.0,train,-73.0,-83.0,-100.0,-62.0,-69.0,-75.0,-72.0,-100.0,-76.0,-79.0,-74.0,-68.0,-76.0,-87.0,-59.0,-55.0,-74.0,-83.0,-100.0,-62.0,-69.0,-75.0,-72.0,-100.0,-75.0,-79.0,-75.0,-68.0,-76.0,-86.0,-59.0,-55.0,-58.0,-58.0,-64.0,-64.0
B0902,RP16,B,CTK45-dot-B,,33,,-42.0,24.0,train,-70.0,-79.0,-82.0,-64.0,-62.0,-70.0,-100.0,-100.0,-80.0,-78.0,-75.0,-69.0,-77.0,-86.0,-56.0,-56.0,-71.0,-79.0,-82.0,-64.0,-63.0,-70.0,-100.0,-100.0,-80.0,-78.0,-76.0,-69.0,-77.0,-86.0,-56.0,-56.0,-63.0,-64.0,-100.0,-100.0
B0909,RP16,B,CTK45-dot-B,,31,,-42.0,24.0,train,-100.0,-72.0,-72.0,-56.0,-54.0,-66.0,-73.0,-87.0,-70.0,-74.0,-100.0,-65.0,-100.0,-80.0,-53.0,-55.0,-100.0,-72.0,-72.0,-56.0,-54.0,-66.0,-73.0,-88.0,-70.0,-74.0,-100.0,-66.0,-72.0,-80.0,-53.0,-55.0,-100.0,-100.0,-100.0,-100.0
B0900,RP16,B,CTK45-dot-B,,27,,-42.0,24.0,train,-70.0,-81.0,-78.0,-60.0,-61.0,-70.0,-100.0,-100.0,-75.0,-78.0,-63.0,-66.0,-78.0,-87.0,-100.0,-56.0,-71.0,-81.0,-100.0,-60.0,-61.0,-71.0,-100.0,-100.0,-75.0,-78.0,-63.0,-67.0,-77.0,-87.0,-100.0,-56.0,-100.0,-100.0,-100.0,-100.0
B0931,RP16,B,CTK45-dot-B,,31,,-42.0,24.0,train,-73.0,-77.0,-78.0,-69.0,-68.0,-73.0,-100.0,-100.0,-74.0,-75.0,-66.0,-60.0,-82.0,-82.0,-52.0,-59.0,-73.0,-81.0,-82.0,-70.0,-68.0,-74.0,-100.0,-85.0,-74.0,-75.0,-66.0,-69.0,-82.0,-83.0,-52.0,-59.0,-63.0,-63.0,-100.0,-100.0
2025:01:21:13:03:58,RP16,A,SM-S908E,2212343.0,33,-90.95129175117712,-42.0,24.0,train,-74.0,-85.0,-85.0,-68.0,-60.0,-80.0,-72.0,-94.0,-76.0,-83.0,-65.0,-73.0,-82.0,-100.0,-51.0,-53.0,-74.0,-85.0,-87.0,-68.0,-60.0,-80.0,-72.0,-100.0,-79.0,-82.0,-65.0,-73.0,-81.0,-100.0,-51.0,-53.0,-67.0,-67.0,-70.0,-70.0
2025:01:21:13:07:34,RP16,A,SM-S908E,2212343.0,34,-33.980201691017484,-42.0,24.0,train,-80.0,-85.0,-87.0,-68.0,-71.0,-84.0,-73.0,-93.0,-81.0,-80.0,-69.0,-71.0,-79.0,-100.0,-53.0,-62.0,-80.0,-85.0,-86.0,-68.0,-71.0,-82.0,-73.0,-100.0,-81.0,-81.0,-69.0,-71.0,-79.0,-100.0,-54.0,-62.0,-66.0,-66.0,-74.0,-74.0
B0932,RP16,B,CTK45-dot-B,,29,,-42.0,24.0,train,-78.0,-81.0,-85.0,-76.0,-64.0,-77.0,-76.0,-91.0,-75.0,-79.0,-72.0,-70.0,-83.0,-81.0,-62.0,-63.0,-100.0,-82.0,-100.0,-100.0,-64.0,-77.0,-76.0,-91.0,-76.0,-79.0,-73.0,-71.0,-100.0,-81.0,-100.0,-64.0,-100.0,-100.0,-57.0,-57.0
2025:01:21:13:06:01,RP16,A,SM-S908E,2212343.0,34,-34.05156358440103,-42.0,24.0,train,-78.0,-82.0,-100.0,-71.0,-69.0,-78.0,-75.0,-93.0,-84.0,-81.0,-65.0,-68.0,-80.0,-100.0,-53.0,-59.0,-80.0,-82.0,-100.0,-71.0,-69.0,-78.0,-76.0,-100.0,-84.0,-81.0,-65.0,-68.0,-80.0,-100.0,-54.0,-58.0,-68.0,-68.0,-73.0,-73.0
B0896,RP16,B,CTK45-dot-B,,33,,-42.0,24.0,train,-76.0,-82.0,-87.0,-70.0,-64.0,-75.0,-100.0,-91.0,-74.0,-70.0,-64.0,-68.0,-82.0,-84.0,-60.0,-57.0,-76.0,-82.0,-87.0,-70.0,-64.0,-75.0,-100.0,-90.0,-74.0,-70.0,-64.0,-69.0,-82.0,-84.0,-60.0,-57.0,-66.0,-66.0,-100.0,-100.0
B0939,RP16,B,CTK45-dot-B,,34,,-42.0,24.0,train,-79.0,-82.0,-83.0,-100.0,-64.0,-78.0,-77.0,-93.0,-79.0,-76.0,-71.0,-69.0,-84.0,-81.0,-58.0,-61.0,-77.0,-81.0,-82.0,-100.0,-64.0,-77.0,-77.0,-92.0,-81.0,-76.0,-71.0,-69.0,-82.0,-81.0,-59.0,-61.0,-55.0,-88.0,-61.0,-61.0
B0897,RP16,B,CTK45-dot-B,,34,,-42.0,24.0,train,-76.0,-79.0,-81.0,-67.0,-69.0,-73.0,-73.0,-91.0,-74.0,-76.0,-65.0,-61.0,-82.0,-100.0,-54.0,-60.0,-73.0,-79.0,-81.0,-67.0,-69.0,-74.0,-73.0,-90.0,-73.0,-75.0,-65.0,-61.0,-82.0,-100.0,-54.0,-60.0,-64.0,-63.0,-100.0,-100.0
B0936,RP16,B,CTK45-dot-B,,27,,-42.0,24.0,train,-79.0,-82.0,-96.0,-78.0,-65.0,-75.0,-76.0,-100.0,-81.0,-100.0,-70.0,-71.0,-86.0,-82.0,-100.0,-59.0,-100.0,-82.0,-100.0,-78.0,-65.0,-75.0,-75.0,-100.0,-82.0,-100.0,-70.0,-71.0,-100.0,-82.0,-100.0,-60.0,-59.0,-58.0,-59.0,-59.0
B0916,RP16,B,CTK45-dot-B,,34,,-42.0,24.0,train,-100.0,-80.0,-93.0,-63.0,-62.0,-70.0,-77.0,-88.0,-78.0,-70.0,-59.0,-58.0,-100.0,-78.0,-57.0,-57.0,-100.0,-79.0,-87.0,-63.0,-62.0,-69.0,-77.0,-94.0,-84.0,-71.0,-70.0,-69.0,-100.0,-78.0,-57.0,-57.0,-64.0,-63.0,-59.0,-62.0
B0920,RP16,B,CTK45-dot-B,,25,,-42.0,24.0,train,-80.0,-81.0,-100.0,-67.0,-66.0,-100.0,-67.0,-100.0,-77.0,-73.0,-63.0,-63.0,-87.0,-89.0,-67.0,-54.0,-83.0,-82.0,-100.0,-67.0,-100.0,-100.0,-67.0,-100.0,-78.0,-74.0,-63.0,-63.0,-88.0,-89.0,-68.0,-54.0,-100.0,-100.0,-100.0,-100.0
B0951,RP16,B,CTK45-dot-B,,24,,-42.0,24.0,train,-84.0,-86.0,-86.0,-82.0,-67.0,-100.0,-79.0,-100.0,-100.0,-100.0,-79.0,-78.0,-86.0,-85.0,-57.0,-65.0,-84.0,-86.0,-100.0,-100.0,-67.0,-100.0,-79.0,-100.0,-100.0,-100.0,-100.0,-69.0,-85.0,-85.0,-57.0,-61.0,-68.0,-100.0,-64.0,-63.0
B0948,RP16,B,CTK45-dot-B,,28,,-42.0,24.0,train,-80.0,-82.0,-82.0,-100.0,-63.0,-77.0,-77.0,-100.0,-75.0,-100.0,-69.0,-71.0,-84.0,-81.0,-60.0,-64.0,-80.0,-82.0,-83.0,-100.0,-63.0,-79.0,-77.0,-100.0,-75.0,-100.0,-100.0,-70.0,-100.0,-81.0,-60.0,-65.0,-60.0,-59.0,-59.0,-59.0
B0893,RP16,B,CTK45-dot-B,,26,,-42.0,24.0,train,-67.0,-77.0,-88.0,-58.0,-100.0,-82.0,-100.0,-86.0,-78.0,-100.0,-61.0,-100.0,-87.0,-100.0,-55.0,-61.0,-66.0,-77.0,-84.0,-58.0,-100.0,-81.0,-100.0,-85.0,-71.0,-100.0,-61.0,-100.0,-100.0,-100.0,-55.0,-61.0,-48.0,-48.0,-100.0,-100.0
2025:01:21:13:11:39,RP16,A,SM-S908E,2212343.0,35,47.83978146506839,-42.0,24.0,train,-81.0,-84.0,-79.0,-62.0,-70.0,-75.0,-72.0,-90.0,-82.0,-78.0,-65.0,-69.0,-75.0,-87.0,-54.0,-55.0,-81.0,-84.0,-100.0,-62.0,-70.0,-74.0,-72.0,-90.0,-81.0,-78.0,-62.0,-69.0,-76.0,-88.0,-55.0,-55.0,-61.0,-61.0,-67.0,-67.0
B0922,RP16,B,CTK45-dot-B,,18,,-42.0,24.0,train,-90.0,-87.0,-83.0,-100.0,-100.0,-75.0,-100.0,-89.0,-100.0,-100.0,-72.0,-100.0,-100.0,-100.0,-59.0,-73.0,-82.0,-87.0,-91.0,-100.0,-100.0,-82.0,-100.0,-90.0,-100.0,-100.0,-74.0,-100.0,-100.0,-100.0,-58.0,-73.0,-61.0,-62.0,-100.0,-100.0
2025:01:21:13:01:52,RP16,A,SM-S908E,2212343.0,24,-91.85031409793893,-42.0,24.0,train,-67.0,-86.0,-100.0,-100.0,-64.0,-80.0,-76.0,-100.0,-76.0,-82.0,-65.0,-64.0,-100.0,-100.0,-48.0,-50.0,-72.0,-87.0,-100.0,-100.0,-64.0,-81.0,-76.0,-100.0,-75.0,-100.0,-65.0,-64.0,-100.0,-100.0,-48.0,-50.0,-66.0,-100.0,-72.0,-72.0
B0895,RP16,B,CTK45-dot-B,,26,,-42.0,24.0,train,-90.0,-81.0,-100.0,-67.0,-62.0,-100.0,-100.0,-100.0,-100.0,-73.0,-65.0,-67.0,-86.0,-100.0,-69.0,-61.0,-89.0,-80.0,-100.0,-67.0,-62.0,-75.0,-100.0,-90.0,-100.0,-73.0,-65.0,-67.0,-85.0,-85.0,-70.0,-61.0,-100.0,-100.0,-100.0,-100.0
B0898,RP16,B,CTK45-dot-B,,27,,-42.0,24.0,train,-74.0,-77.0,-78.0,-72.0,-66.0,-73.0,-100.0,-100.0,-71.0,-100.0,-64.0,-60.0,-81.0,-84.0,-53.0,-58.0,-74.0,-77.0,-78.0,-73.0,-66.0,-73.0,-100.0,-100.0,-71.0,-74.0,-65.0,-69.0,-81.0,-85.0,-52.0,-58.0,-100.0,-100.0,-100.0,-100.0
B0908,RP16,B,CTK45-dot-B,,30,,-42.0,24.0,train,-79.0,-85.0,-100.0,-69.0,-69.0,-78.0,-100.0,-100.0,-73.0,-81.0,-72.0,-70.0,-87.0,-100.0,-56.0,-54.0,-79.0,-85.0,-100.0,-69.0,-70.0,-79.0,-100.0,-100.0,-73.0,-82.0,-72.0,-70.0,-86.0,-88.0,-56.0,-54.0,-73.0,-73.0,-100.0,-100.0
2025:01:21:13:13:17,RP16,A,SM-S908E,2212343.0,27,-162.98560840308667,-42.0,24.0,train,-76.0,-86.0,-78.0,-66.0,-75.0,-75.0,-80.0,-100.0,-75.0,-100.0,-71.0,-74.0,-100.0,-100.0,-57.0,-60.0,-76.0,-86.0,-100.0,-66.0,-75.0,-75.0,-80.0,-100.0,-75.0,-100.0,-71.0,-74.0,-100.0,-100.0,-58.0,-59.0,-69.0,-69.0,-72.0,-72.0
B0928,RP16,B,CTK45-dot-B,,17,,-42.0,24.0,train,-100.0,-76.0,-83.0,-62.0,-100.0,-76.0,-100.0,-100.0,-68.0,-100.0,-100.0,-100.0,-81.0,-100.0,-100.0,-63.0,-100.0,-76.0,-82.0,-62.0,-100.0,-77.0,-100.0,-100.0,-68.0,-100.0,-100.0,-100.0,-74.0,-100.0,-100.0,-63.0,-65.0,-64.0,-100.0,-100.0
B0929,RP16,B,CTK45-dot-B,,36,,-42.0,24.0,train,-74.0,-85.0,-83.0,-66.0,-100.0,-77.0,-76.0,-93.0,-78.0,-67.0,-60.0,-57.0,-78.0,-85.0,-46.0,-59.0,-75.0,-85.0,-93.0,-66.0,-100.0,-100.0,-75.0,-93.0,-86.0,-67.0,-61.0,-69.0,-77.0,-80.0,-47.0,-59.0,-54.0,-54.0,-57.0,-58.0
B0894,RP16,B,CTK45-dot-B,,28,,-42.0,24.0,train,-79.0,-78.0,-88.0,-63.0,-100.0,-76.0,-100.0,-86.0,-70.0,-100.0,-69.0,-100.0,-69.0,-100.0,-50.0,-54.0,-80.0,-78.0,-81.0,-61.0,-100.0,-77.0,-100.0,-87.0,-70.0,-100.0,-70.0,-100.0,-76.0,-100.0,-50.0,-54.0,-49.0,-50.0,-100.0,-100.0
B0925,RP16,B,CTK45-dot-B,,18,,-42.0,24.0,train,-85.0,-89.0,-78.0,-100.0,-100.0,-100.0,-100.0,-94.0,-100.0,-100.0,-66.0,-100.0,-80.0,-100.0,-62.0,-62.0,-83.0,-90.0,-86.0,-100.0,-100.0,-100.0,-100.0,-86.0,-100.0,-100.0,-66.0,-100.0,-80.0,-100.0,-61.0,-61.0,-69.0,-69.0,-100.0,-100.0
B0917,RP16,B,CTK45-dot-B,,20,,-42.0,24.0,train,-77.0,-85.0,-100.0,-71.0,-100.0,-89.0,-100.0,-91.0,-100.0,-100.0,-73.0,-100.0,-84.0,-100.0,-53.0,-72.0,-76.0,-85.0,-100.0,-71.0,-100.0,-88.0,-100.0,-92.0,-100.0,-100.0,-74.0,-100.0,-91.0,-100.0,-53.0,-72.0,-62.0,-61.0,-100.0,-100.0
B0945,RP16,B,CTK45-dot-B,,27,,-42.0,24.0,train,-77.0,-83.0,-83.0,-77.0,-66.0,-100.0,-75.0,-100.0,-100.0,-78.0,-72.0,-71.0,-100.0,-81.0,-60.0,-63.0,-100.0,-83.0,-84.0,-76.0,-66.0,-100.0,-75.0,-100.0,-100.0,-79.0,-73.0,-71.0,-100.0,-81.0,-60.0,-63.0,-57.0,-59.0,-59.0,-58.0
2025:01:21:13:11:05,RP16,A,SM-S908E,2212343.0,30,47.03198946915186,-42.0,24.0,train,-71.0,-84.0,-100.0,-61.0,-68.0,-100.0,-75.0,-100.0,-80.0,-79.0,-68.0,-69.0,-73.0,-89.0,-56.0,-54.0,-71.0,-85.0,-100.0,-60.0,-68.0,-100.0,-75.0,-100.0,-79.0,-79.0,-68.0,-69.0,-73.0,-89.0,-56.0,-54.0,-57.0,-57.0,-66.0,-66.0
2025:01:21:13:15:45,RP16,A,SM-S908E,2212343.0,28,-163.44424392935508,-42.0,24.0,train,-77.0,-100.0,-100.0,-65.0,-74.0,-74.0,-78.0,-100.0,-77.0,-84.0,-72.0,-69.0,-82.0,-100.0,-55.0,-58.0,-78.0,-100.0,-100.0,-65.0,-74.0,-73.0,-78.0,-100.0,-76.0,-85.0,-72.0,-69.0,-82.0,-100.0,-55.0,-58.0,-65.0,-65.0,-76.0,-76.0
B0924,RP16,B,CTK45-dot-B,,32,,-42.0,24.0,train,-82.0,-87.0,-79.0,-68.0,-68.0,-74.0,-78.0,-96.0,-88.0,-81.0,-66.0,-67.0,-74.0,-100.0,-53.0,-67.0,-76.0,-88.0,-85.0,-69.0,-68.0,-100.0,-78.0,-94.0,-79.0,-81.0,-66.0,-67.0,-74.0,-100.0,-53.0,-69.0,-72.0,-100.0,-52.0,-50.0
B0940,RP16,B,CTK45-dot-B,,29,,-42.0,24.0,train,-74.0,-81.0,-79.0,-71.0,-65.0,-72.0,-75.0,-91.0,-77.0,-100.0,-69.0,-71.0,-89.0,-82.0,-62.0,-63.0,-100.0,-81.0,-78.0,-100.0,-65.0,-72.0,-75.0,-91.0,-77.0,-100.0,-67.0,-71.0,-100.0,-82.0,-62.0,-61.0,-100.0,-100.0,-61.0,-60.0
B0915,RP16,B,CTK45-dot-B,,20,,-42.0,24.0,train,-80.0,-88.0,-100.0,-76.0,-100.0,-77.0,-100.0,-100.0,-76.0,-100.0,-60.0,-100.0,-74.0,-100.0,-57.0,-60.0,-81.0,-88.0,-100.0,-75.0,-100.0,-77.0,-100.0,-100.0,-75.0,-100.0,-60.0,-100.0,-77.0,-100.0,-58.0,-60.0,-63.0,-63.0,-100.0,-100.0
B0930,RP16,B,CTK45-dot-B,,22,,-42.0,24.0,train,-100.0,-79.0,-80.0,-71.0,-66.0,-76.0,-73.0,-100.0,-75.0,-75.0,-100.0,-61.0,-100.0,-100.0,-54.0,-65.0,-100.0,-79.0,-80.0,-72.0,-68.0,-77.0,-73.0,-100.0,-75.0,-75.0,-100.0,-61.0,-100.0,-100.0,-54.0,-66.0,-100.0,-100.0,-100.0,-100.0
B0934,RP16,B,CTK45-dot-B,,34,,-42.0,24.0,train,-78.0,-81.0,-86.0,-75.0,-63.0,-76.0,-78.0,-92.0,-77.0,-77.0,-71.0,-68.0,-84.0,-81.0,-60.0,-63.0,-79.0,-81.0,-85.0,-100.0,-64.0,-76.0,-77.0,-91.0,-78.0,-77.0,-71.0,-69.0,-85.0,-100.0,-60.0,-62.0,-58.0,-58.0,-59.0,-59.0
B0907,RP16,B,CTK45-dot-B,,30,,-42.0,24.0,train,-79.0,-85.0,-100.0,-69.0,-73.0,-80.0,-100.0,-100.0,-73.0,-80.0,-74.0,-73.0,-87.0,-89.0,-56.0,-56.0,-79.0,-85.0,-100.0,-69.0,-73.0,-80.0,-100.0,-100.0,-73.0,-79.0,-73.0,-73.0,-86.0,-88.0,-56.0,-56.0,-72.0,-71.0,-100.0,-100.0
B0914,RP16,B,CTK45-dot-B,,23,,-42.0,24.0,train,-83.0,-90.0,-89.0,-73.0,-100.0,-75.0,-100.0,-100.0,-77.0,-100.0,-71.0,-100.0,-88.0,-100.0,-57.0,-70.0,-84.0,-89.0,-81.0,-74.0,-100.0,-74.0,-100.0,-93.0,-86.0,-100.0,-70.0,-100.0,-81.0,-100.0,-57.0,-70.0,-64.0,-64.0,-100.0,-100.0
2025:01:21:13:09:40,RP16,A,SM-S908E,2212343.0,34,47.507540428405875,-42.0,24.0,train,-73.0,-84.0,-82.0,-62.0,-72.0,-75.0,-72.0,-100.0,-75.0,-79.0,-71.0,-66.0,-79.0,-90.0,-55.0,-56.0,-74.0,-84.0,-80.0,-62.0,-72.0,-75.0,-72.0,-100.0,-77.0,-79.0,-71.0,-67.0,-79.0,-90.0,-55.0,-56.0,-59.0,-59.0,-69.0,-69.0
B0941,RP16,B,CTK45-dot-B,,33,,-42.0,24.0,train,-76.0,-82.0,-83.0,-79.0,-65.0,-75.0,-78.0,-92.0,-78.0,-79.0,-70.0,-70.0,-85.0,-82.0,-59.0,-64.0,-78.0,-82.0,-82.0,-79.0,-65.0,-75.0,-78.0,-92.0,-100.0,-79.0,-71.0,-70.0,-85.0,-82.0,-59.0,-63.0,-100.0,-100.0,-61.0,-61.0
B0942,RP16,B,CTK45-dot-B,,35,,-42.0,24.0,train,-80.0,-82.0,-75.0,-76.0,-66.0,-77.0,-77.0,-92.0,-81.0,-77.0,-71.0,-67.0,-86.0,-82.0,-64.0,-62.0,-79.0,-81.0,-87.0,-100.0,-66.0,-77.0,-77.0,-91.0,-80.0,-76.0,-71.0,-69.0,-84.0,-82.0,-63.0,-62.0,-56.0,-57.0,-61.0,-61.0
2025:01:21:13:08:49,RP16,A,SM-S908E,2212343.0,27,49.375256789817435,-42.0,24.0,train,-77.0,-84.0,-100.0,-72.0,-73.0,-84.0,-74.0,-100.0,-78.0,-78.0,-73.0,-68.0,-100.0,-100.0,-53.0,-62.0,-77.0,-83.0,-100.0,-71.0,-73.0,-100.0,-74.0,-100.0,-78.0,-78.0,-74.0,-68.0,-100.0,-100.0,-53.0,-62.0,-66.0,-66.0,-78.0,-78.0
2025:01:21:13:05:00,RP16,A,SM-S908E,2212343.0,29,-34.332635479253796,-42.0,24.0,train,-76.0,-83.0,-100.0,-74.0,-69.0,-81.0,-78.0,-100.0,-81.0,-84.0,-68.0,-71.0,-83.0,-100.0,-53.0,-60.0,-100.0,-83.0,-100.0,-70.0,-69.0,-81.0,-79.0,-100.0,-81.0,-84.0,-68.0,-71.0,-100.0,-100.0,-53.0,-60.0,-67.0,-67.0,-77.0,-77.0
B0950,RP16,B,CTK45-dot-B,,31,,-42.0,24.0,train,-77.0,-100.0,-78.0,-100.0,-68.0,-75.0,-74.0,-92.0,-81.0,-77.0,-70.0,-65.0,-84.0,-80.0,-58.0,-63.0,-77.0,-100.0,-80.0,-100.0,-68.0,-75.0,-74.0,-93.0,-81.0,-77.0,-100.0,-65.0,-84.0,-79.0,-59.0,-60.0,-56.0,-56.0,-61.0,-61.0
B0903,RP16,B,CTK45-dot-B,,34,,-42.0,24.0,train,-69.0,-81.0,-79.0,-65.0,-61.0,-71.0,-100.0,-100.0,-72.0,-78.0,-67.0,-69.0,-81.0,-85.0,-58.0,-58.0,-69.0,-81.0,-79.0,-64.0,-61.0,-71.0,-100.0,-100.0,-73.0,-79.0,-66.0,-69.0,-81.0,-85.0,-58.0,-58.0,-65.0,-65.0,-100.0,-100.0
B0943,RP16,B,CTK45-dot-B,,26,,-42.0,24.0,train,-77.0,-84.0,-80.0,-77.0,-62.0,-100.0,-75.0,-100.0,-100.0,-80.0,-71.0,-71.0,-84.0,-81.0,-100.0,-65.0,-78.0,-84.0,-81.0,-78.0,-62.0,-100.0,-75.0,-100.0,-100.0,-79.0,-71.0,-71.0,-84.0,-81.0,-100.0,-64.0,-100.0,-100.0,-59.0,-59.0
B0937,RP16,B,CTK45-dot-B,,26,,-42.0,24.0,train,-100.0,-82.0,-100.0,-100.0,-65.0,-76.0,-79.0,-91.0,-77.0,-79.0,-100.0,-66.0,-100.0,-81.0,-59.0,-63.0,-100.0,-83.0,-100.0,-100.0,-64.0,-76.0,-79.0,-92.0,-78.0,-78.0,-100.0,-67.0,-100.0,-82.0,-60.0,-61.0,-56.0,-58.0,-59.0,-59.0
B0944,RP16,B,CTK45-dot-B,,33,,-42.0,24.0,train,-77.0,-78.0,-83.0,-79.0,-71.0,-76.0,-73.0,-100.0,-80.0,-75.0,-71.0,-72.0,-86.0,-81.0,-56.0,-57.0,-77.0,-78.0,-100.0,-78.0,-71.0,-74.0,-73.0,-100.0,-81.0,-76.0,-71.0,-73.0,-85.0,-81.0,-56.0,-59.0,-56.0,-58.0,-60.0,-60.0
2025:01:21:13:02:27,RP16,A,SM-S908E,2212343.0,29,-92.2872631716616,-42.0,24.0,validation,-72.0,-100.0,-100.0,-71.0,-63.0,-81.0,-75.0,-100.0,-74.0,-82.0,-66.0,-68.0,-80.0,-100.0,-51.0,-52.0,-72.0,-87.0,-100.0,-71.0,-63.0,-81.0,-75.0,-100.0,-74.0,-82.0,-65.0,-68.0,-100.0,-100.0,-52.0,-52.0,-68.0,-68.0,-71.0,-71.0
B0901,RP16,B,CTK45-dot-B,,32,,-42.0,24.0,validation,-77.0,-81.0,-83.0,-73.0,-65.0,-78.0,-65.0,-87.0,-76.0,-72.0,-64.0,-68.0,-82.0,-100.0,-72.0,-59.0,-77.0,-81.0,-100.0,-73.0,-64.0,-78.0,-65.0,-90.0,-76.0,-73.0,-67.0,-68.0,-82.0,-100.0,-72.0,-60.0,-68.0,-68.0,-100.0,-100.0
B0923,RP16,B,CTK45-dot-B,,20,,-42.0,24.0,validation,-87.0,-93.0,-76.0,-71.0,-100.0,-76.0,-100.0,-90.0,-84.0,-100.0,-62.0,-100.0,-100.0,-100.0,-59.0,-69.0,-79.0,-91.0,-76.0,-70.0,-100.0,-78.0,-100.0,-90.0,-75.0,-100.0,-62.0,-100.0,-100.0,-100.0,-59.0,-70.0,-100.0,-100.0,-100.0,-100.0
2025:01:21:13:01:18,RP16,A,SM-S908E,2212343.0,41,-90.5404122571329,-42.0,24.0,validation,-77.0,-77.0,-78.0,-64.0,-61.0,-67.0,-77.0,-100.0,-77.0,-74.0,-62.0,-59.0,-74.0,-79.0,-47.0,-49.0,-78.0,-77.0,-78.0,-64.0,-61.0,-67.0,-77.0,-100.0,-78.0,-74.0,-62.0,-59.0,-74.0,-79.0,-46.0,-45.0,-58.0,-57.0,-67.0,-67.0
B0904,RP16,B,CTK45-dot-B,,24,,-42.0,24.0,validation,-78.0,-87.0,-100.0,-75.0,-68.0,-79.0,-100.0,-100.0,-71.0,-100.0,-100.0,-70.0,-88.0,-88.0,-52.0,-53.0,-78.0,-86.0,-100.0,-75.0,-68.0,-79.0,-100.0,-100.0,-71.0,-100.0,-100.0,-70.0,-88.0,-88.0,-52.0,-53.0,-100.0,-100.0,-100.0,-100.0
B0947,RP16,B,CTK45-dot-B,,19,,-42.0,24.0,validation,-100.0,-78.0,-100.0,-75.0,-72.0,-100.0,-75.0,-100.0,-100.0,-76.0,-73.0,-73.0,-100.0,-80.0,-100.0,-61.0,-100.0,-78.0,-100.0,-100.0,-72.0,-100.0,-75.0,-100.0,-100.0,-76.0,-73.0,-74.0,-100.0,-81.0,-100.0,-59.0,-100.0,-100.0,-60.0,-60.0
B0911,RP16,B,CTK45-dot-B,,28,,-42.0,24.0,validation,-84.0,-79.0,-100.0,-69.0,-65.0,-78.0,-64.0,-100.0,-78.0,-74.0,-62.0,-64.0,-88.0,-100.0,-60.0,-60.0,-83.0,-79.0,-100.0,-69.0,-65.0,-79.0,-64.0,-100.0,-78.0,-74.0,-62.0,-64.0,-88.0,-100.0,-60.0,-60.0,-100.0,-100.0,-100.0,-100.0
B0905,RP16,B,CTK45-dot-B,,26,,-42.0,24.0,validation,-76.0,-100.0,-72.0,-69.0,-73.0,-81.0,-100.0,-100.0,-74.0,-100.0,-74.0,-74.0,-87.0,-89.0,-57.0,-55.0,-80.0,-100.0,-100.0,-69.0,-73.0,-81.0,-100.0,-100.0,-74.0,-100.0,-74.0,-74.0,-88.0,-90.0,-58.0,-56.0,-73.0,-73.0,-100.0,-100.0
2025:01:21:13:03:03,RP16,A,SM-S908E,2212343.0,29,-91.4839763428882,-42.0,24.0,validation,-78.0,-100.0,-89.0,-74.0,-61.0,-79.0,-77.0,-100.0,-77.0,-81.0,-64.0,-68.0,-78.0,-100.0,-55.0,-57.0,-77.0,-100.0,-91.0,-74.0,-61.0,-80.0,-78.0,-100.0,-78.0,-81.0,-64.0,-68.0,-100.0,-100.0,-55.0,-57.0,-70.0,-70.0,-72.0,-72.0
2025:01:21:13:12:19,RP16,A,SM-S908E,2212343.0,34,-163.89874842992054,-42.0,24.0,validation,-72.0,-84.0,-81.0,-62.0,-69.0,-74.0,-74.0,-100.0,-80.0,-82.0,-70.0,-69.0,-76.0,-88.0,-54.0,-53.0,-73.0,-84.0,-81.0,-62.0,-69.0,-74.0,-74.0,-100.0,-80.0,-83.0,-70.0,-69.0,-76.0,-88.0,-54.0,-53.0,-61.0,-61.0,-69.0,-69.0
B0906,RP16,B,CTK45-dot-B,,26,,-42.0,24.0,validation,-78.0,-86.0,-72.0,-69.0,-71.0,-81.0,-100.0,-100.0,-74.0,-100.0,-74.0,-71.0,-87.0,-100.0,-58.0,-55.0,-79.0,-86.0,-100.0,-69.0,-71.0,-81.0,-100.0,-100.0,-74.0,-100.0,-75.0,-72.0,-87.0,-100.0,-58.0,-55.0,-70.0,-70.0,-100.0,-100.0
2025:01:21:13:14:13,RP16,A,SM-S908E,2212343.0,25,-162.76008648534525,-42.0,24.0,validation,-76.0,-100.0,-100.0,-68.0,-75.0,-74.0,-76.0,-100.0,-100.0,-85.0,-74.0,-72.0,-82.0,-100.0,-56.0,-59.0,-76.0,-100.0,-100.0,-68.0,-75.0,-74.0,-76.0,-100.0,-100.0,-86.0,-75.0,-72.0,-100.0,-100.0,-56.0,-59.0,-70.0,-69.0,-72.0,-72.0
B0933,RP16,B,CTK45-dot-B,,29,,-42.0,24.0,test,-78.0,-79.0,-81.0,-52.0,-54.0,-66.0,-66.0,-100.0,-59.0,-63.0,-68.0,-66.0,-100.0,-78.0,-100.0,-61.0,-78.0,-79.0,-81.0,-52.0,-55.0,-66.0,-66.0,-100.0,-59.0,-63.0,-68.0,-66.0,-72.0,-78.0,-100.0,-61.0,-100.0,-100.0,-61.0,-61.0
2025:01:21:13:08:08,RP16,A,SM-S908E,2212343.0,28,-35.488098838213496,-42.0,24.0,test,-77.0,-84.0,-100.0,-71.0,-68.0,-79.0,-75.0,-100.0,-78.0,-100.0,-70.0,-65.0,-79.0,-100.0,-54.0,-59.0,-77.0,-84.0,-100.0,-71.0,-68.0,-80.0,-75.0,-100.0,-77.0,-100.0,-70.0,-65.0,-80.0,-100.0,-54.0,-59.0,-66.0,-66.0,-75.0,-75.0
B0935,RP16,B,CTK45-dot-B,,33,,-42.0,24.0,test,-77.0,-83.0,-85.0,-79.0,-65.0,-75.0,-78.0,-90.0,-77.0,-80.0,-71.0,-72.0,-84.0,-81.0,-60.0,-65.0,-100.0,-82.0,-84.0,-75.0,-65.0,-76.0,-78.0,-91.0,-78.0,-80.0,-100.0,-72.0,-100.0,-82.0,-60.0,-65.0,-58.0,-56.0,-59.0,-59.0
2025:01:21:13:14:57,RP16,A,SM-S908E,2212343.0,28,-163.16614167475447,-42.0,24.0,test,-74.0,-100.0,-100.0,-66.0,-75.0,-74.0,-78.0,-100.0,-79.0,-83.0,-71.0,-74.0,-83.0,-100.0,-59.0,-58.0,-74.0,-100.0,-100.0,-66.0,-75.0,-77.0,-78.0,-100.0,-78.0,-83.0,-70.0,-74.0,-83.0,-100.0,-58.0,-58.0,-70.0,-70.0,-71.0,-71.0
B0927,RP16,B,CTK45-dot-B,,28,,-42.0,24.0,test,-83.0,-88.0,-100.0,-74.0,-81.0,-81.0,-100.0,-91.0,-68.0,-78.0,-64.0,-68.0,-100.0,-100.0,-67.0,-66.0,-90.0,-87.0,-87.0,-75.0,-81.0,-81.0,-100.0,-94.0,-70.0,-78.0,-65.0,-68.0,-100.0,-100.0,-100.0,-66.0,-67.0,-67.0,-63.0,-72.0
B0910,RP16,B,CTK45-dot-B,,31,,-42.0,24.0,test,-70.0,-81.0,-81.0,-63.0,-66.0,-70.0,-100.0,-100.0,-80.0,-76.0,-68.0,-67.0,-76.0,-100.0,-55.0,-58.0,-70.0,-81.0,-81.0,-63.0,-66.0,-71.0,-100.0,-100.0,-80.0,-77.0,-69.0,-67.0,-77.0,-100.0,-56.0,-58.0,-64.0,-64.0,-100.0,-100.0
B0918,RP16,B,CTK45-dot-B,,21,,-42.0,24.0,test,-74.0,-91.0,-100.0,-77.0,-100.0,-78.0,-100.0,-89.0,-77.0,-100.0,-68.0,-100.0,-100.0,-100.0,-52.0,-70.0,-72.0,-92.0,-100.0,-76.0,-100.0,-86.0,-100.0,-89.0,-76.0,-100.0,-67.0,-100.0,-94.0,-100.0,-51.0,-69.0,-61.0,-62.0,-100.0,-100.0
B0912,RP16,B,CTK45-dot-B,,22,,-42.0,24.0,test,-74.0,-74.0,-75.0,-63.0,-100.0,-69.0,-100.0,-86.0,-70.0,-100.0,-55.0,-100.0,-71.0,-100.0,-100.0,-55.0,-73.0,-74.0,-75.0,-62.0,-100.0,-70.0,-100.0,-90.0,-70.0,-100.0,-55.0,-100.0,-70.0,-100.0,-100.0,-55.0,-63.0,-63.0,-100.0,-100.0
B0919,RP16,B,CTK45-dot-B,,26,,-42.0,24.0,test,-73.0,-80.0,-92.0,-69.0,-100.0,-80.0,-100.0,-98.0,-93.0,-100.0,-56.0,-100.0,-76.0,-100.0,-49.0,-60.0,-76.0,-80.0,-85.0,-68.0,-100.0,-100.0,-100.0,-93.0,-100.0,-100.0,-56.0,-100.0,-75.0,-100.0,-49.0,-60.0,-67.0,-66.0,-100.0,-100.0
B0949,RP16,B,CTK45-dot-B,,29,,-42.0,24.0,test,-77.0,-78.0,-82.0,-76.0,-71.0,-100.0,-74.0,-100.0,-100.0,-78.0,-70.0,-73.0,-83.0,-81.0,-60.0,-60.0,-76.0,-78.0,-84.0,-100.0,-71.0,-100.0,-74.0,-100.0,-100.0,-77.0,-70.0,-72.0,-82.0,-81.0,-61.0,-58.0,-55.0,-57.0,-65.0,-65.0
B0938,RP16,B,CTK45-dot-B,,32,,-42.0,24.0,test,-79.0,-82.0,-82.0,-76.0,-65.0,-78.0,-77.0,-93.0,-78.0,-76.0,-100.0,-69.0,-100.0,-100.0,-59.0,-60.0,-78.0,-82.0,-100.0,-76.0,-65.0,-77.0,-77.0,-91.0,-78.0,-76.0,-70.0,-69.0,-100.0,-100.0,-59.0,-62.0,-57.0,-55.0,-59.0,-59.0
2025:01:21:13:06:58,RP16,A,SM-S908E,2212343.0,30,-35.56631502570019,-42.0,24.0,test,-77.0,-83.0,-100.0,-68.0,-68.0,-77.0,-77.0,-100.0,-80.0,-82.0,-69.0,-70.0,-100.0,-100.0,-54.0,-60.0,-77.0,-83.0,-85.0,-68.0,-69.0,-78.0,-77.0,-100.0,-80.0,-82.0,-69.0,-70.0,-100.0,-100.0,-53.0,-61.0,-68.0,-68.0,-74.0,-74.0
2025:01:24:10:21:42,RP17,A,SM-S908E,2212343.0,35,-91.38824655447775,42.0,24.0,train,-76.0,-100.0,-100.0,-72.0,-70.0,-67.0,-70.0,-65.0,-64.0,-59.0,-65.0,-64.0,-72.0,-75.0,-77.0,-83.0,-77.0,-100.0,-100.0,-72.0,-70.0,-67.0,-70.0,-65.0,-63.0,-59.0,-65.0,-64.0,-71.0,-75.0,-77.0,-84.0,-100.0,-69.0,-73.0,-73.0
2025:01:24:10:26:09,RP17,A,SM-S908E,2212343.0,37,-36.86294143439305,42.0,24.0,train,-73.0,-85.0,-84.0,-71.0,-80.0,-71.0,-69.0,-68.0,-66.0,-62.0,-58.0,-66.0,-75.0,-71.0,-100.0,-82.0,-73.0,-85.0,-84.0,-71.0,-80.0,-70.0,-69.0,-68.0,-67.0,-62.0,-58.0,-66.0,-76.0,-71.0,-100.0,-83.0,-69.0,-68.0,-79.0,-79.0
B0992,RP17,B,CTK45-dot-B,,35,,42.0,24.0,train,-76.0,-100.0,-87.0,-68.0,-71.0,-65.0,-100.0,-64.0,-63.0,-64.0,-100.0,-55.0,-68.0,-74.0,-66.0,-69.0,-100.0,-100.0,-89.0,-71.0,-70.0,-66.0,-100.0,-63.0,-63.0,-65.0,-49.0,-55.0,-100.0,-74.0,-66.0,-69.0,-76.0,-76.0,-79.0,-79.0
B0978,RP17,B,CTK45-dot-B,,37,,42.0,24.0,train,-84.0,-85.0,-77.0,-78.0,-73.0,-65.0,-72.0,-73.0,-60.0,-61.0,-49.0,-49.0,-100.0,-76.0,-60.0,-61.0,-83.0,-86.0,-77.0,-78.0,-72.0,-100.0,-72.0,-74.0,-61.0,-61.0,-49.0,-49.0,-100.0,-77.0,-60.0,-61.0,-80.0,-79.0,-74.0,-75.0
B0986,RP17,B,CTK45-dot-B,,22,,42.0,24.0,train,-79.0,-92.0,-100.0,-100.0,-68.0,-66.0,-100.0,-76.0,-69.0,-64.0,-100.0,-63.0,-100.0,-72.0,-100.0,-76.0,-79.0,-93.0,-100.0,-100.0,-68.0,-66.0,-100.0,-76.0,-68.0,-64.0,-100.0,-63.0,-100.0,-73.0,-100.0,-76.0,-100.0,-100.0,-100.0,-100.0
2025:01:24:10:29:27,RP17,A,SM-S908E,2212343.0,36,27.926722676712668,42.0,24.0,train,-72.0,-100.0,-86.0,-74.0,-74.0,-69.0,-75.0,-66.0,-68.0,-68.0,-66.0,-63.0,-73.0,-76.0,-78.0,-88.0,-72.0,-100.0,-100.0,-74.0,-74.0,-69.0,-75.0,-66.0,-68.0,-68.0,-66.0,-63.0,-73.0,-76.0,-78.0,-89.0,-72.0,-72.0,-76.0,-74.0
B1004,RP17,B,CTK45-dot-B,,26,,42.0,24.0,train,-66.0,-86.0,-100.0,-69.0,-100.0,-65.0,-100.0,-61.0,-57.0,-100.0,-55.0,-100.0,-63.0,-100.0,-56.0,-68.0,-65.0,-87.0,-100.0,-71.0,-100.0,-66.0,-100.0,-62.0,-57.0,-100.0,-55.0,-100.0,-63.0,-100.0,-56.0,-68.0,-76.0,-76.0,-100.0,-100.0
B0959,RP17,B,CTK45-dot-B,,35,,42.0,24.0,train,-70.0,-74.0,-72.0,-69.0,-59.0,-64.0,-100.0,-60.0,-62.0,-54.0,-47.0,-52.0,-76.0,-64.0,-72.0,-66.0,-68.0,-75.0,-72.0,-66.0,-58.0,-63.0,-100.0,-60.0,-63.0,-54.0,-47.0,-52.0,-75.0,-64.0,-100.0,-66.0,-72.0,-71.0,-100.0,-100.0
B0964,RP17,B,CTK45-dot-B,,33,,42.0,24.0,train,-100.0,-90.0,-75.0,-100.0,-73.0,-63.0,-72.0,-71.0,-64.0,-61.0,-48.0,-49.0,-71.0,-72.0,-60.0,-62.0,-100.0,-89.0,-100.0,-100.0,-73.0,-63.0,-71.0,-71.0,-65.0,-59.0,-48.0,-49.0,-100.0,-72.0,-61.0,-62.0,-78.0,-77.0,-74.0,-74.0
B0989,RP17,B,CTK45-dot-B,,26,,42.0,24.0,train,-75.0,-85.0,-81.0,-67.0,-100.0,-71.0,-100.0,-64.0,-65.0,-100.0,-46.0,-100.0,-66.0,-100.0,-59.0,-76.0,-68.0,-84.0,-83.0,-62.0,-100.0,-72.0,-100.0,-65.0,-65.0,-100.0,-45.0,-100.0,-65.0,-100.0,-60.0,-76.0,-81.0,-80.0,-100.0,-100.0
B0966,RP17,B,CTK45-dot-B,,32,,42.0,24.0,train,-77.0,-86.0,-74.0,-73.0,-67.0,-64.0,-67.0,-70.0,-100.0,-58.0,-49.0,-50.0,-72.0,-70.0,-59.0,-61.0,-100.0,-86.0,-100.0,-100.0,-67.0,-100.0,-66.0,-71.0,-100.0,-59.0,-49.0,-50.0,-100.0,-70.0,-60.0,-61.0,-78.0,-100.0,-76.0,-75.0
B0973,RP17,B,CTK45-dot-B,,32,,42.0,24.0,train,-76.0,-88.0,-76.0,-77.0,-70.0,-68.0,-69.0,-100.0,-65.0,-59.0,-47.0,-50.0,-70.0,-73.0,-60.0,-62.0,-78.0,-88.0,-77.0,-100.0,-70.0,-100.0,-70.0,-100.0,-64.0,-58.0,-100.0,-50.0,-100.0,-73.0,-59.0,-62.0,-100.0,-100.0,-75.0,-75.0
B0972,RP17,B,CTK45-dot-B,,40,,42.0,24.0,train,-81.0,-87.0,-73.0,-74.0,-69.0,-65.0,-68.0,-71.0,-60.0,-59.0,-49.0,-50.0,-71.0,-73.0,-59.0,-60.0,-83.0,-87.0,-77.0,-74.0,-69.0,-66.0,-68.0,-70.0,-60.0,-59.0,-48.0,-50.0,-71.0,-73.0,-60.0,-60.0,-78.0,-78.0,-75.0,-75.0
B1002,RP17,B,CTK45-dot-B,,22,,42.0,24.0,train,-100.0,-83.0,-81.0,-71.0,-100.0,-100.0,-100.0,-73.0,-70.0,-100.0,-48.0,-100.0,-76.0,-100.0,-60.0,-69.0,-75.0,-83.0,-81.0,-71.0,-100.0,-62.0,-100.0,-73.0,-70.0,-100.0,-50.0,-100.0,-100.0,-100.0,-59.0,-69.0,-71.0,-70.0,-100.0,-100.0
B1009,RP17,B,CTK45-dot-B,,33,,42.0,24.0,train,-79.0,-88.0,-100.0,-100.0,-67.0,-62.0,-67.0,-71.0,-100.0,-58.0,-50.0,-50.0,-71.0,-71.0,-59.0,-62.0,-79.0,-88.0,-100.0,-100.0,-68.0,-100.0,-67.0,-71.0,-100.0,-58.0,-50.0,-50.0,-70.0,-71.0,-60.0,-62.0,-73.0,-74.0,-75.0,-75.0
2025:01:24:10:30:12,RP17,A,SM-S908E,2212343.0,40,-157.5043217122984,42.0,24.0,train,-70.0,-80.0,-75.0,-69.0,-78.0,-67.0,-75.0,-64.0,-66.0,-60.0,-62.0,-63.0,-69.0,-74.0,-78.0,-84.0,-70.0,-80.0,-76.0,-75.0,-77.0,-67.0,-75.0,-64.0,-66.0,-61.0,-62.0,-63.0,-70.0,-74.0,-78.0,-83.0,-74.0,-74.0,-74.0,-74.0
2025:01:24:10:23:35,RP17,A,SM-S908E,2212343.0,39,-36.85152410440948,42.0,24.0,train,-73.0,-84.0,-85.0,-72.0,-78.0,-69.0,-65.0,-69.0,-68.0,-60.0,-63.0,-61.0,-73.0,-73.0,-80.0,-81.0,-73.0,-84.0,-85.0,-72.0,-78.0,-69.0,-65.0,-69.0,-68.0,-60.0,-64.0,-61.0,-73.0,-73.0,-80.0,-81.0,-69.0,-69.0,-78.0,-78.0
B0962,RP17,B,CTK45-dot-B,,30,,42.0,24.0,train,-76.0,-79.0,-100.0,-70.0,-69.0,-63.0,-100.0,-71.0,-61.0,-60.0,-48.0,-52.0,-65.0,-74.0,-63.0,-71.0,-76.0,-79.0,-100.0,-70.0,-69.0,-64.0,-100.0,-71.0,-62.0,-60.0,-49.0,-53.0,-66.0,-74.0,-64.0,-71.0,-100.0,-100.0,-100.0,-100.0
B1005,RP17,B,CTK45-dot-B,,35,,42.0,24.0,train,-69.0,-87.0,-100.0,-63.0,-73.0,-59.0,-69.0,-59.0,-65.0,-58.0,-45.0,-49.0,-68.0,-74.0,-58.0,-72.0,-71.0,-86.0,-100.0,-63.0,-72.0,-59.0,-69.0,-59.0,-66.0,-58.0,-45.0,-53.0,-100.0,-73.0,-66.0,-72.0,-67.0,-100.0,-72.0,-71.0
B0952,RP17,B,CTK45-dot-B,,25,,42.0,24.0,train,-100.0,-74.0,-76.0,-65.0,-57.0,-64.0,-58.0,-100.0,-55.0,-54.0,-50.0,-52.0,-100.0,-69.0,-100.0,-64.0,-100.0,-74.0,-76.0,-64.0,-57.0,-63.0,-58.0,-100.0,-56.0,-55.0,-51.0,-52.0,-100.0,-69.0,-100.0,-63.0,-100.0,-100.0,-100.0,-100.0
2025:01:24:10:28:05,RP17,A,SM-S908E,2212343.0,35,30.557835972242835,42.0,24.0,train,-74.0,-84.0,-100.0,-74.0,-77.0,-68.0,-68.0,-69.0,-65.0,-70.0,-66.0,-60.0,-73.0,-74.0,-77.0,-100.0,-75.0,-84.0,-83.0,-74.0,-79.0,-68.0,-68.0,-68.0,-66.0,-69.0,-66.0,-60.0,-74.0,-74.0,-76.0,-100.0,-69.0,-69.0,-74.0,-74.0
B0958,RP17,B,CTK45-dot-B,,41,,42.0,24.0,train,-70.0,-74.0,-72.0,-69.0,-59.0,-64.0,-58.0,-60.0,-62.0,-54.0,-47.0,-52.0,-76.0,-64.0,-72.0,-66.0,-68.0,-75.0,-72.0,-66.0,-58.0,-63.0,-58.0,-60.0,-63.0,-54.0,-47.0,-52.0,-75.0,-64.0,-74.0,-66.0,-72.0,-71.0,-100.0,-100.0
B1001,RP17,B,CTK45-dot-B,,24,,42.0,24.0,train,-78.0,-83.0,-81.0,-68.0,-100.0,-62.0,-100.0,-66.0,-57.0,-100.0,-45.0,-100.0,-63.0,-100.0,-76.0,-61.0,-76.0,-84.0,-100.0,-67.0,-100.0,-61.0,-100.0,-66.0,-57.0,-100.0,-46.0,-100.0,-63.0,-100.0,-76.0,-62.0,-100.0,-100.0,-100.0,-100.0
B0979,RP17,B,CTK45-dot-B,,37,,42.0,24.0,train,-73.0,-83.0,-82.0,-68.0,-73.0,-62.0,-68.0,-64.0,-62.0,-59.0,-51.0,-50.0,-78.0,-100.0,-62.0,-70.0,-72.0,-82.0,-81.0,-68.0,-73.0,-62.0,-68.0,-65.0,-62.0,-52.0,-52.0,-49.0,-79.0,-73.0,-62.0,-70.0,-100.0,-100.0,-74.0,-74.0
2025:01:24:10:24:54,RP17,A,SM-S908E,2212343.0,38,-37.59232243717254,42.0,24.0,train,-69.0,-83.0,-82.0,-71.0,-78.0,-70.0,-68.0,-67.0,-68.0,-64.0,-57.0,-61.0,-75.0,-71.0,-80.0,-82.0,-72.0,-84.0,-80.0,-71.0,-78.0,-70.0,-68.0,-67.0,-68.0,-63.0,-57.0,-61.0,-75.0,-71.0,-80.0,-83.0,-70.0,-70.0,-78.0,-78.0
B1006,RP17,B,CTK45-dot-B,,22,,42.0,24.0,train,-68.0,-90.0,-79.0,-100.0,-100.0,-77.0,-100.0,-65.0,-58.0,-100.0,-46.0,-100.0,-62.0,-100.0,-57.0,-70.0,-66.0,-89.0,-79.0,-87.0,-100.0,-70.0,-100.0,-100.0,-58.0,-100.0,-45.0,-100.0,-63.0,-100.0,-57.0,-70.0,-80.0,-80.0,-100.0,-100.0
B0980,RP17,B,CTK45-dot-B,,35,,42.0,24.0,train,-79.0,-88.0,-74.0,-77.0,-69.0,-100.0,-68.0,-70.0,-100.0,-59.0,-49.0,-51.0,-70.0,-72.0,-59.0,-63.0,-78.0,-88.0,-74.0,-77.0,-69.0,-100.0,-67.0,-70.0,-100.0,-59.0,-49.0,-51.0,-76.0,-70.0,-60.0,-63.0,-77.0,-100.0,-76.0,-76.0
B0991,RP17,B,CTK45-dot-B,,24,,42.0,24.0,train,-68.0,-90.0,-80.0,-74.0,-100.0,-79.0,-100.0,-78.0,-65.0,-100.0,-61.0,-100.0,-63.0,-100.0,-59.0,-74.0,-66.0,-91.0,-82.0,-100.0,-100.0,-69.0,-100.0,-100.0,-65.0,-100.0,-60.0,-100.0,-63.0,-100.0,-59.0,-74.0,-68.0,-67.0,-100.0,-100.0
B0994,RP17,B,CTK45-dot-B,,24,,42.0,24.0,train,-100.0,-85.0,-79.0,-64.0,-100.0,-68.0,-100.0,-67.0,-52.0,-100.0,-42.0,-100.0,-63.0,-100.0,-57.0,-64.0,-66.0,-85.0,-100.0,-66.0,-100.0,-69.0,-100.0,-69.0,-53.0,-100.0,-43.0,-100.0,-64.0,-100.0,-64.0,-64.0,-76.0,-75.0,-100.0,-100.0
2025:01:24:10:26:43,RP17,A,SM-S908E,2212343.0,36,28.490397409646782,42.0,24.0,train,-74.0,-84.0,-83.0,-70.0,-80.0,-70.0,-71.0,-69.0,-67.0,-61.0,-58.0,-70.0,-75.0,-72.0,-81.0,-82.0,-74.0,-84.0,-82.0,-70.0,-79.0,-70.0,-71.0,-70.0,-66.0,-61.0,-58.0,-70.0,-75.0,-72.0,-80.0,-82.0,-70.0,-70.0,-100.0,-100.0
B0988,RP17,B,CTK45-dot-B,,34,,42.0,24.0,train,-69.0,-89.0,-100.0,-75.0,-67.0,-65.0,-74.0,-66.0,-66.0,-59.0,-61.0,-60.0,-76.0,-68.0,-78.0,-81.0,-70.0,-90.0,-100.0,-73.0,-68.0,-65.0,-73.0,-66.0,-66.0,-59.0,-62.0,-60.0,-72.0,-68.0,-77.0,-81.0,-80.0,-79.0,-100.0,-100.0
B0957,RP17,B,CTK45-dot-B,,37,,42.0,24.0,train,-100.0,-75.0,-63.0,-60.0,-59.0,-68.0,-100.0,-74.0,-59.0,-49.0,-43.0,-47.0,-62.0,-64.0,-64.0,-71.0,-100.0,-75.0,-100.0,-60.0,-59.0,-69.0,-100.0,-73.0,-59.0,-50.0,-43.0,-47.0,-62.0,-64.0,-64.0,-71.0,-62.0,-62.0,-100.0,-100.0
B0977,RP17,B,CTK45-dot-B,,26,,42.0,24.0,train,-100.0,-86.0,-100.0,-100.0,-71.0,-100.0,-73.0,-76.0,-100.0,-60.0,-50.0,-49.0,-74.0,-77.0,-59.0,-61.0,-100.0,-85.0,-100.0,-100.0,-70.0,-100.0,-73.0,-76.0,-100.0,-60.0,-100.0,-49.0,-100.0,-76.0,-100.0,-61.0,-80.0,-80.0,-77.0,-76.0
B0982,RP17,B,CTK45-dot-B,,32,,42.0,24.0,train,-77.0,-85.0,-100.0,-80.0,-73.0,-72.0,-100.0,-84.0,-80.0,-65.0,-58.0,-59.0,-86.0,-76.0,-70.0,-76.0,-76.0,-85.0,-100.0,-80.0,-74.0,-72.0,-100.0,-83.0,-81.0,-66.0,-58.0,-59.0,-86.0,-76.0,-70.0,-76.0,-86.0,-86.0,-100.0,-100.0
2025:01:24:10:30:52,RP17,A,SM-S908E,2212343.0,38,-155.86248250246126,42.0,24.0,train,-79.0,-82.0,-82.0,-78.0,-72.0,-71.0,-71.0,-68.0,-65.0,-56.0,-61.0,-63.0,-74.0,-78.0,-81.0,-80.0,-79.0,-82.0,-83.0,-78.0,-72.0,-71.0,-71.0,-68.0,-64.0,-55.0,-61.0,-63.0,-74.0,-78.0,-81.0,-80.0,-76.0,-75.0,-77.0,-77.0
B0954,RP17,B,CTK45-dot-B,,36,,42.0,24.0,train,-61.0,-77.0,-67.0,-57.0,-53.0,-65.0,-100.0,-63.0,-57.0,-56.0,-51.0,-51.0,-58.0,-68.0,-69.0,-75.0,-62.0,-77.0,-67.0,-66.0,-53.0,-64.0,-100.0,-63.0,-57.0,-57.0,-51.0,-51.0,-59.0,-68.0,-69.0,-75.0,-65.0,-65.0,-100.0,-100.0
2025:01:24:10:24:10,RP17,A,SM-S908E,2212343.0,33,-37.809779400989726,42.0,24.0,train,-72.0,-83.0,-100.0,-71.0,-81.0,-71.0,-68.0,-67.0,-67.0,-63.0,-58.0,-61.0,-74.0,-71.0,-100.0,-85.0,-72.0,-83.0,-100.0,-71.0,-81.0,-71.0,-68.0,-67.0,-67.0,-64.0,-58.0,-61.0,-74.0,-71.0,-100.0,-85.0,-70.0,-70.0,-78.0,-78.0
2025:01:24:10:19:36,RP17,A,SM-S908E,2212343.0,36,-92.21900097994973,42.0,24.0,train,-82.0,-100.0,-100.0,-66.0,-75.0,-65.0,-65.0,-75.0,-60.0,-64.0,-54.0,-42.0,-70.0,-79.0,-69.0,-67.0,-83.0,-89.0,-100.0,-66.0,-75.0,-65.0,-65.0,-75.0,-60.0,-64.0,-54.0,-42.0,-100.0,-79.0,-70.0,-67.0,-100.0,-70.0,-79.0,-79.0
B0983,RP17,B,CTK45-dot-B,,28,,42.0,24.0,train,-100.0,-85.0,-100.0,-78.0,-72.0,-72.0,-100.0,-80.0,-76.0,-66.0,-57.0,-59.0,-82.0,-77.0,-70.0,-73.0,-100.0,-85.0,-100.0,-78.0,-73.0,-71.0,-100.0,-83.0,-77.0,-65.0,-57.0,-59.0,-82.0,-77.0,-70.0,-73.0,-100.0,-100.0,-100.0,-100.0
B0960,RP17,B,CTK45-dot-B,,31,,42.0,24.0,train,-100.0,-72.0,-100.0,-63.0,-60.0,-67.0,-100.0,-63.0,-54.0,-49.0,-45.0,-58.0,-68.0,-65.0,-72.0,-62.0,-100.0,-72.0,-100.0,-63.0,-60.0,-67.0,-100.0,-63.0,-55.0,-49.0,-45.0,-57.0,-68.0,-65.0,-69.0,-62.0,-100.0,-100.0,-100.0,-100.0
B0965,RP17,B,CTK45-dot-B,,32,,42.0,24.0,train,-79.0,-89.0,-74.0,-75.0,-68.0,-100.0,-68.0,-70.0,-100.0,-57.0,-49.0,-49.0,-69.0,-71.0,-60.0,-61.0,-79.0,-89.0,-100.0,-76.0,-68.0,-100.0,-68.0,-71.0,-100.0,-57.0,-100.0,-50.0,-70.0,-71.0,-59.0,-61.0,-100.0,-100.0,-75.0,-75.0
2025:01:24:10:21:09,RP17,A,SM-S908E,2212343.0,41,-91.14419518164178,42.0,24.0,train,-77.0,-86.0,-85.0,-71.0,-71.0,-67.0,-68.0,-65.0,-62.0,-59.0,-59.0,-64.0,-72.0,-74.0,-77.0,-83.0,-77.0,-86.0,-100.0,-71.0,-71.0,-67.0,-68.0,-65.0,-62.0,-59.0,-59.0,-64.0,-73.0,-74.0,-100.0,-83.0,-69.0,-69.0,-74.0,-74.0
B0997,RP17,B,CTK45-dot-B,,24,,42.0,24.0,train,-67.0,-91.0,-88.0,-69.0,-100.0,-70.0,-100.0,-65.0,-66.0,-100.0,-56.0,-100.0,-63.0,-100.0,-58.0,-69.0,-65.0,-91.0,-87.0,-69.0,-100.0,-71.0,-100.0,-67.0,-70.0,-100.0,-57.0,-100.0,-71.0,-100.0,-59.0,-69.0,-72.0,-69.0,-100.0,-100.0
B0993,RP17,B,CTK45-dot-B,,23,,42.0,24.0,train,-58.0,-86.0,-75.0,-63.0,-100.0,-60.0,-100.0,-65.0,-53.0,-100.0,-48.0,-100.0,-58.0,-100.0,-68.0,-74.0,-59.0,-86.0,-77.0,-63.0,-100.0,-61.0,-100.0,-64.0,-53.0,-100.0,-50.0,-100.0,-59.0,-100.0,-66.0,-74.0,-70.0,-100.0,-100.0,-100.0
2025:01:24:10:32:05,RP17,A,SM-S908E,2212343.0,33,-154.34723258788034,42.0,24.0,train,-80.0,-85.0,-100.0,-76.0,-78.0,-76.0,-73.0,-69.0,-68.0,-62.0,-66.0,-71.0,-75.0,-100.0,-100.0,-80.0,-80.0,-85.0,-100.0,-77.0,-78.0,-76.0,-73.0,-69.0,-68.0,-63.0,-66.0,-71.0,-74.0,-80.0,-100.0,-80.0,-78.0,-77.0,-78.0,-76.0
B1000,RP17,B,CTK45-dot-B,,38,,42.0,24.0,train,-70.0,-85.0,-73.0,-69.0,-70.0,-63.0,-100.0,-68.0,-60.0,-60.0,-46.0,-51.0,-66.0,-74.0,-67.0,-75.0,-76.0,-85.0,-73.0,-69.0,-70.0,-62.0,-100.0,-68.0,-60.0,-60.0,-47.0,-51.0,-65.0,-74.0,-66.0,-75.0,-81.0,-100.0,-100.0,-100.0
B1008,RP17,B,CTK45-dot-B,,34,,42.0,24.0,train,-100.0,-90.0,-74.0,-69.0,-100.0,-72.0,-70.0,-69.0,-68.0,-66.0,-45.0,-56.0,-100.0,-77.0,-65.0,-73.0,-100.0,-91.0,-75.0,-69.0,-100.0,-71.0,-70.0,-100.0,-61.0,-66.0,-44.0,-63.0,-100.0,-77.0,-65.0,-73.0,-80.0,-81.0,-80.0,-79.0
B0981,RP17,B,CTK45-dot-B,,32,,42.0,24.0,train,-77.0,-85.0,-100.0,-79.0,-74.0,-71.0,-100.0,-67.0,-59.0,-64.0,-53.0,-58.0,-85.0,-73.0,-69.0,-73.0,-76.0,-85.0,-100.0,-80.0,-75.0,-69.0,-100.0,-67.0,-60.0,-65.0,-53.0,-57.0,-85.0,-74.0,-69.0,-73.0,-87.0,-87.0,-100.0,-100.0
B0963,RP17,B,CTK45-dot-B,,26,,42.0,24.0,train,-80.0,-88.0,-74.0,-100.0,-71.0,-100.0,-71.0,-100.0,-100.0,-57.0,-100.0,-49.0,-71.0,-71.0,-61.0,-61.0,-80.0,-87.0,-100.0,-100.0,-72.0,-100.0,-71.0,-100.0,-100.0,-56.0,-100.0,-49.0,-100.0,-71.0,-61.0,-61.0,-100.0,-100.0,-74.0,-74.0
B0967,RP17,B,CTK45-dot-B,,33,,42.0,24.0,train,-79.0,-88.0,-75.0,-76.0,-83.0,-100.0,-68.0,-72.0,-100.0,-58.0,-50.0,-51.0,-100.0,-70.0,-60.0,-62.0,-100.0,-88.0,-74.0,-76.0,-67.0,-100.0,-67.0,-72.0,-100.0,-56.0,-100.0,-50.0,-100.0,-70.0,-60.0,-62.0,-75.0,-76.0,-75.0,-75.0
B0987,RP17,B,CTK45-dot-B,,26,,42.0,24.0,train,-75.0,-86.0,-100.0,-78.0,-69.0,-68.0,-100.0,-100.0,-70.0,-60.0,-63.0,-65.0,-81.0,-69.0,-100.0,-77.0,-75.0,-87.0,-100.0,-75.0,-67.0,-68.0,-100.0,-100.0,-70.0,-60.0,-63.0,-64.0,-100.0,-69.0,-84.0,-76.0,-100.0,-100.0,-100.0,-100.0
B0995,RP17,B,CTK45-dot-B,,23,,42.0,24.0,train,-66.0,-86.0,-72.0,-72.0,-100.0,-69.0,-100.0,-67.0,-51.0,-100.0,-44.0,-100.0,-71.0,-100.0,-58.0,-71.0,-66.0,-86.0,-72.0,-71.0,-100.0,-68.0,-100.0,-67.0,-50.0,-100.0,-100.0,-100.0,-64.0,-100.0,-59.0,-71.0,-73.0,-76.0,-100.0,-100.0
2025:01:24:10:31:29,RP17,A,SM-S908E,2212343.0,38,-159.17881378688003,42.0,24.0,train,-80.0,-79.0,-85.0,-75.0,-77.0,-69.0,-67.0,-67.0,-61.0,-59.0,-62.0,-64.0,-75.0,-76.0,-86.0,-79.0,-81.0,-79.0,-85.0,-75.0,-77.0,-69.0,-67.0,-67.0,-62.0,-57.0,-62.0,-64.0,-75.0,-76.0,-86.0,-79.0,-77.0,-76.0,-76.0,-76.0
B0999,RP17,B,CTK45-dot-B,,16,,42.0,24.0,train,-100.0,-79.0,-100.0,-100.0,-100.0,-70.0,-100.0,-100.0,-61.0,-100.0,-56.0,-100.0,-72.0,-100.0,-100.0,-66.0,-83.0,-78.0,-100.0,-66.0,-100.0,-63.0,-100.0,-100.0,-61.0,-100.0,-64.0,-100.0,-74.0,-100.0,-100.0,-67.0,-100.0,-100.0,-100.0,-100.0
B1007,RP17,B,CTK45-dot-B,,26,,42.0,24.0,train,-63.0,-92.0,-83.0,-64.0,-100.0,-72.0,-100.0,-73.0,-62.0,-100.0,-51.0,-100.0,-73.0,-100.0,-67.0,-65.0,-66.0,-91.0,-81.0,-63.0,-100.0,-78.0,-100.0,-68.0,-62.0,-100.0,-50.0,-100.0,-80.0,-100.0,-67.0,-66.0,-76.0,-68.0,-100.0,-100.0
B0968,RP17,B,CTK45-dot-B,,36,,42.0,24.0,validation,-80.0,-85.0,-74.0,-77.0,-67.0,-100.0,-69.0,-70.0,-100.0,-60.0,-49.0,-50.0,-73.0,-72.0,-60.0,-62.0,-78.0,-86.0,-75.0,-76.0,-67.0,-100.0,-69.0,-70.0,-100.0,-60.0,-49.0,-50.0,-71.0,-72.0,-60.0,-62.0,-74.0,-77.0,-75.0,-75.0
B0985,RP17,B,CTK45-dot-B,,23,,42.0,24.0,validation,-100.0,-79.0,-100.0,-100.0,-72.0,-69.0,-78.0,-100.0,-78.0,-65.0,-68.0,-61.0,-100.0,-74.0,-100.0,-81.0,-100.0,-79.0,-100.0,-100.0,-72.0,-69.0,-78.0,-100.0,-77.0,-65.0,-68.0,-61.0,-100.0,-74.0,-100.0,-81.0,-100.0,-100.0,-100.0,-100.0
B0974,RP17,B,CTK45-dot-B,,34,,42.0,24.0,validation,-100.0,-87.0,-77.0,-76.0,-69.0,-67.0,-68.0,-74.0,-65.0,-58.0,-47.0,-50.0,-100.0,-74.0,-60.0,-62.0,-100.0,-87.0,-78.0,-77.0,-69.0,-68.0,-69.0,-74.0,-64.0,-58.0,-47.0,-49.0,-100.0,-74.0,-100.0,-62.0,-79.0,-100.0,-75.0,-75.0
B0996,RP17,B,CTK45-dot-B,,25,,42.0,24.0,validation,-64.0,-84.0,-78.0,-100.0,-100.0,-63.0,-100.0,-61.0,-59.0,-100.0,-44.0,-100.0,-72.0,-100.0,-59.0,-70.0,-64.0,-84.0,-79.0,-100.0,-100.0,-63.0,-100.0,-61.0,-58.0,-100.0,-44.0,-100.0,-65.0,-100.0,-57.0,-71.0,-74.0,-80.0,-100.0,-100.0
B0984,RP17,B,CTK45-dot-B,,24,,42.0,24.0,validation,-87.0,-100.0,-100.0,-78.0,-73.0,-100.0,-78.0,-84.0,-100.0,-66.0,-58.0,-56.0,-100.0,-76.0,-69.0,-74.0,-100.0,-100.0,-100.0,-78.0,-73.0,-100.0,-78.0,-85.0,-100.0,-66.0,-58.0,-56.0,-82.0,-76.0,-69.0,-74.0,-100.0,-100.0,-100.0,-100.0
B0961,RP17,B,CTK45-dot-B,,36,,42.0,24.0,validation,-68.0,-68.0,-87.0,-65.0,-49.0,-64.0,-75.0,-95.0,-64.0,-62.0,-73.0,-64.0,-76.0,-79.0,-68.0,-58.0,-68.0,-68.0,-88.0,-64.0,-49.0,-65.0,-75.0,-93.0,-65.0,-62.0,-72.0,-64.0,-77.0,-79.0,-51.0,-58.0,-75.0,-72.0,-64.0,-64.0
B0975,RP17,B,CTK45-dot-B,,37,,42.0,24.0,validation,-79.0,-86.0,-76.0,-73.0,-69.0,-66.0,-69.0,-71.0,-65.0,-59.0,-47.0,-49.0,-70.0,-74.0,-59.0,-61.0,-79.0,-87.0,-76.0,-73.0,-69.0,-66.0,-69.0,-71.0,-66.0,-59.0,-100.0,-50.0,-70.0,-74.0,-59.0,-61.0,-79.0,-79.0,-76.0,-76.0
B0953,RP17,B,CTK45-dot-B,,38,,42.0,24.0,validation,-61.0,-77.0,-67.0,-57.0,-53.0,-65.0,-100.0,-63.0,-57.0,-56.0,-51.0,-51.0,-58.0,-68.0,-69.0,-75.0,-62.0,-77.0,-67.0,-66.0,-53.0,-64.0,-100.0,-63.0,-57.0,-57.0,-51.0,-51.0,-59.0,-68.0,-69.0,-75.0,-65.0,-65.0,-100.0,-100.0
B0990,RP17,B,CTK45-dot-B,,40,,42.0,24.0,validation,-66.0,-83.0,-87.0,-72.0,-69.0,-100.0,-67.0,-71.0,-62.0,-60.0,-57.0,-61.0,-73.0,-71.0,-79.0,-71.0,-66.0,-84.0,-80.0,-71.0,-68.0,-100.0,-67.0,-68.0,-61.0,-72.0,-58.0,-61.0,-73.0,-72.0,-78.0,-72.0,-100.0,-72.0,-77.0,-76.0
B0955,RP17,B,CTK45-dot-B,,38,,42.0,24.0,validation,-80.0,-89.0,-81.0,-75.0,-76.0,-77.0,-100.0,-64.0,-65.0,-64.0,-46.0,-55.0,-69.0,-75.0,-63.0,-69.0,-77.0,-89.0,-81.0,-75.0,-77.0,-75.0,-100.0,-64.0,-65.0,-64.0,-48.0,-55.0,-69.0,-75.0,-63.0,-69.0,-79.0,-79.0,-100.0,-100.0
2025:01:24:10:27:26,RP17,A,SM-S908E,2212343.0,37,30.579470858586973,42.0,24.0,validation,-75.0,-79.0,-81.0,-71.0,-71.0,-65.0,-77.0,-64.0,-70.0,-65.0,-61.0,-61.0,-75.0,-72.0,-77.0,-100.0,-64.0,-79.0,-81.0,-71.0,-70.0,-66.0,-77.0,-64.0,-70.0,-65.0,-62.0,-61.0,-75.0,-72.0,-78.0,-100.0,-74.0,-73.0,-75.0,-74.0
B0956,RP17,B,CTK45-dot-B,,42,,42.0,24.0,validation,-62.0,-75.0,-63.0,-60.0,-59.0,-53.0,-58.0,-74.0,-59.0,-49.0,-43.0,-47.0,-62.0,-64.0,-64.0,-71.0,-62.0,-75.0,-67.0,-60.0,-59.0,-53.0,-58.0,-73.0,-59.0,-50.0,-43.0,-47.0,-62.0,-64.0,-64.0,-71.0,-62.0,-62.0,-100.0,-100.0
B0970,RP17,B,CTK45-dot-B,,34,,42.0,24.0,test,-79.0,-87.0,-74.0,-74.0,-71.0,-64.0,-72.0,-73.0,-61.0,-58.0,-50.0,-50.0,-71.0,-72.0,-61.0,-61.0,-80.0,-86.0,-75.0,-74.0,-71.0,-100.0,-72.0,-72.0,-100.0,-57.0,-50.0,-50.0,-71.0,-72.0,-61.0,-61.0,-100.0,-100.0,-74.0,-75.0
B1003,RP17,B,CTK45-dot-B,,31,,42.0,24.0,test,-100.0,-90.0,-79.0,-73.0,-100.0,-58.0,-71.0,-60.0,-65.0,-59.0,-43.0,-53.0,-73.0,-75.0,-63.0,-70.0,-100.0,-91.0,-79.0,-74.0,-100.0,-58.0,-71.0,-60.0,-64.0,-59.0,-46.0,-50.0,-71.0,-74.0,-63.0,-70.0,-77.0,-78.0,-100.0,-100.0
B0976,RP17,B,CTK45-dot-B,,34,,42.0,24.0,test,-81.0,-88.0,-77.0,-100.0,-69.0,-69.0,-73.0,-76.0,-63.0,-61.0,-49.0,-49.0,-100.0,-75.0,-59.0,-61.0,-100.0,-87.0,-77.0,-100.0,-70.0,-69.0,-73.0,-77.0,-63.0,-60.0,-49.0,-49.0,-100.0,-75.0,-60.0,-61.0,-80.0,-80.0,-76.0,-76.0
2025:01:24:10:28:52,RP17,A,SM-S908E,2212343.0,37,29.35037841224839,42.0,24.0,test,-74.0,-82.0,-84.0,-72.0,-78.0,-70.0,-78.0,-66.0,-68.0,-63.0,-68.0,-61.0,-73.0,-74.0,-81.0,-86.0,-71.0,-82.0,-82.0,-72.0,-78.0,-70.0,-77.0,-66.0,-68.0,-63.0,-69.0,-61.0,-74.0,-74.0,-82.0,-86.0,-73.0,-73.0,-75.0,-100.0
2025:01:24:10:25:35,RP17,A,SM-S908E,2212343.0,38,-36.77935835123937,42.0,24.0,test,-73.0,-84.0,-100.0,-70.0,-77.0,-70.0,-68.0,-69.0,-66.0,-61.0,-62.0,-57.0,-71.0,-70.0,-81.0,-83.0,-73.0,-84.0,-100.0,-71.0,-78.0,-70.0,-68.0,-69.0,-66.0,-61.0,-62.0,-57.0,-69.0,-71.0,-82.0,-84.0,-70.0,-70.0,-81.0,-81.0
B1010,RP17,B,CTK45-dot-B,,26,,42.0,24.0,test,-66.0,-91.0,-79.0,-66.0,-100.0,-75.0,-100.0,-67.0,-70.0,-100.0,-48.0,-100.0,-67.0,-100.0,-62.0,-100.0,-66.0,-90.0,-79.0,-65.0,-100.0,-74.0,-100.0,-66.0,-73.0,-100.0,-48.0,-100.0,-66.0,-100.0,-62.0,-100.0,-68.0,-65.0,-100.0,-100.0
B0998,RP17,B,CTK45-dot-B,,32,,42.0,24.0,test,-73.0,-82.0,-71.0,-72.0,-57.0,-100.0,-68.0,-100.0,-100.0,-51.0,-50.0,-47.0,-74.0,-69.0,-62.0,-64.0,-76.0,-82.0,-71.0,-73.0,-57.0,-100.0,-68.0,-100.0,-100.0,-51.0,-49.0,-48.0,-72.0,-70.0,-100.0,-64.0,-75.0,-100.0,-68.0,-68.0
2025:01:24:10:32:40,RP17,A,SM-S908E,2212343.0,34,-157.27172949536504,42.0,24.0,test,-80.0,-85.0,-86.0,-77.0,-77.0,-72.0,-69.0,-69.0,-67.0,-61.0,-100.0,-65.0,-75.0,-81.0,-82.0,-79.0,-79.0,-86.0,-82.0,-77.0,-79.0,-72.0,-69.0,-71.0,-67.0,-61.0,-100.0,-65.0,-75.0,-81.0,-82.0,-79.0,-100.0,-100.0,-74.0,-75.0
B0971,RP17,B,CTK45-dot-B,,31,,42.0,24.0,test,-100.0,-87.0,-74.0,-76.0,-69.0,-67.0,-67.0,-72.0,-60.0,-61.0,-49.0,-49.0,-100.0,-72.0,-60.0,-60.0,-79.0,-87.0,-100.0,-75.0,-70.0,-66.0,-67.0,-100.0,-60.0,-60.0,-49.0,-50.0,-100.0,-72.0,-61.0,-60.0,-79.0,-77.0,-76.0,-77.0
2025:01:24:10:22:22,RP17,A,SM-S908E,2212343.0,38,-91.60405683759171,42.0,24.0,test,-74.0,-84.0,-83.0,-73.0,-70.0,-66.0,-67.0,-62.0,-60.0,-62.0,-60.0,-56.0,-71.0,-77.0,-75.0,-78.0,-75.0,-84.0,-82.0,-74.0,-72.0,-66.0,-67.0,-63.0,-61.0,-62.0,-60.0,-56.0,-63.0,-77.0,-75.0,-78.0,-71.0,-71.0,-72.0,-72.0
B0969,RP17,B,CTK45-dot-B,,29,,42.0,24.0,test,-100.0,-86.0,-74.0,-73.0,-71.0,-100.0,-71.0,-100.0,-100.0,-59.0,-50.0,-49.0,-100.0,-72.0,-61.0,-61.0,-100.0,-85.0,-100.0,-74.0,-71.0,-100.0,-71.0,-100.0,-100.0,-58.0,-50.0,-49.0,-100.0,-73.0,-61.0,-62.0,-74.0,-100.0,-75.0,-75.0
2025:01:24:10:20:13,RP17,A,SM-S908E,2212343.0,38,-91.38602347823263,42.0,24.0,test,-78.0,-83.0,-100.0,-73.0,-71.0,-64.0,-70.0,-63.0,-61.0,-64.0,-60.0,-60.0,-71.0,-75.0,-75.0,-82.0,-78.0,-83.0,-100.0,-73.0,-72.0,-64.0,-70.0,-64.0,-61.0,-64.0,-60.0,-60.0,-71.0,-75.0,-76.0,-81.0,-100.0,-100.0,-75.0,-74.0
2025:01:21:12:00:38,RP18,A,SM-S908E,2212343.0,32,118.760342647757,-13.0,33.0,train,-71.0,-80.0,-100.0,-63.0,-71.0,-67.0,-69.0,-85.0,-73.0,-73.0,-60.0,-66.0,-75.0,-100.0,-55.0,-63.0,-71.0,-81.0,-100.0,-63.0,-71.0,-67.0,-69.0,-85.0,-74.0,-74.0,-60.0,-66.0,-75.0,-100.0,-55.0,-62.0,-59.0,-59.0,-67.0,-67.0
B1020,RP18,B,CTK45-dot-B,,36,,-13.0,33.0,train,-77.0,-79.0,-87.0,-68.0,-65.0,-72.0,-73.0,-90.0,-79.0,-74.0,-56.0,-68.0,-79.0,-83.0,-60.0,-60.0,-77.0,-79.0,-87.0,-69.0,-66.0,-72.0,-73.0,-93.0,-79.0,-74.0,-57.0,-69.0,-78.0,-82.0,-60.0,-60.0,-65.0,-64.0,-60.0,-61.0
B1066,RP18,B,CTK45-dot-B,,24,,-13.0,33.0,train,-73.0,-100.0,-88.0,-69.0,-100.0,-71.0,-100.0,-92.0,-70.0,-100.0,-73.0,-100.0,-83.0,-100.0,-43.0,-62.0,-75.0,-100.0,-100.0,-70.0,-100.0,-72.0,-100.0,-93.0,-70.0,-100.0,-72.0,-100.0,-85.0,-100.0,-42.0,-62.0,-56.0,-55.0,-100.0,-100.0
2025:01:21:12:04:05,RP18,A,SM-S908E,2212343.0,33,118.6271643378568,-13.0,33.0,train,-79.0,-80.0,-78.0,-60.0,-69.0,-75.0,-70.0,-100.0,-75.0,-80.0,-72.0,-72.0,-80.0,-84.0,-59.0,-61.0,-79.0,-80.0,-77.0,-60.0,-69.0,-76.0,-70.0,-100.0,-79.0,-80.0,-72.0,-72.0,-81.0,-84.0,-60.0,-60.0,-64.0,-100.0,-62.0,-61.0
B1021,RP18,B,CTK45-dot-B,,27,,-13.0,33.0,train,-76.0,-78.0,-100.0,-70.0,-65.0,-72.0,-67.0,-100.0,-76.0,-75.0,-61.0,-69.0,-80.0,-82.0,-61.0,-61.0,-76.0,-77.0,-100.0,-100.0,-65.0,-100.0,-67.0,-100.0,-100.0,-75.0,-62.0,-69.0,-80.0,-82.0,-62.0,-61.0,-100.0,-100.0,-58.0,-58.0
2025:01:21:12:04:42,RP18,A,SM-S908E,2212343.0,30,177.90946874074902,-13.0,33.0,train,-71.0,-78.0,-100.0,-63.0,-66.0,-73.0,-73.0,-100.0,-79.0,-80.0,-72.0,-75.0,-77.0,-83.0,-59.0,-61.0,-75.0,-78.0,-100.0,-64.0,-66.0,-73.0,-73.0,-100.0,-80.0,-79.0,-72.0,-75.0,-77.0,-84.0,-60.0,-61.0,-100.0,-100.0,-62.0,-62.0
B1063,RP18,B,CTK45-dot-B,,36,,-13.0,33.0,train,-63.0,-88.0,-70.0,-55.0,-74.0,-58.0,-100.0,-91.0,-68.0,-82.0,-64.0,-74.0,-74.0,-91.0,-43.0,-62.0,-62.0,-88.0,-81.0,-54.0,-73.0,-58.0,-100.0,-91.0,-78.0,-82.0,-66.0,-74.0,-82.0,-90.0,-41.0,-63.0,-54.0,-54.0,-100.0,-100.0
B1068,RP18,B,CTK45-dot-B,,24,,-13.0,33.0,train,-72.0,-87.0,-85.0,-62.0,-100.0,-62.0,-100.0,-100.0,-64.0,-100.0,-66.0,-100.0,-90.0,-100.0,-54.0,-60.0,-73.0,-86.0,-100.0,-63.0,-100.0,-63.0,-100.0,-100.0,-64.0,-100.0,-67.0,-100.0,-90.0,-100.0,-54.0,-60.0,-67.0,-65.0,-100.0,-100.0
B1065,RP18,B,CTK45-dot-B,,24,,-13.0,33.0,train,-74.0,-88.0,-80.0,-63.0,-100.0,-60.0,-100.0,-85.0,-68.0,-100.0,-68.0,-100.0,-77.0,-100.0,-41.0,-57.0,-74.0,-88.0,-78.0,-63.0,-100.0,-60.0,-100.0,-84.0,-68.0,-100.0,-69.0,-100.0,-77.0,-100.0,-41.0,-57.0,-57.0,-55.0,-100.0,-100.0
B1025,RP18,B,CTK45-dot-B,,35,,-13.0,33.0,train,-75.0,-78.0,-100.0,-68.0,-64.0,-71.0,-68.0,-92.0,-75.0,-75.0,-60.0,-63.0,-79.0,-84.0,-53.0,-56.0,-75.0,-78.0,-100.0,-69.0,-65.0,-74.0,-67.0,-91.0,-75.0,-75.0,-60.0,-63.0,-77.0,-84.0,-53.0,-56.0,-65.0,-66.0,-60.0,-60.0
2025:01:21:12:03:24,RP18,A,SM-S908E,2212343.0,34,117.62936979679236,-13.0,33.0,train,-79.0,-78.0,-77.0,-64.0,-72.0,-74.0,-69.0,-100.0,-81.0,-80.0,-72.0,-72.0,-79.0,-84.0,-63.0,-64.0,-79.0,-78.0,-77.0,-64.0,-72.0,-74.0,-69.0,-100.0,-81.0,-79.0,-70.0,-70.0,-80.0,-84.0,-63.0,-65.0,-65.0,-65.0,-60.0,-60.0
B1069,RP18,B,CTK45-dot-B,,24,,-13.0,33.0,train,-100.0,-75.0,-71.0,-72.0,-67.0,-60.0,-100.0,-100.0,-70.0,-71.0,-63.0,-64.0,-100.0,-78.0,-53.0,-55.0,-100.0,-75.0,-74.0,-73.0,-68.0,-60.0,-100.0,-100.0,-71.0,-71.0,-63.0,-64.0,-100.0,-79.0,-53.0,-55.0,-100.0,-100.0,-100.0,-100.0
2025:01:21:11:57:05,RP18,A,SM-S908E,2212343.0,35,-69.36916336081288,-13.0,33.0,train,-75.0,-84.0,-80.0,-65.0,-67.0,-68.0,-65.0,-100.0,-77.0,-76.0,-67.0,-68.0,-81.0,-87.0,-54.0,-59.0,-75.0,-84.0,-80.0,-65.0,-67.0,-68.0,-65.0,-85.0,-77.0,-76.0,-68.0,-68.0,-81.0,-87.0,-54.0,-59.0,-66.0,-66.0,-64.0,-64.0
2025:01:21:12:01:27,RP18,A,SM-S908E,2212343.0,35,119.8083397508308,-13.0,33.0,train,-75.0,-79.0,-78.0,-60.0,-69.0,-75.0,-75.0,-100.0,-79.0,-80.0,-71.0,-73.0,-80.0,-85.0,-65.0,-66.0,-75.0,-79.0,-78.0,-60.0,-69.0,-75.0,-75.0,-91.0,-79.0,-80.0,-71.0,-73.0,-81.0,-85.0,-65.0,-65.0,-61.0,-61.0,-59.0,-59.0
B1034,RP18,B,CTK45-dot-B,,24,,-13.0,33.0,train,-70.0,-85.0,-100.0,-100.0,-100.0,-64.0,-100.0,-93.0,-61.0,-100.0,-74.0,-100.0,-79.0,-100.0,-58.0,-66.0,-71.0,-84.0,-100.0,-100.0,-100.0,-64.0,-100.0,-93.0,-61.0,-100.0,-72.0,-100.0,-92.0,-100.0,-58.0,-66.0,-68.0,-68.0,-100.0,-100.0
B1018,RP18,B,CTK45-dot-B,,26,,-13.0,33.0,train,-72.0,-75.0,-100.0,-54.0,-65.0,-67.0,-68.0,-100.0,-68.0,-70.0,-100.0,-61.0,-79.0,-100.0,-50.0,-53.0,-76.0,-74.0,-100.0,-54.0,-65.0,-67.0,-68.0,-100.0,-68.0,-70.0,-100.0,-61.0,-79.0,-100.0,-50.0,-53.0,-100.0,-100.0,-100.0,-100.0
B1053,RP18,B,CTK45-dot-B,,28,,-13.0,33.0,train,-66.0,-92.0,-76.0,-53.0,-73.0,-66.0,-68.0,-100.0,-66.0,-100.0,-61.0,-61.0,-77.0,-100.0,-100.0,-66.0,-66.0,-92.0,-76.0,-53.0,-73.0,-61.0,-68.0,-100.0,-67.0,-100.0,-64.0,-64.0,-77.0,-100.0,-100.0,-66.0,-54.0,-53.0,-76.0,-76.0
B1019,RP18,B,CTK45-dot-B,,31,,-13.0,33.0,train,-66.0,-69.0,-77.0,-62.0,-53.0,-70.0,-71.0,-100.0,-80.0,-73.0,-65.0,-62.0,-100.0,-75.0,-49.0,-59.0,-100.0,-69.0,-78.0,-62.0,-53.0,-69.0,-71.0,-100.0,-78.0,-73.0,-66.0,-62.0,-100.0,-76.0,-49.0,-59.0,-72.0,-73.0,-62.0,-62.0
B1061,RP18,B,CTK45-dot-B,,40,,-13.0,33.0,train,-61.0,-76.0,-74.0,-57.0,-71.0,-56.0,-71.0,-100.0,-66.0,-74.0,-62.0,-100.0,-69.0,-79.0,-49.0,-59.0,-66.0,-76.0,-85.0,-58.0,-70.0,-56.0,-71.0,-100.0,-100.0,-74.0,-100.0,-100.0,-68.0,-80.0,-49.0,-100.0,-57.0,-55.0,-100.0,-100.0
B1011,RP18,B,CTK45-dot-B,,26,,-13.0,33.0,train,-75.0,-79.0,-100.0,-72.0,-65.0,-72.0,-69.0,-91.0,-100.0,-77.0,-100.0,-67.0,-100.0,-83.0,-55.0,-56.0,-74.0,-79.0,-100.0,-73.0,-65.0,-100.0,-69.0,-100.0,-100.0,-76.0,-100.0,-68.0,-100.0,-82.0,-55.0,-56.0,-64.0,-63.0,-58.0,-58.0
2025:01:21:12:02:26,RP18,A,SM-S908E,2212343.0,33,118.84242458148744,-13.0,33.0,train,-72.0,-79.0,-78.0,-66.0,-71.0,-75.0,-70.0,-100.0,-76.0,-80.0,-72.0,-72.0,-79.0,-83.0,-56.0,-66.0,-74.0,-79.0,-100.0,-66.0,-71.0,-75.0,-70.0,-100.0,-76.0,-80.0,-73.0,-71.0,-80.0,-82.0,-57.0,-65.0,-60.0,-60.0,-59.0,-59.0
B1048,RP18,B,CTK45-dot-B,,24,,-13.0,33.0,train,-80.0,-75.0,-79.0,-65.0,-68.0,-100.0,-100.0,-96.0,-100.0,-72.0,-100.0,-67.0,-74.0,-100.0,-54.0,-59.0,-80.0,-75.0,-79.0,-65.0,-68.0,-100.0,-100.0,-96.0,-100.0,-73.0,-79.0,-67.0,-74.0,-100.0,-55.0,-59.0,-100.0,-100.0,-100.0,-100.0
B1035,RP18,B,CTK45-dot-B,,26,,-13.0,33.0,train,-73.0,-85.0,-76.0,-56.0,-100.0,-64.0,-100.0,-89.0,-69.0,-100.0,-71.0,-100.0,-82.0,-100.0,-57.0,-63.0,-72.0,-85.0,-87.0,-59.0,-100.0,-64.0,-100.0,-90.0,-68.0,-100.0,-71.0,-100.0,-82.0,-100.0,-57.0,-63.0,-65.0,-65.0,-100.0,-100.0
B1036,RP18,B,CTK45-dot-B,,25,,-13.0,33.0,train,-72.0,-84.0,-79.0,-55.0,-100.0,-65.0,-100.0,-89.0,-66.0,-100.0,-61.0,-100.0,-81.0,-100.0,-53.0,-59.0,-72.0,-85.0,-78.0,-55.0,-100.0,-65.0,-100.0,-87.0,-66.0,-100.0,-61.0,-100.0,-84.0,-100.0,-100.0,-59.0,-71.0,-71.0,-100.0,-100.0
2025:01:21:11:55:37,RP18,A,SM-S908E,2212343.0,32,-130.61352735566288,-13.0,33.0,train,-71.0,-83.0,-100.0,-65.0,-67.0,-69.0,-66.0,-85.0,-100.0,-75.0,-69.0,-70.0,-82.0,-84.0,-51.0,-58.0,-71.0,-83.0,-100.0,-65.0,-67.0,-70.0,-66.0,-86.0,-100.0,-74.0,-70.0,-70.0,-82.0,-84.0,-52.0,-58.0,-62.0,-62.0,-65.0,-65.0
B1038,RP18,B,CTK45-dot-B,,26,,-13.0,33.0,train,-66.0,-86.0,-84.0,-50.0,-100.0,-67.0,-100.0,-66.0,-56.0,-100.0,-48.0,-100.0,-75.0,-100.0,-47.0,-59.0,-68.0,-86.0,-82.0,-57.0,-100.0,-74.0,-100.0,-66.0,-56.0,-100.0,-48.0,-100.0,-74.0,-100.0,-46.0,-59.0,-62.0,-62.0,-100.0,-100.0
B1031,RP18,B,CTK45-dot-B,,36,,-13.0,33.0,train,-79.0,-78.0,-86.0,-71.0,-64.0,-72.0,-68.0,-92.0,-77.0,-74.0,-64.0,-66.0,-79.0,-84.0,-54.0,-54.0,-77.0,-78.0,-87.0,-70.0,-64.0,-72.0,-68.0,-92.0,-78.0,-74.0,-64.0,-66.0,-100.0,-85.0,-55.0,-54.0,-66.0,-65.0,-59.0,-59.0
B1054,RP18,B,CTK45-dot-B,,31,,-13.0,33.0,train,-73.0,-77.0,-78.0,-53.0,-62.0,-70.0,-68.0,-87.0,-69.0,-71.0,-75.0,-64.0,-80.0,-100.0,-56.0,-54.0,-70.0,-77.0,-77.0,-53.0,-62.0,-70.0,-68.0,-87.0,-69.0,-71.0,-75.0,-64.0,-81.0,-100.0,-56.0,-54.0,-100.0,-100.0,-100.0,-100.0
2025:01:21:11:58:54,RP18,A,SM-S908E,2212343.0,36,-70.63890658975821,-13.0,33.0,train,-71.0,-79.0,-83.0,-63.0,-73.0,-66.0,-69.0,-90.0,-72.0,-75.0,-61.0,-67.0,-77.0,-88.0,-58.0,-65.0,-71.0,-79.0,-83.0,-63.0,-73.0,-66.0,-69.0,-90.0,-72.0,-75.0,-61.0,-67.0,-78.0,-87.0,-58.0,-64.0,-59.0,-63.0,-68.0,-68.0
B1057,RP18,B,CTK45-dot-B,,23,,-13.0,33.0,train,-74.0,-84.0,-80.0,-62.0,-100.0,-65.0,-100.0,-100.0,-75.0,-100.0,-74.0,-100.0,-86.0,-100.0,-47.0,-55.0,-74.0,-84.0,-81.0,-63.0,-100.0,-64.0,-100.0,-100.0,-75.0,-100.0,-74.0,-100.0,-86.0,-100.0,-48.0,-57.0,-60.0,-100.0,-100.0,-100.0
2025:01:21:12:06:26,RP18,A,SM-S908E,2212343.0,40,176.80738442181487,-13.0,33.0,train,-75.0,-80.0,-77.0,-62.0,-71.0,-70.0,-68.0,-85.0,-72.0,-78.0,-70.0,-70.0,-78.0,-83.0,-62.0,-57.0,-76.0,-80.0,-77.0,-62.0,-71.0,-70.0,-68.0,-86.0,-72.0,-78.0,-70.0,-70.0,-78.0,-83.0,-62.0,-57.0,-59.0,-59.0,-67.0,-67.0
B1017,RP18,B,CTK45-dot-B,,33,,-13.0,33.0,train,-76.0,-78.0,-100.0,-71.0,-64.0,-73.0,-67.0,-100.0,-79.0,-77.0,-63.0,-65.0,-77.0,-84.0,-55.0,-56.0,-75.0,-78.0,-100.0,-72.0,-65.0,-72.0,-67.0,-100.0,-80.0,-77.0,-63.0,-66.0,-78.0,-83.0,-55.0,-56.0,-62.0,-63.0,-60.0,-60.0
2025:01:21:11:56:23,RP18,A,SM-S908E,2212343.0,34,-130.73430112929853,-13.0,33.0,train,-75.0,-84.0,-81.0,-66.0,-67.0,-69.0,-67.0,-100.0,-77.0,-77.0,-68.0,-68.0,-86.0,-84.0,-52.0,-58.0,-75.0,-84.0,-82.0,-66.0,-67.0,-69.0,-67.0,-100.0,-77.0,-77.0,-68.0,-68.0,-86.0,-84.0,-53.0,-57.0,-100.0,-100.0,-66.0,-66.0
B1039,RP18,B,CTK45-dot-B,,33,,-13.0,33.0,train,-68.0,-75.0,-79.0,-68.0,-63.0,-72.0,-66.0,-91.0,-71.0,-78.0,-58.0,-70.0,-79.0,-80.0,-56.0,-66.0,-68.0,-75.0,-100.0,-68.0,-63.0,-72.0,-67.0,-91.0,-71.0,-78.0,-59.0,-69.0,-79.0,-80.0,-56.0,-66.0,-100.0,-100.0,-100.0,-100.0
B1062,RP18,B,CTK45-dot-B,,25,,-13.0,33.0,train,-74.5,-100.0,-74.0,-100.0,-100.0,-66.0,-100.0,-81.0,-65.0,-100.0,-100.0,-100.0,-78.0,-100.0,-44.0,-52.0,-75.0,-100.0,-75.0,-100.0,-100.0,-65.0,-100.0,-84.0,-65.0,-100.0,-100.0,-100.0,-78.0,-100.0,-44.0,-55.0,-55.0,-54.0,-100.0,-100.0
2025:01:21:11:54:36,RP18,A,SM-S908E,2212343.0,37,-130.47302091556296,-13.0,33.0,train,-100.0,-85.0,-81.0,-65.0,-69.0,-69.0,-66.0,-84.0,-78.0,-76.0,-68.0,-68.0,-83.0,-86.0,-52.0,-57.0,-69.0,-85.0,-79.0,-65.0,-69.0,-69.0,-66.0,-84.0,-78.0,-76.0,-68.0,-68.0,-83.0,-86.0,-52.0,-57.0,-66.0,-66.0,-65.0,-65.0
B1024,RP18,B,CTK45-dot-B,,35,,-13.0,33.0,train,-77.0,-78.0,-89.0,-71.0,-64.0,-74.0,-69.0,-100.0,-79.0,-76.0,-61.0,-66.0,-80.0,-83.0,-62.0,-62.0,-76.0,-79.0,-89.0,-71.0,-65.0,-75.0,-69.0,-100.0,-77.0,-76.0,-61.0,-67.0,-81.0,-83.0,-62.0,-62.0,-65.0,-65.0,-59.0,-59.0
2025:01:21:11:57:43,RP18,A,SM-S908E,2212343.0,35,-69.72091933997756,-13.0,33.0,train,-71.0,-80.0,-84.0,-62.0,-71.0,-67.0,-68.0,-91.0,-73.0,-74.0,-64.0,-71.0,-75.0,-85.0,-55.0,-100.0,-66.0,-80.0,-83.0,-62.0,-70.0,-67.0,-68.0,-91.0,-73.0,-74.0,-64.0,-71.0,-76.0,-86.0,-55.0,-59.0,-56.0,-56.0,-69.0,-69.0
B1028,RP18,B,CTK45-dot-B,,34,,-13.0,33.0,train,-79.0,-77.0,-89.0,-69.0,-65.0,-73.0,-70.0,-88.0,-79.0,-75.0,-57.0,-65.0,-100.0,-82.0,-58.0,-56.0,-100.0,-77.0,-87.0,-69.0,-64.0,-73.0,-70.0,-90.0,-77.0,-74.0,-56.0,-65.0,-100.0,-82.0,-59.0,-57.0,-65.0,-64.0,-59.0,-59.0
B1037,RP18,B,CTK45-dot-B,,23,,-13.0,33.0,train,-74.0,-85.0,-82.0,-60.0,-100.0,-68.0,-100.0,-100.0,-67.0,-100.0,-62.0,-100.0,-81.0,-100.0,-56.0,-60.0,-73.0,-86.0,-83.0,-59.0,-100.0,-77.0,-100.0,-100.0,-64.0,-100.0,-62.0,-100.0,-78.0,-100.0,-57.0,-61.0,-71.0,-73.0,-100.0,-100.0
B1050,RP18,B,CTK45-dot-B,,34,,-13.0,33.0,train,-84.0,-83.0,-91.0,-63.0,-65.0,-64.0,-100.0,-94.0,-74.0,-73.0,-62.0,-64.0,-73.0,-80.0,-63.0,-58.0,-84.0,-84.0,-92.0,-64.0,-65.0,-64.0,-100.0,-90.0,-74.0,-73.0,-62.0,-64.0,-74.0,-80.0,-63.0,-58.0,-74.0,-73.0,-100.0,-100.0
2025:01:21:11:58:18,RP18,A,SM-S908E,2212343.0,34,-71.23591142355068,-13.0,33.0,train,-72.0,-80.0,-86.0,-67.0,-71.0,-66.0,-71.0,-100.0,-65.0,-76.0,-61.0,-72.0,-76.0,-81.0,-56.0,-62.0,-72.0,-79.0,-85.0,-67.0,-71.0,-67.0,-72.0,-100.0,-71.0,-76.0,-62.0,-72.0,-76.0,-81.0,-57.0,-62.0,-61.0,-61.0,-70.0,-70.0
B1047,RP18,B,CTK45-dot-B,,25,,-13.0,33.0,train,-100.0,-100.0,-79.0,-62.0,-64.0,-70.0,-66.0,-100.0,-73.0,-73.0,-100.0,-71.0,-72.0,-82.0,-54.0,-58.0,-100.0,-100.0,-79.0,-63.0,-64.0,-71.0,-66.0,-100.0,-72.0,-73.0,-100.0,-71.0,-73.0,-82.0,-54.0,-58.0,-100.0,-100.0,-100.0,-100.0
B1067,RP18,B,CTK45-dot-B,,33,,-13.0,33.0,train,-67.0,-89.0,-79.0,-58.0,-72.0,-65.0,-74.0,-83.0,-70.0,-77.0,-63.0,-68.0,-79.0,-85.0,-100.0,-69.0,-67.0,-89.0,-80.0,-58.0,-72.0,-100.0,-73.0,-84.0,-69.0,-78.0,-63.0,-67.0,-77.0,-86.0,-100.0,-69.0,-58.0,-57.0,-69.0,-69.0
B1013,RP18,B,CTK45-dot-B,,35,,-13.0,33.0,train,-77.0,-74.0,-79.0,-54.0,-65.0,-66.0,-100.0,-82.0,-67.0,-73.0,-73.0,-60.0,-86.0,-78.0,-51.0,-52.0,-77.0,-74.0,-79.0,-54.0,-65.0,-66.0,-100.0,-83.0,-67.0,-73.0,-73.0,-60.0,-85.0,-78.0,-51.0,-52.0,-73.0,-73.0,-100.0,-100.0
2025:01:21:11:54:01,RP18,A,SM-S908E,2212343.0,36,-130.97904005148865,-13.0,33.0,train,-76.0,-84.0,-83.0,-63.0,-68.0,-71.0,-72.0,-84.0,-84.0,-76.0,-72.0,-75.0,-77.0,-84.0,-54.0,-58.0,-76.0,-85.0,-84.0,-63.0,-68.0,-71.0,-72.0,-88.0,-85.0,-76.0,-72.0,-75.0,-77.0,-84.0,-54.0,-58.0,-63.0,-63.0,-64.0,-64.0
2025:01:21:12:07:09,RP18,A,SM-S908E,2212343.0,36,177.64598263950217,-13.0,33.0,train,-71.0,-78.0,-76.0,-62.0,-71.0,-68.0,-67.0,-86.0,-77.0,-80.0,-70.0,-76.0,-78.0,-84.0,-59.0,-56.0,-75.0,-78.0,-76.0,-62.0,-71.0,-68.0,-67.0,-85.0,-77.0,-82.0,-70.0,-77.0,-78.0,-83.0,-59.0,-57.0,-61.0,-61.0,-69.0,-69.0
B1043,RP18,B,CTK45-dot-B,,24,,-13.0,33.0,train,-83.0,-100.0,-100.0,-63.0,-63.0,-68.0,-100.0,-100.0,-100.0,-72.0,-67.0,-70.0,-71.0,-80.0,-67.0,-59.0,-83.0,-100.0,-100.0,-64.0,-63.0,-68.0,-100.0,-100.0,-100.0,-72.0,-67.0,-70.0,-71.0,-80.0,-67.0,-59.0,-100.0,-100.0,-100.0,-100.0
B1040,RP18,B,CTK45-dot-B,,30,,-13.0,33.0,train,-79.0,-75.0,-100.0,-72.0,-71.0,-59.0,-63.0,-79.0,-68.0,-72.0,-100.0,-62.0,-71.0,-79.0,-52.0,-55.0,-79.0,-76.0,-100.0,-72.0,-71.0,-60.0,-63.0,-78.0,-68.0,-72.0,-100.0,-63.0,-71.0,-79.0,-53.0,-55.0,-100.0,-100.0,-100.0,-100.0
B1041,RP18,B,CTK45-dot-B,,37,,-13.0,33.0,train,-72.0,-87.0,-79.0,-63.0,-76.0,-57.0,-70.0,-91.0,-72.0,-83.0,-58.0,-74.0,-76.0,-100.0,-50.0,-65.0,-72.0,-87.0,-78.0,-63.0,-77.0,-58.0,-70.0,-89.0,-80.0,-84.0,-60.0,-74.0,-76.0,-100.0,-51.0,-59.0,-70.0,-70.0,-71.0,-71.0
B1060,RP18,B,CTK45-dot-B,,18,,-13.0,33.0,train,-77.0,-83.0,-100.0,-64.0,-100.0,-67.0,-100.0,-100.0,-73.0,-100.0,-79.0,-100.0,-86.0,-100.0,-100.0,-63.0,-77.0,-84.0,-100.0,-64.0,-100.0,-68.0,-100.0,-100.0,-74.0,-100.0,-76.0,-100.0,-86.0,-100.0,-100.0,-64.0,-100.0,-100.0,-100.0,-100.0
B1022,RP18,B,CTK45-dot-B,,25,,-13.0,33.0,train,-100.0,-78.0,-100.0,-68.0,-64.0,-100.0,-68.0,-100.0,-100.0,-74.0,-61.0,-68.0,-82.0,-83.0,-60.0,-59.0,-100.0,-79.0,-100.0,-67.0,-66.0,-100.0,-67.0,-100.0,-100.0,-75.0,-60.0,-67.0,-100.0,-83.0,-61.0,-59.0,-64.0,-64.0,-57.0,-57.0
B1042,RP18,B,CTK45-dot-B,,32,,-13.0,33.0,train,-66.0,-75.0,-100.0,-66.0,-62.0,-69.0,-67.0,-90.0,-72.0,-73.0,-64.0,-62.0,-81.0,-82.0,-59.0,-62.0,-64.0,-75.0,-100.0,-66.0,-62.0,-69.0,-67.0,-89.0,-72.0,-73.0,-63.0,-62.0,-80.0,-82.0,-59.0,-62.0,-100.0,-100.0,-100.0,-100.0
B1027,RP18,B,CTK45-dot-B,,28,,-13.0,33.0,train,-77.0,-78.0,-100.0,-68.0,-64.0,-72.0,-70.0,-100.0,-80.0,-76.0,-100.0,-66.0,-81.0,-82.0,-59.0,-56.0,-76.0,-79.0,-100.0,-68.0,-66.0,-100.0,-70.0,-100.0,-78.0,-75.0,-100.0,-66.0,-100.0,-82.0,-59.0,-56.0,-64.0,-64.0,-60.0,-59.0
B1064,RP18,B,CTK45-dot-B,,19,,-13.0,33.0,train,-100.0,-84.0,-76.0,-71.0,-100.0,-62.0,-100.0,-87.0,-66.0,-100.0,-67.0,-100.0,-100.0,-100.0,-40.0,-60.0,-100.0,-84.0,-78.0,-100.0,-100.0,-62.0,-100.0,-86.0,-67.0,-100.0,-68.0,-100.0,-100.0,-100.0,-41.0,-60.0,-56.0,-55.0,-100.0,-100.0
2025:01:21:11:59:33,RP18,A,SM-S908E,2212343.0,32,-68.62065702683194,-13.0,33.0,train,-75.0,-79.0,-84.0,-64.0,-71.0,-66.0,-70.0,-100.0,-71.0,-75.0,-62.0,-67.0,-80.0,-100.0,-57.0,-62.0,-76.0,-79.0,-83.0,-64.0,-71.0,-66.0,-71.0,-100.0,-71.0,-75.0,-62.0,-67.0,-79.0,-100.0,-57.0,-62.0,-100.0,-100.0,-66.0,-66.0
B1029,RP18,B,CTK45-dot-B,,36,,-13.0,33.0,validation,-75.0,-79.0,-87.0,-68.0,-65.0,-71.0,-70.0,-91.0,-77.0,-76.0,-63.0,-66.0,-80.0,-82.0,-56.0,-56.0,-75.0,-79.0,-86.0,-68.0,-66.0,-71.0,-70.0,-91.0,-76.0,-75.0,-65.0,-67.0,-79.0,-82.0,-56.0,-56.0,-64.0,-63.0,-60.0,-60.0
2025:01:21:11:53:27,RP18,A,SM-S908E,2212343.0,39,-130.9884251001729,-13.0,33.0,validation,-68.0,-75.0,-81.0,-57.0,-68.0,-67.0,-72.0,-79.0,-65.0,-68.0,-65.0,-66.0,-71.0,-81.0,-48.0,-60.0,-68.0,-75.0,-81.0,-57.0,-68.0,-67.0,-72.0,-80.0,-65.0,-68.0,-65.0,-66.0,-71.0,-81.0,-48.0,-60.0,-59.0,-59.0,-74.0,-74.0
B1049,RP18,B,CTK45-dot-B,,20,,-13.0,33.0,validation,-72.0,-79.0,-100.0,-60.0,-52.0,-100.0,-100.0,-100.0,-100.0,-69.0,-100.0,-57.0,-70.0,-100.0,-56.0,-58.0,-72.0,-79.0,-100.0,-60.0,-52.0,-100.0,-100.0,-100.0,-100.0,-69.0,-100.0,-57.0,-70.0,-100.0,-56.0,-58.0,-100.0,-100.0,-100.0,-100.0
B1052,RP18,B,CTK45-dot-B,,24,,-13.0,33.0,validation,-100.0,-75.0,-83.0,-57.0,-67.0,-69.0,-100.0,-100.0,-68.0,-70.0,-66.0,-62.0,-100.0,-78.0,-50.0,-54.0,-100.0,-75.0,-83.0,-57.0,-66.0,-69.0,-100.0,-100.0,-68.0,-71.0,-66.0,-62.0,-100.0,-78.0,-51.0,-53.0,-100.0,-100.0,-100.0,-100.0
B1032,RP18,B,CTK45-dot-B,,32,,-13.0,33.0,validation,-70.0,-78.0,-100.0,-73.0,-64.0,-73.0,-68.0,-92.0,-77.0,-77.0,-65.0,-63.0,-79.0,-83.0,-54.0,-56.0,-100.0,-78.0,-100.0,-73.0,-64.0,-100.0,-68.0,-93.0,-77.0,-75.0,-65.0,-63.0,-100.0,-83.0,-55.0,-56.0,-66.0,-65.0,-59.0,-58.0
B1070,RP18,B,CTK45-dot-B,,34,,-13.0,33.0,validation,-63.0,-75.0,-87.0,-63.0,-64.0,-69.0,-66.0,-92.0,-74.0,-74.0,-64.0,-64.0,-79.0,-86.0,-57.0,-64.0,-69.0,-75.0,-87.0,-63.0,-64.0,-69.0,-66.0,-91.0,-75.0,-73.0,-64.0,-64.0,-79.0,-86.0,-56.0,-64.0,-55.0,-54.0,-100.0,-100.0
B1046,RP18,B,CTK45-dot-B,,34,,-13.0,33.0,validation,-79.0,-74.0,-100.0,-70.0,-71.0,-60.0,-64.0,-78.0,-69.0,-72.0,-64.0,-65.0,-71.0,-79.0,-53.0,-54.0,-80.0,-74.0,-100.0,-70.0,-71.0,-60.0,-64.0,-80.0,-69.0,-73.0,-64.0,-65.0,-71.0,-79.0,-52.0,-54.0,-100.0,-100.0,-100.0,-100.0
B1051,RP18,B,CTK45-dot-B,,24,,-13.0,33.0,validation,-71.0,-84.0,-78.0,-59.0,-100.0,-59.0,-100.0,-88.0,-75.0,-100.0,-57.0,-100.0,-80.0,-100.0,-50.0,-62.0,-71.0,-84.0,-78.0,-60.0,-100.0,-58.0,-100.0,-88.0,-75.0,-100.0,-56.0,-100.0,-79.0,-100.0,-51.0,-63.0,-65.0,-64.0,-100.0,-100.0
B1055,RP18,B,CTK45-dot-B,,26,,-13.0,33.0,validation,-100.0,-78.0,-100.0,-69.0,-64.0,-72.0,-68.0,-92.0,-79.0,-76.0,-63.0,-68.0,-100.0,-84.0,-100.0,-56.0,-100.0,-78.0,-100.0,-69.0,-64.0,-100.0,-68.0,-100.0,-78.0,-76.0,-63.0,-69.0,-100.0,-83.0,-100.0,-56.0,-64.0,-64.0,-60.0,-60.0
B1014,RP18,B,CTK45-dot-B,,31,,-13.0,33.0,validation,-75.0,-78.0,-100.0,-74.0,-66.0,-74.0,-68.0,-93.0,-78.0,-75.0,-64.0,-64.0,-100.0,-84.0,-56.0,-57.0,-100.0,-78.0,-100.0,-74.0,-66.0,-74.0,-68.0,-94.0,-77.0,-75.0,-64.0,-63.0,-100.0,-83.0,-100.0,-57.0,-64.0,-65.0,-58.0,-58.0
B1030,RP18,B,CTK45-dot-B,,31,,-13.0,33.0,validation,-75.0,-79.0,-87.0,-70.0,-65.0,-100.0,-67.0,-90.0,-100.0,-75.0,-66.0,-67.0,-100.0,-83.0,-55.0,-55.0,-76.0,-79.0,-86.0,-70.0,-65.0,-100.0,-67.0,-89.0,-100.0,-75.0,-66.0,-67.0,-100.0,-83.0,-56.0,-55.0,-64.0,-64.0,-60.0,-59.0
B1015,RP18,B,CTK45-dot-B,,24,,-13.0,33.0,validation,-69.0,-74.0,-100.0,-67.0,-64.0,-71.0,-100.0,-93.0,-72.0,-77.0,-100.0,-69.0,-100.0,-80.0,-55.0,-63.0,-68.0,-74.0,-100.0,-68.0,-64.0,-70.0,-100.0,-90.0,-71.0,-77.0,-100.0,-69.0,-100.0,-80.0,-55.0,-63.0,-100.0,-100.0,-100.0,-100.0
B1016,RP18,B,CTK45-dot-B,,35,,-13.0,33.0,test,-72.0,-79.0,-87.0,-71.0,-65.0,-71.0,-68.0,-93.0,-81.0,-75.0,-57.0,-63.0,-78.0,-82.0,-54.0,-55.0,-75.0,-79.0,-100.0,-70.0,-66.0,-72.0,-68.0,-93.0,-81.0,-77.0,-57.0,-63.0,-79.0,-83.0,-56.0,-55.0,-66.0,-67.0,-59.0,-58.0
B1012,RP18,B,CTK45-dot-B,,26,,-13.0,33.0,test,-72.0,-75.0,-100.0,-64.0,-62.0,-100.0,-100.0,-91.0,-100.0,-72.0,-58.0,-60.0,-82.0,-78.0,-51.0,-55.0,-73.0,-75.0,-100.0,-64.0,-62.0,-100.0,-100.0,-91.0,-100.0,-73.0,-57.0,-60.0,-82.0,-78.0,-51.0,-55.0,-100.0,-100.0,-100.0,-100.0
2025:01:21:12:05:20,RP18,A,SM-S908E,2212343.0,36,176.63989166956426,-13.0,33.0,test,-70.0,-77.0,-77.0,-62.0,-68.0,-69.0,-68.0,-84.0,-74.0,-80.0,-73.0,-72.0,-78.0,-83.0,-59.0,-60.0,-71.0,-77.0,-77.0,-63.0,-68.0,-69.0,-68.0,-84.0,-74.0,-81.0,-73.0,-72.0,-100.0,-83.0,-59.0,-59.0,-56.0,-56.0,-65.0,-65.0
B1045,RP18,B,CTK45-dot-B,,26,,-13.0,33.0,test,-77.0,-77.0,-77.0,-63.0,-66.0,-100.0,-65.0,-87.0,-100.0,-100.0,-69.0,-62.0,-72.0,-100.0,-59.0,-49.0,-77.0,-77.0,-80.0,-63.0,-66.0,-100.0,-65.0,-88.0,-100.0,-100.0,-69.0,-62.0,-73.0,-100.0,-59.0,-49.0,-100.0,-100.0,-100.0,-100.0
B1033,RP18,B,CTK45-dot-B,,36,,-13.0,33.0,test,-77.0,-79.0,-100.0,-68.0,-65.0,-72.0,-69.0,-100.0,-77.0,-74.0,-56.0,-66.0,-82.0,-82.0,-59.0,-66.0,-78.0,-79.0,-100.0,-68.0,-64.0,-71.0,-70.0,-100.0,-79.0,-74.0,-57.0,-66.0,-82.0,-83.0,-59.0,-66.0,-64.0,-62.0,-59.0,-59.0
B1044,RP18,B,CTK45-dot-B,,27,,-13.0,33.0,test,-84.0,-87.0,-100.0,-66.0,-66.0,-66.0,-100.0,-89.0,-76.0,-73.0,-66.0,-72.0,-69.0,-78.0,-63.0,-61.0,-85.0,-87.0,-100.0,-100.0,-66.0,-66.0,-100.0,-90.0,-100.0,-73.0,-66.0,-72.0,-70.0,-78.0,-64.0,-61.0,-100.0,-100.0,-100.0,-100.0
B1058,RP18,B,CTK45-dot-B,,29,,-13.0,33.0,test,-100.0,-88.0,-75.0,-100.0,-70.0,-74.0,-77.0,-100.0,-77.0,-86.0,-72.0,-81.0,-82.0,-90.0,-55.0,-62.0,-69.0,-87.0,-73.0,-100.0,-70.0,-100.0,-77.0,-100.0,-100.0,-86.0,-72.0,-80.0,-84.0,-89.0,-55.0,-60.0,-55.0,-55.0,-70.0,-70.0
B1023,RP18,B,CTK45-dot-B,,37,,-13.0,33.0,test,-77.0,-79.0,-87.0,-68.0,-63.0,-72.0,-68.0,-88.0,-76.0,-74.0,-57.0,-67.0,-80.0,-83.0,-61.0,-62.0,-76.0,-78.0,-100.0,-68.0,-63.0,-72.0,-68.0,-88.0,-78.0,-75.0,-61.0,-67.0,-80.0,-82.0,-63.0,-62.0,-62.0,-62.0,-57.0,-57.0
B1059,RP18,B,CTK45-dot-B,,16,,-13.0,33.0,test,-73.0,-85.0,-79.0,-60.0,-100.0,-100.0,-100.0,-100.0,-100.0,-100.0,-81.0,-100.0,-82.0,-100.0,-54.0,-57.0,-73.0,-85.0,-77.0,-59.0,-100.0,-100.0,-100.0,-100.0,-100.0,-100.0,-82.0,-100.0,-82.0,-100.0,-55.0,-57.0,-100.0,-100.0,-100.0,-100.0
B1026,RP18,B,CTK45-dot-B,,29,,-13.0,33.0,test,-100.0,-78.0,-87.0,-69.0,-64.0,-72.0,-70.0,-100.0,-80.0,-75.0,-58.0,-68.0,-79.0,-82.0,-57.0,-62.0,-100.0,-78.0,-100.0,-70.0,-64.0,-100.0,-70.0,-100.0,-82.0,-74.0,-58.0,-67.0,-100.0,-83.0,-58.0,-62.0,-64.0,-63.0,-59.0,-59.0
B1056,RP18,B,CTK45-dot-B,,34,,-13.0,33.0,test,-85.0,-77.0,-76.0,-63.0,-66.0,-59.0,-64.0,-80.0,-67.0,-70.0,-62.0,-62.0,-72.0,-82.0,-57.0,-57.0,-85.0,-77.0,-77.0,-63.0,-66.0,-60.0,-65.0,-80.0,-67.0,-72.0,-62.0,-62.0,-72.0,-82.0,-57.0,-57.0,-76.0,-72.0,-100.0,-100.0
2025:01:21:12:08:04,RP18,A,SM-S908E,2212343.0,36,176.7389045061408,-13.0,33.0,test,-74.0,-80.0,-77.0,-66.0,-70.0,-71.0,-67.0,-84.0,-77.0,-79.0,-69.0,-67.0,-78.0,-81.0,-62.0,-58.0,-73.0,-80.0,-77.0,-66.0,-70.0,-72.0,-67.0,-86.0,-77.0,-79.0,-69.0,-67.0,-78.0,-82.0,-62.0,-58.0,-60.0,-60.0,-66.0,-66.0
B1076,RP19,B,CTK45-dot-B,,30,,0.0,33.0,train,-100.0,-79.0,-100.0,-51.0,-53.0,-66.0,-66.0,-92.0,-66.0,-62.0,-66.0,-58.0,-74.0,-78.0,-68.0,-60.0,-100.0,-79.0,-100.0,-100.0,-53.0,-65.0,-66.0,-89.0,-56.0,-63.0,-100.0,-58.0,-100.0,-79.0,-68.0,-62.0,-60.0,-59.0,-67.0,-67.0
2025:01:21:11:38:43,RP19,A,SM-S908E,2212343.0,38,-129.7788653580281,0.0,33.0,train,-66.0,-78.0,-77.0,-54.0,-52.0,-59.0,-69.0,-81.0,-55.0,-53.0,-66.0,-51.0,-61.0,-72.0,-50.0,-58.0,-67.0,-78.0,-78.0,-54.0,-52.0,-59.0,-70.0,-82.0,-55.0,-53.0,-66.0,-51.0,-60.0,-71.0,-51.0,-59.0,-54.0,-54.0,-77.0,-77.0
B1104,RP19,B,CTK45-dot-B,,35,,0.0,33.0,train,-72.0,-79.0,-100.0,-52.0,-51.0,-67.0,-69.0,-89.0,-58.0,-63.0,-71.0,-59.0,-75.0,-79.0,-64.0,-61.0,-73.0,-79.0,-100.0,-52.0,-51.0,-68.0,-69.0,-90.0,-59.0,-63.0,-72.0,-59.0,-74.0,-80.0,-65.0,-61.0,-62.0,-62.0,-69.0,-69.0
B1101,RP19,B,CTK45-dot-B,,35,,0.0,33.0,train,-72.0,-79.0,-82.0,-53.0,-52.0,-71.0,-66.0,-100.0,-60.0,-64.0,-67.0,-58.0,-73.0,-78.0,-68.0,-64.0,-73.0,-80.0,-84.0,-52.0,-52.0,-70.0,-66.0,-100.0,-60.0,-64.0,-67.0,-59.0,-74.0,-77.0,-68.0,-64.0,-63.0,-63.0,-65.0,-65.0
2025:01:21:11:46:29,RP19,A,SM-S908E,2212343.0,36,115.20511661065844,0.0,33.0,train,-74.0,-78.0,-77.0,-64.0,-60.0,-66.0,-75.0,-80.0,-54.0,-60.0,-52.0,-62.0,-66.0,-77.0,-66.0,-59.0,-74.0,-78.0,-78.0,-64.0,-60.0,-66.0,-75.0,-81.0,-54.0,-59.0,-52.0,-62.0,-67.0,-77.0,-66.0,-59.0,-73.0,-72.0,-69.0,-68.0
B1127,RP19,B,CTK45-dot-B,,25,,0.0,33.0,train,-67.0,-87.0,-85.0,-50.0,-100.0,-72.0,-100.0,-91.0,-66.0,-100.0,-51.0,-100.0,-66.0,-100.0,-60.0,-71.0,-75.0,-87.0,-81.0,-51.0,-100.0,-65.0,-100.0,-90.0,-65.0,-100.0,-51.0,-100.0,-65.0,-100.0,-60.0,-71.0,-70.0,-69.0,-100.0,-100.0
B1120,RP19,B,CTK45-dot-B,,23,,0.0,33.0,train,-100.0,-84.0,-81.0,-55.0,-100.0,-58.0,-100.0,-80.0,-55.0,-100.0,-51.0,-100.0,-78.0,-100.0,-100.0,-74.0,-100.0,-85.0,-79.0,-62.0,-100.0,-64.0,-100.0,-79.0,-54.0,-100.0,-51.0,-100.0,-77.0,-100.0,-54.0,-73.0,-100.0,-100.0,-100.0,-100.0
B1121,RP19,B,CTK45-dot-B,,39,,0.0,33.0,train,-64.0,-78.0,-82.0,-47.0,-57.0,-57.0,-69.0,-86.0,-57.0,-55.0,-42.0,-54.0,-59.0,-74.0,-100.0,-100.0,-64.0,-78.0,-81.0,-54.0,-57.0,-64.0,-69.0,-90.0,-58.0,-56.0,-42.0,-54.0,-60.0,-74.0,-54.0,-100.0,-68.0,-69.0,-63.0,-74.0
2025:01:21:11:42:30,RP19,A,SM-S908E,2212343.0,34,-63.01383528313047,0.0,33.0,train,-68.0,-72.0,-81.0,-60.0,-61.0,-66.0,-75.0,-100.0,-61.0,-59.0,-52.0,-51.0,-71.0,-78.0,-61.0,-61.0,-68.0,-72.0,-81.0,-60.0,-61.0,-67.0,-75.0,-100.0,-60.0,-60.0,-52.0,-51.0,-71.0,-76.0,-61.0,-61.0,-65.0,-65.0,-70.0,-69.0
B1117,RP19,B,CTK45-dot-B,,38,,0.0,33.0,train,-67.0,-84.0,-85.0,-46.0,-54.0,-55.0,-69.0,-81.0,-46.0,-50.0,-48.0,-57.0,-67.0,-72.0,-54.0,-66.0,-75.0,-83.0,-88.0,-52.0,-54.0,-62.0,-69.0,-78.0,-46.0,-50.0,-48.0,-57.0,-67.0,-72.0,-54.0,-66.0,-71.0,-72.0,-70.0,-69.0
B1077,RP19,B,CTK45-dot-B,,33,,0.0,33.0,train,-79.0,-79.0,-100.0,-59.0,-61.0,-68.0,-69.0,-90.0,-60.0,-66.0,-55.0,-57.0,-79.0,-77.0,-65.0,-62.0,-80.0,-79.0,-100.0,-59.0,-62.0,-70.0,-69.0,-100.0,-61.0,-66.0,-55.0,-57.0,-78.0,-77.0,-66.0,-64.0,-78.0,-77.0,-68.0,-68.0
B1123,RP19,B,CTK45-dot-B,,34,,0.0,33.0,train,-83.0,-85.0,-85.0,-100.0,-65.0,-62.0,-74.0,-100.0,-47.0,-59.0,-48.0,-64.0,-79.0,-80.0,-58.0,-67.0,-84.0,-85.0,-91.0,-100.0,-64.0,-70.0,-74.0,-100.0,-48.0,-58.0,-48.0,-64.0,-79.0,-79.0,-51.0,-68.0,-65.0,-66.0,-68.0,-70.0
B1083,RP19,B,CTK45-dot-B,,28,,0.0,33.0,train,-69.0,-79.0,-78.0,-57.0,-56.0,-66.0,-61.0,-100.0,-46.0,-54.0,-100.0,-55.0,-66.0,-68.0,-100.0,-75.0,-69.0,-79.0,-78.0,-57.0,-56.0,-66.0,-61.0,-100.0,-46.0,-54.0,-100.0,-55.0,-67.0,-68.0,-100.0,-75.0,-100.0,-100.0,-100.0,-100.0
B1125,RP19,B,CTK45-dot-B,,20,,0.0,33.0,train,-83.0,-90.0,-84.0,-58.0,-100.0,-68.0,-100.0,-100.0,-51.0,-100.0,-53.0,-100.0,-83.0,-100.0,-55.0,-100.0,-73.5,-100.0,-83.0,-58.0,-100.0,-62.0,-100.0,-100.0,-52.0,-100.0,-52.0,-100.0,-84.0,-100.0,-55.0,-100.0,-70.0,-70.0,-100.0,-100.0
B1108,RP19,B,CTK45-dot-B,,29,,0.0,33.0,train,-100.0,-81.0,-100.0,-50.0,-53.0,-66.0,-67.0,-88.0,-55.0,-63.0,-66.0,-59.0,-100.0,-77.0,-64.0,-62.0,-100.0,-81.0,-100.0,-100.0,-53.0,-66.0,-68.0,-91.0,-55.0,-63.0,-66.0,-60.0,-100.0,-78.0,-64.0,-62.0,-60.0,-100.0,-67.0,-67.0
B1084,RP19,B,CTK45-dot-B,,29,,0.0,33.0,train,-66.0,-79.0,-100.0,-57.0,-56.0,-65.0,-100.0,-78.0,-46.0,-54.0,-60.0,-54.0,-67.0,-100.0,-100.0,-76.0,-69.0,-79.0,-78.0,-57.0,-56.0,-65.0,-100.0,-78.0,-46.0,-55.0,-60.0,-54.0,-67.0,-67.0,-100.0,-76.0,-100.0,-100.0,-100.0,-100.0
B1071,RP19,B,CTK45-dot-B,,28,,0.0,33.0,train,-100.0,-80.0,-100.0,-52.0,-53.0,-66.0,-66.0,-88.0,-55.0,-62.0,-68.0,-62.0,-100.0,-77.0,-68.0,-60.0,-100.0,-80.0,-100.0,-100.0,-53.0,-65.0,-66.0,-88.0,-56.0,-62.0,-69.0,-62.0,-100.0,-78.0,-68.0,-61.0,-100.0,-100.0,-66.0,-67.0
2025:01:21:11:43:54,RP19,A,SM-S908E,2212343.0,36,-66.64480634074533,0.0,33.0,train,-72.0,-85.0,-83.0,-62.0,-58.0,-62.0,-73.0,-88.0,-57.0,-61.0,-51.0,-59.0,-68.0,-76.0,-54.0,-68.0,-72.0,-85.0,-82.0,-62.0,-58.0,-62.0,-73.0,-89.0,-58.0,-62.0,-51.0,-59.0,-69.0,-76.0,-54.0,-68.0,-62.0,-62.0,-73.0,-73.0
B1118,RP19,B,CTK45-dot-B,,35,,0.0,33.0,train,-100.0,-83.0,-90.0,-44.0,-54.0,-62.0,-70.0,-79.0,-46.0,-49.0,-46.0,-56.0,-100.0,-72.0,-56.0,-66.0,-100.0,-83.0,-82.0,-52.0,-54.0,-66.0,-69.0,-79.0,-46.0,-49.0,-47.0,-56.0,-100.0,-71.0,-55.0,-67.0,-72.0,-72.0,-71.0,-69.0
2025:01:21:11:52:10,RP19,A,SM-S908E,2212343.0,36,176.71521843089013,0.0,33.0,train,-71.0,-81.0,-82.0,-68.0,-59.0,-70.0,-70.0,-79.0,-54.0,-54.0,-52.0,-59.0,-70.0,-77.0,-55.0,-59.0,-71.0,-81.0,-83.0,-67.0,-59.0,-70.0,-70.0,-83.0,-54.0,-54.0,-52.0,-59.0,-70.0,-78.0,-56.0,-59.0,-66.0,-66.0,-70.0,-70.0
B1082,RP19,B,CTK45-dot-B,,36,,0.0,33.0,train,-70.0,-79.0,-77.0,-53.0,-56.0,-69.0,-65.0,-77.0,-46.0,-55.0,-63.0,-56.0,-67.0,-68.0,-74.0,-74.0,-70.0,-80.0,-77.0,-55.0,-55.0,-100.0,-65.0,-77.0,-47.0,-55.0,-63.0,-56.0,-74.0,-68.0,-74.0,-74.0,-68.0,-100.0,-100.0,-100.0
B1073,RP19,B,CTK45-dot-B,,33,,0.0,33.0,train,-100.0,-79.0,-82.0,-53.0,-52.0,-67.0,-67.0,-85.0,-54.0,-62.0,-69.0,-60.0,-75.0,-79.0,-68.0,-59.0,-100.0,-79.0,-82.0,-100.0,-52.0,-67.0,-67.0,-84.0,-54.0,-62.0,-71.0,-60.0,-73.0,-80.0,-68.0,-59.0,-64.0,-100.0,-67.0,-66.0
B1116,RP19,B,CTK45-dot-B,,36,,0.0,33.0,train,-67.0,-86.0,-83.0,-45.0,-55.0,-55.0,-66.0,-77.0,-100.0,-52.0,-48.0,-59.0,-69.0,-69.0,-54.0,-68.0,-67.0,-85.0,-81.0,-44.0,-55.0,-66.0,-66.0,-77.0,-100.0,-51.0,-100.0,-59.0,-68.0,-69.0,-54.0,-69.0,-100.0,-100.0,-68.0,-69.0
B1102,RP19,B,CTK45-dot-B,,32,,0.0,33.0,train,-100.0,-78.0,-84.0,-52.0,-54.0,-67.0,-65.0,-87.0,-61.0,-63.0,-65.0,-56.0,-74.0,-77.0,-63.0,-62.0,-100.0,-78.0,-84.0,-52.0,-52.0,-67.0,-65.0,-87.0,-61.0,-63.0,-66.0,-58.0,-100.0,-77.0,-63.0,-60.0,-100.0,-100.0,-65.0,-65.0
B1122,RP19,B,CTK45-dot-B,,37,,0.0,33.0,train,-88.0,-85.0,-85.0,-61.0,-65.0,-65.0,-72.0,-86.0,-53.0,-59.0,-52.0,-59.0,-76.0,-78.0,-49.0,-68.0,-81.0,-85.0,-85.0,-66.0,-65.0,-70.0,-72.0,-85.0,-53.0,-59.0,-53.0,-58.0,-76.0,-78.0,-56.0,-68.0,-66.0,-67.0,-69.0,-67.0
B1115,RP19,B,CTK45-dot-B,,26,,0.0,33.0,train,-68.0,-77.0,-81.0,-53.0,-100.0,-57.0,-100.0,-87.0,-50.0,-100.0,-45.0,-100.0,-61.0,-100.0,-52.0,-58.0,-70.0,-77.0,-82.0,-52.0,-100.0,-64.0,-100.0,-89.0,-50.0,-100.0,-45.0,-100.0,-60.0,-100.0,-52.0,-58.0,-71.0,-71.0,-100.0,-100.0
2025:01:21:11:39:32,RP19,A,SM-S908E,2212343.0,30,-129.6447932339675,0.0,33.0,train,-71.0,-75.0,-100.0,-63.0,-59.0,-65.0,-74.0,-100.0,-57.0,-66.0,-53.0,-61.0,-70.0,-78.0,-61.0,-67.0,-71.0,-73.0,-100.0,-63.0,-60.0,-65.0,-74.0,-100.0,-57.0,-66.0,-53.0,-62.0,-70.0,-77.0,-62.0,-67.0,-100.0,-100.0,-72.0,-71.0
2025:01:21:11:49:09,RP19,A,SM-S908E,2212343.0,36,178.66075392003634,0.0,33.0,train,-74.0,-83.0,-87.0,-60.0,-60.0,-68.0,-72.0,-82.0,-56.0,-54.0,-54.0,-61.0,-71.0,-76.0,-59.0,-58.0,-74.0,-83.0,-87.0,-60.0,-60.0,-70.0,-72.0,-77.0,-57.0,-54.0,-54.0,-61.0,-71.0,-74.0,-59.0,-58.0,-66.0,-66.0,-66.0,-66.0
B1114,RP19,B,CTK45-dot-B,,27,,0.0,33.0,train,-75.0,-82.0,-79.0,-48.0,-100.0,-61.0,-100.0,-88.0,-52.0,-100.0,-44.0,-100.0,-63.0,-100.0,-54.0,-66.0,-74.0,-82.0,-81.0,-50.0,-100.0,-61.0,-100.0,-88.0,-52.0,-100.0,-45.0,-100.0,-65.0,-100.0,-53.0,-67.0,-66.0,-66.0,-100.0,-100.0
B1112,RP19,B,CTK45-dot-B,,23,,0.0,33.0,train,-72.0,-84.0,-87.0,-55.0,-100.0,-100.0,-100.0,-86.0,-49.0,-100.0,-60.0,-100.0,-65.0,-100.0,-62.0,-60.0,-73.0,-84.0,-84.0,-53.0,-100.0,-65.0,-100.0,-87.0,-50.0,-100.0,-61.0,-100.0,-65.0,-100.0,-71.0,-60.0,-62.0,-63.0,-100.0,-100.0
B1126,RP19,B,CTK45-dot-B,,23,,0.0,33.0,train,-71.0,-85.0,-88.0,-49.0,-100.0,-63.0,-100.0,-85.0,-56.0,-100.0,-48.0,-100.0,-66.0,-100.0,-66.0,-100.0,-65.0,-85.0,-86.0,-49.0,-100.0,-66.0,-100.0,-88.0,-56.0,-100.0,-47.0,-100.0,-66.0,-100.0,-66.0,-100.0,-100.0,-100.0,-100.0,-100.0
2025:01:21:11:51:27,RP19,A,SM-S908E,2212343.0,34,176.37959694323635,0.0,33.0,train,-74.0,-81.0,-100.0,-59.0,-57.0,-74.0,-71.0,-84.0,-58.0,-53.0,-65.0,-69.0,-68.0,-77.0,-55.0,-60.0,-75.0,-81.0,-100.0,-59.0,-57.0,-74.0,-71.0,-83.0,-58.0,-53.0,-65.0,-69.0,-68.0,-78.0,-56.0,-60.0,-65.0,-65.0,-77.0,-77.0
B1111,RP19,B,CTK45-dot-B,,24,,0.0,33.0,train,-70.0,-75.0,-100.0,-53.0,-100.0,-62.0,-100.0,-83.0,-45.0,-100.0,-58.0,-100.0,-71.0,-100.0,-44.0,-64.0,-72.0,-76.0,-100.0,-54.0,-100.0,-62.0,-100.0,-82.0,-45.0,-100.0,-100.0,-100.0,-71.0,-100.0,-45.0,-100.0,-57.0,-58.0,-100.0,-100.0
B1100,RP19,B,CTK45-dot-B,,35,,0.0,33.0,train,-74.0,-81.0,-83.0,-51.0,-52.0,-68.0,-67.0,-86.0,-56.0,-63.0,-67.0,-60.0,-73.0,-77.0,-64.0,-61.0,-74.0,-81.0,-100.0,-100.0,-52.0,-68.0,-66.0,-87.0,-57.0,-63.0,-66.0,-60.0,-72.0,-77.0,-65.0,-62.0,-62.0,-63.0,-66.0,-66.0
B1088,RP19,B,CTK45-dot-B,,30,,0.0,33.0,train,-71.0,-88.0,-88.0,-61.0,-60.0,-73.0,-100.0,-100.0,-48.0,-100.0,-52.0,-48.0,-69.0,-78.0,-59.0,-62.0,-71.0,-88.0,-88.0,-61.0,-60.0,-73.0,-100.0,-78.0,-49.0,-100.0,-53.0,-59.5,-70.0,-78.0,-59.0,-62.0,-100.0,-100.0,-100.0,-100.0
B1080,RP19,B,CTK45-dot-B,,28,,0.0,33.0,train,-74.0,-78.0,-100.0,-52.0,-52.0,-65.0,-65.0,-100.0,-55.0,-100.0,-66.0,-60.0,-75.0,-100.0,-63.0,-61.0,-73.0,-79.0,-100.0,-52.0,-51.0,-66.0,-65.0,-100.0,-54.0,-100.0,-100.0,-60.0,-76.0,-100.0,-64.0,-62.0,-63.0,-63.0,-65.0,-65.0
B1085,RP19,B,CTK45-dot-B,,33,,0.0,33.0,train,-69.0,-79.0,-100.0,-55.0,-57.0,-65.0,-62.0,-76.0,-46.0,-53.0,-59.0,-53.0,-67.0,-68.0,-72.0,-77.0,-65.0,-79.0,-100.0,-57.0,-57.0,-65.0,-62.0,-78.0,-46.0,-53.0,-60.0,-54.0,-67.0,-68.0,-72.0,-77.0,-100.0,-100.0,-100.0,-100.0
B1124,RP19,B,CTK45-dot-B,,21,,0.0,33.0,train,-79.0,-92.0,-100.0,-62.0,-100.0,-67.0,-100.0,-88.0,-58.0,-100.0,-55.0,-100.0,-76.0,-100.0,-53.0,-68.0,-80.0,-91.0,-100.0,-62.0,-100.0,-67.0,-100.0,-89.0,-57.0,-100.0,-54.0,-100.0,-76.0,-100.0,-55.0,-69.0,-100.0,-100.0,-100.0,-100.0
B1098,RP19,B,CTK45-dot-B,,33,,0.0,33.0,train,-100.0,-78.0,-83.0,-54.0,-55.0,-66.0,-67.0,-100.0,-58.0,-62.0,-68.0,-60.0,-77.0,-78.0,-62.0,-61.0,-100.0,-79.0,-82.0,-54.0,-55.0,-67.0,-67.0,-100.0,-58.0,-62.0,-68.0,-61.0,-100.0,-77.0,-100.0,-61.0,-58.0,-57.0,-62.0,-62.0
B1128,RP19,B,CTK45-dot-B,,25,,0.0,33.0,train,-67.0,-85.0,-90.0,-45.0,-100.0,-74.0,-100.0,-83.0,-69.0,-100.0,-51.0,-100.0,-68.0,-100.0,-59.0,-71.0,-67.0,-85.0,-89.0,-46.0,-100.0,-67.0,-100.0,-85.0,-68.0,-100.0,-51.0,-100.0,-69.0,-100.0,-59.0,-72.0,-68.0,-68.0,-100.0,-100.0
B1107,RP19,B,CTK45-dot-B,,33,,0.0,33.0,train,-72.0,-79.0,-83.0,-51.0,-52.0,-69.0,-70.0,-88.0,-56.0,-62.0,-67.0,-61.0,-73.0,-81.0,-63.0,-62.0,-72.0,-78.0,-100.0,-100.0,-53.0,-68.0,-70.0,-89.0,-56.0,-62.0,-67.0,-61.0,-75.0,-81.0,-63.0,-61.0,-100.0,-100.0,-65.0,-64.0
B1086,RP19,B,CTK45-dot-B,,41,,0.0,33.0,train,-67.0,-80.0,-78.0,-54.0,-56.0,-65.0,-61.0,-78.0,-47.0,-55.0,-62.0,-53.0,-67.0,-68.0,-73.0,-77.0,-67.0,-80.0,-77.0,-54.0,-56.0,-65.0,-61.0,-76.0,-47.0,-56.0,-62.0,-53.0,-68.0,-68.0,-73.0,-77.0,-69.0,-69.0,-100.0,-100.0
2025:01:21:11:45:08,RP19,A,SM-S908E,2212343.0,36,-65.91067551784421,0.0,33.0,train,-76.0,-86.0,-84.0,-62.0,-60.0,-62.0,-73.0,-83.0,-59.0,-61.0,-51.0,-59.0,-68.0,-77.0,-61.0,-68.0,-77.0,-85.0,-84.0,-62.0,-60.0,-62.0,-73.0,-82.0,-59.0,-61.0,-51.0,-59.0,-69.0,-77.0,-61.0,-68.0,-65.0,-65.0,-73.0,-72.0
2025:01:21:11:41:40,RP19,A,SM-S908E,2212343.0,32,-129.36195261840115,0.0,33.0,train,-69.0,-72.0,-100.0,-63.0,-64.0,-67.0,-75.0,-100.0,-56.0,-59.0,-52.0,-52.0,-70.0,-77.0,-60.0,-60.0,-70.0,-72.0,-100.0,-64.0,-64.0,-67.0,-75.0,-100.0,-56.0,-59.0,-53.0,-52.0,-69.0,-77.0,-60.0,-60.0,-64.0,-64.0,-71.0,-71.0
B1096,RP19,B,CTK45-dot-B,,34,,0.0,33.0,train,-75.0,-76.0,-88.0,-62.0,-53.0,-77.0,-70.0,-100.0,-72.0,-61.0,-49.0,-59.0,-70.0,-100.0,-56.0,-56.0,-75.0,-76.0,-87.0,-62.0,-53.0,-66.0,-70.0,-87.0,-72.0,-62.0,-49.0,-59.0,-70.0,-100.0,-56.0,-56.0,-100.0,-100.0,-100.0,-100.0
B1103,RP19,B,CTK45-dot-B,,32,,0.0,33.0,train,-73.0,-78.0,-83.0,-51.0,-53.0,-65.0,-67.0,-100.0,-62.0,-65.0,-66.0,-58.0,-100.0,-78.0,-67.0,-62.0,-100.0,-78.0,-84.0,-51.0,-54.0,-65.0,-67.0,-100.0,-62.0,-65.0,-66.0,-58.0,-100.0,-79.0,-67.0,-61.0,-61.0,-61.0,-65.0,-65.0
B1097,RP19,B,CTK45-dot-B,,31,,0.0,33.0,train,-78.0,-77.0,-100.0,-53.0,-53.0,-66.0,-69.0,-87.0,-60.0,-63.0,-70.0,-62.0,-72.0,-100.0,-65.0,-59.0,-80.0,-77.0,-100.0,-100.0,-54.0,-100.0,-69.0,-88.0,-60.0,-62.0,-70.0,-62.0,-72.0,-77.0,-100.0,-61.0,-55.0,-55.0,-64.0,-64.0
B1113,RP19,B,CTK45-dot-B,,23,,0.0,33.0,train,-82.0,-88.0,-82.0,-50.0,-100.0,-67.0,-100.0,-100.0,-52.0,-100.0,-48.0,-100.0,-69.0,-100.0,-100.0,-67.0,-82.0,-87.0,-82.0,-50.0,-100.0,-67.0,-100.0,-100.0,-52.0,-100.0,-48.0,-100.0,-69.0,-100.0,-100.0,-67.0,-75.0,-76.0,-100.0,-100.0
2025:01:21:11:44:30,RP19,A,SM-S908E,2212343.0,32,-64.5691635954808,0.0,33.0,train,-73.0,-100.0,-100.0,-59.0,-60.0,-62.0,-72.0,-83.0,-57.0,-60.0,-47.0,-60.0,-70.0,-79.0,-63.0,-70.0,-73.0,-100.0,-100.0,-59.0,-60.0,-62.0,-72.0,-84.0,-56.0,-60.0,-47.0,-60.0,-69.0,-78.0,-63.0,-70.0,-66.0,-66.0,-73.0,-73.0
B1119,RP19,B,CTK45-dot-B,,39,,0.0,33.0,train,-66.0,-82.0,-79.0,-66.0,-51.0,-60.0,-67.0,-100.0,-57.0,-48.0,-42.0,-52.0,-82.0,-72.0,-52.0,-72.0,-65.0,-82.0,-77.0,-66.0,-51.0,-68.0,-67.0,-100.0,-58.0,-48.0,-41.0,-52.0,-100.0,-72.0,-61.0,-72.0,-71.0,-81.0,-67.0,-69.0
2025:01:21:11:43:09,RP19,A,SM-S908E,2212343.0,36,-64.72114065063926,0.0,33.0,train,-74.0,-85.0,-100.0,-58.0,-60.0,-66.0,-72.0,-86.0,-56.0,-59.0,-49.0,-59.0,-68.0,-76.0,-54.0,-73.0,-74.0,-85.0,-82.0,-58.0,-60.0,-66.0,-72.0,-87.0,-56.0,-59.0,-50.0,-59.0,-69.0,-76.0,-54.0,-73.0,-66.0,-66.0,-73.0,-73.0
B1078,RP19,B,CTK45-dot-B,,20,,0.0,33.0,train,-75.0,-81.0,-100.0,-52.0,-51.0,-100.0,-100.0,-100.0,-100.0,-52.0,-100.0,-61.0,-100.0,-70.0,-46.0,-58.0,-75.0,-81.0,-100.0,-52.0,-51.0,-100.0,-100.0,-100.0,-100.0,-52.0,-100.0,-61.0,-100.0,-70.0,-46.0,-58.0,-100.0,-100.0,-100.0,-100.0
B1092,RP19,B,CTK45-dot-B,,31,,0.0,33.0,train,-71.0,-100.0,-86.0,-56.0,-63.0,-74.0,-100.0,-78.0,-48.0,-100.0,-51.0,-48.0,-71.0,-78.0,-57.0,-63.0,-70.0,-100.0,-86.0,-56.0,-63.0,-74.0,-100.0,-78.0,-48.0,-100.0,-51.0,-59.5,-71.0,-78.0,-57.0,-63.0,-72.0,-72.0,-100.0,-100.0
2025:01:21:11:45:50,RP19,A,SM-S908E,2212343.0,34,115.05363229920378,0.0,33.0,train,-75.0,-85.0,-100.0,-66.0,-59.0,-63.0,-72.0,-84.0,-55.0,-61.0,-51.0,-60.0,-70.0,-77.0,-61.0,-69.0,-75.0,-85.0,-100.0,-67.0,-60.0,-63.0,-71.0,-83.0,-56.0,-61.0,-51.0,-60.0,-70.0,-77.0,-61.0,-69.0,-73.0,-73.0,-73.0,-73.0
B1094,RP19,B,CTK45-dot-B,,29,,0.0,33.0,train,-69.0,-74.0,-100.0,-63.0,-50.0,-77.0,-67.0,-100.0,-61.0,-100.0,-45.0,-60.0,-71.0,-100.0,-57.0,-58.0,-70.0,-74.0,-100.0,-64.0,-50.0,-66.0,-67.0,-81.0,-61.0,-100.0,-45.0,-60.0,-71.0,-100.0,-57.0,-57.0,-100.0,-100.0,-100.0,-100.0
B1091,RP19,B,CTK45-dot-B,,35,,0.0,33.0,train,-71.0,-100.0,-86.0,-56.0,-63.0,-74.0,-67.0,-78.0,-48.0,-69.0,-51.0,-48.0,-71.0,-78.0,-57.0,-63.0,-70.0,-100.0,-86.0,-56.0,-63.0,-74.0,-66.0,-78.0,-48.0,-70.0,-51.0,-59.5,-71.0,-78.0,-57.0,-63.0,-72.0,-72.0,-100.0,-100.0
2025:01:21:11:50:51,RP19,A,SM-S908E,2212343.0,34,176.47038210587482,0.0,33.0,validation,-75.0,-84.0,-100.0,-62.0,-58.0,-75.0,-70.0,-87.0,-59.0,-54.0,-60.0,-64.0,-73.0,-77.0,-55.0,-57.0,-75.0,-83.0,-100.0,-62.0,-58.0,-75.0,-70.0,-86.0,-59.0,-54.0,-60.0,-64.0,-74.0,-75.0,-55.0,-58.0,-70.0,-70.0,-77.0,-77.0
B1110,RP19,B,CTK45-dot-B,,48,,0.0,33.0,validation,-68.0,-72.0,-80.0,-40.0,-49.0,-63.0,-66.0,-80.0,-48.0,-52.0,-50.0,-55.0,-74.0,-71.0,-47.0,-59.0,-68.0,-72.0,-79.0,-40.0,-50.0,-64.0,-66.0,-78.0,-48.0,-52.0,-50.0,-55.0,-74.0,-71.0,-46.0,-60.0,-60.0,-60.0,-100.0,-100.0
B1087,RP19,B,CTK45-dot-B,,35,,0.0,33.0,validation,-69.0,-86.0,-82.0,-55.0,-60.0,-70.0,-100.0,-78.0,-48.0,-67.0,-50.0,-50.0,-68.0,-77.0,-60.0,-62.0,-69.0,-85.0,-86.0,-55.0,-60.0,-70.0,-100.0,-78.0,-48.0,-67.0,-50.0,-50.0,-69.0,-77.0,-60.0,-62.0,-68.0,-68.0,-100.0,-100.0
B1081,RP19,B,CTK45-dot-B,,30,,0.0,33.0,validation,-75.0,-74.0,-100.0,-40.0,-46.0,-57.0,-100.0,-100.0,-53.0,-60.0,-100.0,-48.0,-63.0,-73.0,-47.0,-54.0,-75.0,-73.0,-100.0,-39.0,-45.0,-57.0,-100.0,-100.0,-54.0,-59.0,-100.0,-49.0,-63.0,-73.0,-47.0,-54.0,-64.0,-63.0,-100.0,-100.0
B1105,RP19,B,CTK45-dot-B,,32,,0.0,33.0,validation,-100.0,-81.0,-83.0,-51.0,-52.0,-66.0,-68.0,-90.0,-56.0,-64.0,-66.0,-56.0,-74.0,-78.0,-100.0,-63.0,-100.0,-81.0,-83.0,-51.0,-53.0,-66.0,-68.0,-89.0,-57.0,-63.0,-67.0,-56.0,-100.0,-78.0,-100.0,-60.0,-62.0,-62.0,-67.0,-67.0
2025:01:21:11:41:05,RP19,A,SM-S908E,2212343.0,34,-129.38518605699372,0.0,33.0,validation,-71.0,-71.0,-80.0,-64.0,-60.0,-69.0,-74.0,-86.0,-57.0,-59.0,-56.0,-67.0,-72.0,-78.0,-60.0,-60.0,-71.0,-71.0,-80.0,-64.0,-60.0,-69.0,-74.0,-87.0,-58.0,-59.0,-56.0,-67.0,-72.0,-78.0,-60.0,-60.0,-100.0,-100.0,-71.0,-71.0
B1089,RP19,B,CTK45-dot-B,,33,,0.0,33.0,validation,-100.0,-85.0,-87.0,-56.0,-63.0,-73.0,-66.0,-78.0,-49.0,-67.0,-51.0,-49.0,-69.0,-77.0,-57.0,-62.0,-71.0,-85.0,-87.0,-56.0,-62.0,-73.0,-66.0,-78.0,-48.0,-68.0,-51.0,-49.0,-70.0,-77.0,-57.0,-61.0,-70.0,-69.0,-100.0,-100.0
2025:01:21:11:47:52,RP19,A,SM-S908E,2212343.0,36,116.60697244800502,0.0,33.0,validation,-71.0,-76.0,-81.0,-59.0,-58.0,-62.0,-72.0,-84.0,-55.0,-59.0,-56.0,-63.0,-72.0,-79.0,-60.0,-59.0,-72.0,-76.0,-81.0,-59.0,-58.0,-62.0,-72.0,-79.0,-55.0,-59.0,-56.0,-63.0,-72.0,-79.0,-60.0,-59.0,-72.0,-72.0,-66.0,-66.0
B1090,RP19,B,CTK45-dot-B,,33,,0.0,33.0,validation,-70.0,-85.0,-87.0,-58.0,-62.0,-71.0,-66.0,-78.0,-48.0,-100.0,-53.0,-49.0,-70.0,-76.0,-60.0,-60.0,-70.0,-85.0,-100.0,-61.0,-63.0,-73.0,-66.0,-78.0,-48.0,-100.0,-53.0,-49.0,-70.0,-77.0,-60.0,-60.0,-100.0,-100.0,-100.0,-100.0
B1106,RP19,B,CTK45-dot-B,,31,,0.0,33.0,validation,-100.0,-81.0,-100.0,-52.0,-53.0,-66.0,-67.0,-90.0,-55.0,-63.0,-69.0,-59.0,-73.0,-78.0,-69.0,-61.0,-100.0,-82.0,-100.0,-100.0,-53.0,-66.0,-67.0,-90.0,-55.0,-63.0,-69.0,-59.0,-100.0,-78.0,-70.0,-63.0,-61.0,-61.0,-67.0,-67.0
B1093,RP19,B,CTK45-dot-B,,25,,0.0,33.0,validation,-73.0,-74.0,-86.0,-100.0,-53.0,-100.0,-100.0,-81.0,-70.0,-71.0,-100.0,-59.0,-72.0,-78.0,-54.0,-57.0,-73.0,-74.0,-86.0,-100.0,-52.0,-100.0,-100.0,-81.0,-70.0,-71.0,-100.0,-59.0,-72.0,-78.0,-54.0,-57.0,-100.0,-100.0,-100.0,-100.0
2025:01:21:11:47:07,RP19,A,SM-S908E,2212343.0,37,114.78470309890325,0.0,33.0,validation,-76.0,-79.0,-79.0,-64.0,-65.0,-69.0,-74.0,-83.0,-54.0,-59.0,-56.0,-64.0,-68.0,-75.0,-67.0,-56.0,-76.0,-80.0,-79.0,-64.0,-65.0,-69.0,-74.0,-76.0,-54.0,-59.0,-56.0,-64.0,-68.0,-75.0,-68.0,-56.0,-71.0,-71.0,-67.0,-67.0
B1130,RP19,B,CTK45-dot-B,,26,,0.0,33.0,test,-65.0,-81.0,-81.0,-49.0,-100.0,-57.0,-100.0,-79.0,-66.0,-100.0,-53.0,-100.0,-63.0,-100.0,-50.0,-59.0,-71.0,-81.0,-82.0,-53.0,-100.0,-51.0,-100.0,-77.0,-65.0,-100.0,-52.0,-100.0,-63.0,-100.0,-50.0,-59.0,-62.0,-63.0,-100.0,-100.0
2025:01:21:11:40:28,RP19,A,SM-S908E,2212343.0,38,-129.84237772961836,0.0,33.0,test,-72.0,-74.0,-81.0,-58.0,-60.0,-69.0,-75.0,-84.0,-55.0,-57.0,-49.0,-59.0,-71.0,-80.0,-62.0,-59.0,-71.0,-74.0,-81.0,-58.0,-60.0,-70.0,-75.0,-87.0,-55.0,-57.0,-49.0,-59.0,-72.0,-80.0,-62.0,-59.0,-66.0,-66.0,-72.0,-72.0
B1099,RP19,B,CTK45-dot-B,,34,,0.0,33.0,test,-80.0,-78.0,-82.0,-53.0,-54.0,-66.0,-64.0,-83.0,-57.0,-61.0,-66.0,-61.0,-76.0,-76.0,-59.0,-62.0,-78.0,-78.0,-82.0,-54.0,-54.0,-67.0,-64.0,-83.0,-100.0,-62.0,-69.0,-61.0,-77.0,-76.0,-60.0,-62.0,-100.0,-100.0,-64.0,-64.0
2025:01:21:11:48:29,RP19,A,SM-S908E,2212343.0,33,113.10645242118555,0.0,33.0,test,-71.0,-82.0,-80.0,-64.0,-59.0,-62.0,-72.0,-100.0,-56.0,-63.0,-56.0,-62.0,-73.0,-76.0,-68.0,-59.0,-71.0,-81.0,-100.0,-64.0,-59.0,-62.0,-72.0,-100.0,-56.0,-63.0,-56.0,-62.0,-73.0,-76.0,-69.0,-59.0,-77.0,-77.0,-68.0,-68.0
2025:01:21:11:49:47,RP19,A,SM-S908E,2212343.0,36,175.8631098683936,0.0,33.0,test,-74.0,-82.0,-83.0,-59.0,-59.0,-72.0,-75.0,-82.0,-63.0,-53.0,-65.0,-70.0,-76.0,-75.0,-57.0,-60.0,-74.0,-83.0,-83.0,-59.0,-59.0,-72.0,-75.0,-81.0,-64.0,-53.0,-65.0,-70.0,-76.0,-75.0,-57.0,-60.0,-68.0,-68.0,-73.0,-73.0
B1074,RP19,B,CTK45-dot-B,,32,,0.0,33.0,test,-74.0,-80.0,-77.0,-51.0,-51.0,-67.0,-100.0,-100.0,-64.0,-54.0,-53.0,-59.0,-77.0,-69.0,-47.0,-58.0,-73.0,-80.0,-77.0,-51.0,-52.0,-67.0,-65.0,-100.0,-64.0,-54.0,-54.0,-59.0,-78.0,-70.0,-47.0,-58.0,-67.0,-67.0,-100.0,-100.0
B1079,RP19,B,CTK45-dot-B,,37,,0.0,33.0,test,-71.0,-79.0,-84.0,-51.0,-52.0,-69.0,-67.0,-88.0,-55.0,-62.0,-70.0,-60.0,-74.0,-79.0,-63.0,-62.0,-71.0,-80.0,-85.0,-50.0,-52.0,-69.0,-68.0,-88.0,-55.0,-62.0,-70.0,-60.0,-73.0,-80.0,-63.0,-62.0,-63.0,-63.0,-67.0,-67.0
B1095,RP19,B,CTK45-dot-B,,31,,0.0,33.0,test,-71.0,-77.0,-100.0,-63.0,-51.0,-70.0,-100.0,-100.0,-70.0,-64.0,-54.0,-59.0,-68.0,-82.0,-57.0,-57.0,-72.0,-77.0,-100.0,-63.0,-51.0,-69.0,-100.0,-100.0,-70.0,-64.0,-54.0,-59.0,-69.0,-82.0,-57.0,-56.0,-68.0,-68.0,-100.0,-100.0
B1109,RP19,B,CTK45-dot-B,,30,,0.0,33.0,test,-72.0,-80.0,-77.0,-51.0,-51.0,-67.0,-65.0,-100.0,-61.0,-53.0,-53.0,-60.0,-76.0,-69.0,-45.0,-58.0,-75.0,-80.0,-77.0,-52.0,-51.0,-68.0,-65.0,-100.0,-61.0,-53.0,-53.0,-60.0,-76.0,-69.0,-46.0,-58.0,-100.0,-100.0,-100.0,-100.0
B1072,RP19,B,CTK45-dot-B,,34,,0.0,33.0,test,-72.0,-77.0,-82.0,-52.0,-54.0,-65.0,-66.0,-88.0,-55.0,-62.0,-69.0,-62.0,-75.0,-100.0,-68.0,-61.0,-72.0,-77.0,-100.0,-100.0,-54.0,-65.0,-66.0,-89.0,-55.0,-62.0,-100.0,-62.0,-74.0,-80.0,-67.0,-60.0,-62.0,-62.0,-67.0,-67.0
B1129,RP19,B,CTK45-dot-B,,36,,0.0,33.0,test,-74.0,-86.0,-91.0,-53.0,-56.0,-61.0,-73.0,-85.0,-59.0,-63.0,-54.0,-65.0,-66.0,-88.0,-66.0,-70.0,-100.0,-83.0,-87.0,-53.0,-56.0,-61.0,-73.0,-83.0,-58.0,-63.0,-53.0,-65.0,-66.0,-88.0,-59.0,-69.0,-72.0,-71.0,-76.0,-76.0
B1075,RP19,B,CTK45-dot-B,,31,,0.0,33.0,test,-67.0,-77.0,-75.0,-56.0,-54.0,-73.0,-70.0,-92.0,-100.0,-79.0,-87.0,-73.0,-85.0,-83.0,-54.0,-55.0,-66.0,-77.0,-76.0,-56.0,-54.0,-73.0,-71.0,-92.0,-100.0,-79.0,-100.0,-73.0,-84.0,-86.0,-100.0,-54.0,-60.0,-100.0,-62.0,-62.0
2025:01:21:10:39:01,RP20,A,SM-S908E,2212343.0,33,-131.65226546076738,-22.0,34.0,train,-68.0,-77.0,-82.0,-54.0,-48.0,-69.0,-69.0,-100.0,-76.0,-78.0,-68.0,-71.0,-73.0,-100.0,-64.0,-68.0,-71.0,-77.0,-82.0,-54.0,-48.0,-69.0,-69.0,-100.0,-77.0,-78.0,-68.0,-71.0,-73.0,-100.0,-100.0,-68.0,-44.0,-44.0,-57.0,-58.0
B1147,RP20,B,CTK45-dot-B,,24,,-22.0,34.0,train,-68.0,-84.0,-83.0,-45.0,-100.0,-69.0,-100.0,-100.0,-77.0,-100.0,-74.0,-100.0,-95.0,-100.0,-71.0,-74.0,-69.0,-85.0,-84.0,-45.0,-100.0,-78.0,-100.0,-90.0,-86.0,-100.0,-84.0,-100.0,-100.0,-100.0,-62.0,-75.0,-56.0,-58.0,-100.0,-100.0
B1183,RP20,B,CTK45-dot-B,,29,,-22.0,34.0,train,-69.0,-77.0,-76.0,-100.0,-52.0,-76.0,-71.0,-100.0,-82.0,-79.0,-86.0,-72.0,-85.0,-84.0,-55.0,-54.0,-69.0,-77.0,-76.0,-100.0,-52.0,-77.0,-72.0,-100.0,-100.0,-79.0,-86.0,-73.0,-85.0,-84.0,-55.0,-54.0,-100.0,-100.0,-60.0,-60.0
B1158,RP20,B,CTK45-dot-B,,30,,-22.0,34.0,train,-67.0,-70.0,-84.0,-54.0,-59.0,-69.0,-65.0,-80.0,-79.0,-75.0,-100.0,-67.0,-78.0,-74.0,-45.0,-47.0,-67.0,-70.0,-84.0,-54.0,-59.0,-70.0,-65.0,-80.0,-80.0,-75.0,-100.0,-68.0,-78.0,-75.0,-45.0,-47.0,-100.0,-100.0,-100.0,-100.0
B1182,RP20,B,CTK45-dot-B,,21,,-22.0,34.0,train,-71.0,-81.0,-82.0,-48.0,-100.0,-82.0,-100.0,-100.0,-75.0,-100.0,-80.0,-100.0,-79.0,-100.0,-52.0,-54.0,-72.0,-80.0,-82.0,-48.0,-100.0,-74.0,-100.0,-100.0,-76.0,-100.0,-78.0,-100.0,-81.0,-100.0,-54.0,-57.0,-100.0,-100.0,-100.0,-100.0
B1179,RP20,B,CTK45-dot-B,,37,,-22.0,34.0,train,-66.0,-77.0,-75.0,-54.0,-50.0,-75.0,-73.0,-95.0,-82.0,-80.0,-87.0,-72.0,-85.0,-82.0,-52.0,-54.0,-68.0,-77.0,-75.0,-100.0,-49.0,-74.0,-73.0,-94.0,-100.0,-80.0,-87.0,-72.0,-86.0,-84.0,-53.0,-54.0,-65.0,-100.0,-61.0,-61.0
B1155,RP20,B,CTK45-dot-B,,37,,-22.0,34.0,train,-66.0,-79.0,-72.0,-100.0,-49.0,-74.0,-73.0,-92.0,-82.0,-79.0,-84.0,-72.0,-84.0,-83.0,-59.0,-55.0,-66.0,-78.0,-76.0,-100.0,-50.0,-74.0,-73.0,-91.0,-100.0,-77.0,-83.0,-71.0,-81.0,-83.0,-59.0,-55.0,-66.0,-65.0,-59.0,-59.0
B1171,RP20,B,CTK45-dot-B,,32,,-22.0,34.0,train,-73.0,-71.0,-74.0,-49.0,-53.0,-69.0,-100.0,-78.0,-100.0,-73.0,-57.0,-67.0,-82.0,-75.0,-43.0,-46.0,-73.0,-71.0,-71.0,-49.0,-53.0,-100.0,-100.0,-78.0,-100.0,-73.0,-57.0,-67.0,-83.0,-75.0,-43.0,-46.0,-66.0,-66.0,-100.0,-100.0
2025:01:21:10:43:56,RP20,A,SM-S908E,2212343.0,36,-66.96826393440848,-22.0,34.0,train,-68.0,-77.0,-73.0,-48.0,-51.0,-71.0,-70.0,-81.0,-76.0,-73.0,-69.0,-67.0,-69.0,-100.0,-60.0,-67.0,-68.0,-77.0,-73.0,-48.0,-51.0,-71.0,-70.0,-82.0,-76.0,-74.0,-69.0,-67.0,-69.0,-100.0,-60.0,-67.0,-54.0,-54.0,-65.0,-65.0
B1161,RP20,B,CTK45-dot-B,,37,,-22.0,34.0,train,-73.0,-72.0,-81.0,-55.0,-44.0,-73.0,-63.0,-89.0,-72.0,-68.0,-76.0,-67.0,-80.0,-75.0,-59.0,-64.0,-73.0,-72.0,-76.0,-55.0,-43.0,-73.0,-64.0,-86.0,-72.0,-68.0,-73.0,-67.0,-79.0,-77.0,-59.0,-64.0,-46.0,-46.0,-100.0,-100.0
B1138,RP20,B,CTK45-dot-B,,24,,-22.0,34.0,train,-76.0,-81.0,-86.0,-65.0,-100.0,-71.0,-100.0,-90.0,-77.0,-100.0,-70.0,-100.0,-84.0,-100.0,-49.0,-66.0,-75.0,-81.0,-85.0,-65.0,-100.0,-71.0,-100.0,-91.0,-86.0,-100.0,-71.0,-100.0,-100.0,-100.0,-50.0,-66.0,-55.0,-53.0,-100.0,-100.0
B1137,RP20,B,CTK45-dot-B,,26,,-22.0,34.0,train,-72.0,-80.0,-78.0,-58.0,-100.0,-70.0,-100.0,-88.0,-75.0,-100.0,-80.0,-100.0,-76.0,-100.0,-49.0,-57.0,-73.0,-79.0,-87.0,-68.0,-100.0,-69.0,-100.0,-98.0,-76.0,-100.0,-79.0,-100.0,-76.0,-100.0,-48.0,-58.0,-54.0,-57.0,-100.0,-100.0
B1143,RP20,B,CTK45-dot-B,,31,,-22.0,34.0,train,-74.0,-72.0,-100.0,-56.0,-52.0,-68.0,-67.0,-91.0,-78.0,-75.0,-76.0,-100.0,-85.0,-82.0,-42.0,-48.0,-74.0,-72.0,-100.0,-57.0,-52.0,-69.0,-67.0,-100.0,-78.0,-74.0,-78.0,-100.0,-84.0,-83.0,-44.0,-100.0,-49.0,-49.0,-100.0,-100.0
B1146,RP20,B,CTK45-dot-B,,22,,-22.0,34.0,train,-69.0,-86.0,-83.0,-51.0,-100.0,-70.0,-100.0,-84.0,-82.0,-100.0,-74.0,-100.0,-79.0,-100.0,-46.0,-58.0,-68.0,-86.0,-82.0,-51.0,-100.0,-70.0,-100.0,-84.0,-91.0,-100.0,-75.0,-100.0,-79.0,-100.0,-46.0,-56.0,-100.0,-100.0,-100.0,-100.0
B1163,RP20,B,CTK45-dot-B,,28,,-22.0,34.0,train,-70.0,-73.0,-73.0,-53.0,-42.0,-70.0,-100.0,-100.0,-74.0,-68.0,-71.0,-65.0,-80.0,-75.0,-57.0,-66.0,-70.0,-73.0,-73.0,-52.0,-42.0,-71.0,-100.0,-100.0,-74.0,-68.0,-69.0,-65.0,-80.0,-75.0,-57.0,-67.0,-100.0,-100.0,-100.0,-100.0
B1131,RP20,B,CTK45-dot-B,,22,,-22.0,34.0,train,-74.0,-100.0,-79.0,-57.0,-100.0,-65.0,-100.0,-87.0,-77.0,-100.0,-75.0,-100.0,-74.0,-100.0,-44.0,-62.0,-74.0,-100.0,-80.0,-57.0,-100.0,-65.0,-100.0,-84.0,-79.0,-100.0,-77.0,-100.0,-85.0,-100.0,-44.0,-62.0,-48.0,-47.0,-100.0,-100.0
2025:01:21:10:46:44,RP20,A,SM-S908E,2212343.0,38,114.62473328250273,-22.0,34.0,train,-61.0,-81.0,-65.0,-43.0,-53.0,-68.0,-69.0,-78.0,-75.0,-79.0,-73.0,-66.0,-74.0,-84.0,-63.0,-66.0,-61.0,-81.0,-65.0,-43.0,-53.0,-68.0,-69.0,-77.0,-75.0,-80.0,-73.0,-66.0,-74.0,-83.0,-63.0,-66.0,-60.0,-60.0,-61.0,-61.0
B1154,RP20,B,CTK45-dot-B,,35,,-22.0,34.0,train,-66.0,-77.0,-73.0,-55.0,-52.0,-73.0,-71.0,-93.0,-79.0,-100.0,-80.0,-72.0,-100.0,-83.0,-58.0,-53.0,-67.0,-77.0,-100.0,-55.0,-52.0,-74.0,-72.0,-92.0,-81.0,-100.0,-81.0,-73.0,-100.0,-84.0,-57.0,-51.0,-66.0,-63.0,-60.0,-59.0
B1175,RP20,B,CTK45-dot-B,,39,,-22.0,34.0,train,-64.0,-69.0,-83.0,-47.0,-50.0,-69.0,-66.0,-76.0,-80.0,-74.0,-56.0,-67.0,-73.0,-74.0,-45.0,-47.0,-64.0,-69.0,-75.0,-46.0,-50.0,-69.0,-66.0,-79.0,-80.0,-74.0,-56.0,-67.0,-73.0,-74.0,-45.0,-47.0,-64.0,-64.0,-100.0,-100.0
2025:01:21:10:48:46,RP20,A,SM-S908E,2212343.0,39,115.78619894732422,-22.0,34.0,train,-64.0,-73.0,-66.0,-45.0,-53.0,-68.0,-71.0,-79.0,-78.0,-79.0,-67.0,-68.0,-81.0,-80.0,-63.0,-67.0,-65.0,-73.0,-65.0,-45.0,-53.0,-69.0,-71.0,-79.0,-78.0,-78.0,-72.0,-68.0,-81.0,-83.0,-64.0,-67.0,-59.0,-59.0,-62.0,-62.0
B1144,RP20,B,CTK45-dot-B,,42,,-22.0,34.0,train,-71.0,-75.0,-79.0,-59.0,-45.0,-100.0,-72.0,-90.0,-70.0,-74.0,-77.0,-80.0,-76.0,-83.0,-43.0,-61.0,-71.0,-76.0,-79.0,-58.0,-45.0,-100.0,-72.0,-99.0,-70.0,-76.0,-70.0,-80.0,-77.0,-84.0,-42.0,-53.0,-56.0,-55.0,-68.0,-69.0
B1168,RP20,B,CTK45-dot-B,,32,,-22.0,34.0,train,-67.0,-77.0,-71.0,-55.0,-51.0,-100.0,-74.0,-93.0,-84.0,-100.0,-84.0,-74.0,-83.0,-83.0,-53.0,-51.0,-67.0,-77.0,-71.0,-100.0,-51.0,-100.0,-74.0,-93.0,-100.0,-100.0,-83.0,-74.0,-83.0,-83.0,-100.0,-53.0,-100.0,-100.0,-59.0,-59.0
B1152,RP20,B,CTK45-dot-B,,39,,-22.0,34.0,train,-64.0,-70.0,-70.0,-49.0,-50.0,-68.0,-61.0,-73.0,-68.0,-64.0,-56.0,-50.0,-71.0,-75.0,-53.0,-60.0,-65.0,-70.0,-70.0,-49.0,-50.0,-66.0,-61.0,-100.0,-80.0,-65.0,-56.0,-50.0,-71.0,-74.0,-53.0,-60.0,-67.0,-66.0,-76.0,-76.0
B1148,RP20,B,CTK45-dot-B,,26,,-22.0,34.0,train,-70.0,-82.0,-70.0,-55.0,-100.0,-67.0,-100.0,-85.0,-75.0,-100.0,-67.0,-100.0,-82.0,-100.0,-57.0,-71.0,-71.0,-81.0,-71.0,-55.0,-100.0,-68.0,-100.0,-87.0,-85.0,-100.0,-68.0,-100.0,-82.0,-100.0,-58.0,-72.0,-53.0,-52.0,-100.0,-100.0
2025:01:21:10:45:15,RP20,A,SM-S908E,2212343.0,38,-70.29880457214651,-22.0,34.0,train,-66.0,-78.0,-73.0,-50.0,-51.0,-69.0,-70.0,-80.0,-76.0,-77.0,-69.0,-65.0,-69.0,-86.0,-57.0,-65.0,-66.0,-78.0,-73.0,-50.0,-51.0,-69.0,-70.0,-82.0,-76.0,-76.0,-69.0,-65.0,-69.0,-85.0,-57.0,-65.0,-55.0,-55.0,-68.0,-67.0
B1145,RP20,B,CTK45-dot-B,,27,,-22.0,34.0,train,-62.0,-83.0,-82.0,-64.0,-67.0,-73.0,-77.0,-100.0,-82.0,-83.0,-100.0,-100.0,-82.0,-91.0,-44.0,-50.0,-100.0,-83.0,-81.0,-66.0,-67.0,-73.0,-77.0,-100.0,-83.0,-82.0,-72.0,-100.0,-100.0,-93.0,-44.0,-51.0,-100.0,-100.0,-100.0,-100.0
2025:01:21:10:47:34,RP20,A,SM-S908E,2212343.0,35,115.07872785063054,-22.0,34.0,train,-100.0,-81.0,-71.0,-49.0,-52.0,-72.0,-69.0,-100.0,-82.0,-82.0,-79.0,-77.0,-79.0,-88.0,-62.0,-78.0,-67.0,-82.0,-71.0,-49.0,-52.0,-73.0,-69.0,-100.0,-83.0,-81.0,-81.0,-78.0,-79.0,-90.0,-62.0,-78.0,-61.0,-61.0,-64.0,-63.0
B1170,RP20,B,CTK45-dot-B,,30,,-22.0,34.0,train,-63.0,-69.0,-100.0,-44.0,-52.0,-80.0,-100.0,-88.0,-75.0,-75.0,-100.0,-64.0,-75.0,-79.0,-45.0,-53.0,-64.0,-69.0,-100.0,-45.0,-52.0,-80.0,-100.0,-88.0,-75.0,-75.0,-100.0,-64.0,-74.0,-79.0,-45.0,-53.0,-60.0,-100.0,-100.0,-100.0
B1140,RP20,B,CTK45-dot-B,,21,,-22.0,34.0,train,-68.0,-100.0,-70.0,-65.0,-100.0,-75.0,-100.0,-100.0,-78.0,-100.0,-77.0,-100.0,-79.0,-100.0,-49.0,-62.0,-78.0,-100.0,-71.0,-64.0,-100.0,-77.0,-100.0,-100.0,-79.0,-100.0,-77.0,-100.0,-79.0,-100.0,-50.0,-63.0,-57.0,-56.0,-100.0,-100.0
B1165,RP20,B,CTK45-dot-B,,31,,-22.0,34.0,train,-70.0,-72.0,-73.0,-100.0,-42.0,-70.0,-63.0,-87.0,-72.0,-68.0,-74.0,-66.0,-78.0,-75.0,-62.0,-66.0,-70.0,-72.0,-74.0,-100.0,-42.0,-70.0,-64.0,-100.0,-72.0,-68.0,-72.0,-66.0,-78.0,-75.0,-62.0,-66.0,-100.0,-100.0,-100.0,-100.0
2025:01:21:10:49:28,RP20,A,SM-S908E,2212343.0,33,114.569041784816,-22.0,34.0,train,-68.0,-70.0,-78.0,-53.0,-60.0,-78.0,-72.0,-84.0,-100.0,-77.0,-81.0,-71.0,-84.0,-85.0,-60.0,-66.0,-67.0,-70.0,-78.0,-54.0,-60.0,-78.0,-72.0,-100.0,-100.0,-77.0,-80.0,-71.0,-83.0,-85.0,-60.0,-66.0,-64.0,-64.0,-60.0,-60.0
2025:01:21:10:51:00,RP20,A,SM-S908E,2212343.0,38,175.9365630577294,-22.0,34.0,train,-61.0,-73.0,-76.0,-57.0,-46.0,-67.0,-67.0,-83.0,-79.0,-76.0,-63.0,-75.0,-77.0,-82.0,-58.0,-61.0,-62.0,-73.0,-76.0,-57.0,-46.0,-67.0,-67.0,-83.0,-78.0,-77.0,-69.0,-75.0,-77.0,-82.0,-58.0,-61.0,-53.0,-53.0,-65.0,-65.0
2025:01:21:10:43:19,RP20,A,SM-S908E,2212343.0,29,-64.99871578406832,-22.0,34.0,train,-69.0,-76.0,-73.0,-50.0,-51.0,-67.0,-70.0,-82.0,-100.0,-100.0,-71.0,-67.0,-100.0,-100.0,-55.0,-66.0,-70.0,-76.0,-100.0,-50.0,-51.0,-67.0,-70.0,-83.0,-100.0,-100.0,-71.0,-68.0,-100.0,-100.0,-55.0,-66.0,-54.0,-53.0,-65.0,-65.0
B1132,RP20,B,CTK45-dot-B,,40,,-22.0,34.0,train,-68.0,-81.0,-75.0,-60.0,-68.0,-64.0,-78.0,-88.0,-67.0,-79.0,-65.0,-68.0,-74.0,-92.0,-61.0,-59.0,-76.0,-81.0,-77.0,-58.0,-68.0,-73.0,-78.0,-85.0,-67.0,-79.0,-66.0,-68.0,-84.0,-93.0,-60.0,-63.0,-62.0,-61.0,-75.0,-75.0
B1188,RP20,B,CTK45-dot-B,,39,,-22.0,34.0,train,-64.0,-80.0,-69.0,-54.0,-50.0,-71.0,-70.0,-89.0,-81.0,-100.0,-83.0,-73.0,-81.0,-84.0,-56.0,-54.0,-64.0,-80.0,-70.0,-53.0,-50.0,-71.0,-70.0,-89.0,-82.0,-100.0,-84.0,-73.0,-82.0,-84.0,-56.0,-54.0,-61.0,-60.0,-60.0,-60.0
B1142,RP20,B,CTK45-dot-B,,24,,-22.0,34.0,train,-66.0,-83.0,-73.0,-47.0,-100.0,-72.0,-100.0,-86.0,-79.0,-100.0,-82.0,-100.0,-84.0,-100.0,-63.0,-73.0,-75.0,-84.0,-74.0,-48.0,-100.0,-73.0,-100.0,-86.0,-79.0,-100.0,-84.0,-100.0,-85.0,-100.0,-63.0,-73.0,-67.0,-66.0,-100.0,-100.0
2025:01:21:10:52:21,RP20,A,SM-S908E,2212343.0,35,177.05518866820896,-22.0,34.0,train,-65.0,-74.0,-75.0,-58.0,-47.0,-66.0,-65.0,-83.0,-77.0,-82.0,-76.0,-74.0,-76.0,-81.0,-70.0,-69.0,-65.0,-74.0,-75.0,-58.0,-47.0,-66.0,-65.0,-83.0,-100.0,-79.0,-72.0,-74.0,-76.0,-81.0,-70.0,-69.0,-53.0,-53.0,-69.0,-69.0
2025:01:21:10:50:06,RP20,A,SM-S908E,2212343.0,36,174.54736958765517,-22.0,34.0,train,-63.0,-77.0,-67.0,-51.0,-56.0,-70.0,-73.0,-81.0,-82.0,-79.0,-78.0,-67.0,-81.0,-100.0,-59.0,-67.0,-64.0,-77.0,-67.0,-50.0,-56.0,-70.0,-73.0,-81.0,-82.0,-79.0,-78.0,-67.0,-81.0,-100.0,-60.0,-67.0,-67.0,-67.0,-59.0,-58.0
2025:01:21:10:51:45,RP20,A,SM-S908E,2212343.0,38,177.53910309239848,-22.0,34.0,train,-62.0,-73.0,-74.0,-55.0,-46.0,-66.0,-65.0,-79.0,-85.0,-79.0,-69.0,-74.0,-76.0,-83.0,-63.0,-63.0,-62.0,-73.0,-75.0,-56.0,-46.0,-66.0,-65.0,-81.0,-85.0,-79.0,-69.0,-74.0,-76.0,-82.0,-63.0,-63.0,-55.0,-55.0,-68.0,-68.0
B1180,RP20,B,CTK45-dot-B,,37,,-22.0,34.0,train,-69.0,-75.0,-82.0,-45.0,-50.0,-74.0,-63.0,-82.0,-73.0,-77.0,-65.0,-61.0,-74.0,-85.0,-46.0,-54.0,-70.0,-76.0,-81.0,-45.0,-50.0,-74.0,-63.0,-80.0,-74.0,-77.0,-65.0,-61.0,-74.0,-86.0,-46.0,-54.0,-65.0,-65.0,-100.0,-100.0
B1141,RP20,B,CTK45-dot-B,,22,,-22.0,34.0,train,-67.0,-85.0,-100.0,-47.0,-100.0,-70.0,-100.0,-85.0,-78.0,-100.0,-82.0,-100.0,-83.0,-100.0,-64.0,-73.0,-68.0,-85.0,-74.0,-47.0,-100.0,-70.0,-100.0,-87.0,-79.0,-100.0,-82.0,-100.0,-84.0,-100.0,-64.0,-73.0,-69.0,-100.0,-100.0,-100.0
B1174,RP20,B,CTK45-dot-B,,32,,-22.0,34.0,train,-70.0,-73.0,-72.0,-59.0,-46.0,-65.0,-63.0,-97.0,-80.0,-75.0,-78.0,-68.0,-78.0,-100.0,-57.0,-59.0,-70.0,-73.0,-72.0,-60.0,-48.0,-65.0,-63.0,-100.0,-80.0,-75.0,-77.0,-68.0,-79.0,-100.0,-57.0,-59.0,-100.0,-100.0,-100.0,-100.0
B1184,RP20,B,CTK45-dot-B,,26,,-22.0,34.0,train,-66.0,-77.0,-74.0,-100.0,-53.0,-100.0,-72.0,-100.0,-100.0,-100.0,-90.0,-73.0,-85.0,-100.0,-57.0,-55.0,-66.0,-77.0,-75.0,-100.0,-53.0,-75.0,-71.0,-100.0,-100.0,-100.0,-90.0,-73.0,-87.0,-100.0,-57.0,-54.0,-60.0,-60.0,-59.0,-59.0
B1139,RP20,B,CTK45-dot-B,,29,,-22.0,34.0,train,-75.0,-77.0,-76.0,-56.0,-60.0,-58.0,-100.0,-84.0,-76.0,-100.0,-67.0,-73.0,-78.0,-100.0,-41.0,-56.0,-74.0,-77.0,-75.0,-56.0,-60.0,-59.0,-100.0,-95.0,-77.0,-100.0,-67.0,-73.0,-78.0,-100.0,-42.0,-60.0,-100.0,-100.0,-65.0,-65.0
B1150,RP20,B,CTK45-dot-B,,35,,-22.0,34.0,train,-68.0,-79.0,-73.0,-100.0,-49.0,-75.0,-70.0,-94.0,-82.0,-79.0,-84.0,-72.0,-79.0,-83.0,-56.0,-54.0,-67.0,-80.0,-73.0,-100.0,-49.0,-74.0,-70.0,-94.0,-81.0,-78.0,-100.0,-73.0,-79.0,-83.0,-100.0,-54.0,-100.0,-100.0,-60.0,-60.0
B1136,RP20,B,CTK45-dot-B,,20,,-22.0,34.0,train,-72.0,-85.0,-100.0,-67.0,-100.0,-72.0,-100.0,-90.0,-87.0,-100.0,-75.0,-100.0,-75.0,-100.0,-49.0,-67.0,-72.0,-84.0,-100.0,-67.0,-100.0,-72.0,-100.0,-100.0,-100.0,-100.0,-78.0,-100.0,-76.0,-100.0,-49.0,-66.0,-55.0,-54.0,-100.0,-100.0
B1187,RP20,B,CTK45-dot-B,,31,,-22.0,34.0,train,-68.0,-77.0,-100.0,-55.0,-52.0,-75.0,-73.0,-91.0,-82.0,-100.0,-92.0,-72.0,-86.0,-85.0,-57.0,-55.0,-67.0,-77.0,-100.0,-55.0,-52.0,-100.0,-73.0,-92.0,-100.0,-100.0,-93.0,-72.0,-86.0,-86.0,-57.0,-56.0,-57.0,-57.0,-61.0,-61.0
B1185,RP20,B,CTK45-dot-B,,29,,-22.0,34.0,train,-68.0,-77.0,-75.0,-57.0,-52.0,-75.0,-72.0,-100.0,-82.0,-79.0,-88.0,-74.0,-85.0,-85.0,-58.0,-54.0,-68.0,-77.0,-75.0,-100.0,-52.0,-76.0,-72.0,-100.0,-100.0,-79.0,-100.0,-74.0,-85.0,-86.0,-58.0,-55.0,-100.0,-100.0,-59.0,-59.0
B1176,RP20,B,CTK45-dot-B,,25,,-22.0,34.0,train,-76.0,-75.0,-80.0,-100.0,-44.0,-68.0,-100.0,-96.0,-100.0,-74.0,-75.0,-68.0,-79.0,-100.0,-57.0,-54.0,-75.0,-75.0,-80.0,-100.0,-45.0,-68.0,-100.0,-100.0,-100.0,-100.0,-76.0,-68.0,-100.0,-100.0,-57.0,-54.0,-100.0,-100.0,-100.0,-100.0
B1153,RP20,B,CTK45-dot-B,,28,,-22.0,34.0,train,-67.0,-76.0,-73.0,-100.0,-49.0,-100.0,-69.0,-90.0,-100.0,-76.0,-83.0,-63.0,-83.0,-100.0,-52.0,-51.0,-100.0,-77.0,-73.0,-100.0,-48.0,-100.0,-69.0,-90.0,-100.0,-78.0,-84.0,-63.0,-83.0,-100.0,-100.0,-50.0,-65.0,-66.0,-61.0,-61.0
B1134,RP20,B,CTK45-dot-B,,29,,-22.0,34.0,train,-67.0,-77.0,-77.0,-100.0,-52.0,-73.0,-72.0,-93.0,-82.0,-100.0,-83.0,-72.0,-87.0,-84.0,-54.0,-54.0,-69.0,-78.0,-77.0,-100.0,-52.0,-73.0,-71.0,-93.0,-82.0,-100.0,-100.0,-73.0,-86.0,-84.0,-55.0,-55.0,-100.0,-100.0,-61.0,-60.0
B1160,RP20,B,CTK45-dot-B,,36,,-22.0,34.0,train,-72.0,-73.0,-73.0,-56.0,-42.0,-68.0,-100.0,-87.0,-72.0,-69.0,-75.0,-68.0,-81.0,-75.0,-57.0,-64.0,-73.0,-73.0,-74.0,-56.0,-43.0,-68.0,-100.0,-87.0,-68.0,-68.0,-75.0,-68.0,-80.0,-75.0,-57.0,-65.0,-45.0,-45.0,-100.0,-100.0
B1177,RP20,B,CTK45-dot-B,,36,,-22.0,34.0,train,-70.0,-73.0,-76.0,-65.0,-45.0,-65.0,-100.0,-91.0,-75.0,-77.0,-72.0,-60.0,-73.0,-85.0,-61.0,-57.0,-70.0,-74.0,-76.0,-65.0,-46.0,-65.0,-100.0,-91.0,-75.0,-77.0,-72.0,-60.0,-72.0,-76.0,-62.0,-58.0,-70.0,-70.0,-100.0,-100.0
B1149,RP20,B,CTK45-dot-B,,24,,-22.0,34.0,train,-68.0,-82.0,-67.0,-50.0,-100.0,-74.0,-100.0,-81.0,-71.0,-100.0,-65.0,-100.0,-81.0,-100.0,-55.0,-72.0,-68.0,-82.0,-68.0,-49.0,-100.0,-73.0,-100.0,-81.0,-100.0,-100.0,-66.0,-100.0,-80.0,-100.0,-55.0,-72.0,-61.0,-61.0,-100.0,-100.0
2025:01:21:10:39:58,RP20,A,SM-S908E,2212343.0,39,-132.08008158723564,-22.0,34.0,train,-66.0,-71.0,-69.0,-48.0,-53.0,-72.0,-72.0,-85.0,-76.0,-73.0,-76.0,-61.0,-69.0,-85.0,-49.0,-58.0,-66.0,-71.0,-70.0,-49.0,-53.0,-72.0,-72.0,-86.0,-76.0,-73.0,-76.0,-61.0,-69.0,-85.0,-49.0,-58.0,-54.0,-54.0,-59.0,-59.0
2025:01:21:10:45:53,RP20,A,SM-S908E,2212343.0,36,113.42867242601122,-22.0,34.0,validation,-68.0,-77.0,-72.0,-46.0,-50.0,-68.0,-67.0,-100.0,-76.0,-76.0,-68.0,-67.0,-70.0,-100.0,-55.0,-64.0,-67.0,-77.0,-72.0,-46.0,-50.0,-68.0,-67.0,-82.0,-77.0,-76.0,-70.0,-67.0,-69.0,-81.0,-55.0,-64.0,-55.0,-55.0,-68.0,-68.0
2025:01:21:10:53:01,RP20,A,SM-S908E,2212343.0,34,175.2781600666107,-22.0,34.0,validation,-62.0,-74.0,-69.0,-58.0,-47.0,-67.0,-68.0,-82.0,-79.0,-100.0,-100.0,-70.0,-78.0,-81.0,-64.0,-73.0,-63.0,-74.0,-70.0,-58.0,-47.0,-67.0,-68.0,-82.0,-78.0,-100.0,-100.0,-70.0,-78.0,-81.0,-65.0,-73.0,-56.0,-56.0,-66.0,-66.0
B1133,RP20,B,CTK45-dot-B,,25,,-22.0,34.0,validation,-74.0,-78.0,-79.0,-50.0,-100.0,-62.0,-100.0,-87.0,-74.0,-100.0,-76.0,-100.0,-81.0,-100.0,-58.0,-50.0,-74.0,-79.0,-79.0,-50.0,-100.0,-62.0,-100.0,-88.0,-74.0,-100.0,-77.0,-100.0,-89.0,-100.0,-49.0,-100.0,-51.0,-51.0,-100.0,-100.0
2025:01:21:10:44:34,RP20,A,SM-S908E,2212343.0,38,-68.32460973408783,-22.0,34.0,validation,-69.0,-77.0,-71.0,-50.0,-51.0,-70.0,-70.0,-81.0,-76.0,-75.0,-70.0,-65.0,-69.0,-87.0,-60.0,-67.0,-69.0,-77.0,-71.0,-50.0,-51.0,-70.0,-70.0,-81.0,-75.0,-75.0,-70.0,-66.0,-69.0,-100.0,-60.0,-67.0,-56.0,-56.0,-64.0,-64.0
B1189,RP20,B,CTK45-dot-B,,22,,-22.0,34.0,validation,-70.0,-79.0,-92.0,-51.0,-100.0,-72.0,-100.0,-100.0,-82.0,-100.0,-73.0,-100.0,-79.0,-100.0,-65.0,-56.0,-70.0,-79.0,-82.0,-51.0,-100.0,-72.0,-100.0,-100.0,-81.0,-100.0,-73.0,-100.0,-78.0,-100.0,-65.0,-56.0,-56.0,-56.0,-100.0,-100.0
B1157,RP20,B,CTK45-dot-B,,31,,-22.0,34.0,validation,-67.0,-78.0,-100.0,-55.0,-48.0,-74.0,-71.0,-90.0,-81.0,-78.0,-85.0,-71.0,-82.0,-100.0,-53.0,-51.0,-100.0,-78.0,-100.0,-100.0,-48.0,-74.0,-72.0,-93.0,-81.0,-78.0,-84.0,-72.0,-100.0,-83.0,-53.0,-51.0,-100.0,-100.0,-61.0,-60.0
B1169,RP20,B,CTK45-dot-B,,34,,-22.0,34.0,validation,-64.0,-69.0,-76.0,-44.0,-52.0,-81.0,-100.0,-81.0,-74.0,-75.0,-72.0,-62.0,-74.0,-78.0,-45.0,-56.0,-64.0,-69.0,-76.0,-45.0,-51.0,-80.0,-100.0,-87.0,-74.0,-75.0,-69.0,-63.0,-75.0,-78.0,-45.0,-56.0,-60.0,-60.0,-100.0,-100.0
B1159,RP20,B,CTK45-dot-B,,30,,-22.0,34.0,validation,-100.0,-75.0,-73.0,-65.0,-47.0,-67.0,-64.0,-100.0,-80.0,-100.0,-75.0,-71.0,-75.0,-79.0,-51.0,-53.0,-100.0,-74.0,-70.0,-65.0,-49.0,-67.0,-65.0,-100.0,-80.0,-100.0,-75.0,-71.0,-75.0,-78.0,-51.0,-53.0,-100.0,-100.0,-100.0,-100.0
B1156,RP20,B,CTK45-dot-B,,34,,-22.0,34.0,validation,-66.0,-80.0,-74.0,-100.0,-53.0,-74.0,-72.0,-91.0,-100.0,-79.0,-85.0,-72.0,-83.0,-82.0,-56.0,-54.0,-66.0,-80.0,-75.0,-100.0,-53.0,-74.0,-71.0,-91.0,-100.0,-79.0,-86.0,-72.0,-83.0,-83.0,-55.0,-51.0,-68.0,-100.0,-59.0,-59.0
B1135,RP20,B,CTK45-dot-B,,29,,-22.0,34.0,validation,-71.0,-77.0,-78.0,-57.0,-73.0,-100.0,-100.0,-89.0,-100.0,-81.0,-73.0,-74.0,-77.0,-86.0,-61.0,-60.0,-72.0,-77.0,-79.0,-100.0,-74.0,-100.0,-100.0,-88.0,-69.0,-81.0,-74.0,-74.0,-77.0,-86.0,-61.0,-53.0,-100.0,-100.0,-68.0,-67.0
B1172,RP20,B,CTK45-dot-B,,26,,-22.0,34.0,validation,-100.0,-70.0,-80.0,-56.0,-55.0,-68.0,-65.0,-100.0,-77.0,-74.0,-100.0,-64.0,-82.0,-76.0,-44.0,-46.0,-100.0,-70.0,-80.0,-56.0,-55.0,-68.0,-65.0,-100.0,-77.0,-74.0,-100.0,-64.0,-82.0,-76.0,-45.0,-46.0,-100.0,-100.0,-100.0,-100.0
B1162,RP20,B,CTK45-dot-B,,32,,-22.0,34.0,validation,-67.0,-73.0,-73.0,-57.0,-44.0,-72.0,-64.0,-100.0,-72.0,-68.0,-100.0,-66.0,-80.0,-76.0,-57.0,-65.0,-69.0,-73.0,-100.0,-57.0,-43.0,-72.0,-65.0,-100.0,-73.0,-68.0,-73.0,-66.0,-80.0,-76.0,-57.0,-65.0,-100.0,-100.0,-100.0,-100.0
2025:01:21:10:41:50,RP20,A,SM-S908E,2212343.0,32,-132.33311120872133,-22.0,34.0,test,-66.0,-73.0,-71.0,-48.0,-53.0,-100.0,-72.0,-100.0,-100.0,-72.0,-78.0,-61.0,-72.0,-84.0,-61.0,-68.0,-65.0,-73.0,-71.0,-49.0,-53.0,-100.0,-71.0,-100.0,-100.0,-72.0,-78.0,-61.0,-72.0,-83.0,-61.0,-68.0,-56.0,-56.0,-60.0,-60.0
B1186,RP20,B,CTK45-dot-B,,30,,-22.0,34.0,test,-66.0,-76.0,-74.0,-100.0,-52.0,-74.0,-71.0,-93.0,-100.0,-100.0,-84.0,-74.0,-84.0,-85.0,-100.0,-56.0,-66.0,-77.0,-74.0,-100.0,-52.0,-74.0,-71.0,-92.0,-100.0,-100.0,-84.0,-74.0,-85.0,-85.0,-100.0,-55.0,-61.0,-62.0,-63.0,-63.0
2025:01:21:10:42:38,RP20,A,SM-S908E,2212343.0,38,-65.98285101129684,-22.0,34.0,test,-63.0,-76.0,-73.0,-46.0,-51.0,-69.0,-71.0,-82.0,-75.0,-71.0,-70.0,-67.0,-65.0,-83.0,-57.0,-66.0,-64.0,-76.0,-74.0,-47.0,-51.0,-67.0,-71.0,-81.0,-75.0,-72.0,-67.0,-67.0,-72.0,-82.0,-58.0,-66.0,-53.0,-52.0,-60.0,-60.0
B1173,RP20,B,CTK45-dot-B,,28,,-22.0,34.0,test,-75.0,-71.0,-100.0,-54.0,-58.0,-69.0,-100.0,-81.0,-80.0,-72.0,-56.0,-64.0,-100.0,-76.0,-44.0,-45.0,-75.0,-72.0,-80.0,-55.0,-58.0,-69.0,-100.0,-77.0,-81.0,-72.0,-56.0,-65.0,-100.0,-76.0,-44.0,-45.0,-100.0,-100.0,-100.0,-100.0
B1151,RP20,B,CTK45-dot-B,,34,,-22.0,34.0,test,-67.0,-77.0,-75.0,-58.0,-53.0,-76.0,-73.0,-93.0,-80.0,-100.0,-86.0,-71.0,-84.0,-81.0,-53.0,-54.0,-69.0,-77.0,-75.0,-57.0,-53.0,-75.0,-74.0,-94.0,-82.0,-100.0,-87.0,-72.0,-84.0,-84.0,-53.0,-54.0,-60.0,-60.0,-61.0,-61.0
B1167,RP20,B,CTK45-dot-B,,30,,-22.0,34.0,test,-62.0,-70.0,-74.0,-43.0,-50.0,-100.0,-63.0,-85.0,-75.0,-74.0,-71.0,-64.0,-74.0,-78.0,-44.0,-55.0,-62.0,-71.0,-74.0,-44.0,-50.0,-100.0,-63.0,-85.0,-75.0,-74.0,-71.0,-64.0,-73.0,-79.0,-44.0,-55.0,-100.0,-100.0,-100.0,-100.0
B1166,RP20,B,CTK45-dot-B,,29,,-22.0,34.0,test,-100.0,-69.0,-75.0,-46.0,-51.0,-76.0,-100.0,-87.0,-75.0,-74.0,-72.0,-65.0,-100.0,-79.0,-43.0,-53.0,-100.0,-69.0,-75.0,-45.0,-52.0,-76.0,-100.0,-88.0,-75.0,-74.0,-73.0,-65.0,-100.0,-79.0,-44.0,-54.0,-63.0,-62.0,-100.0,-100.0
B1164,RP20,B,CTK45-dot-B,,32,,-22.0,34.0,test,-66.0,-76.0,-74.0,-56.0,-49.0,-73.0,-71.0,-91.0,-82.0,-79.0,-88.0,-73.0,-100.0,-86.0,-55.0,-54.0,-67.0,-77.0,-75.0,-57.0,-48.0,-73.0,-70.0,-91.0,-82.0,-78.0,-89.0,-73.0,-100.0,-85.0,-56.0,-55.0,-100.0,-100.0,-60.0,-60.0
2025:01:21:10:40:34,RP20,A,SM-S908E,2212343.0,35,-132.53005399164164,-22.0,34.0,test,-64.0,-76.0,-71.0,-50.0,-55.0,-72.0,-70.0,-100.0,-75.0,-76.0,-77.0,-63.0,-73.0,-100.0,-59.0,-67.0,-64.0,-76.0,-72.0,-51.0,-55.0,-72.0,-70.0,-100.0,-75.0,-77.0,-77.0,-63.0,-72.0,-100.0,-59.0,-66.0,-57.0,-57.0,-60.0,-60.0
B1178,RP20,B,CTK45-dot-B,,36,,-22.0,34.0,test,-63.0,-69.0,-73.0,-44.0,-52.0,-80.0,-61.0,-88.0,-75.0,-75.0,-71.0,-64.0,-75.0,-79.0,-45.0,-53.0,-64.0,-69.0,-76.0,-45.0,-52.0,-80.0,-61.0,-88.0,-75.0,-75.0,-71.0,-64.0,-74.0,-79.0,-45.0,-53.0,-60.0,-100.0,-100.0,-100.0
B1181,RP20,B,CTK45-dot-B,,33,,-22.0,34.0,test,-67.0,-77.0,-73.0,-56.0,-52.0,-72.0,-72.0,-90.0,-100.0,-100.0,-86.0,-73.0,-85.0,-84.0,-56.0,-52.0,-67.0,-77.0,-73.0,-55.0,-52.0,-72.0,-72.0,-91.0,-100.0,-100.0,-87.0,-73.0,-85.0,-84.0,-56.0,-52.0,-100.0,-100.0,-59.0,-59.0
2025:01:21:10:41:11,RP20,A,SM-S908E,2212343.0,38,-131.35834957102114,-22.0,34.0,test,-66.0,-72.0,-72.0,-49.0,-50.0,-71.0,-69.0,-86.0,-80.0,-75.0,-77.0,-66.0,-73.0,-82.0,-68.0,-71.0,-66.0,-72.0,-72.0,-49.0,-50.0,-71.0,-69.0,-85.0,-80.0,-74.0,-77.0,-66.0,-74.0,-82.0,-68.0,-70.0,-55.0,-55.0,-60.0,-60.0
B1227,RP21,B,CTK45-dot-B,,22,,22.0,34.0,train,-82.0,-91.0,-100.0,-75.0,-100.0,-60.0,-100.0,-80.0,-56.0,-100.0,-48.0,-100.0,-77.0,-100.0,-60.0,-77.0,-82.0,-91.0,-100.0,-100.0,-100.0,-60.0,-100.0,-80.0,-100.0,-100.0,-48.0,-100.0,-77.0,-100.0,-61.0,-77.0,-68.0,-66.0,-100.0,-100.0
B1233,RP21,B,CTK45-dot-B,,34,,22.0,34.0,train,-80.0,-79.0,-82.0,-72.0,-71.0,-68.0,-100.0,-78.0,-47.0,-59.0,-55.0,-54.0,-71.0,-68.0,-72.0,-71.0,-80.0,-80.0,-85.0,-73.0,-71.0,-68.0,-100.0,-78.0,-47.0,-59.0,-55.0,-55.0,-71.0,-68.0,-73.0,-71.0,-76.0,-76.0,-100.0,-100.0
B1219,RP21,B,CTK45-dot-B,,32,,22.0,34.0,train,-79.0,-92.0,-100.0,-79.0,-78.0,-58.0,-70.0,-78.0,-49.0,-53.0,-62.0,-74.0,-65.0,-100.0,-71.0,-100.0,-77.0,-92.0,-100.0,-77.0,-78.0,-59.0,-71.0,-78.0,-49.0,-100.0,-62.0,-74.0,-65.0,-100.0,-70.0,-100.0,-77.0,-76.0,-82.0,-82.0
B1235,RP21,B,CTK45-dot-B,,35,,22.0,34.0,train,-85.0,-82.0,-100.0,-82.0,-74.0,-67.0,-100.0,-73.0,-41.0,-50.0,-56.0,-45.0,-62.0,-69.0,-85.0,-74.0,-85.0,-82.0,-87.0,-82.0,-74.0,-66.0,-100.0,-73.0,-42.0,-50.0,-56.0,-44.0,-62.0,-69.0,-85.0,-74.0,-100.0,-100.0,-100.0,-100.0
2025:01:21:11:01:58,RP21,A,SM-S908E,2212343.0,34,117.14435529363617,22.0,34.0,train,-74.0,-82.0,-89.0,-71.0,-79.0,-66.0,-69.0,-73.0,-45.0,-56.0,-56.0,-65.0,-74.0,-71.0,-100.0,-73.0,-74.0,-82.0,-87.0,-72.0,-79.0,-66.0,-69.0,-74.0,-45.0,-56.0,-56.0,-65.0,-74.0,-71.0,-100.0,-73.0,-100.0,-100.0,-82.0,-82.0
2025:01:21:10:54:14,RP21,A,SM-S908E,2212343.0,33,-129.0372860837903,22.0,34.0,train,-77.0,-100.0,-78.0,-74.0,-76.0,-64.0,-67.0,-69.0,-44.0,-51.0,-57.0,-61.0,-70.0,-74.0,-69.0,-74.0,-76.0,-100.0,-78.0,-75.0,-76.0,-64.0,-67.0,-69.0,-44.0,-50.0,-58.0,-61.0,-71.0,-74.0,-67.0,-74.0,-100.0,-80.0,-82.0,-82.0
B1221,RP21,B,CTK45-dot-B,,23,,22.0,34.0,train,-79.0,-100.0,-83.0,-73.0,-100.0,-58.0,-100.0,-71.0,-49.0,-100.0,-58.0,-100.0,-64.0,-100.0,-72.0,-80.0,-79.0,-100.0,-86.0,-100.0,-100.0,-61.0,-100.0,-71.0,-47.0,-100.0,-58.0,-100.0,-64.0,-100.0,-73.0,-80.0,-79.0,-78.0,-100.0,-100.0
2025:01:21:10:59:51,RP21,A,SM-S908E,2212343.0,37,115.50791334622919,22.0,34.0,train,-73.0,-84.0,-100.0,-79.0,-76.0,-63.0,-71.0,-72.0,-47.0,-49.0,-56.0,-62.0,-66.0,-71.0,-70.0,-80.0,-73.0,-85.0,-100.0,-80.0,-76.0,-63.0,-71.0,-72.0,-47.0,-49.0,-56.0,-62.0,-66.0,-71.0,-69.0,-81.0,-81.0,-81.0,-83.0,-83.0
B1248,RP21,B,CTK45-dot-B,,21,,22.0,34.0,train,-86.0,-84.0,-86.0,-75.0,-100.0,-66.0,-100.0,-100.0,-40.0,-100.0,-49.0,-100.0,-67.0,-100.0,-75.0,-80.0,-86.0,-96.0,-86.0,-76.0,-100.0,-66.0,-100.0,-100.0,-40.0,-100.0,-100.0,-100.0,-67.0,-100.0,-75.0,-80.0,-75.0,-74.0,-100.0,-100.0
B1197,RP21,B,CTK45-dot-B,,31,,22.0,34.0,train,-100.0,-85.0,-88.0,-100.0,-76.0,-62.0,-62.0,-72.0,-52.0,-52.0,-55.0,-52.0,-73.0,-66.0,-79.0,-73.0,-100.0,-86.0,-100.0,-100.0,-75.0,-63.0,-62.0,-100.0,-51.0,-53.0,-55.0,-52.0,-100.0,-67.0,-78.0,-73.0,-83.0,-83.0,-77.0,-76.0
B1199,RP21,B,CTK45-dot-B,,41,,22.0,34.0,train,-77.0,-79.0,-84.0,-73.0,-74.0,-65.0,-66.0,-68.0,-43.0,-46.0,-64.0,-56.0,-70.0,-69.0,-73.0,-76.0,-79.0,-79.0,-84.0,-72.0,-74.0,-65.0,-66.0,-68.0,-43.0,-46.0,-64.0,-56.0,-74.0,-70.0,-72.0,-77.0,-80.0,-81.0,-78.0,-78.0
B1198,RP21,B,CTK45-dot-B,,37,,22.0,34.0,train,-79.0,-80.0,-85.0,-81.0,-72.0,-72.0,-69.0,-67.0,-43.0,-47.0,-62.0,-64.0,-72.0,-70.0,-100.0,-73.0,-80.0,-80.0,-86.0,-81.0,-72.0,-73.0,-69.0,-67.0,-43.0,-46.0,-62.0,-65.0,-72.0,-100.0,-75.0,-74.0,-81.0,-81.0,-76.0,-76.0
B1193,RP21,B,CTK45-dot-B,,33,,22.0,34.0,train,-82.0,-81.0,-100.0,-73.0,-76.0,-71.0,-100.0,-76.0,-46.0,-45.0,-57.0,-59.0,-69.0,-66.0,-61.0,-75.0,-82.0,-81.0,-100.0,-72.0,-76.0,-71.0,-100.0,-76.0,-47.0,-45.0,-58.0,-58.0,-69.0,-66.0,-61.0,-75.0,-79.0,-79.0,-100.0,-100.0
B1244,RP21,B,CTK45-dot-B,,26,,22.0,34.0,train,-100.0,-86.0,-100.0,-100.0,-74.0,-100.0,-65.0,-74.0,-58.0,-57.0,-53.0,-45.0,-70.0,-72.0,-85.0,-76.0,-100.0,-86.0,-100.0,-100.0,-74.0,-100.0,-64.0,-75.0,-57.0,-51.0,-53.0,-44.0,-70.0,-73.0,-87.0,-76.0,-100.0,-100.0,-75.0,-74.0
B1245,RP21,B,CTK45-dot-B,,37,,22.0,34.0,train,-81.0,-86.0,-91.0,-81.0,-78.0,-66.0,-66.0,-72.0,-54.0,-51.0,-51.0,-48.0,-76.0,-66.0,-77.0,-78.0,-82.0,-86.0,-90.0,-81.0,-77.0,-65.0,-67.0,-71.0,-54.0,-51.0,-51.0,-48.0,-100.0,-66.0,-78.0,-79.0,-82.0,-83.0,-80.0,-80.0
B1223,RP21,B,CTK45-dot-B,,20,,22.0,34.0,train,-81.0,-92.0,-100.0,-70.0,-100.0,-62.0,-100.0,-81.0,-100.0,-100.0,-46.0,-100.0,-75.0,-100.0,-62.0,-78.0,-81.0,-93.0,-100.0,-70.0,-100.0,-59.0,-100.0,-81.0,-55.0,-100.0,-47.0,-100.0,-76.0,-100.0,-62.0,-79.0,-67.0,-100.0,-100.0,-100.0
B1230,RP21,B,CTK45-dot-B,,15,,22.0,34.0,train,-100.0,-100.0,-82.0,-75.0,-100.0,-69.0,-100.0,-74.0,-37.0,-100.0,-47.0,-100.0,-100.0,-100.0,-100.0,-87.0,-100.0,-100.0,-81.0,-83.0,-100.0,-76.0,-100.0,-72.0,-38.0,-100.0,-47.0,-100.0,-100.0,-100.0,-100.0,-86.0,-100.0,-100.0,-100.0,-100.0
B1206,RP21,B,CTK45-dot-B,,27,,22.0,34.0,train,-80.0,-84.0,-100.0,-100.0,-75.0,-62.0,-62.0,-73.0,-54.0,-51.0,-57.0,-51.0,-75.0,-67.0,-79.0,-74.0,-100.0,-85.0,-100.0,-100.0,-76.0,-63.0,-62.0,-100.0,-100.0,-53.0,-57.0,-52.0,-77.0,-67.0,-79.0,-74.0,-100.0,-100.0,-79.0,-79.0
B1237,RP21,B,CTK45-dot-B,,33,,22.0,34.0,train,-80.0,-86.0,-88.0,-100.0,-76.0,-61.0,-63.0,-73.0,-49.0,-53.0,-53.0,-48.0,-73.0,-70.0,-100.0,-72.0,-80.0,-86.0,-100.0,-100.0,-75.0,-62.0,-63.0,-73.0,-49.0,-52.0,-53.0,-47.0,-73.0,-70.0,-100.0,-72.0,-80.0,-80.0,-78.0,-78.0
B1238,RP21,B,CTK45-dot-B,,31,,22.0,34.0,train,-100.0,-84.0,-100.0,-100.0,-75.0,-66.0,-59.0,-76.0,-58.0,-54.0,-65.0,-45.0,-100.0,-72.0,-84.0,-74.0,-100.0,-84.0,-100.0,-100.0,-74.0,-66.0,-59.0,-76.0,-58.0,-54.0,-50.0,-45.0,-100.0,-73.0,-83.0,-74.0,-79.0,-79.0,-71.0,-71.0
B1190,RP21,B,CTK45-dot-B,,28,,22.0,34.0,train,-80.0,-86.0,-100.0,-100.0,-75.0,-100.0,-63.0,-100.0,-51.0,-51.0,-53.0,-50.0,-73.0,-66.0,-100.0,-77.0,-79.0,-87.0,-100.0,-100.0,-76.0,-100.0,-63.0,-100.0,-51.0,-51.0,-53.0,-50.0,-72.0,-65.0,-100.0,-77.0,-83.0,-84.0,-78.0,-78.0
2025:01:21:11:06:00,RP21,A,SM-S908E,2212343.0,36,177.6256139898853,22.0,34.0,train,-75.0,-83.0,-81.0,-71.0,-77.0,-61.0,-66.0,-74.0,-48.0,-47.0,-58.0,-68.0,-69.0,-71.0,-67.0,-73.0,-75.0,-84.0,-81.0,-72.0,-78.0,-62.0,-66.0,-75.0,-48.0,-47.0,-58.0,-68.0,-69.0,-70.0,-68.0,-74.0,-100.0,-100.0,-79.0,-79.0
B1192,RP21,B,CTK45-dot-B,,27,,22.0,34.0,train,-78.0,-80.0,-100.0,-76.0,-68.0,-100.0,-100.0,-100.0,-100.0,-46.0,-100.0,-65.0,-66.0,-64.0,-62.0,-74.0,-78.0,-80.0,-100.0,-76.0,-68.0,-100.0,-100.0,-100.0,-45.0,-46.0,-100.0,-65.0,-67.0,-64.0,-62.0,-74.0,-78.0,-78.0,-82.0,-81.0
B1220,RP21,B,CTK45-dot-B,,24,,22.0,34.0,train,-88.0,-97.0,-86.0,-71.0,-100.0,-58.0,-100.0,-71.0,-45.0,-100.0,-43.0,-100.0,-64.0,-100.0,-73.0,-84.0,-87.0,-94.0,-88.0,-72.0,-100.0,-100.0,-100.0,-72.0,-100.0,-100.0,-45.0,-100.0,-63.0,-100.0,-74.0,-85.0,-79.0,-77.0,-100.0,-100.0
2025:01:21:11:03:11,RP21,A,SM-S908E,2212343.0,34,177.27407573468275,22.0,34.0,train,-74.0,-80.0,-100.0,-71.0,-81.0,-65.0,-67.0,-75.0,-45.0,-59.0,-56.0,-65.0,-72.0,-72.0,-76.0,-75.0,-74.0,-81.0,-100.0,-71.0,-82.0,-66.0,-67.0,-75.0,-45.0,-59.0,-56.0,-65.0,-73.0,-72.0,-76.0,-75.0,-100.0,-100.0,-86.0,-85.0
B1204,RP21,B,CTK45-dot-B,,39,,22.0,34.0,train,-83.0,-84.0,-87.0,-81.0,-75.0,-61.0,-67.0,-73.0,-52.0,-50.0,-53.0,-48.0,-76.0,-66.0,-78.0,-74.0,-81.0,-84.0,-87.0,-78.0,-75.0,-63.0,-66.0,-73.0,-51.0,-51.0,-53.0,-48.0,-76.0,-66.0,-79.0,-74.0,-82.0,-82.0,-78.0,-78.0
B1224,RP21,B,CTK45-dot-B,,32,,22.0,34.0,train,-100.0,-87.0,-100.0,-65.0,-78.0,-59.0,-71.0,-82.0,-55.0,-66.0,-48.0,-59.0,-65.0,-75.0,-68.0,-72.0,-100.0,-86.0,-100.0,-66.0,-78.0,-66.0,-71.0,-84.0,-55.0,-68.0,-48.0,-59.0,-65.0,-74.0,-69.0,-72.0,-65.0,-65.0,-78.0,-78.0
B1234,RP21,B,CTK45-dot-B,,35,,22.0,34.0,train,-77.0,-84.0,-86.0,-72.0,-73.0,-65.0,-63.0,-79.0,-49.0,-57.0,-55.0,-52.0,-70.0,-68.0,-72.0,-72.0,-78.0,-85.0,-100.0,-73.0,-72.0,-65.0,-64.0,-80.0,-49.0,-57.0,-55.0,-52.0,-70.0,-68.0,-72.0,-72.0,-100.0,-100.0,-100.0,-100.0
B1201,RP21,B,CTK45-dot-B,,31,,22.0,34.0,train,-78.0,-84.0,-100.0,-79.0,-76.0,-63.0,-62.0,-73.0,-53.0,-53.0,-53.0,-51.0,-100.0,-67.0,-76.0,-71.0,-81.0,-84.0,-100.0,-77.0,-76.0,-62.0,-62.0,-73.0,-52.0,-52.0,-53.0,-51.0,-100.0,-100.0,-77.0,-71.0,-100.0,-100.0,-76.0,-76.0
B1239,RP21,B,CTK45-dot-B,,29,,22.0,34.0,train,-100.0,-84.0,-100.0,-100.0,-77.0,-66.0,-63.0,-76.0,-57.0,-51.0,-55.0,-49.0,-80.0,-67.0,-86.0,-81.0,-100.0,-85.0,-100.0,-100.0,-77.0,-66.0,-63.0,-100.0,-57.0,-55.0,-56.0,-48.0,-100.0,-68.0,-86.0,-81.0,-100.0,-89.0,-78.0,-77.0
B1215,RP21,B,CTK45-dot-B,,34,,22.0,34.0,train,-73.0,-100.0,-88.0,-74.0,-74.0,-66.0,-69.0,-69.0,-43.0,-47.0,-67.0,-57.0,-80.0,-71.0,-72.0,-100.0,-73.0,-100.0,-89.0,-74.0,-74.0,-66.0,-69.0,-70.0,-43.0,-48.0,-67.0,-57.0,-80.0,-71.0,-72.0,-100.0,-82.0,-82.0,-79.0,-78.0
2025:01:21:10:57:58,RP21,A,SM-S908E,2212343.0,37,-66.02006462009058,22.0,34.0,train,-73.0,-87.0,-100.0,-76.0,-75.0,-66.0,-73.0,-70.0,-45.0,-50.0,-57.0,-60.0,-71.0,-71.0,-68.0,-78.0,-73.0,-87.0,-100.0,-76.0,-76.0,-66.0,-73.0,-70.0,-45.0,-51.0,-57.0,-60.0,-71.0,-71.0,-69.0,-79.0,-81.0,-81.0,-82.0,-82.0
B1200,RP21,B,CTK45-dot-B,,30,,22.0,34.0,train,-80.0,-83.0,-100.0,-82.0,-100.0,-66.0,-62.0,-74.0,-51.0,-53.0,-100.0,-50.0,-73.0,-66.0,-77.0,-73.0,-81.0,-83.0,-100.0,-100.0,-100.0,-63.0,-62.0,-100.0,-50.0,-51.0,-100.0,-50.0,-73.0,-66.0,-100.0,-73.0,-84.0,-84.0,-77.0,-77.0
B1231,RP21,B,CTK45-dot-B,,35,,22.0,34.0,train,-77.0,-82.0,-82.0,-72.0,-71.0,-64.0,-100.0,-72.0,-41.0,-46.0,-58.0,-56.0,-66.0,-66.0,-78.0,-75.0,-77.0,-82.0,-85.0,-72.0,-71.0,-64.0,-100.0,-73.0,-42.0,-47.0,-58.0,-56.0,-65.0,-66.0,-78.0,-75.0,-100.0,-100.0,-100.0,-100.0
2025:01:21:11:04:48,RP21,A,SM-S908E,2212343.0,36,177.73971853478557,22.0,34.0,train,-76.0,-83.0,-81.0,-75.0,-79.0,-60.0,-66.0,-75.0,-48.0,-48.0,-61.0,-67.0,-71.0,-69.0,-66.0,-72.0,-76.0,-83.0,-81.0,-74.0,-79.0,-60.0,-66.0,-75.0,-48.0,-48.0,-61.0,-67.0,-71.0,-69.0,-66.0,-72.0,-79.0,-78.0,-82.0,-82.0
B1226,RP21,B,CTK45-dot-B,,36,,22.0,34.0,train,-79.0,-89.0,-100.0,-67.0,-75.0,-65.0,-75.0,-74.0,-51.0,-69.0,-48.0,-53.0,-71.0,-75.0,-72.0,-76.0,-78.0,-89.0,-100.0,-68.0,-76.0,-56.0,-67.0,-83.0,-52.0,-69.0,-48.0,-53.0,-71.0,-75.0,-71.0,-76.0,-69.0,-69.0,-75.0,-75.0
B1195,RP21,B,CTK45-dot-B,,33,,22.0,34.0,train,-75.0,-82.0,-92.0,-69.0,-73.0,-62.0,-100.0,-71.0,-46.0,-46.0,-54.0,-58.0,-66.0,-65.0,-61.0,-74.0,-75.0,-82.0,-91.0,-70.0,-73.0,-62.0,-100.0,-100.0,-46.0,-45.0,-54.0,-58.0,-67.0,-67.0,-61.0,-74.0,-100.0,-100.0,-80.0,-81.0
B1216,RP21,B,CTK45-dot-B,,21,,22.0,34.0,train,-83.0,-91.0,-100.0,-70.0,-100.0,-67.0,-100.0,-79.0,-44.0,-100.0,-100.0,-100.0,-69.0,-100.0,-70.0,-78.0,-89.0,-91.0,-100.0,-69.0,-100.0,-67.0,-100.0,-78.0,-44.0,-100.0,-100.0,-100.0,-69.0,-100.0,-73.0,-78.0,-76.0,-77.0,-100.0,-100.0
B1191,RP21,B,CTK45-dot-B,,30,,22.0,34.0,train,-100.0,-78.0,-79.0,-65.0,-76.0,-100.0,-100.0,-100.0,-61.0,-57.0,-64.0,-55.0,-71.0,-68.0,-56.0,-65.0,-100.0,-77.0,-78.0,-66.0,-76.0,-100.0,-100.0,-100.0,-61.0,-57.0,-63.0,-55.0,-71.0,-67.0,-56.0,-65.0,-100.0,-100.0,-100.0,-100.0
2025:01:21:11:03:56,RP21,A,SM-S908E,2212343.0,30,177.89969408076408,22.0,34.0,train,-78.0,-83.0,-100.0,-100.0,-81.0,-63.0,-67.0,-74.0,-46.0,-47.0,-61.0,-69.0,-67.0,-69.0,-71.0,-81.0,-78.0,-83.0,-100.0,-100.0,-81.0,-63.0,-67.0,-74.0,-46.0,-47.0,-61.0,-69.0,-67.0,-69.0,-71.0,-81.0,-100.0,-100.0,-82.0,-81.0
B1203,RP21,B,CTK45-dot-B,,35,,22.0,34.0,train,-81.0,-85.0,-87.0,-81.0,-74.0,-63.0,-66.0,-73.0,-52.0,-54.0,-51.0,-45.0,-76.0,-71.0,-82.0,-79.0,-81.0,-85.0,-86.0,-79.0,-74.0,-100.0,-66.0,-72.0,-53.0,-55.0,-51.0,-46.0,-75.0,-71.0,-82.0,-79.0,-83.0,-84.0,-78.0,-78.0
2025:01:21:11:00:29,RP21,A,SM-S908E,2212343.0,35,117.24400984294329,22.0,34.0,train,-71.0,-81.0,-100.0,-68.0,-82.0,-64.0,-67.0,-73.0,-42.0,-54.0,-52.0,-68.0,-72.0,-72.0,-72.0,-80.0,-71.0,-81.0,-100.0,-67.0,-82.0,-64.0,-67.0,-71.0,-42.0,-54.0,-54.0,-68.0,-74.0,-72.0,-71.0,-80.0,-73.0,-100.0,-81.0,-81.0
B1243,RP21,B,CTK45-dot-B,,31,,22.0,34.0,train,-80.0,-86.0,-90.0,-82.0,-77.0,-100.0,-64.0,-80.0,-60.0,-57.0,-50.0,-44.0,-80.0,-73.0,-76.0,-75.0,-79.0,-87.0,-100.0,-82.0,-76.0,-100.0,-64.0,-80.0,-60.0,-59.0,-51.0,-44.0,-79.0,-71.0,-76.0,-75.0,-100.0,-100.0,-75.0,-75.0
2025:01:21:10:53:36,RP21,A,SM-S908E,2212343.0,41,-129.5751101069237,22.0,34.0,train,-78.0,-86.0,-70.0,-76.0,-75.0,-65.0,-70.0,-71.0,-47.0,-56.0,-61.0,-61.0,-72.0,-75.0,-69.0,-74.0,-78.0,-86.0,-70.0,-76.0,-75.0,-65.0,-70.0,-71.0,-47.0,-56.0,-62.0,-61.0,-72.0,-75.0,-70.0,-74.0,-80.0,-80.0,-66.0,-65.0
2025:01:21:10:59:15,RP21,A,SM-S908E,2212343.0,32,-63.87961461861881,22.0,34.0,train,-69.0,-100.0,-100.0,-73.0,-77.0,-65.0,-71.0,-100.0,-46.0,-50.0,-56.0,-62.0,-67.0,-72.0,-69.0,-79.0,-68.0,-100.0,-100.0,-77.0,-77.0,-66.0,-71.0,-100.0,-46.0,-50.0,-53.0,-62.0,-66.0,-72.0,-69.0,-79.0,-74.0,-78.0,-82.0,-82.0
2025:01:21:10:54:49,RP21,A,SM-S908E,2212343.0,37,-129.07084995142904,22.0,34.0,train,-76.0,-100.0,-100.0,-76.0,-77.0,-66.0,-67.0,-72.0,-46.0,-53.0,-57.0,-63.0,-65.0,-76.0,-70.0,-79.0,-79.0,-100.0,-100.0,-76.0,-77.0,-66.0,-67.0,-72.0,-46.0,-53.0,-57.0,-63.0,-65.0,-76.0,-71.0,-79.0,-78.0,-79.0,-81.0,-81.0
B1194,RP21,B,CTK45-dot-B,,26,,22.0,34.0,train,-100.0,-81.0,-100.0,-73.0,-76.0,-100.0,-100.0,-76.0,-100.0,-45.0,-57.0,-59.0,-69.0,-66.0,-61.0,-75.0,-100.0,-81.0,-100.0,-72.0,-76.0,-100.0,-100.0,-76.0,-100.0,-45.0,-58.0,-58.0,-69.0,-66.0,-61.0,-75.0,-79.0,-79.0,-100.0,-100.0
B1242,RP21,B,CTK45-dot-B,,34,,22.0,34.0,train,-82.0,-87.0,-100.0,-84.0,-78.0,-69.0,-65.0,-74.0,-54.0,-51.0,-52.0,-46.0,-80.0,-66.0,-79.0,-77.0,-82.0,-86.0,-100.0,-83.0,-78.0,-68.0,-64.0,-100.0,-54.0,-51.0,-100.0,-47.0,-83.0,-65.0,-81.0,-77.0,-85.0,-85.0,-77.0,-76.0
2025:01:21:10:58:36,RP21,A,SM-S908E,2212343.0,38,-65.57126677916462,22.0,34.0,train,-71.0,-83.0,-100.0,-74.0,-76.0,-63.0,-72.0,-73.0,-46.0,-46.0,-57.0,-60.0,-67.0,-72.0,-68.0,-83.0,-71.0,-83.0,-100.0,-74.0,-76.0,-63.0,-72.0,-72.0,-47.0,-46.0,-57.0,-60.0,-67.0,-72.0,-68.0,-83.0,-83.0,-83.0,-85.0,-84.0
B1213,RP21,B,CTK45-dot-B,,33,,22.0,34.0,train,-79.0,-81.0,-100.0,-78.0,-74.0,-63.0,-65.0,-68.0,-43.0,-48.0,-64.0,-54.0,-79.0,-70.0,-100.0,-77.0,-75.0,-81.0,-100.0,-78.0,-74.0,-63.0,-65.0,-68.0,-44.0,-48.0,-64.0,-54.0,-79.0,-70.0,-100.0,-77.0,-100.0,-100.0,-100.0,-100.0
2025:01:21:10:55:26,RP21,A,SM-S908E,2212343.0,36,-129.36132236482652,22.0,34.0,train,-79.0,-83.0,-100.0,-77.0,-79.0,-64.0,-66.0,-72.0,-45.0,-54.0,-57.0,-65.0,-71.0,-73.0,-72.0,-78.0,-79.0,-83.0,-100.0,-77.0,-79.0,-63.0,-66.0,-73.0,-45.0,-54.0,-57.0,-65.0,-71.0,-73.0,-72.0,-78.0,-82.0,-82.0,-80.0,-80.0
B1218,RP21,B,CTK45-dot-B,,30,,22.0,34.0,train,-84.0,-100.0,-85.0,-74.0,-82.0,-67.0,-75.0,-70.0,-49.0,-62.0,-53.0,-58.0,-69.0,-74.0,-100.0,-81.0,-90.0,-100.0,-83.0,-74.0,-82.0,-67.0,-75.0,-68.0,-48.0,-56.0,-54.0,-58.0,-70.0,-74.0,-100.0,-82.0,-100.0,-100.0,-100.0,-100.0
B1240,RP21,B,CTK45-dot-B,,25,,22.0,34.0,train,-100.0,-84.0,-100.0,-87.0,-76.0,-68.0,-63.0,-76.0,-48.0,-52.0,-100.0,-49.0,-100.0,-100.0,-100.0,-78.0,-100.0,-84.0,-100.0,-88.0,-77.0,-68.0,-63.0,-100.0,-54.0,-51.0,-100.0,-49.0,-100.0,-100.0,-100.0,-78.0,-88.0,-87.0,-79.0,-78.0
2025:01:21:11:02:37,RP21,A,SM-S908E,2212343.0,40,117.68075838143764,22.0,34.0,train,-74.0,-80.0,-91.0,-72.0,-81.0,-67.0,-69.0,-75.0,-47.0,-53.0,-56.0,-67.0,-71.0,-70.0,-76.0,-74.0,-75.0,-80.0,-87.0,-71.0,-81.0,-67.0,-69.0,-75.0,-47.0,-53.0,-56.0,-67.0,-72.0,-70.0,-76.0,-74.0,-82.0,-82.0,-85.0,-85.0
B1208,RP21,B,CTK45-dot-B,,24,,22.0,34.0,train,-82.0,-93.0,-83.0,-74.0,-100.0,-59.0,-100.0,-68.0,-46.0,-100.0,-50.0,-100.0,-64.0,-100.0,-75.0,-87.0,-84.0,-93.0,-81.0,-74.0,-100.0,-60.0,-100.0,-71.0,-49.0,-100.0,-49.0,-100.0,-100.0,-100.0,-82.0,-86.0,-81.0,-82.0,-100.0,-100.0
B1212,RP21,B,CTK45-dot-B,,28,,22.0,34.0,validation,-82.0,-100.0,-100.0,-88.0,-75.0,-100.0,-100.0,-76.0,-42.0,-51.0,-41.0,-52.0,-67.0,-72.0,-100.0,-71.0,-82.0,-100.0,-100.0,-88.0,-74.0,-100.0,-100.0,-77.0,-44.0,-50.0,-41.0,-52.0,-67.0,-72.0,-100.0,-71.0,-84.0,-100.0,-100.0,-100.0
B1209,RP21,B,CTK45-dot-B,,36,,22.0,34.0,validation,-82.0,-87.0,-87.0,-88.0,-75.0,-69.0,-100.0,-76.0,-42.0,-51.0,-41.0,-52.0,-67.0,-72.0,-72.0,-71.0,-82.0,-87.0,-89.0,-88.0,-74.0,-68.0,-100.0,-77.0,-44.0,-50.0,-41.0,-52.0,-67.0,-72.0,-72.0,-71.0,-84.0,-100.0,-100.0,-100.0
B1210,RP21,B,CTK45-dot-B,,24,,22.0,34.0,validation,-75.0,-90.0,-85.0,-72.0,-100.0,-61.0,-100.0,-66.0,-45.0,-100.0,-53.0,-100.0,-64.0,-100.0,-71.0,-85.0,-75.0,-89.0,-84.0,-71.0,-100.0,-59.0,-100.0,-68.0,-100.0,-100.0,-52.0,-100.0,-65.0,-100.0,-71.0,-84.0,-100.0,-100.0,-100.0,-100.0
B1211,RP21,B,CTK45-dot-B,,35,,22.0,34.0,validation,-81.0,-92.0,-100.0,-77.0,-80.0,-61.0,-75.0,-72.0,-39.0,-58.0,-100.0,-46.0,-73.0,-76.0,-69.0,-83.0,-80.0,-92.0,-100.0,-76.0,-80.0,-61.0,-75.0,-73.0,-40.0,-58.0,-100.0,-56.0,-100.0,-76.0,-70.0,-83.0,-75.0,-75.0,-100.0,-100.0
B1232,RP21,B,CTK45-dot-B,,37,,22.0,34.0,validation,-78.0,-78.0,-100.0,-72.0,-72.0,-66.0,-64.0,-80.0,-47.0,-60.0,-58.0,-54.0,-72.0,-69.0,-75.0,-71.0,-78.0,-79.0,-100.0,-72.0,-72.0,-66.0,-64.0,-81.0,-47.0,-59.0,-58.0,-54.0,-72.0,-69.0,-75.0,-71.0,-76.0,-76.0,-100.0,-100.0
2025:01:21:11:05:25,RP21,A,SM-S908E,2212343.0,37,176.82928286874474,22.0,34.0,validation,-77.0,-83.0,-80.0,-100.0,-76.0,-61.0,-66.0,-73.0,-47.0,-47.0,-59.0,-67.0,-68.0,-69.0,-65.0,-73.0,-78.0,-83.0,-80.0,-100.0,-77.0,-61.0,-66.0,-72.0,-47.0,-47.0,-60.0,-67.0,-68.0,-70.0,-66.0,-73.0,-80.0,-79.0,-79.0,-79.0
2025:01:21:10:56:36,RP21,A,SM-S908E,2212343.0,42,-64.1655778541686,22.0,34.0,validation,-73.0,-83.0,-79.0,-78.0,-77.0,-64.0,-65.0,-71.0,-48.0,-50.0,-57.0,-60.0,-69.0,-72.0,-69.0,-79.0,-74.0,-83.0,-88.0,-79.0,-77.0,-65.0,-65.0,-71.0,-48.0,-50.0,-57.0,-60.0,-69.0,-71.0,-69.0,-79.0,-83.0,-81.0,-81.0,-81.0
B1225,RP21,B,CTK45-dot-B,,25,,22.0,34.0,validation,-77.0,-87.0,-100.0,-74.0,-100.0,-64.0,-100.0,-80.0,-52.0,-100.0,-49.0,-100.0,-80.0,-100.0,-67.0,-76.0,-77.0,-88.0,-87.0,-72.0,-100.0,-64.0,-100.0,-80.0,-52.0,-100.0,-49.0,-100.0,-80.0,-100.0,-68.0,-76.0,-71.0,-71.0,-100.0,-100.0
B1229,RP21,B,CTK45-dot-B,,34,,22.0,34.0,validation,-76.0,-100.0,-86.0,-71.0,-78.0,-64.0,-100.0,-81.0,-39.0,-56.0,-55.0,-57.0,-71.0,-80.0,-70.0,-79.0,-76.0,-100.0,-100.0,-78.0,-78.0,-64.0,-100.0,-80.0,-40.0,-56.0,-55.0,-63.0,-71.0,-80.0,-71.0,-79.0,-73.0,-72.0,-80.0,-81.0
B1247,RP21,B,CTK45-dot-B,,30,,22.0,34.0,validation,-83.0,-85.0,-100.0,-82.0,-75.0,-65.0,-68.0,-74.0,-100.0,-53.0,-53.0,-49.0,-81.0,-68.0,-100.0,-71.0,-82.0,-84.0,-100.0,-83.0,-75.0,-65.0,-68.0,-74.0,-100.0,-57.0,-53.0,-50.0,-80.0,-68.0,-100.0,-71.0,-82.0,-81.0,-78.0,-78.0
B1202,RP21,B,CTK45-dot-B,,33,,22.0,34.0,validation,-79.0,-83.0,-100.0,-82.0,-76.0,-62.0,-62.0,-73.0,-49.0,-54.0,-58.0,-48.0,-74.0,-66.0,-77.0,-75.0,-79.0,-84.0,-100.0,-81.0,-75.0,-100.0,-62.0,-100.0,-49.0,-51.0,-58.0,-48.0,-74.0,-66.0,-77.0,-76.0,-81.0,-83.0,-76.0,-75.0
B1214,RP21,B,CTK45-dot-B,,38,,22.0,34.0,validation,-80.0,-81.0,-86.0,-74.0,-75.0,-62.0,-65.0,-69.0,-42.0,-48.0,-57.0,-47.0,-73.0,-72.0,-75.0,-77.0,-81.0,-81.0,-85.0,-74.0,-75.0,-62.0,-65.0,-69.0,-45.0,-47.0,-58.0,-47.0,-81.0,-73.0,-75.0,-77.0,-100.0,-100.0,-100.0,-100.0
B1205,RP21,B,CTK45-dot-B,,29,,22.0,34.0,test,-81.0,-84.0,-100.0,-100.0,-77.0,-65.0,-63.0,-75.0,-57.0,-55.0,-54.0,-47.0,-78.0,-66.0,-78.0,-77.0,-100.0,-84.0,-100.0,-100.0,-77.0,-100.0,-63.0,-76.0,-100.0,-52.0,-55.0,-47.0,-77.0,-100.0,-78.0,-76.0,-84.0,-84.0,-79.0,-79.0
B1222,RP21,B,CTK45-dot-B,,18,,22.0,34.0,test,-81.0,-87.0,-100.0,-80.0,-100.0,-64.0,-100.0,-100.0,-51.0,-100.0,-100.0,-100.0,-66.0,-100.0,-76.0,-83.0,-88.0,-87.0,-100.0,-80.0,-100.0,-64.0,-100.0,-100.0,-50.0,-100.0,-100.0,-100.0,-75.0,-100.0,-76.0,-83.0,-79.0,-78.0,-100.0,-100.0
B1196,RP21,B,CTK45-dot-B,,42,,22.0,34.0,test,-79.0,-80.0,-85.0,-76.0,-73.0,-64.0,-67.0,-69.0,-42.0,-46.0,-61.0,-57.0,-78.0,-70.0,-76.0,-72.0,-80.0,-80.0,-86.0,-76.0,-73.0,-64.0,-67.0,-69.0,-43.0,-46.0,-61.0,-56.0,-77.0,-69.0,-76.0,-72.0,-79.0,-79.0,-100.0,-100.0
B1217,RP21,B,CTK45-dot-B,,33,,22.0,34.0,test,-84.0,-94.0,-100.0,-72.0,-78.0,-68.0,-74.0,-70.0,-53.0,-54.0,-52.0,-76.0,-71.0,-79.0,-72.0,-84.0,-84.0,-93.0,-100.0,-72.0,-78.0,-68.0,-74.0,-70.0,-52.0,-100.0,-52.0,-76.0,-72.0,-78.0,-65.0,-85.0,-100.0,-72.0,-87.0,-88.0
2025:01:21:11:01:19,RP21,A,SM-S908E,2212343.0,38,117.89311945862492,22.0,34.0,test,-73.0,-81.0,-100.0,-71.0,-80.0,-70.0,-65.0,-74.0,-45.0,-56.0,-56.0,-68.0,-73.0,-73.0,-76.0,-75.0,-73.0,-81.0,-100.0,-71.0,-81.0,-71.0,-65.0,-74.0,-45.0,-56.0,-56.0,-68.0,-74.0,-73.0,-77.0,-75.0,-80.0,-80.0,-83.0,-84.0
B1236,RP21,B,CTK45-dot-B,,25,,22.0,34.0,test,-82.0,-100.0,-100.0,-75.0,-71.0,-100.0,-65.0,-100.0,-39.0,-46.0,-36.0,-45.0,-63.0,-63.0,-100.0,-73.0,-82.0,-100.0,-100.0,-100.0,-71.0,-100.0,-64.0,-100.0,-39.0,-46.0,-37.0,-46.0,-64.0,-63.0,-100.0,-73.0,-100.0,-100.0,-100.0,-100.0
B1241,RP21,B,CTK45-dot-B,,27,,22.0,34.0,test,-80.0,-86.0,-100.0,-83.0,-76.0,-67.0,-63.0,-74.0,-100.0,-51.0,-100.0,-48.0,-81.0,-100.0,-78.0,-75.0,-81.0,-87.0,-100.0,-100.0,-76.0,-100.0,-64.0,-74.0,-100.0,-51.0,-100.0,-48.0,-82.0,-100.0,-79.0,-75.0,-87.0,-87.0,-79.0,-79.0
B1228,RP21,B,CTK45-dot-B,,36,,22.0,34.0,test,-72.0,-91.0,-100.0,-67.0,-81.0,-65.0,-68.0,-100.0,-52.0,-73.0,-48.0,-50.0,-70.0,-76.0,-78.0,-76.0,-72.0,-91.0,-100.0,-74.0,-81.0,-72.0,-69.0,-100.0,-52.0,-73.0,-47.0,-50.0,-71.0,-76.0,-71.0,-75.0,-77.0,-80.0,-78.0,-78.0
2025:01:21:10:56:00,RP21,A,SM-S908E,2212343.0,35,-130.09242797056933,22.0,34.0,test,-100.0,-85.0,-100.0,-77.0,-78.0,-60.0,-66.0,-71.0,-46.0,-52.0,-57.0,-64.0,-74.0,-74.0,-71.0,-74.0,-81.0,-86.0,-100.0,-77.0,-77.0,-60.0,-67.0,-71.0,-46.0,-52.0,-57.0,-64.0,-74.0,-74.0,-71.0,-74.0,-78.0,-78.0,-80.0,-80.0
B1246,RP21,B,CTK45-dot-B,,28,,22.0,34.0,test,-100.0,-86.0,-95.0,-81.0,-77.0,-68.0,-68.0,-74.0,-51.0,-53.0,-61.0,-50.0,-100.0,-71.0,-81.0,-75.0,-100.0,-85.0,-100.0,-81.0,-77.0,-68.0,-68.0,-75.0,-51.0,-52.0,-100.0,-50.0,-100.0,-73.0,-82.0,-75.0,-100.0,-100.0,-79.0,-79.0
B1207,RP21,B,CTK45-dot-B,,28,,22.0,34.0,test,-100.0,-82.0,-100.0,-78.0,-72.0,-69.0,-100.0,-100.0,-41.0,-45.0,-38.0,-44.0,-65.0,-63.0,-67.0,-77.0,-100.0,-83.0,-100.0,-78.0,-72.0,-69.0,-100.0,-71.0,-42.0,-44.0,-38.0,-44.0,-64.0,-63.0,-100.0,-77.0,-80.0,-80.0,-100.0,-100.0
2025:01:21:10:57:20,RP21,A,SM-S908E,2212343.0,32,-63.052085945533406,22.0,34.0,test,-74.0,-85.0,-100.0,-78.0,-74.0,-64.0,-69.0,-70.0,-47.0,-50.0,-58.0,-63.0,-67.0,-100.0,-68.0,-79.0,-74.0,-86.0,-100.0,-100.0,-75.0,-65.0,-69.0,-71.0,-47.0,-50.0,-58.0,-63.0,-67.0,-100.0,-69.0,-79.0,-83.0,-78.0,-81.0,-81.0
B1291,RP22,B,CTK45-dot-B,,35,,-43.0,35.0,train,-71.0,-83.0,-85.0,-63.0,-63.0,-72.0,-80.0,-100.0,-78.0,-90.0,-76.0,-73.0,-86.0,-90.0,-62.0,-71.0,-71.0,-82.0,-89.0,-63.0,-63.0,-73.0,-80.0,-94.0,-76.0,-89.0,-75.0,-73.0,-100.0,-90.0,-61.0,-71.0,-52.0,-52.0,-57.0,-57.0
B1252,RP22,B,CTK45-dot-B,,30,,-43.0,35.0,train,-71.0,-74.0,-100.0,-64.0,-61.0,-66.0,-64.0,-100.0,-77.0,-69.0,-100.0,-62.0,-74.0,-78.0,-100.0,-61.0,-72.0,-73.0,-100.0,-100.0,-61.0,-66.0,-63.0,-100.0,-77.0,-70.0,-100.0,-62.0,-74.0,-77.0,-100.0,-61.0,-54.0,-54.0,-50.0,-50.0
B1272,RP22,B,CTK45-dot-B,,38,,-43.0,35.0,train,-67.0,-74.0,-78.0,-59.0,-62.0,-62.0,-100.0,-85.0,-68.0,-72.0,-77.0,-71.0,-69.0,-77.0,-59.0,-66.0,-67.0,-74.0,-74.0,-62.0,-63.0,-64.0,-100.0,-85.0,-68.0,-72.0,-76.0,-70.0,-70.0,-77.0,-60.0,-66.0,-60.0,-60.0,-52.0,-100.0
B1296,RP22,B,CTK45-dot-B,,29,,-43.0,35.0,train,-76.0,-75.0,-100.0,-62.0,-100.0,-56.0,-100.0,-90.0,-79.0,-82.0,-76.0,-77.0,-80.0,-92.0,-100.0,-66.0,-78.0,-75.0,-100.0,-63.0,-100.0,-56.0,-100.0,-91.0,-77.0,-83.0,-73.0,-77.0,-79.0,-93.0,-57.0,-63.0,-46.0,-45.0,-57.0,-57.0
2025:01:21:10:10:33,RP22,A,SM-S908E,2212343.0,41,-131.07014034091446,-43.0,35.0,train,-61.0,-70.0,-75.0,-51.0,-55.0,-63.0,-63.0,-83.0,-64.0,-61.0,-62.0,-46.0,-68.0,-72.0,-53.0,-51.0,-61.0,-69.0,-76.0,-51.0,-55.0,-63.0,-63.0,-83.0,-64.0,-61.0,-53.0,-66.0,-68.0,-73.0,-53.0,-51.0,-48.0,-48.0,-53.0,-53.0
B1306,RP22,B,CTK45-dot-B,,20,,-43.0,35.0,train,-100.0,-75.0,-89.0,-56.0,-100.0,-64.0,-100.0,-100.0,-76.0,-100.0,-70.0,-100.0,-71.0,-100.0,-59.0,-67.0,-78.0,-75.0,-87.0,-54.0,-100.0,-100.0,-100.0,-100.0,-74.0,-100.0,-70.0,-100.0,-71.0,-100.0,-60.0,-67.0,-48.0,-48.0,-100.0,-100.0
2025:01:21:10:21:06,RP22,A,SM-S908E,2212343.0,37,111.2142020069865,-43.0,35.0,train,-68.0,-76.0,-76.0,-56.0,-61.0,-67.0,-59.0,-78.0,-72.0,-72.0,-55.0,-100.0,-72.0,-79.0,-57.0,-70.0,-68.0,-76.0,-77.0,-56.0,-61.0,-67.0,-59.0,-79.0,-72.0,-71.0,-55.0,-100.0,-70.0,-78.0,-57.0,-70.0,-47.0,-47.0,-46.0,-45.0
B1294,RP22,B,CTK45-dot-B,,22,,-43.0,35.0,train,-73.0,-82.0,-100.0,-62.0,-100.0,-55.0,-100.0,-100.0,-83.0,-100.0,-61.0,-100.0,-81.0,-100.0,-57.0,-68.0,-100.0,-82.0,-100.0,-69.0,-100.0,-54.0,-100.0,-94.0,-81.0,-100.0,-61.0,-100.0,-90.0,-100.0,-59.0,-69.0,-50.0,-50.0,-100.0,-100.0
B1270,RP22,B,CTK45-dot-B,,41,,-43.0,35.0,train,-67.0,-74.0,-79.0,-53.0,-58.0,-68.0,-68.0,-100.0,-74.0,-70.0,-71.0,-62.0,-74.0,-76.0,-55.0,-65.0,-67.0,-74.0,-79.0,-52.0,-58.0,-67.0,-68.0,-100.0,-74.0,-70.0,-72.0,-63.0,-74.0,-76.0,-55.0,-65.0,-61.0,-61.0,-69.0,-68.0
2025:01:21:10:11:54,RP22,A,SM-S908E,2212343.0,35,-130.30384939697262,-43.0,35.0,train,-73.0,-75.0,-78.0,-49.0,-60.0,-62.0,-61.0,-100.0,-78.0,-67.0,-64.0,-66.0,-72.0,-77.0,-61.0,-64.0,-73.0,-75.0,-79.0,-50.0,-60.0,-100.0,-61.0,-100.0,-78.0,-67.0,-65.0,-66.0,-72.0,-79.0,-61.0,-64.0,-46.0,-46.0,-43.0,-43.0
B1255,RP22,B,CTK45-dot-B,,30,,-43.0,35.0,train,-100.0,-76.0,-86.0,-65.0,-61.0,-72.0,-63.0,-86.0,-80.0,-100.0,-79.0,-62.0,-100.0,-73.0,-62.0,-58.0,-100.0,-76.0,-88.0,-65.0,-61.0,-73.0,-63.0,-86.0,-81.0,-100.0,-78.0,-62.0,-100.0,-74.0,-62.0,-60.0,-100.0,-100.0,-49.0,-50.0
2025:01:21:10:16:23,RP22,A,SM-S908E,2212343.0,35,-75.1656971600601,-43.0,35.0,train,-69.0,-75.0,-100.0,-51.0,-61.0,-55.0,-64.0,-100.0,-78.0,-75.0,-68.0,-65.0,-69.0,-80.0,-56.0,-57.0,-71.0,-75.0,-100.0,-52.0,-62.0,-55.0,-65.0,-100.0,-78.0,-74.0,-67.0,-65.0,-69.0,-79.0,-56.0,-57.0,-44.0,-44.0,-62.0,-62.0
B1301,RP22,B,CTK45-dot-B,,24,,-43.0,35.0,train,-66.0,-83.0,-83.0,-56.0,-100.0,-76.0,-100.0,-93.0,-76.0,-100.0,-73.0,-100.0,-76.0,-100.0,-58.0,-68.0,-68.0,-82.0,-83.0,-56.0,-100.0,-100.0,-100.0,-93.0,-77.0,-100.0,-74.0,-100.0,-75.0,-100.0,-58.0,-69.0,-100.0,-100.0,-100.0,-100.0
B1289,RP22,B,CTK45-dot-B,,22,,-43.0,35.0,train,-71.0,-75.0,-100.0,-66.0,-65.0,-100.0,-100.0,-100.0,-68.0,-68.0,-65.0,-67.0,-75.0,-81.0,-62.0,-62.0,-71.0,-75.0,-100.0,-100.0,-65.0,-100.0,-100.0,-100.0,-68.0,-69.0,-65.0,-67.0,-100.0,-81.0,-62.0,-62.0,-100.0,-100.0,-100.0,-100.0
B1276,RP22,B,CTK45-dot-B,,31,,-43.0,35.0,train,-100.0,-74.0,-84.0,-58.0,-61.0,-64.0,-66.0,-100.0,-80.0,-67.0,-100.0,-65.0,-100.0,-79.0,-57.0,-66.0,-100.0,-74.0,-84.0,-58.0,-61.0,-64.0,-66.0,-100.0,-79.0,-67.0,-100.0,-65.0,-100.0,-78.0,-57.0,-67.0,-46.0,-46.0,-39.0,-40.0
B1282,RP22,B,CTK45-dot-B,,39,,-43.0,35.0,train,-70.0,-74.0,-72.0,-58.0,-59.0,-56.0,-59.0,-85.0,-73.0,-75.0,-63.0,-62.0,-73.0,-79.0,-62.0,-65.0,-70.0,-74.0,-76.0,-58.0,-60.0,-56.0,-60.0,-86.0,-73.0,-75.0,-63.0,-62.0,-73.0,-79.0,-62.0,-66.0,-44.0,-43.0,-43.0,-43.0
B1288,RP22,B,CTK45-dot-B,,22,,-43.0,35.0,train,-70.0,-75.0,-100.0,-60.0,-100.0,-63.0,-100.0,-86.0,-82.0,-100.0,-66.0,-100.0,-81.0,-100.0,-57.0,-74.0,-70.0,-75.0,-100.0,-59.0,-100.0,-100.0,-100.0,-87.0,-83.0,-100.0,-66.0,-100.0,-100.0,-100.0,-56.0,-74.0,-39.0,-39.0,-100.0,-100.0
B1299,RP22,B,CTK45-dot-B,,20,,-43.0,35.0,train,-82.0,-100.0,-90.0,-58.0,-100.0,-72.0,-100.0,-94.0,-69.0,-100.0,-63.0,-100.0,-79.0,-100.0,-62.0,-67.0,-82.0,-100.0,-87.0,-58.0,-100.0,-100.0,-100.0,-93.0,-100.0,-100.0,-72.0,-100.0,-80.0,-100.0,-62.0,-67.0,-48.0,-48.0,-100.0,-100.0
B1266,RP22,B,CTK45-dot-B,,29,,-43.0,35.0,train,-100.0,-75.0,-85.0,-67.0,-62.0,-100.0,-72.0,-88.0,-80.0,-75.0,-100.0,-70.0,-100.0,-80.0,-60.0,-69.0,-100.0,-75.0,-100.0,-68.0,-62.0,-100.0,-72.0,-89.0,-100.0,-74.0,-100.0,-70.0,-100.0,-80.0,-61.0,-64.0,-51.0,-50.0,-49.0,-49.0
B1284,RP22,B,CTK45-dot-B,,35,,-43.0,35.0,train,-66.0,-78.0,-80.0,-56.0,-64.0,-64.0,-100.0,-93.0,-75.0,-67.0,-76.0,-74.0,-70.0,-85.0,-56.0,-64.0,-67.0,-78.0,-84.0,-56.0,-64.0,-65.0,-100.0,-92.0,-75.0,-67.0,-77.0,-74.0,-70.0,-85.0,-57.0,-64.0,-55.0,-55.0,-58.0,-58.0
2025:01:21:10:13:15,RP22,A,SM-S908E,2212343.0,36,-131.47015082558502,-43.0,35.0,train,-68.0,-74.0,-78.0,-52.0,-62.0,-58.0,-63.0,-84.0,-73.0,-70.0,-66.0,-60.0,-78.0,-81.0,-55.0,-63.0,-68.0,-74.0,-79.0,-52.0,-62.0,-58.0,-63.0,-85.0,-73.0,-70.0,-66.0,-60.0,-78.0,-81.0,-55.0,-63.0,-45.0,-45.0,-44.0,-43.0
B1250,RP22,B,CTK45-dot-B,,27,,-43.0,35.0,train,-100.0,-74.0,-100.0,-67.0,-61.0,-100.0,-66.0,-86.0,-100.0,-100.0,-100.0,-63.0,-100.0,-79.0,-63.0,-63.0,-100.0,-75.0,-100.0,-67.0,-61.0,-100.0,-66.0,-87.0,-77.0,-100.0,-100.0,-62.0,-74.0,-79.0,-63.0,-61.0,-52.0,-51.0,-49.0,-49.0
B1271,RP22,B,CTK45-dot-B,,32,,-43.0,35.0,train,-75.0,-73.0,-100.0,-65.0,-61.0,-62.0,-65.0,-100.0,-78.0,-72.0,-71.0,-58.0,-75.0,-80.0,-53.0,-60.0,-72.0,-72.0,-79.0,-69.0,-61.0,-61.0,-65.0,-100.0,-78.0,-72.0,-71.0,-59.0,-75.0,-80.0,-52.0,-62.0,-100.0,-100.0,-100.0,-100.0
B1290,RP22,B,CTK45-dot-B,,34,,-43.0,35.0,train,-75.0,-77.0,-90.0,-70.0,-65.0,-71.0,-80.0,-100.0,-77.0,-82.0,-68.0,-78.0,-80.0,-88.0,-58.0,-59.0,-75.0,-78.0,-91.0,-68.0,-64.0,-71.0,-80.0,-100.0,-76.0,-82.0,-67.0,-78.0,-81.0,-89.0,-58.0,-60.0,-48.0,-47.0,-49.0,-49.0
B1278,RP22,B,CTK45-dot-B,,29,,-43.0,35.0,train,-67.0,-71.0,-100.0,-61.0,-64.0,-69.0,-59.0,-100.0,-71.0,-69.0,-100.0,-58.0,-70.0,-73.0,-100.0,-57.0,-67.0,-72.0,-100.0,-63.0,-65.0,-69.0,-59.0,-85.0,-71.0,-69.0,-100.0,-58.0,-70.0,-74.0,-100.0,-57.0,-46.0,-46.0,-100.0,-100.0
B1259,RP22,B,CTK45-dot-B,,36,,-43.0,35.0,train,-71.0,-75.0,-84.0,-63.0,-63.0,-67.0,-63.0,-88.0,-74.0,-67.0,-72.0,-64.0,-100.0,-76.0,-63.0,-62.0,-72.0,-75.0,-100.0,-64.0,-63.0,-67.0,-63.0,-88.0,-74.0,-69.0,-71.0,-65.0,-100.0,-77.0,-63.0,-63.0,-63.0,-62.0,-47.0,-48.0
B1302,RP22,B,CTK45-dot-B,,18,,-43.0,35.0,train,-70.0,-83.0,-76.0,-73.0,-100.0,-62.0,-100.0,-100.0,-78.0,-100.0,-59.0,-100.0,-75.0,-100.0,-65.0,-100.0,-70.0,-83.0,-78.0,-73.0,-100.0,-62.0,-100.0,-100.0,-79.0,-100.0,-60.0,-100.0,-77.0,-100.0,-64.0,-100.0,-100.0,-100.0,-100.0,-100.0
B1297,RP22,B,CTK45-dot-B,,21,,-43.0,35.0,train,-72.0,-80.0,-85.0,-62.0,-100.0,-54.0,-100.0,-100.0,-74.0,-100.0,-72.0,-100.0,-77.0,-100.0,-59.0,-62.0,-72.0,-80.0,-100.0,-63.0,-100.0,-54.0,-100.0,-100.0,-73.0,-100.0,-73.0,-100.0,-86.0,-100.0,-59.0,-64.0,-45.0,-44.0,-100.0,-100.0
2025:01:21:10:20:31,RP22,A,SM-S908E,2212343.0,36,108.58550602039399,-43.0,35.0,train,-70.0,-73.0,-73.0,-63.0,-62.0,-59.0,-58.0,-81.0,-69.0,-74.0,-60.0,-100.0,-72.0,-79.0,-57.0,-63.0,-70.0,-73.0,-73.0,-64.0,-62.0,-59.0,-59.0,-80.0,-74.0,-74.0,-61.0,-63.0,-71.0,-78.0,-58.0,-63.0,-44.0,-45.0,-49.0,-49.0
B1287,RP22,B,CTK45-dot-B,,30,,-43.0,35.0,train,-72.0,-75.0,-80.0,-50.0,-63.0,-60.0,-100.0,-91.0,-74.0,-83.0,-61.0,-81.0,-72.0,-100.0,-60.0,-64.0,-72.0,-75.0,-83.0,-100.0,-63.0,-60.0,-100.0,-90.0,-76.0,-86.0,-62.0,-82.0,-72.0,-100.0,-60.0,-63.0,-45.0,-46.0,-100.0,-100.0
B1277,RP22,B,CTK45-dot-B,,29,,-43.0,35.0,train,-66.0,-74.0,-80.0,-65.0,-61.0,-100.0,-100.0,-100.0,-100.0,-68.0,-66.0,-68.0,-72.0,-82.0,-60.0,-66.0,-66.0,-74.0,-100.0,-100.0,-61.0,-100.0,-100.0,-100.0,-100.0,-68.0,-66.0,-68.0,-72.0,-83.0,-61.0,-66.0,-100.0,-100.0,-100.0,-100.0
2025:01:21:10:21:46,RP22,A,SM-S908E,2212343.0,39,173.97125479507318,-43.0,35.0,train,-69.0,-77.0,-75.0,-51.0,-67.0,-71.0,-59.0,-75.0,-72.0,-74.0,-56.0,-64.0,-63.0,-78.0,-55.0,-63.0,-69.0,-77.0,-75.0,-52.0,-67.0,-70.0,-59.0,-76.0,-72.0,-74.0,-56.0,-63.0,-63.0,-78.0,-55.0,-63.0,-44.0,-44.0,-45.0,-45.0
B1283,RP22,B,CTK45-dot-B,,38,,-43.0,35.0,train,-59.0,-73.0,-71.0,-65.0,-56.0,-59.0,-60.0,-100.0,-70.0,-68.0,-58.0,-60.0,-68.0,-75.0,-58.0,-62.0,-60.0,-73.0,-71.0,-65.0,-56.0,-59.0,-60.0,-100.0,-71.0,-69.0,-58.0,-60.0,-67.0,-75.0,-58.0,-62.0,-52.0,-52.0,-100.0,-100.0
2025:01:21:10:17:03,RP22,A,SM-S908E,2212343.0,42,-74.49452293968795,-43.0,35.0,train,-74.0,-75.0,-82.0,-51.0,-61.0,-52.0,-70.0,-82.0,-82.0,-75.0,-64.0,-64.0,-66.0,-81.0,-55.0,-55.0,-74.0,-75.0,-82.0,-51.0,-61.0,-52.0,-70.0,-83.0,-81.0,-75.0,-64.0,-64.0,-66.0,-80.0,-56.0,-55.0,-42.0,-43.0,-50.0,-50.0
2025:01:21:10:15:42,RP22,A,SM-S908E,2212343.0,40,-68.65813419621144,-43.0,35.0,train,-69.0,-77.0,-80.0,-56.0,-63.0,-58.0,-66.0,-81.0,-75.0,-73.0,-58.0,-65.0,-66.0,-82.0,-56.0,-58.0,-69.0,-77.0,-80.0,-56.0,-63.0,-58.0,-66.0,-87.0,-76.0,-73.0,-58.0,-65.0,-67.0,-82.0,-56.0,-58.0,-46.0,-46.0,-53.0,-53.0
B1267,RP22,B,CTK45-dot-B,,29,,-43.0,35.0,train,-71.0,-74.0,-100.0,-62.0,-61.0,-66.0,-71.0,-89.0,-79.0,-74.0,-100.0,-63.0,-77.0,-78.0,-100.0,-60.0,-100.0,-74.0,-100.0,-63.0,-61.0,-66.0,-72.0,-89.0,-80.0,-74.0,-100.0,-63.0,-100.0,-79.0,-100.0,-62.0,-100.0,-100.0,-46.0,-45.0
B1249,RP22,B,CTK45-dot-B,,31,,-43.0,35.0,train,-100.0,-74.0,-100.0,-59.0,-62.0,-62.0,-100.0,-85.0,-68.0,-72.0,-77.0,-71.0,-100.0,-77.0,-59.0,-66.0,-100.0,-74.0,-74.0,-100.0,-63.0,-64.0,-100.0,-85.0,-68.0,-72.0,-76.0,-70.0,-100.0,-77.0,-60.0,-66.0,-60.0,-60.0,-100.0,-100.0
B1303,RP22,B,CTK45-dot-B,,34,,-43.0,35.0,train,-66.0,-100.0,-85.0,-51.0,-71.0,-63.0,-100.0,-91.0,-78.0,-80.0,-66.0,-73.0,-70.0,-91.0,-65.0,-72.0,-67.0,-100.0,-86.0,-47.0,-71.0,-65.0,-100.0,-92.0,-78.0,-80.0,-100.0,-73.0,-71.0,-91.0,-66.0,-72.0,-40.0,-39.0,-50.0,-50.0
B1293,RP22,B,CTK45-dot-B,,33,,-43.0,35.0,train,-68.0,-75.0,-100.0,-61.0,-63.0,-54.0,-80.0,-67.0,-67.0,-81.0,-71.0,-72.0,-71.0,-90.0,-59.0,-69.0,-68.0,-75.0,-100.0,-63.0,-63.0,-63.0,-80.0,-81.0,-67.0,-81.0,-72.0,-73.0,-71.0,-91.0,-58.0,-63.0,-53.0,-52.0,-100.0,-100.0
2025:01:21:10:18:45,RP22,A,SM-S908E,2212343.0,40,111.97420760391572,-43.0,35.0,train,-71.0,-74.0,-77.0,-64.0,-64.0,-66.0,-57.0,-81.0,-75.0,-76.0,-56.0,-67.0,-68.0,-78.0,-57.0,-63.0,-71.0,-74.0,-78.0,-64.0,-64.0,-66.0,-57.0,-78.0,-74.0,-73.0,-56.0,-67.0,-68.0,-78.0,-57.0,-63.0,-45.0,-45.0,-59.0,-59.0
B1258,RP22,B,CTK45-dot-B,,31,,-43.0,35.0,train,-71.0,-74.0,-89.0,-100.0,-61.0,-100.0,-64.0,-88.0,-100.0,-70.0,-71.0,-68.0,-77.0,-80.0,-67.0,-64.0,-72.0,-74.0,-86.0,-100.0,-62.0,-100.0,-65.0,-87.0,-100.0,-69.0,-71.0,-68.0,-100.0,-79.0,-67.0,-60.0,-58.0,-54.0,-46.0,-46.0
B1253,RP22,B,CTK45-dot-B,,30,,-43.0,35.0,train,-76.0,-77.0,-90.0,-100.0,-58.0,-67.0,-64.0,-90.0,-85.0,-65.0,-100.0,-67.0,-82.0,-75.0,-100.0,-64.0,-78.0,-77.0,-89.0,-100.0,-58.0,-100.0,-64.0,-90.0,-100.0,-65.0,-100.0,-67.0,-80.0,-74.0,-100.0,-58.0,-62.0,-61.0,-54.0,-54.0
2025:01:21:10:23:32,RP22,A,SM-S908E,2212343.0,36,173.13029599126992,-43.0,35.0,train,-69.0,-74.0,-100.0,-57.0,-64.0,-59.0,-65.0,-84.0,-74.0,-77.0,-64.0,-62.0,-71.0,-80.0,-53.0,-63.0,-69.0,-74.0,-100.0,-58.0,-64.0,-60.0,-65.0,-85.0,-74.0,-77.0,-64.0,-62.0,-71.0,-80.0,-53.0,-63.0,-39.0,-39.0,-50.0,-50.0
B1273,RP22,B,CTK45-dot-B,,34,,-43.0,35.0,train,-67.0,-70.0,-84.0,-66.0,-65.0,-67.0,-100.0,-100.0,-68.0,-67.0,-56.0,-58.0,-69.0,-73.0,-60.0,-58.0,-67.0,-70.0,-84.0,-64.0,-65.0,-67.0,-100.0,-100.0,-68.0,-67.0,-56.0,-58.0,-69.0,-74.0,-61.0,-58.0,-48.0,-48.0,-100.0,-100.0
B1256,RP22,B,CTK45-dot-B,,34,,-43.0,35.0,train,-71.0,-75.0,-87.0,-65.0,-100.0,-65.0,-65.0,-87.0,-77.0,-69.0,-73.0,-62.0,-75.0,-77.0,-63.0,-61.0,-71.0,-74.0,-100.0,-100.0,-100.0,-66.0,-65.0,-88.0,-78.0,-69.0,-73.0,-62.0,-75.0,-77.0,-63.0,-74.0,-51.0,-51.0,-49.0,-48.0
2025:01:21:10:22:58,RP22,A,SM-S908E,2212343.0,36,172.8796154967443,-43.0,35.0,train,-65.0,-74.0,-79.0,-57.0,-64.0,-58.0,-65.0,-84.0,-73.0,-78.0,-63.0,-59.0,-70.0,-83.0,-52.0,-65.0,-65.0,-74.0,-78.0,-58.0,-64.0,-58.0,-65.0,-85.0,-73.0,-78.0,-63.0,-59.0,-70.0,-82.0,-53.0,-65.0,-43.0,-43.0,-46.0,-46.0
B1251,RP22,B,CTK45-dot-B,,32,,-43.0,35.0,train,-72.0,-72.0,-100.0,-64.0,-61.0,-66.0,-65.0,-87.0,-76.0,-69.0,-70.0,-61.0,-70.0,-100.0,-64.0,-62.0,-72.0,-72.0,-100.0,-64.0,-61.0,-66.0,-65.0,-87.0,-77.0,-69.0,-70.0,-61.0,-73.0,-81.0,-66.0,-61.0,-100.0,-100.0,-52.0,-51.0
B1285,RP22,B,CTK45-dot-B,,34,,-43.0,35.0,train,-100.0,-76.0,-86.0,-65.0,-62.0,-62.0,-66.0,-100.0,-85.0,-72.0,-71.0,-67.0,-100.0,-77.0,-53.0,-61.0,-100.0,-77.0,-87.0,-64.0,-62.0,-62.0,-66.0,-100.0,-84.0,-73.0,-71.0,-66.0,-100.0,-77.0,-54.0,-61.0,-52.0,-51.0,-55.0,-54.0
2025:01:21:10:11:16,RP22,A,SM-S908E,2212343.0,38,-129.82729175087258,-43.0,35.0,train,-71.0,-73.0,-84.0,-53.0,-59.0,-62.0,-62.0,-84.0,-78.0,-70.0,-64.0,-65.0,-76.0,-81.0,-56.0,-61.0,-71.0,-73.0,-87.0,-53.0,-59.0,-62.0,-62.0,-86.0,-78.0,-70.0,-64.0,-65.0,-76.0,-81.0,-56.0,-61.0,-50.0,-50.0,-45.0,-45.0
B1281,RP22,B,CTK45-dot-B,,34,,-43.0,35.0,train,-65.0,-72.0,-71.0,-62.0,-65.0,-59.0,-100.0,-85.0,-73.0,-69.0,-58.0,-61.0,-73.0,-75.0,-62.0,-61.0,-65.0,-72.0,-72.0,-59.0,-65.0,-59.0,-100.0,-85.0,-72.0,-69.0,-59.0,-61.0,-74.0,-75.0,-62.0,-61.0,-100.0,-100.0,-100.0,-100.0
B1268,RP22,B,CTK45-dot-B,,37,,-43.0,35.0,train,-72.0,-75.0,-85.0,-62.0,-62.0,-66.0,-63.0,-91.0,-76.0,-69.0,-70.0,-67.0,-73.0,-78.0,-63.0,-71.0,-72.0,-75.0,-85.0,-63.0,-62.0,-76.0,-63.0,-100.0,-76.0,-69.0,-70.0,-67.0,-73.0,-77.0,-100.0,-70.0,-53.0,-53.0,-46.0,-46.0
B1298,RP22,B,CTK45-dot-B,,24,,-43.0,35.0,train,-72.0,-81.0,-100.0,-60.0,-100.0,-65.0,-100.0,-91.0,-82.0,-100.0,-66.0,-100.0,-72.0,-100.0,-55.0,-72.0,-71.0,-81.0,-100.0,-60.0,-100.0,-66.0,-100.0,-90.0,-85.0,-100.0,-66.0,-100.0,-73.0,-100.0,-54.0,-74.0,-57.0,-57.0,-100.0,-100.0
B1295,RP22,B,CTK45-dot-B,,25,,-43.0,35.0,train,-73.0,-82.0,-88.0,-63.0,-100.0,-60.0,-100.0,-89.0,-73.0,-100.0,-69.0,-100.0,-75.0,-100.0,-64.0,-66.0,-73.0,-82.0,-88.0,-62.0,-100.0,-59.0,-100.0,-90.0,-73.0,-100.0,-70.0,-100.0,-100.0,-100.0,-64.0,-66.0,-58.0,-57.0,-100.0,-100.0
2025:01:21:10:24:07,RP22,A,SM-S908E,2212343.0,37,175.0875828447943,-43.0,35.0,train,-71.0,-74.0,-81.0,-59.0,-64.0,-62.0,-65.0,-83.0,-73.0,-76.0,-66.0,-62.0,-70.0,-81.0,-53.0,-63.0,-72.0,-74.0,-81.0,-60.0,-64.0,-62.0,-65.0,-83.0,-73.0,-76.0,-66.0,-62.0,-70.0,-80.0,-54.0,-63.0,-42.0,-42.0,-47.0,-47.0
B1265,RP22,B,CTK45-dot-B,,30,,-43.0,35.0,train,-100.0,-75.0,-87.0,-62.0,-62.0,-73.0,-70.0,-89.0,-100.0,-76.0,-74.0,-73.0,-100.0,-79.0,-62.0,-66.0,-100.0,-75.0,-100.0,-62.0,-62.0,-100.0,-70.0,-91.0,-100.0,-77.0,-74.0,-72.0,-100.0,-79.0,-62.0,-64.0,-53.0,-54.0,-47.0,-47.0
B1304,RP22,B,CTK45-dot-B,,24,,-43.0,35.0,validation,-70.0,-84.0,-86.0,-53.0,-100.0,-61.0,-100.0,-100.0,-78.0,-100.0,-67.0,-100.0,-69.0,-100.0,-64.0,-75.0,-70.0,-85.0,-85.0,-100.0,-100.0,-62.0,-100.0,-100.0,-78.0,-100.0,-66.0,-100.0,-69.0,-100.0,-64.0,-75.0,-53.0,-53.0,-100.0,-100.0
B1254,RP22,B,CTK45-dot-B,,32,,-43.0,35.0,validation,-69.0,-72.0,-100.0,-61.0,-60.0,-69.0,-64.0,-87.0,-75.0,-100.0,-70.0,-60.0,-77.0,-80.0,-60.0,-62.0,-70.0,-73.0,-100.0,-60.0,-60.0,-69.0,-64.0,-100.0,-75.0,-68.0,-71.0,-61.0,-76.0,-80.0,-100.0,-62.0,-100.0,-100.0,-47.0,-47.0
B1280,RP22,B,CTK45-dot-B,,38,,-43.0,35.0,validation,-65.0,-72.0,-71.0,-62.0,-65.0,-59.0,-100.0,-85.0,-73.0,-69.0,-58.0,-61.0,-73.0,-75.0,-62.0,-61.0,-65.0,-72.0,-72.0,-59.0,-65.0,-59.0,-100.0,-85.0,-72.0,-69.0,-59.0,-61.0,-74.0,-75.0,-62.0,-61.0,-53.0,-53.0,-100.0,-100.0
B1261,RP22,B,CTK45-dot-B,,36,,-43.0,35.0,validation,-69.0,-73.0,-85.0,-63.0,-63.0,-68.0,-71.0,-88.0,-73.0,-67.0,-71.0,-66.0,-75.0,-78.0,-62.0,-65.0,-71.0,-73.0,-85.0,-64.0,-63.0,-68.0,-71.0,-100.0,-73.0,-67.0,-71.0,-66.0,-76.0,-78.0,-62.0,-60.0,-100.0,-100.0,-51.0,-50.0
B1305,RP22,B,CTK45-dot-B,,29,,-43.0,35.0,validation,-75.0,-87.0,-83.0,-75.0,-68.0,-58.0,-79.0,-100.0,-100.0,-89.0,-67.0,-75.0,-74.0,-100.0,-63.0,-70.0,-76.0,-86.0,-81.0,-60.0,-69.0,-100.0,-79.0,-100.0,-100.0,-90.0,-65.0,-75.0,-72.0,-100.0,-63.0,-70.0,-61.0,-59.0,-62.0,-61.0
B1275,RP22,B,CTK45-dot-B,,37,,-43.0,35.0,validation,-71.0,-74.0,-85.0,-61.0,-59.0,-67.0,-65.0,-100.0,-75.0,-66.0,-83.0,-65.0,-77.0,-81.0,-58.0,-67.0,-71.0,-74.0,-85.0,-61.0,-59.0,-68.0,-65.0,-100.0,-75.0,-67.0,-84.0,-66.0,-77.0,-81.0,-58.0,-67.0,-43.0,-43.0,-40.0,-40.0
2025:01:21:10:22:19,RP22,A,SM-S908E,2212343.0,34,173.42748919960428,-43.0,35.0,validation,-66.0,-73.0,-100.0,-56.0,-64.0,-58.0,-65.0,-84.0,-72.0,-78.0,-66.0,-62.0,-71.0,-83.0,-52.0,-64.0,-70.0,-73.0,-100.0,-56.0,-64.0,-58.0,-65.0,-84.0,-72.0,-78.0,-66.0,-62.0,-71.0,-83.0,-52.0,-64.0,-42.0,-42.0,-48.0,-48.0
B1286,RP22,B,CTK45-dot-B,,37,,-43.0,35.0,validation,-64.0,-73.0,-74.0,-55.0,-60.0,-57.0,-56.0,-100.0,-68.0,-71.0,-63.0,-62.0,-67.0,-73.0,-56.0,-59.0,-64.0,-73.0,-74.0,-56.0,-61.0,-57.0,-57.0,-100.0,-69.0,-71.0,-63.0,-62.0,-66.0,-73.0,-56.0,-59.0,-48.0,-48.0,-44.0,-44.0
B1257,RP22,B,CTK45-dot-B,,34,,-43.0,35.0,validation,-71.0,-73.0,-90.0,-64.0,-61.0,-70.0,-66.0,-100.0,-76.0,-100.0,-70.0,-62.0,-74.0,-78.0,-63.0,-62.0,-71.0,-72.0,-100.0,-64.0,-61.0,-71.0,-66.0,-100.0,-78.0,-100.0,-71.0,-62.0,-74.0,-77.0,-63.0,-62.0,-58.0,-58.0,-50.0,-51.0
B1300,RP22,B,CTK45-dot-B,,23,,-43.0,35.0,validation,-81.0,-88.0,-84.0,-58.0,-100.0,-63.0,-100.0,-100.0,-100.0,-100.0,-70.0,-100.0,-73.0,-100.0,-57.0,-68.0,-82.0,-86.0,-88.0,-58.0,-100.0,-64.0,-100.0,-100.0,-100.0,-100.0,-70.0,-100.0,-73.0,-100.0,-58.0,-68.0,-47.0,-46.0,-100.0,-100.0
2025:01:21:10:18:04,RP22,A,SM-S908E,2212343.0,38,109.97340460585119,-43.0,35.0,validation,-74.0,-75.0,-80.0,-53.0,-61.0,-53.0,-64.0,-80.0,-78.0,-66.0,-58.0,-63.0,-65.0,-78.0,-51.0,-56.0,-74.0,-75.0,-79.0,-53.0,-61.0,-53.0,-64.0,-81.0,-78.0,-66.0,-59.0,-63.0,-65.0,-78.0,-52.0,-56.0,-46.0,-46.0,-53.0,-53.0
B1264,RP22,B,CTK45-dot-B,,35,,-43.0,35.0,validation,-75.0,-74.0,-100.0,-67.0,-64.0,-65.0,-63.0,-88.0,-75.0,-68.0,-74.0,-60.0,-75.0,-79.0,-64.0,-60.0,-75.0,-74.0,-100.0,-100.0,-65.0,-65.0,-63.0,-90.0,-76.0,-68.0,-73.0,-61.0,-76.0,-78.0,-64.0,-61.0,-58.0,-58.0,-45.0,-44.0
2025:01:21:10:13:57,RP22,A,SM-S908E,2212343.0,37,-71.00803464927124,-43.0,35.0,test,-71.0,-72.0,-82.0,-57.0,-62.0,-56.0,-60.0,-84.0,-75.0,-70.0,-64.0,-58.0,-100.0,-82.0,-59.0,-66.0,-71.0,-72.0,-84.0,-57.0,-62.0,-56.0,-60.0,-84.0,-75.0,-71.0,-64.0,-58.0,-100.0,-82.0,-59.0,-66.0,-45.0,-45.0,-42.0,-42.0
B1263,RP22,B,CTK45-dot-B,,33,,-43.0,35.0,test,-73.0,-72.0,-87.0,-65.0,-63.0,-73.0,-65.0,-100.0,-76.0,-71.0,-71.0,-60.0,-76.0,-100.0,-100.0,-62.0,-72.0,-72.0,-87.0,-65.0,-63.0,-74.0,-64.0,-100.0,-76.0,-71.0,-71.0,-60.0,-75.0,-76.0,-100.0,-60.0,-58.0,-58.0,-49.0,-49.0
B1274,RP22,B,CTK45-dot-B,,30,,-43.0,35.0,test,-68.0,-74.0,-85.0,-65.0,-61.0,-100.0,-100.0,-100.0,-100.0,-64.0,-100.0,-63.0,-74.0,-81.0,-58.0,-66.0,-68.0,-74.0,-100.0,-65.0,-61.0,-100.0,-100.0,-100.0,-100.0,-65.0,-100.0,-63.0,-74.0,-81.0,-58.0,-66.0,-48.0,-48.0,-100.0,-100.0
2025:01:21:10:15:34,RP22,A,SM-S908E,2212343.0,38,-72.7989689365573,-43.0,35.0,test,-75.0,-75.0,-80.0,-60.0,-63.0,-53.0,-66.0,-83.0,-75.0,-72.0,-62.0,-65.0,-68.0,-79.0,-55.0,-55.0,-75.0,-75.0,-100.0,-60.0,-63.0,-54.0,-67.0,-79.0,-75.0,-73.0,-62.0,-65.0,-65.0,-79.0,-55.0,-55.0,-46.0,-46.0,-53.0,-53.0
B1260,RP22,B,CTK45-dot-B,,31,,-43.0,35.0,test,-72.0,-75.0,-84.0,-64.0,-63.0,-100.0,-69.0,-100.0,-100.0,-68.0,-71.0,-71.0,-77.0,-79.0,-62.0,-61.0,-72.0,-75.0,-100.0,-64.0,-63.0,-100.0,-69.0,-100.0,-100.0,-68.0,-71.0,-70.0,-77.0,-79.0,-62.0,-65.0,-59.0,-59.0,-52.0,-51.0
2025:01:21:10:12:39,RP22,A,SM-S908E,2212343.0,39,-130.77425920593095,-43.0,35.0,test,-71.0,-73.0,-79.0,-53.0,-61.0,-58.0,-62.0,-84.0,-76.0,-69.0,-65.0,-59.0,-71.0,-78.0,-58.0,-67.0,-72.0,-73.0,-79.0,-53.0,-61.0,-58.0,-62.0,-84.0,-76.0,-69.0,-65.0,-59.0,-71.0,-78.0,-58.0,-67.0,-44.0,-44.0,-44.0,-44.0
B1262,RP22,B,CTK45-dot-B,,29,,-43.0,35.0,test,-100.0,-75.0,-87.0,-67.0,-58.0,-64.0,-64.0,-88.0,-100.0,-67.0,-69.0,-67.0,-100.0,-100.0,-61.0,-58.0,-100.0,-75.0,-88.0,-68.0,-58.0,-64.0,-64.0,-91.0,-100.0,-68.0,-68.0,-67.0,-100.0,-100.0,-61.0,-56.0,-55.0,-56.0,-60.0,-59.0
B1292,RP22,B,CTK45-dot-B,,12,,-43.0,35.0,test,-85.0,-76.0,-100.0,-100.0,-100.0,-100.0,-100.0,-100.0,-100.0,-100.0,-77.0,-100.0,-84.0,-100.0,-63.0,-73.0,-88.0,-77.0,-100.0,-100.0,-100.0,-100.0,-100.0,-100.0,-100.0,-100.0,-79.0,-100.0,-100.0,-100.0,-100.0,-74.0,-58.0,-58.0,-100.0,-100.0
B1307,RP22,B,CTK45-dot-B,,28,,-43.0,35.0,test,-68.0,-72.0,-100.0,-60.0,-59.0,-68.0,-63.0,-100.0,-71.0,-66.0,-100.0,-68.0,-100.0,-100.0,-100.0,-66.0,-68.0,-72.0,-100.0,-60.0,-59.0,-68.0,-63.0,-100.0,-71.0,-67.0,-100.0,-68.0,-100.0,-79.0,-100.0,-66.0,-46.0,-47.0,-43.0,-43.0
B1279,RP22,B,CTK45-dot-B,,33,,-43.0,35.0,test,-100.0,-68.0,-100.0,-61.0,-55.0,-70.0,-100.0,-85.0,-73.0,-70.0,-100.0,-64.0,-70.0,-77.0,-60.0,-58.0,-100.0,-68.0,-100.0,-63.0,-55.0,-71.0,-100.0,-85.0,-73.0,-72.0,-100.0,-64.0,-70.0,-78.0,-60.0,-58.0,-46.0,-46.0,-100.0,-100.0
2025:01:21:10:19:42,RP22,A,SM-S908E,2212343.0,39,108.53431224139905,-43.0,35.0,test,-68.0,-74.0,-76.0,-54.0,-62.0,-67.0,-57.0,-78.0,-76.0,-76.0,-55.0,-66.0,-69.0,-79.0,-56.0,-65.0,-66.0,-74.0,-76.0,-54.0,-62.0,-67.0,-57.0,-79.0,-76.0,-77.0,-55.0,-66.0,-69.0,-79.0,-57.0,-65.0,-46.0,-46.0,-48.0,-48.0
B1269,RP22,B,CTK45-dot-B,,30,,-43.0,35.0,test,-74.0,-75.0,-92.0,-66.0,-59.0,-70.0,-60.0,-92.0,-79.0,-65.0,-69.0,-66.0,-83.0,-76.0,-59.0,-63.0,-100.0,-74.0,-92.0,-66.0,-59.0,-70.0,-60.0,-100.0,-79.0,-65.0,-69.0,-66.0,-100.0,-100.0,-100.0,-61.0,-100.0,-100.0,-60.0,-60.0
B1361,RP23,B,CTK45-dot-B,,22,,-36.0,35.0,train,-70.0,-78.0,-84.0,-61.0,-100.0,-62.0,-100.0,-94.0,-72.0,-100.0,-78.0,-100.0,-75.0,-100.0,-59.0,-74.0,-70.0,-78.0,-85.0,-59.0,-100.0,-62.0,-100.0,-95.0,-72.0,-100.0,-78.0,-100.0,-100.0,-100.0,-60.0,-74.0,-100.0,-100.0,-100.0,-100.0
B1359,RP23,B,CTK45-dot-B,,16,,-36.0,35.0,train,-100.0,-84.0,-81.0,-57.0,-100.0,-100.0,-100.0,-89.0,-69.0,-100.0,-81.0,-100.0,-100.0,-100.0,-66.0,-77.0,-100.0,-84.0,-82.0,-66.0,-100.0,-100.0,-100.0,-89.0,-69.0,-100.0,-81.0,-100.0,-100.0,-100.0,-67.0,-68.0,-100.0,-100.0,-100.0,-100.0
B1341,RP23,B,CTK45-dot-B,,35,,-36.0,35.0,train,-69.0,-68.0,-79.0,-52.0,-54.0,-55.0,-100.0,-100.0,-78.0,-73.0,-66.0,-62.0,-74.0,-75.0,-58.0,-59.0,-69.0,-68.0,-79.0,-51.0,-54.0,-55.0,-100.0,-100.0,-78.0,-72.0,-69.0,-62.0,-73.0,-76.0,-58.0,-59.0,-100.0,-100.0,-100.0,-100.0
B1322,RP23,B,CTK45-dot-B,,29,,-36.0,35.0,train,-71.0,-71.0,-83.0,-60.0,-50.0,-64.0,-70.0,-93.0,-100.0,-77.0,-100.0,-67.0,-75.0,-80.0,-61.0,-61.0,-71.0,-71.0,-82.0,-60.0,-50.0,-100.0,-70.0,-100.0,-100.0,-76.0,-100.0,-67.0,-74.0,-80.0,-100.0,-60.0,-48.0,-47.0,-51.0,-51.0
B1338,RP23,B,CTK45-dot-B,,39,,-36.0,35.0,train,-69.0,-68.0,-77.0,-51.0,-55.0,-62.0,-100.0,-88.0,-82.0,-72.0,-69.0,-61.0,-73.0,-76.0,-58.0,-57.0,-69.0,-68.0,-78.0,-54.0,-55.0,-62.0,-100.0,-87.0,-82.0,-72.0,-69.0,-61.0,-73.0,-75.0,-58.0,-58.0,-42.0,-42.0,-69.0,-69.0
2025:01:21:10:29:03,RP23,A,SM-S908E,2212343.0,38,-73.89184582372368,-36.0,35.0,train,-70.0,-75.0,-83.0,-59.0,-47.0,-61.0,-62.0,-83.0,-72.0,-77.0,-71.0,-64.0,-74.0,-81.0,-59.0,-66.0,-70.0,-75.0,-82.0,-59.0,-47.0,-61.0,-62.0,-82.0,-71.0,-76.0,-71.0,-64.0,-74.0,-81.0,-60.0,-66.0,-53.0,-53.0,-44.0,-44.0
B1316,RP23,B,CTK45-dot-B,,28,,-36.0,35.0,train,-100.0,-73.0,-100.0,-70.0,-52.0,-68.0,-68.0,-100.0,-79.0,-81.0,-71.0,-68.0,-82.0,-80.0,-62.0,-59.0,-100.0,-73.0,-100.0,-70.0,-52.0,-100.0,-68.0,-100.0,-100.0,-74.0,-72.0,-68.0,-82.0,-80.0,-62.0,-59.0,-60.0,-60.0,-59.0,-59.0
B1345,RP23,B,CTK45-dot-B,,42,,-36.0,35.0,train,-68.0,-74.0,-79.0,-51.0,-44.0,-61.0,-100.0,-81.0,-73.0,-76.0,-64.0,-69.0,-81.0,-78.0,-64.0,-69.0,-68.0,-73.0,-79.0,-52.0,-44.0,-61.0,-100.0,-81.0,-73.0,-77.0,-68.0,-69.0,-100.0,-78.0,-64.0,-69.0,-41.0,-41.0,-46.0,-45.0
B1354,RP23,B,CTK45-dot-B,,21,,-36.0,35.0,train,-69.0,-100.0,-83.0,-55.0,-100.0,-61.0,-100.0,-87.0,-68.0,-100.0,-71.0,-100.0,-66.0,-100.0,-61.0,-78.0,-71.0,-100.0,-83.0,-56.0,-100.0,-61.0,-100.0,-86.0,-68.0,-100.0,-71.0,-100.0,-66.0,-100.0,-61.0,-78.0,-59.0,-100.0,-100.0,-100.0
B1364,RP23,B,CTK45-dot-B,,26,,-36.0,35.0,train,-69.0,-79.0,-77.0,-52.0,-100.0,-60.0,-100.0,-85.0,-69.0,-100.0,-72.0,-100.0,-68.0,-100.0,-59.0,-73.0,-68.0,-79.0,-77.0,-55.0,-100.0,-61.0,-100.0,-85.0,-69.0,-100.0,-72.0,-100.0,-69.0,-100.0,-59.0,-72.0,-55.0,-55.0,-100.0,-100.0
B1363,RP23,B,CTK45-dot-B,,24,,-36.0,35.0,train,-78.0,-84.0,-100.0,-55.0,-100.0,-61.0,-100.0,-92.0,-74.0,-100.0,-73.0,-100.0,-75.0,-100.0,-72.0,-79.0,-77.0,-84.0,-100.0,-56.0,-100.0,-64.0,-100.0,-94.0,-73.0,-100.0,-73.0,-100.0,-74.0,-100.0,-72.0,-79.0,-47.0,-47.0,-100.0,-100.0
B1339,RP23,B,CTK45-dot-B,,38,,-36.0,35.0,train,-67.0,-68.0,-80.0,-51.0,-56.0,-61.0,-100.0,-86.0,-86.0,-72.0,-75.0,-61.0,-78.0,-75.0,-100.0,-58.0,-68.0,-68.0,-79.0,-51.0,-56.0,-61.0,-100.0,-86.0,-87.0,-72.0,-74.0,-61.0,-76.0,-75.0,-100.0,-58.0,-43.0,-43.0,-68.0,-68.0
B1336,RP23,B,CTK45-dot-B,,31,,-36.0,35.0,train,-100.0,-68.0,-79.0,-51.0,-55.0,-63.0,-100.0,-100.0,-76.0,-73.0,-100.0,-61.0,-81.0,-75.0,-60.0,-58.0,-100.0,-69.0,-79.0,-51.0,-55.0,-63.0,-100.0,-100.0,-100.0,-73.0,-100.0,-61.0,-73.0,-75.0,-60.0,-58.0,-57.0,-58.0,-100.0,-100.0
2025:01:21:10:34:33,RP23,A,SM-S908E,2212343.0,37,124.16642862793438,-36.0,35.0,train,-70.0,-74.0,-77.0,-59.0,-53.0,-61.0,-63.0,-91.0,-70.0,-80.0,-66.0,-66.0,-73.0,-78.0,-57.0,-67.0,-70.0,-74.0,-77.0,-59.0,-54.0,-61.0,-63.0,-89.0,-70.0,-79.0,-66.0,-66.0,-74.0,-78.0,-57.0,-67.0,-52.0,-52.0,-55.0,-54.0
2025:01:21:10:26:57,RP23,A,SM-S908E,2212343.0,36,-132.2246101910574,-36.0,35.0,train,-71.0,-74.0,-81.0,-52.0,-47.0,-62.0,-61.0,-81.0,-73.0,-73.0,-67.0,-67.0,-74.0,-80.0,-59.0,-66.0,-71.0,-74.0,-81.0,-52.0,-48.0,-62.0,-61.0,-82.0,-73.0,-75.0,-68.0,-67.0,-74.0,-79.0,-59.0,-66.0,-51.0,-51.0,-44.0,-44.0
B1309,RP23,B,CTK45-dot-B,,29,,-36.0,35.0,train,-70.0,-75.0,-100.0,-62.0,-63.0,-66.0,-68.0,-100.0,-78.0,-70.0,-100.0,-70.0,-77.0,-79.0,-61.0,-70.0,-72.0,-75.0,-100.0,-63.0,-63.0,-100.0,-68.0,-100.0,-100.0,-70.0,-100.0,-70.0,-76.0,-79.0,-62.0,-60.0,-56.0,-57.0,-47.0,-46.0
B1327,RP23,B,CTK45-dot-B,,30,,-36.0,35.0,train,-74.0,-75.0,-95.0,-73.0,-64.0,-62.0,-100.0,-100.0,-75.0,-74.0,-100.0,-67.0,-76.0,-79.0,-64.0,-59.0,-74.0,-75.0,-96.0,-64.0,-64.0,-62.0,-100.0,-100.0,-75.0,-73.0,-100.0,-67.0,-76.0,-79.0,-64.0,-59.0,-68.0,-68.0,-100.0,-100.0
B1348,RP23,B,CTK45-dot-B,,27,,-36.0,35.0,train,-77.0,-74.0,-79.0,-63.0,-100.0,-62.0,-100.0,-91.0,-71.0,-100.0,-67.0,-100.0,-70.0,-100.0,-56.0,-74.0,-76.0,-74.0,-80.0,-66.0,-100.0,-61.0,-100.0,-90.0,-71.0,-100.0,-67.0,-100.0,-70.0,-100.0,-56.0,-74.0,-49.0,-50.0,-100.0,-100.0
B1321,RP23,B,CTK45-dot-B,,28,,-36.0,35.0,train,-74.0,-70.0,-83.0,-61.0,-51.0,-62.0,-68.0,-90.0,-100.0,-100.0,-71.0,-68.0,-82.0,-81.0,-65.0,-59.0,-74.0,-70.0,-100.0,-61.0,-51.0,-100.0,-68.0,-92.0,-100.0,-100.0,-71.0,-68.0,-81.0,-81.0,-65.0,-60.0,-100.0,-100.0,-56.0,-55.0
2025:01:21:10:33:22,RP23,A,SM-S908E,2212343.0,32,120.65568703404976,-36.0,35.0,train,-67.0,-71.0,-76.0,-52.0,-54.0,-61.0,-64.0,-100.0,-71.0,-100.0,-65.0,-63.0,-74.0,-77.0,-57.0,-66.0,-64.0,-71.0,-77.0,-52.0,-54.0,-61.0,-64.0,-100.0,-71.0,-100.0,-65.0,-64.0,-74.0,-77.0,-57.0,-66.0,-53.0,-53.0,-57.0,-57.0
B1362,RP23,B,CTK45-dot-B,,21,,-36.0,35.0,train,-100.0,-82.0,-84.0,-55.0,-100.0,-66.0,-100.0,-93.0,-72.0,-100.0,-74.0,-100.0,-100.0,-100.0,-72.0,-73.0,-100.0,-82.0,-84.0,-54.0,-100.0,-65.0,-100.0,-93.0,-71.0,-100.0,-73.0,-100.0,-100.0,-100.0,-72.0,-73.0,-60.0,-61.0,-100.0,-100.0
B1313,RP23,B,CTK45-dot-B,,32,,-36.0,35.0,train,-70.0,-74.0,-85.0,-64.0,-53.0,-65.0,-70.0,-90.0,-82.0,-79.0,-76.0,-66.0,-79.0,-78.0,-66.0,-60.0,-70.0,-73.0,-81.0,-64.0,-53.0,-64.0,-70.0,-100.0,-83.0,-79.0,-100.0,-65.0,-80.0,-78.0,-66.0,-60.0,-100.0,-100.0,-52.0,-52.0
2025:01:21:10:28:11,RP23,A,SM-S908E,2212343.0,34,-132.3943260195531,-36.0,35.0,train,-68.0,-74.0,-80.0,-54.0,-47.0,-61.0,-60.0,-100.0,-72.0,-75.0,-67.0,-67.0,-73.0,-81.0,-59.0,-65.0,-68.0,-74.0,-100.0,-54.0,-47.0,-62.0,-60.0,-100.0,-72.0,-74.0,-67.0,-67.0,-74.0,-81.0,-59.0,-65.0,-51.0,-51.0,-43.0,-43.0
B1344,RP23,B,CTK45-dot-B,,30,,-36.0,35.0,train,-68.0,-74.0,-79.0,-51.0,-44.0,-61.0,-100.0,-81.0,-73.0,-76.0,-64.0,-69.0,-100.0,-78.0,-64.0,-69.0,-100.0,-73.0,-79.0,-52.0,-44.0,-61.0,-100.0,-81.0,-73.0,-77.0,-100.0,-69.0,-100.0,-78.0,-64.0,-69.0,-41.0,-41.0,-100.0,-100.0
B1320,RP23,B,CTK45-dot-B,,34,,-36.0,35.0,train,-71.0,-70.0,-84.0,-60.0,-51.0,-63.0,-68.0,-90.0,-100.0,-78.0,-70.0,-67.0,-78.0,-79.0,-65.0,-60.0,-71.0,-71.0,-84.0,-61.0,-51.0,-100.0,-69.0,-91.0,-100.0,-78.0,-70.0,-67.0,-78.0,-78.0,-65.0,-60.0,-45.0,-45.0,-58.0,-57.0
B1330,RP23,B,CTK45-dot-B,,30,,-36.0,35.0,train,-72.0,-81.0,-87.0,-58.0,-63.0,-69.0,-63.0,-100.0,-68.0,-72.0,-65.0,-60.0,-76.0,-81.0,-57.0,-62.0,-76.0,-80.0,-87.0,-61.0,-62.0,-69.0,-63.0,-100.0,-69.0,-73.0,-65.0,-60.0,-76.0,-81.0,-58.0,-62.0,-100.0,-100.0,-100.0,-100.0
B1315,RP23,B,CTK45-dot-B,,29,,-36.0,35.0,train,-72.0,-73.0,-83.0,-70.0,-55.0,-65.0,-70.0,-89.0,-79.0,-75.0,-100.0,-65.0,-100.0,-80.0,-59.0,-59.0,-71.0,-73.0,-75.0,-71.0,-55.0,-65.0,-69.0,-89.0,-100.0,-74.0,-100.0,-65.0,-100.0,-80.0,-59.0,-61.0,-100.0,-100.0,-62.0,-61.0
2025:01:21:10:33:57,RP23,A,SM-S908E,2212343.0,36,125.25480779640898,-36.0,35.0,train,-69.0,-73.0,-77.0,-57.0,-53.0,-61.0,-64.0,-89.0,-68.0,-78.0,-66.0,-66.0,-72.0,-78.0,-58.0,-67.0,-69.0,-74.0,-77.0,-57.0,-53.0,-61.0,-64.0,-88.0,-68.0,-78.0,-66.0,-66.0,-72.0,-78.0,-58.0,-67.0,-54.0,-53.0,-50.0,-50.0
B1329,RP23,B,CTK45-dot-B,,32,,-36.0,35.0,train,-73.0,-74.0,-100.0,-55.0,-61.0,-69.0,-70.0,-100.0,-73.0,-76.0,-100.0,-65.0,-87.0,-85.0,-61.0,-72.0,-72.0,-74.0,-100.0,-56.0,-61.0,-69.0,-70.0,-85.0,-72.0,-77.0,-100.0,-66.0,-87.0,-100.0,-61.0,-72.0,-59.0,-59.0,-53.0,-53.0
B1349,RP23,B,CTK45-dot-B,,27,,-36.0,35.0,train,-76.0,-74.0,-84.0,-57.0,-77.0,-62.0,-100.0,-93.0,-74.0,-90.0,-76.0,-67.5,-75.0,-100.0,-61.0,-78.0,-76.0,-74.0,-81.0,-53.0,-77.0,-62.0,-100.0,-100.0,-75.0,-89.0,-77.0,-67.5,-74.0,-100.0,-62.0,-78.0,-100.0,-100.0,-100.0,-100.0
B1342,RP23,B,CTK45-dot-B,,28,,-36.0,35.0,train,-100.0,-70.0,-77.0,-53.0,-46.0,-55.0,-100.0,-100.0,-74.0,-77.0,-63.0,-65.0,-100.0,-76.0,-63.0,-68.0,-100.0,-69.0,-77.0,-54.0,-46.0,-55.0,-100.0,-100.0,-74.0,-77.0,-63.0,-65.0,-100.0,-75.0,-63.0,-68.0,-42.0,-41.0,-100.0,-100.0
B1337,RP23,B,CTK45-dot-B,,38,,-36.0,35.0,train,-66.0,-68.0,-82.0,-52.0,-55.0,-60.0,-58.0,-100.0,-76.0,-73.0,-76.0,-61.0,-100.0,-76.0,-58.0,-59.0,-66.0,-69.0,-82.0,-52.0,-55.0,-60.0,-58.0,-100.0,-76.0,-73.0,-76.0,-61.0,-100.0,-76.0,-58.0,-59.0,-57.0,-56.0,-67.0,-67.0
2025:01:21:10:30:45,RP23,A,SM-S908E,2212343.0,38,-69.36255715743502,-36.0,35.0,train,-65.0,-76.0,-74.0,-48.0,-53.0,-57.0,-65.0,-81.0,-72.0,-75.0,-67.0,-70.0,-70.0,-79.0,-53.0,-60.0,-67.0,-76.0,-74.0,-48.0,-53.0,-57.0,-65.0,-83.0,-72.0,-75.0,-68.0,-71.0,-70.0,-80.0,-54.0,-60.0,-39.0,-40.0,-54.0,-54.0
B1367,RP23,B,CTK45-dot-B,,23,,-36.0,35.0,train,-78.0,-80.0,-79.0,-56.0,-100.0,-61.0,-100.0,-90.0,-78.0,-100.0,-64.0,-100.0,-86.0,-100.0,-61.0,-75.0,-76.0,-80.0,-78.0,-56.0,-100.0,-62.0,-100.0,-93.0,-87.0,-100.0,-65.0,-100.0,-96.0,-100.0,-62.0,-75.0,-100.0,-100.0,-100.0,-100.0
B1328,RP23,B,CTK45-dot-B,,28,,-36.0,35.0,train,-79.0,-70.0,-100.0,-100.0,-51.0,-64.0,-71.0,-91.0,-81.0,-78.0,-78.0,-67.0,-79.0,-80.0,-65.0,-60.0,-100.0,-70.0,-100.0,-100.0,-52.0,-65.0,-71.0,-91.0,-81.0,-79.0,-77.0,-67.0,-100.0,-81.0,-65.0,-60.0,-100.0,-100.0,-64.0,-64.0
B1311,RP23,B,CTK45-dot-B,,29,,-36.0,35.0,train,-100.0,-72.0,-83.0,-71.0,-56.0,-61.0,-68.0,-89.0,-79.0,-79.0,-100.0,-69.0,-100.0,-81.0,-67.0,-59.0,-100.0,-72.0,-100.0,-71.0,-57.0,-61.0,-68.0,-89.0,-82.0,-80.0,-100.0,-69.0,-100.0,-81.0,-67.0,-59.0,-48.0,-49.0,-52.0,-52.0
B1331,RP23,B,CTK45-dot-B,,29,,-36.0,35.0,train,-75.0,-78.0,-100.0,-62.0,-49.0,-58.0,-100.0,-100.0,-72.0,-77.0,-58.0,-61.0,-67.0,-73.0,-100.0,-62.0,-74.0,-78.0,-74.0,-62.0,-49.0,-58.0,-100.0,-100.0,-72.0,-76.0,-58.0,-61.0,-67.0,-73.0,-100.0,-62.0,-52.0,-52.0,-100.0,-100.0
2025:01:21:10:30:09,RP23,A,SM-S908E,2212343.0,37,-70.0162561650557,-36.0,35.0,train,-68.0,-77.0,-78.0,-50.0,-50.0,-58.0,-63.0,-81.0,-73.0,-74.0,-69.0,-71.0,-75.0,-82.0,-55.0,-59.0,-68.0,-78.0,-78.0,-50.0,-50.0,-58.0,-63.0,-83.0,-73.0,-74.0,-69.0,-71.0,-76.0,-82.0,-55.0,-59.0,-44.0,-44.0,-55.0,-56.0
B1365,RP23,B,CTK45-dot-B,,19,,-36.0,35.0,train,-100.0,-74.0,-83.0,-100.0,-100.0,-64.0,-100.0,-95.0,-73.0,-100.0,-81.0,-100.0,-100.0,-100.0,-65.0,-79.0,-100.0,-74.0,-85.0,-100.0,-100.0,-61.0,-100.0,-91.0,-73.0,-100.0,-80.0,-100.0,-100.0,-100.0,-64.0,-79.0,-48.0,-50.0,-100.0,-100.0
B1357,RP23,B,CTK45-dot-B,,26,,-36.0,35.0,train,-64.0,-74.0,-77.0,-42.0,-100.0,-54.0,-100.0,-100.0,-63.0,-100.0,-68.0,-100.0,-100.0,-100.0,-53.0,-63.0,-66.0,-74.0,-76.0,-42.0,-100.0,-54.0,-100.0,-100.0,-64.0,-100.0,-68.0,-100.0,-64.0,-100.0,-53.0,-62.0,-56.0,-55.0,-100.0,-100.0
B1326,RP23,B,CTK45-dot-B,,20,,-36.0,35.0,train,-100.0,-78.0,-84.0,-64.0,-62.0,-62.0,-100.0,-100.0,-79.0,-71.0,-100.0,-63.0,-100.0,-85.0,-100.0,-59.0,-100.0,-78.0,-84.0,-64.0,-63.0,-62.0,-100.0,-100.0,-79.0,-71.0,-100.0,-62.0,-100.0,-84.0,-100.0,-59.0,-100.0,-100.0,-100.0,-100.0
B1346,RP23,B,CTK45-dot-B,,35,,-36.0,35.0,train,-65.0,-80.0,-100.0,-46.0,-45.0,-62.0,-100.0,-100.0,-69.0,-74.0,-60.0,-68.0,-77.0,-78.0,-58.0,-61.0,-65.0,-81.0,-100.0,-43.0,-45.0,-62.0,-100.0,-100.0,-69.0,-74.0,-61.0,-68.0,-76.0,-77.0,-58.0,-61.0,-33.0,-33.0,-100.0,-100.0
2025:01:21:10:31:55,RP23,A,SM-S908E,2212343.0,33,-72.79459153900251,-36.0,35.0,train,-71.0,-77.0,-77.0,-54.0,-49.0,-59.0,-65.0,-100.0,-71.0,-74.0,-68.0,-68.0,-71.0,-80.0,-57.0,-60.0,-100.0,-77.0,-77.0,-54.0,-49.0,-59.0,-65.0,-100.0,-72.0,-74.0,-68.0,-68.0,-71.0,-80.0,-60.0,-61.0,-41.0,-41.0,-53.0,-53.0
2025:01:21:10:35:43,RP23,A,SM-S908E,2212343.0,38,178.03154312857956,-36.0,35.0,train,-64.0,-77.0,-81.0,-54.0,-46.0,-64.0,-66.0,-77.0,-78.0,-81.0,-64.0,-70.0,-70.0,-80.0,-62.0,-68.0,-71.0,-77.0,-80.0,-54.0,-46.0,-64.0,-67.0,-81.0,-80.0,-81.0,-64.0,-70.0,-71.0,-80.0,-62.0,-68.0,-42.0,-42.0,-57.0,-57.0
B1314,RP23,B,CTK45-dot-B,,30,,-36.0,35.0,train,-70.0,-73.0,-100.0,-63.0,-53.0,-100.0,-72.0,-90.0,-100.0,-78.0,-72.0,-66.0,-74.0,-79.0,-61.0,-60.0,-70.0,-73.0,-100.0,-63.0,-53.0,-100.0,-72.0,-91.0,-100.0,-78.0,-72.0,-67.0,-79.0,-78.0,-62.0,-58.0,-51.0,-49.0,-50.0,-51.0
B1356,RP23,B,CTK45-dot-B,,39,,-36.0,35.0,train,-75.0,-77.0,-76.0,-48.0,-64.0,-58.0,-72.0,-85.0,-71.0,-71.0,-67.0,-71.0,-75.0,-76.0,-65.0,-64.0,-71.0,-77.0,-76.0,-55.0,-64.0,-59.0,-72.0,-85.0,-70.0,-72.0,-65.0,-71.0,-74.0,-76.0,-66.0,-65.0,-56.0,-57.0,-72.0,-72.0
2025:01:21:10:25:35,RP23,A,SM-S908E,2212343.0,41,-132.65406497681974,-36.0,35.0,train,-67.0,-67.0,-82.0,-57.0,-50.0,-63.0,-65.0,-83.0,-64.0,-77.0,-63.0,-68.0,-66.0,-73.0,-54.0,-55.0,-67.0,-67.0,-68.0,-57.0,-50.0,-63.0,-65.0,-88.0,-65.0,-77.0,-63.0,-68.0,-67.0,-74.0,-55.0,-56.0,-51.0,-50.0,-48.0,-48.0
B1324,RP23,B,CTK45-dot-B,,32,,-36.0,35.0,train,-73.0,-71.0,-82.0,-63.0,-50.0,-100.0,-69.0,-91.0,-100.0,-76.0,-70.0,-67.0,-76.0,-80.0,-62.0,-60.0,-74.0,-70.0,-82.0,-63.0,-50.0,-100.0,-69.0,-90.0,-100.0,-76.0,-70.0,-67.0,-76.0,-79.0,-63.0,-60.0,-47.0,-46.0,-56.0,-55.0
B1310,RP23,B,CTK45-dot-B,,28,,-36.0,35.0,train,-100.0,-72.0,-81.0,-68.0,-53.0,-100.0,-70.0,-90.0,-79.0,-76.0,-73.0,-68.0,-100.0,-80.0,-62.0,-58.0,-100.0,-72.0,-81.0,-69.0,-53.0,-100.0,-70.0,-90.0,-100.0,-75.0,-100.0,-68.0,-100.0,-80.0,-63.0,-58.0,-54.0,-57.0,-61.0,-61.0
B1323,RP23,B,CTK45-dot-B,,30,,-36.0,35.0,train,-71.0,-73.0,-83.0,-63.0,-51.0,-62.0,-69.0,-90.0,-79.0,-100.0,-100.0,-70.0,-79.0,-79.0,-62.0,-59.0,-71.0,-74.0,-83.0,-63.0,-51.0,-63.0,-69.0,-90.0,-78.0,-100.0,-100.0,-70.0,-79.0,-79.0,-63.0,-59.0,-100.0,-100.0,-59.0,-59.0
B1353,RP23,B,CTK45-dot-B,,27,,-36.0,35.0,train,-71.0,-81.0,-85.0,-54.0,-100.0,-63.0,-100.0,-84.0,-76.0,-100.0,-71.0,-100.0,-70.0,-100.0,-65.0,-66.0,-71.0,-81.0,-85.0,-50.0,-100.0,-64.0,-100.0,-86.0,-75.0,-100.0,-71.0,-100.0,-72.0,-100.0,-65.0,-67.0,-52.0,-52.0,-100.0,-100.0
B1340,RP23,B,CTK45-dot-B,,38,,-36.0,35.0,train,-68.0,-68.0,-80.0,-54.0,-55.0,-61.0,-58.0,-100.0,-85.0,-78.0,-69.0,-62.0,-77.0,-75.0,-58.0,-58.0,-68.0,-68.0,-80.0,-54.0,-55.0,-62.0,-58.0,-100.0,-85.0,-78.0,-69.0,-62.0,-77.0,-75.0,-59.0,-58.0,-55.0,-54.0,-100.0,-100.0
2025:01:21:10:37:48,RP23,A,SM-S908E,2212343.0,36,179.38735607750945,-36.0,35.0,train,-70.0,-76.0,-100.0,-53.0,-47.0,-63.0,-74.0,-81.0,-73.0,-79.0,-64.0,-66.0,-69.0,-79.0,-62.0,-64.0,-68.0,-76.0,-100.0,-51.0,-47.0,-63.0,-74.0,-81.0,-73.0,-79.0,-65.0,-66.0,-69.0,-79.0,-63.0,-64.0,-44.0,-45.0,-56.0,-55.0
2025:01:21:10:27:35,RP23,A,SM-S908E,2212343.0,36,-133.86053074687084,-36.0,35.0,train,-68.0,-74.0,-81.0,-53.0,-47.0,-61.0,-62.0,-84.0,-72.0,-74.0,-67.0,-68.0,-72.0,-81.0,-59.0,-65.0,-70.0,-74.0,-81.0,-53.0,-47.0,-61.0,-62.0,-84.0,-72.0,-73.0,-68.0,-68.0,-72.0,-81.0,-59.0,-65.0,-51.0,-51.0,-46.0,-46.0
B1343,RP23,B,CTK45-dot-B,,29,,-36.0,35.0,train,-70.0,-71.0,-100.0,-58.0,-47.0,-57.0,-100.0,-100.0,-73.0,-78.0,-62.0,-65.0,-72.0,-76.0,-100.0,-68.0,-73.0,-71.0,-100.0,-100.0,-47.0,-56.0,-100.0,-100.0,-73.0,-78.0,-62.0,-65.0,-72.0,-76.0,-100.0,-68.0,-38.0,-39.0,-100.0,-100.0
B1332,RP23,B,CTK45-dot-B,,33,,-36.0,35.0,train,-70.0,-77.0,-74.0,-53.0,-47.0,-57.0,-100.0,-100.0,-72.0,-76.0,-58.0,-61.0,-68.0,-72.0,-53.0,-66.0,-71.0,-77.0,-74.0,-53.0,-47.0,-56.0,-100.0,-100.0,-72.0,-76.0,-58.0,-61.0,-68.0,-72.0,-52.0,-66.0,-100.0,-100.0,-100.0,-100.0
B1350,RP23,B,CTK45-dot-B,,19,,-36.0,35.0,validation,-83.0,-89.0,-88.0,-58.0,-100.0,-67.0,-100.0,-100.0,-80.0,-100.0,-76.0,-100.0,-72.0,-100.0,-57.0,-100.0,-85.0,-89.0,-89.0,-100.0,-100.0,-69.0,-100.0,-100.0,-84.0,-100.0,-77.0,-100.0,-72.0,-100.0,-57.0,-100.0,-51.0,-51.0,-100.0,-100.0
B1335,RP23,B,CTK45-dot-B,,37,,-36.0,35.0,validation,-73.0,-78.0,-100.0,-55.0,-47.0,-57.0,-100.0,-79.0,-74.0,-77.0,-57.0,-67.0,-67.0,-73.0,-53.0,-66.0,-73.0,-78.0,-100.0,-55.0,-47.0,-57.0,-100.0,-79.0,-74.0,-77.0,-58.0,-67.0,-68.0,-73.0,-54.0,-66.0,-51.0,-51.0,-100.0,-100.0
B1347,RP23,B,CTK45-dot-B,,32,,-36.0,35.0,validation,-71.0,-73.0,-83.0,-63.0,-50.0,-100.0,-69.0,-91.0,-100.0,-77.0,-77.0,-68.0,-77.0,-79.0,-65.0,-58.0,-72.0,-73.0,-83.0,-100.0,-50.0,-100.0,-69.0,-90.0,-100.0,-77.0,-79.0,-68.0,-77.0,-80.0,-61.0,-58.0,-53.0,-53.0,-62.0,-62.0
2025:01:21:10:31:20,RP23,A,SM-S908E,2212343.0,36,-72.80362135385377,-36.0,35.0,validation,-68.0,-77.0,-75.0,-50.0,-49.0,-58.0,-65.0,-100.0,-71.0,-77.0,-68.0,-67.0,-73.0,-81.0,-56.0,-60.0,-68.0,-77.0,-76.0,-50.0,-49.0,-59.0,-65.0,-100.0,-71.0,-77.0,-68.0,-67.0,-73.0,-81.0,-54.0,-60.0,-44.0,-44.0,-57.0,-57.0
B1325,RP23,B,CTK45-dot-B,,34,,-36.0,35.0,validation,-73.0,-72.0,-85.0,-61.0,-51.0,-62.0,-70.0,-93.0,-81.0,-78.0,-77.0,-68.0,-78.0,-80.0,-67.0,-60.0,-73.0,-72.0,-100.0,-60.0,-51.0,-63.0,-69.0,-90.0,-100.0,-78.0,-78.0,-68.0,-78.0,-80.0,-67.0,-59.0,-48.0,-48.0,-50.0,-50.0
B1366,RP23,B,CTK45-dot-B,,22,,-36.0,35.0,validation,-80.0,-83.0,-85.0,-55.0,-100.0,-61.0,-100.0,-93.0,-76.0,-100.0,-84.0,-100.0,-76.0,-100.0,-67.0,-77.0,-83.0,-84.0,-89.0,-56.0,-100.0,-60.0,-100.0,-92.0,-74.0,-100.0,-83.0,-100.0,-75.0,-100.0,-68.0,-77.0,-100.0,-100.0,-100.0,-100.0
B1317,RP23,B,CTK45-dot-B,,28,,-36.0,35.0,validation,-73.0,-71.0,-100.0,-61.0,-51.0,-60.0,-70.0,-92.0,-83.0,-78.0,-100.0,-67.0,-80.0,-79.0,-65.0,-60.0,-73.0,-72.0,-100.0,-61.0,-52.0,-60.0,-70.0,-100.0,-82.0,-78.0,-100.0,-67.0,-78.0,-80.0,-100.0,-58.0,-100.0,-100.0,-51.0,-52.0
B1351,RP23,B,CTK45-dot-B,,29,,-36.0,35.0,validation,-100.0,-87.0,-84.0,-54.0,-100.0,-61.0,-78.0,-85.0,-77.0,-76.0,-73.0,-69.0,-100.0,-88.0,-58.0,-73.0,-100.0,-87.0,-84.0,-51.0,-100.0,-100.0,-78.0,-84.0,-79.0,-76.0,-75.0,-70.0,-100.0,-88.0,-56.0,-73.0,-100.0,-63.0,-66.0,-66.0
B1333,RP23,B,CTK45-dot-B,,36,,-36.0,35.0,validation,-68.0,-78.0,-70.0,-51.0,-47.0,-56.0,-100.0,-79.0,-72.0,-75.0,-58.0,-67.0,-69.0,-73.0,-53.0,-67.0,-68.0,-78.0,-73.0,-50.0,-47.0,-56.0,-100.0,-100.0,-71.0,-75.0,-58.0,-67.0,-69.0,-72.0,-53.0,-67.0,-100.0,-52.0,-100.0,-100.0
2025:01:21:10:32:39,RP23,A,SM-S908E,2212343.0,36,122.96147546646246,-36.0,35.0,validation,-68.0,-71.0,-76.0,-50.0,-52.0,-61.0,-66.0,-83.0,-70.0,-80.0,-68.0,-65.0,-75.0,-76.0,-58.0,-66.0,-66.0,-73.0,-76.0,-50.0,-52.0,-61.0,-66.0,-82.0,-70.0,-80.0,-68.0,-65.0,-75.0,-78.0,-55.0,-66.0,-50.0,-50.0,-53.0,-53.0
2025:01:21:10:37:03,RP23,A,SM-S908E,2212343.0,35,177.74231403359752,-36.0,35.0,validation,-71.0,-77.0,-79.0,-53.0,-45.0,-62.0,-73.0,-100.0,-78.0,-78.0,-65.0,-73.0,-70.0,-80.0,-63.0,-71.0,-70.0,-77.0,-79.0,-53.0,-45.0,-62.0,-73.0,-84.0,-78.0,-78.0,-65.0,-73.0,-69.0,-80.0,-63.0,-71.0,-43.0,-43.0,-52.0,-52.0
2025:01:21:10:26:44,RP23,A,SM-S908E,2212343.0,35,-132.67437633065714,-36.0,35.0,validation,-64.0,-73.0,-78.0,-53.0,-49.0,-58.0,-63.0,-82.0,-100.0,-77.0,-64.0,-65.0,-71.0,-80.0,-55.0,-65.0,-64.0,-73.0,-78.0,-53.0,-49.0,-58.0,-63.0,-83.0,-100.0,-77.0,-68.0,-65.0,-72.0,-80.0,-55.0,-65.0,-50.0,-49.0,-46.0,-46.0
B1334,RP23,B,CTK45-dot-B,,37,,-36.0,35.0,test,-72.0,-77.0,-72.0,-51.0,-47.0,-58.0,-100.0,-100.0,-72.0,-76.0,-58.0,-65.0,-69.0,-71.0,-52.0,-65.0,-72.0,-77.0,-73.0,-51.0,-47.0,-57.0,-100.0,-80.0,-72.0,-75.0,-58.0,-65.0,-69.0,-72.0,-52.0,-65.0,-52.0,-52.0,-100.0,-100.0
B1308,RP23,B,CTK45-dot-B,,22,,-36.0,35.0,test,-72.0,-75.0,-100.0,-100.0,-54.0,-100.0,-69.0,-100.0,-100.0,-79.0,-68.0,-66.0,-78.0,-80.0,-100.0,-59.0,-72.0,-74.0,-100.0,-100.0,-54.0,-100.0,-69.0,-100.0,-100.0,-80.0,-69.0,-66.0,-80.0,-81.0,-100.0,-61.0,-100.0,-100.0,-60.0,-60.0
B1318,RP23,B,CTK45-dot-B,,25,,-36.0,35.0,test,-100.0,-71.0,-82.0,-60.0,-50.0,-65.0,-70.0,-92.0,-80.0,-100.0,-72.0,-68.0,-100.0,-81.0,-64.0,-59.0,-100.0,-71.0,-82.0,-61.0,-51.0,-66.0,-70.0,-100.0,-100.0,-100.0,-100.0,-69.0,-100.0,-81.0,-100.0,-60.0,-47.0,-100.0,-61.0,-61.0
2025:01:21:10:38:24,RP23,A,SM-S908E,2212343.0,34,179.2531349844221,-36.0,35.0,test,-66.0,-76.0,-82.0,-54.0,-46.0,-65.0,-73.0,-100.0,-75.0,-100.0,-66.0,-71.0,-72.0,-80.0,-65.0,-68.0,-66.0,-76.0,-82.0,-54.0,-46.0,-65.0,-73.0,-100.0,-75.0,-100.0,-66.0,-71.0,-72.0,-80.0,-65.0,-68.0,-43.0,-43.0,-56.0,-56.0
B1355,RP23,B,CTK45-dot-B,,31,,-36.0,35.0,test,-66.0,-82.0,-86.0,-56.0,-71.0,-100.0,-66.0,-89.0,-100.0,-100.0,-57.0,-78.0,-69.0,-100.0,-61.0,-68.0,-67.0,-82.0,-87.0,-54.0,-71.0,-100.0,-66.0,-87.0,-67.0,-100.0,-57.0,-78.0,-69.0,-100.0,-61.0,-68.0,-66.0,-100.0,-79.0,-79.0
B1360,RP23,B,CTK45-dot-B,,23,,-36.0,35.0,test,-68.0,-80.0,-82.0,-55.0,-100.0,-64.0,-100.0,-90.0,-80.0,-100.0,-68.0,-100.0,-71.0,-100.0,-72.0,-78.0,-100.0,-81.0,-81.0,-55.0,-100.0,-65.0,-100.0,-88.0,-81.0,-100.0,-68.0,-100.0,-71.0,-100.0,-73.0,-78.0,-58.0,-58.0,-100.0,-100.0
B1312,RP23,B,CTK45-dot-B,,33,,-36.0,35.0,test,-74.0,-72.0,-82.0,-61.0,-51.0,-62.0,-67.0,-90.0,-82.0,-78.0,-76.0,-72.0,-79.0,-79.0,-64.0,-61.0,-74.0,-71.0,-82.0,-60.0,-51.0,-62.0,-67.0,-100.0,-82.0,-78.0,-76.0,-72.0,-80.0,-80.0,-64.0,-60.0,-100.0,-100.0,-52.0,-51.0
B1352,RP23,B,CTK45-dot-B,,23,,-36.0,35.0,test,-61.0,-88.0,-85.0,-50.0,-100.0,-64.0,-100.0,-86.0,-77.0,-100.0,-100.0,-100.0,-69.0,-100.0,-64.0,-81.0,-66.0,-88.0,-85.0,-50.0,-100.0,-64.0,-100.0,-85.0,-77.0,-100.0,-100.0,-100.0,-67.0,-100.0,-65.0,-81.0,-62.0,-61.0,-100.0,-100.0
2025:01:21:10:35:08,RP23,A,SM-S908E,2212343.0,37,122.74725800601892,-36.0,35.0,test,-66.0,-73.0,-78.0,-52.0,-53.0,-61.0,-65.0,-86.0,-69.0,-75.0,-66.0,-63.0,-73.0,-78.0,-55.0,-68.0,-66.0,-73.0,-79.0,-53.0,-53.0,-61.0,-65.0,-86.0,-69.0,-75.0,-66.0,-63.0,-72.0,-78.0,-56.0,-68.0,-51.0,-51.0,-55.0,-55.0
B1358,RP23,B,CTK45-dot-B,,24,,-36.0,35.0,test,-71.0,-76.0,-100.0,-54.0,-100.0,-63.0,-100.0,-81.0,-71.0,-100.0,-75.0,-100.0,-78.0,-100.0,-58.0,-71.0,-71.0,-75.0,-100.0,-55.0,-100.0,-62.0,-100.0,-82.0,-72.0,-100.0,-100.0,-100.0,-77.0,-100.0,-57.0,-71.0,-58.0,-58.0,-100.0,-100.0
B1319,RP23,B,CTK45-dot-B,,33,,-36.0,35.0,test,-72.0,-71.0,-84.0,-60.0,-51.0,-64.0,-69.0,-91.0,-100.0,-78.0,-73.0,-68.0,-81.0,-79.0,-66.0,-59.0,-72.0,-70.0,-100.0,-60.0,-51.0,-63.0,-69.0,-91.0,-100.0,-77.0,-72.0,-68.0,-78.0,-79.0,-66.0,-60.0,-46.0,-44.0,-59.0,-59.0
2025:01:21:10:36:20,RP23,A,SM-S908E,2212343.0,35,178.24128578864313,-36.0,35.0,test,-70.0,-77.0,-80.0,-56.0,-46.0,-67.0,-73.0,-85.0,-80.0,-80.0,-66.0,-71.0,-68.0,-78.0,-64.0,-69.0,-70.0,-77.0,-80.0,-56.0,-46.0,-100.0,-73.0,-85.0,-80.0,-81.0,-66.0,-71.0,-72.0,-78.0,-64.0,-69.0,-45.0,-45.0,-51.0,-51.0
B1420,RP24,B,CTK45-dot-B,,39,,36.0,35.0,train,-69.0,-82.0,-81.0,-56.0,-71.0,-57.0,-65.0,-68.0,-56.0,-53.0,-48.0,-61.0,-68.0,-70.0,-65.0,-77.0,-69.0,-82.0,-87.0,-56.0,-71.0,-56.0,-65.0,-68.0,-62.0,-48.0,-49.0,-62.0,-69.0,-69.0,-65.0,-78.0,-100.0,-100.0,-81.0,-81.0
B1425,RP24,B,CTK45-dot-B,,39,,36.0,35.0,train,-69.0,-82.0,-79.0,-61.0,-65.0,-54.0,-100.0,-75.0,-59.0,-46.0,-52.0,-57.0,-58.0,-68.0,-65.0,-70.0,-68.0,-82.0,-86.0,-62.0,-65.0,-54.0,-100.0,-74.0,-60.0,-45.0,-53.0,-57.0,-100.0,-69.0,-66.0,-70.0,-71.0,-71.0,-100.0,-100.0
B1399,RP24,B,CTK45-dot-B,,31,,36.0,35.0,train,-100.0,-80.0,-82.0,-77.0,-78.0,-72.0,-66.0,-77.0,-64.0,-48.0,-62.0,-59.0,-100.0,-68.0,-77.0,-68.0,-100.0,-80.0,-81.0,-77.0,-78.0,-70.0,-66.0,-79.0,-64.0,-49.0,-64.0,-59.0,-100.0,-68.0,-78.0,-68.0,-100.0,-100.0,-78.0,-78.0
B1378,RP24,B,CTK45-dot-B,,35,,36.0,35.0,train,-72.0,-71.0,-83.0,-60.0,-76.5,-63.0,-69.0,-90.0,-62.0,-52.0,-75.0,-67.0,-80.0,-80.0,-65.0,-60.0,-72.0,-71.0,-84.0,-60.0,-77.0,-100.0,-69.0,-79.0,-100.0,-52.0,-77.0,-68.0,-78.0,-79.0,-67.0,-60.0,-78.0,-78.0,-51.0,-51.0
B1417,RP24,B,CTK45-dot-B,,30,,36.0,35.0,train,-100.0,-85.0,-88.0,-57.0,-69.0,-50.0,-100.0,-80.0,-64.0,-51.0,-52.0,-54.0,-100.0,-100.0,-57.0,-100.0,-69.0,-85.0,-88.0,-57.0,-69.0,-50.0,-100.0,-80.0,-64.0,-50.0,-100.0,-54.0,-100.0,-100.0,-100.0,-100.0,-75.0,-75.0,-74.0,-73.0
2025:01:21:11:28:14,RP24,A,SM-S908E,2212343.0,34,-67.62974370888702,36.0,35.0,train,-71.0,-78.0,-75.0,-68.0,-77.0,-53.0,-70.0,-79.0,-61.0,-50.0,-64.0,-66.0,-70.0,-76.0,-65.0,-77.0,-71.0,-79.0,-75.0,-68.0,-77.0,-52.0,-70.0,-79.0,-61.0,-50.0,-64.0,-66.0,-71.0,-76.0,-65.0,-77.0,-79.0,-80.0,-100.0,-100.0
B1376,RP24,B,CTK45-dot-B,,33,,36.0,35.0,train,-69.0,-82.0,-76.0,-63.0,-74.0,-53.0,-64.0,-100.0,-56.0,-54.0,-100.0,-56.0,-67.0,-72.0,-72.0,-74.0,-69.0,-82.0,-76.0,-65.0,-74.0,-53.0,-64.0,-100.0,-56.0,-54.0,-100.0,-57.0,-67.0,-73.0,-72.0,-74.0,-72.0,-72.0,-77.0,-77.0
B1426,RP24,B,CTK45-dot-B,,43,,36.0,35.0,train,-79.0,-85.0,-80.0,-54.0,-67.0,-55.0,-63.0,-74.0,-59.0,-55.0,-47.0,-56.0,-65.0,-67.0,-63.0,-67.0,-76.0,-85.0,-80.0,-54.0,-67.0,-55.0,-63.0,-75.0,-61.0,-49.0,-48.0,-56.0,-65.0,-66.0,-63.0,-67.0,-66.0,-66.0,-100.0,-100.0
B1404,RP24,B,CTK45-dot-B,,36,,36.0,35.0,train,-88.0,-77.0,-100.0,-66.0,-70.0,-59.0,-100.0,-89.0,-59.0,-45.0,-59.0,-54.0,-69.0,-68.0,-72.0,-66.0,-87.0,-77.0,-100.0,-65.0,-70.0,-59.0,-100.0,-86.0,-59.0,-46.0,-59.0,-54.0,-70.0,-67.0,-71.0,-66.0,-82.0,-81.0,-100.0,-100.0
B1408,RP24,B,CTK45-dot-B,,33,,36.0,35.0,train,-72.0,-83.0,-85.0,-73.0,-74.0,-78.0,-100.0,-72.0,-63.0,-54.0,-60.0,-54.0,-70.0,-64.0,-69.0,-70.0,-72.0,-83.0,-88.0,-73.0,-74.0,-79.0,-100.0,-72.0,-63.0,-54.0,-60.0,-54.0,-70.0,-64.0,-70.0,-70.0,-76.0,-76.0,-100.0,-100.0
2025:01:21:11:27:09,RP24,A,SM-S908E,2212343.0,35,-71.5503220136287,36.0,35.0,train,-70.0,-78.0,-75.0,-68.0,-78.0,-53.0,-69.0,-79.0,-64.0,-51.0,-70.0,-66.0,-75.0,-74.0,-69.0,-79.0,-70.0,-78.0,-75.0,-68.0,-78.0,-53.0,-69.0,-79.0,-65.0,-51.0,-70.0,-66.0,-75.0,-74.0,-69.0,-79.0,-77.0,-77.0,-100.0,-84.0
B1412,RP24,B,CTK45-dot-B,,24,,36.0,35.0,train,-80.0,-100.0,-89.0,-70.0,-100.0,-56.0,-100.0,-77.0,-63.0,-100.0,-53.0,-100.0,-74.0,-100.0,-69.0,-78.0,-81.0,-100.0,-89.0,-67.0,-100.0,-56.0,-100.0,-78.0,-63.0,-100.0,-53.0,-100.0,-72.0,-100.0,-68.0,-78.0,-77.0,-76.0,-100.0,-100.0
2025:01:21:11:33:37,RP24,A,SM-S908E,2212343.0,40,175.89634715008913,36.0,35.0,train,-69.0,-82.0,-84.0,-73.0,-78.0,-55.0,-69.0,-78.0,-60.0,-52.0,-63.0,-69.0,-71.0,-74.0,-71.0,-70.0,-72.0,-83.0,-84.0,-73.0,-78.0,-57.0,-69.0,-78.0,-60.0,-52.0,-64.0,-69.0,-71.0,-74.0,-72.0,-70.0,-78.0,-79.0,-77.0,-77.0
B1415,RP24,B,CTK45-dot-B,,25,,36.0,35.0,train,-71.0,-92.0,-78.0,-66.0,-100.0,-57.0,-100.0,-78.0,-66.0,-100.0,-67.0,-100.0,-74.0,-100.0,-64.0,-63.0,-67.0,-92.0,-79.0,-68.0,-100.0,-58.0,-100.0,-80.0,-64.0,-100.0,-68.0,-100.0,-72.0,-100.0,-65.0,-63.0,-100.0,-100.0,-100.0,-100.0
B1410,RP24,B,CTK45-dot-B,,31,,36.0,35.0,train,-100.0,-78.0,-81.0,-79.0,-73.0,-62.0,-100.0,-81.0,-63.0,-58.0,-65.0,-60.0,-100.0,-73.0,-68.0,-66.0,-100.0,-78.0,-82.0,-75.0,-73.0,-61.0,-100.0,-80.0,-62.0,-59.0,-65.0,-60.0,-68.0,-73.0,-68.0,-65.0,-73.0,-73.0,-100.0,-100.0
2025:01:21:11:22:30,RP24,A,SM-S908E,2212343.0,33,-131.61188339536653,36.0,35.0,train,-69.0,-84.0,-100.0,-71.0,-77.0,-59.0,-61.0,-82.0,-64.0,-56.0,-100.0,-64.0,-70.0,-76.0,-71.0,-68.0,-69.0,-85.0,-100.0,-71.0,-77.0,-59.0,-61.0,-82.0,-64.0,-56.0,-100.0,-64.0,-70.0,-76.0,-72.0,-68.0,-81.0,-82.0,-80.0,-80.0
B1387,RP24,B,CTK45-dot-B,,32,,36.0,35.0,train,-86.0,-73.0,-84.0,-75.0,-72.0,-61.0,-100.0,-100.0,-62.0,-56.0,-61.0,-61.0,-71.0,-71.0,-66.0,-71.0,-86.0,-74.0,-84.0,-69.0,-72.0,-62.0,-100.0,-76.0,-62.0,-56.0,-61.0,-62.0,-71.0,-72.0,-69.0,-71.0,-74.0,-74.0,-100.0,-100.0
B1371,RP24,B,CTK45-dot-B,,22,,36.0,35.0,train,-67.0,-100.0,-80.0,-59.0,-100.0,-50.0,-100.0,-77.0,-50.0,-100.0,-57.0,-100.0,-63.0,-100.0,-100.0,-68.0,-66.0,-100.0,-89.0,-59.0,-100.0,-52.0,-100.0,-77.0,-50.0,-100.0,-57.0,-100.0,-64.0,-100.0,-100.0,-69.0,-67.0,-66.0,-100.0,-100.0
2025:01:21:11:30:12,RP24,A,SM-S908E,2212343.0,35,117.48061849402049,36.0,35.0,train,-74.0,-78.0,-100.0,-68.0,-79.0,-55.0,-68.0,-79.0,-61.0,-51.0,-73.0,-67.0,-78.0,-75.0,-70.0,-75.0,-73.0,-78.0,-100.0,-68.0,-79.0,-55.0,-68.0,-78.0,-61.0,-51.0,-73.0,-67.0,-78.0,-76.0,-69.0,-75.0,-76.0,-76.0,-80.0,-81.0
B1375,RP24,B,CTK45-dot-B,,32,,36.0,35.0,train,-76.0,-91.0,-76.0,-66.0,-81.0,-55.0,-100.0,-72.0,-55.0,-52.0,-100.0,-100.0,-63.0,-78.0,-64.0,-75.0,-76.0,-89.0,-74.0,-65.0,-81.0,-55.0,-100.0,-72.0,-54.0,-62.0,-100.0,-100.0,-70.0,-78.0,-62.0,-76.0,-78.0,-78.0,-83.0,-83.0
B1394,RP24,B,CTK45-dot-B,,41,,36.0,35.0,train,-71.0,-77.0,-77.0,-64.0,-68.0,-51.0,-71.0,-87.0,-57.0,-50.0,-58.0,-57.0,-65.0,-73.0,-75.0,-72.0,-70.0,-77.0,-77.0,-63.0,-69.0,-51.0,-71.0,-87.0,-57.0,-50.0,-58.0,-57.0,-65.0,-72.0,-75.0,-72.0,-73.0,-72.0,-64.0,-64.0
B1400,RP24,B,CTK45-dot-B,,23,,36.0,35.0,train,-75.0,-88.0,-85.0,-100.0,-100.0,-59.0,-100.0,-76.0,-58.0,-100.0,-58.0,-100.0,-67.0,-100.0,-66.0,-72.0,-76.0,-88.0,-86.0,-100.0,-100.0,-60.0,-100.0,-76.0,-59.0,-100.0,-58.0,-100.0,-66.0,-100.0,-66.0,-72.0,-76.0,-100.0,-100.0,-100.0
B1389,RP24,B,CTK45-dot-B,,31,,36.0,35.0,train,-79.0,-82.0,-100.0,-100.0,-75.0,-62.0,-71.0,-85.0,-67.0,-50.0,-62.0,-61.0,-71.0,-73.0,-79.0,-68.0,-78.0,-82.0,-100.0,-78.0,-76.0,-62.0,-71.0,-84.0,-68.0,-51.0,-100.0,-61.0,-71.0,-74.0,-79.0,-68.0,-100.0,-85.0,-78.0,-78.0
B1406,RP24,B,CTK45-dot-B,,37,,36.0,35.0,train,-74.0,-85.0,-85.0,-73.0,-73.0,-78.0,-100.0,-71.0,-61.0,-57.0,-62.0,-54.0,-66.0,-64.0,-67.0,-68.0,-68.0,-86.0,-85.0,-65.0,-73.0,-78.0,-100.0,-100.0,-61.0,-57.0,-62.0,-55.0,-66.0,-64.0,-67.0,-68.0,-78.0,-77.0,-100.0,-100.0
2025:01:21:11:36:39,RP24,A,SM-S908E,2212343.0,37,176.24892245890086,36.0,35.0,train,-73.0,-79.0,-85.0,-73.0,-76.0,-57.0,-68.0,-76.0,-56.0,-50.0,-66.0,-62.0,-71.0,-72.0,-69.0,-72.0,-73.0,-79.0,-84.0,-74.0,-76.0,-58.0,-68.0,-76.0,-56.0,-50.0,-67.0,-62.0,-71.0,-72.0,-70.0,-72.0,-78.0,-78.0,-79.0,-79.0
B1379,RP24,B,CTK45-dot-B,,30,,36.0,35.0,train,-100.0,-80.0,-82.0,-64.0,-63.0,-100.0,-63.0,-100.0,-100.0,-52.0,-57.0,-59.0,-100.0,-69.0,-72.0,-67.0,-72.0,-80.0,-79.0,-64.0,-63.0,-100.0,-63.0,-100.0,-100.0,-52.0,-58.0,-60.0,-100.0,-69.0,-73.0,-67.0,-70.0,-71.0,-72.0,-71.0
B1413,RP24,B,CTK45-dot-B,,31,,36.0,35.0,train,-74.0,-82.0,-100.0,-74.0,-73.0,-74.0,-100.0,-100.0,-63.0,-53.0,-59.0,-55.0,-66.0,-63.0,-69.0,-69.0,-74.0,-82.0,-85.0,-100.0,-73.0,-74.0,-100.0,-100.0,-63.0,-53.0,-59.0,-55.0,-66.0,-63.0,-69.0,-69.0,-82.0,-82.0,-100.0,-100.0
2025:01:21:11:21:46,RP24,A,SM-S908E,2212343.0,39,-131.81283115327483,36.0,35.0,train,-71.0,-83.0,-78.0,-70.0,-77.0,-57.0,-65.0,-82.0,-62.0,-54.0,-62.0,-63.0,-71.0,-77.0,-69.0,-68.0,-71.0,-83.0,-78.0,-70.0,-77.0,-57.0,-65.0,-82.0,-62.0,-54.0,-62.0,-63.0,-71.0,-77.0,-69.0,-68.0,-80.0,-80.0,-75.0,-75.0
B1391,RP24,B,CTK45-dot-B,,28,,36.0,35.0,train,-86.0,-73.0,-84.0,-75.0,-72.0,-100.0,-100.0,-100.0,-100.0,-56.0,-61.0,-61.0,-71.0,-71.0,-66.0,-71.0,-86.0,-74.0,-84.0,-69.0,-72.0,-100.0,-100.0,-76.0,-100.0,-56.0,-61.0,-62.0,-71.0,-72.0,-69.0,-71.0,-74.0,-74.0,-100.0,-100.0
B1368,RP24,B,CTK45-dot-B,,26,,36.0,35.0,train,-100.0,-79.0,-100.0,-100.0,-78.0,-100.0,-66.0,-78.0,-62.0,-49.0,-61.0,-59.0,-100.0,-68.0,-81.0,-67.0,-100.0,-79.0,-100.0,-79.0,-79.0,-100.0,-67.0,-79.0,-100.0,-49.0,-62.0,-59.0,-100.0,-69.0,-100.0,-67.0,-84.0,-86.0,-78.0,-78.0
B1384,RP24,B,CTK45-dot-B,,35,,36.0,35.0,train,-72.0,-76.0,-100.0,-65.0,-70.0,-51.0,-100.0,-85.0,-57.0,-52.0,-57.0,-57.0,-66.0,-72.0,-70.0,-76.0,-72.0,-76.0,-100.0,-65.0,-70.0,-51.0,-100.0,-85.0,-57.0,-52.0,-57.0,-57.0,-100.0,-72.0,-70.0,-76.0,-74.0,-74.0,-100.0,-100.0
B1418,RP24,B,CTK45-dot-B,,21,,36.0,35.0,train,-67.0,-88.0,-79.0,-100.0,-100.0,-56.0,-100.0,-79.0,-49.0,-100.0,-65.0,-100.0,-62.0,-100.0,-100.0,-64.0,-67.0,-90.0,-80.0,-100.0,-100.0,-55.0,-100.0,-78.0,-49.0,-100.0,-63.0,-100.0,-100.0,-100.0,-100.0,-64.0,-72.0,-71.0,-100.0,-100.0
B1403,RP24,B,CTK45-dot-B,,26,,36.0,35.0,train,-81.0,-79.0,-100.0,-73.0,-72.0,-100.0,-100.0,-100.0,-100.0,-45.0,-58.0,-54.0,-66.0,-67.0,-74.0,-67.0,-81.0,-78.0,-100.0,-100.0,-72.0,-100.0,-100.0,-100.0,-100.0,-45.0,-58.0,-54.0,-67.0,-67.0,-75.0,-67.0,-100.0,-100.0,-80.0,-79.0
2025:01:21:11:34:26,RP24,A,SM-S908E,2212343.0,34,175.08188764431065,36.0,35.0,train,-70.0,-82.0,-100.0,-71.0,-78.0,-57.0,-68.0,-77.0,-54.0,-50.0,-66.0,-67.0,-70.0,-74.0,-71.0,-71.0,-70.0,-82.0,-100.0,-71.0,-78.0,-58.0,-68.0,-77.0,-54.0,-50.0,-66.0,-67.0,-70.0,-74.0,-71.0,-71.0,-78.0,-78.0,-81.0,-81.0
B1386,RP24,B,CTK45-dot-B,,26,,36.0,35.0,train,-100.0,-81.0,-100.0,-76.0,-78.0,-73.0,-67.0,-100.0,-63.0,-48.0,-100.0,-60.0,-100.0,-68.0,-100.0,-68.0,-100.0,-81.0,-100.0,-75.0,-79.0,-73.0,-67.0,-100.0,-63.0,-49.0,-100.0,-60.0,-100.0,-67.0,-75.0,-68.0,-84.0,-86.0,-78.0,-78.0
B1411,RP24,B,CTK45-dot-B,,34,,36.0,35.0,train,-79.0,-74.0,-83.0,-70.0,-71.0,-75.0,-61.0,-74.0,-59.0,-52.0,-58.0,-61.0,-68.0,-70.0,-72.0,-64.0,-100.0,-75.0,-79.0,-70.0,-72.0,-74.0,-61.0,-75.0,-59.0,-52.0,-58.0,-61.0,-100.0,-70.0,-72.0,-64.0,-72.0,-73.0,-100.0,-100.0
B1416,RP24,B,CTK45-dot-B,,25,,36.0,35.0,train,-76.0,-81.0,-87.0,-65.0,-100.0,-60.0,-100.0,-76.0,-49.0,-100.0,-54.0,-100.0,-63.0,-100.0,-70.0,-62.0,-68.0,-81.0,-87.0,-100.0,-100.0,-58.0,-100.0,-78.0,-61.5,-100.0,-55.0,-100.0,-64.0,-100.0,-71.0,-62.0,-79.0,-84.0,-100.0,-100.0
B1370,RP24,B,CTK45-dot-B,,26,,36.0,35.0,train,-76.0,-84.0,-81.0,-62.0,-100.0,-58.0,-100.0,-100.0,-59.0,-100.0,-56.0,-100.0,-59.0,-100.0,-65.0,-73.0,-77.0,-83.0,-81.0,-63.0,-100.0,-51.0,-100.0,-100.0,-58.0,-100.0,-56.0,-100.0,-59.0,-100.0,-65.0,-73.0,-65.0,-64.0,-100.0,-100.0
B1382,RP24,B,CTK45-dot-B,,31,,36.0,35.0,train,-100.0,-80.0,-81.0,-77.0,-85.0,-72.0,-65.0,-77.0,-64.0,-48.0,-64.0,-60.0,-100.0,-69.0,-100.0,-66.0,-100.0,-79.0,-83.0,-78.0,-78.0,-72.0,-65.0,-78.0,-62.0,-48.0,-64.0,-60.0,-100.0,-68.0,-100.0,-66.0,-100.0,-100.0,-77.0,-77.0
2025:01:21:11:24:26,RP24,A,SM-S908E,2212343.0,36,-132.016615052269,36.0,35.0,train,-70.0,-81.0,-77.0,-69.0,-76.0,-58.0,-63.0,-82.0,-61.0,-52.0,-67.0,-62.0,-69.0,-72.0,-71.0,-68.0,-70.0,-81.0,-77.0,-69.0,-77.0,-59.0,-63.0,-82.0,-61.0,-52.0,-68.0,-62.0,-69.0,-72.0,-71.0,-68.0,-80.0,-80.0,-77.0,-77.0
B1397,RP24,B,CTK45-dot-B,,28,,36.0,35.0,train,-100.0,-81.0,-100.0,-81.0,-77.0,-66.0,-69.0,-83.0,-69.0,-50.0,-60.0,-61.0,-100.0,-73.0,-72.0,-67.0,-100.0,-81.0,-100.0,-80.0,-77.0,-100.0,-69.0,-83.0,-100.0,-51.0,-62.0,-61.0,-100.0,-73.0,-72.0,-67.0,-80.0,-81.0,-75.0,-76.0
B1381,RP24,B,CTK45-dot-B,,35,,36.0,35.0,train,-71.0,-82.0,-77.0,-64.0,-69.0,-50.0,-100.0,-86.0,-63.0,-60.0,-58.0,-55.0,-66.0,-70.0,-68.0,-75.0,-72.0,-82.0,-100.0,-62.0,-69.0,-51.0,-100.0,-82.0,-63.0,-60.0,-58.0,-55.0,-67.0,-70.0,-69.0,-75.0,-73.0,-73.0,-100.0,-100.0
B1401,RP24,B,CTK45-dot-B,,44,,36.0,35.0,train,-80.0,-77.0,-85.0,-73.0,-73.0,-63.0,-62.0,-87.0,-58.0,-45.0,-53.0,-61.0,-68.0,-67.0,-73.0,-75.0,-80.0,-77.0,-87.0,-72.0,-73.0,-63.0,-62.0,-87.0,-58.0,-45.0,-53.0,-61.0,-68.0,-68.0,-73.0,-75.0,-85.0,-77.0,-79.0,-79.0
B1424,RP24,B,CTK45-dot-B,,25,,36.0,35.0,train,-64.0,-85.0,-79.0,-100.0,-100.0,-52.0,-100.0,-77.0,-52.0,-100.0,-59.0,-100.0,-65.0,-100.0,-72.0,-70.0,-65.0,-85.0,-80.0,-64.0,-100.0,-59.0,-100.0,-79.0,-52.0,-100.0,-58.0,-100.0,-66.0,-100.0,-73.0,-71.0,-71.0,-71.0,-100.0,-100.0
B1377,RP24,B,CTK45-dot-B,,22,,36.0,35.0,train,-89.0,-89.0,-80.0,-69.0,-100.0,-56.0,-100.0,-73.0,-100.0,-100.0,-56.0,-100.0,-75.0,-100.0,-67.0,-73.0,-100.0,-90.0,-82.0,-69.0,-100.0,-100.0,-100.0,-73.0,-100.0,-100.0,-56.0,-100.0,-100.0,-100.0,-68.0,-72.0,-77.0,-76.0,-100.0,-100.0
B1419,RP24,B,CTK45-dot-B,,27,,36.0,35.0,train,-73.0,-86.0,-76.0,-66.0,-100.0,-60.0,-100.0,-78.0,-62.0,-100.0,-50.0,-100.0,-69.0,-100.0,-71.0,-77.0,-73.0,-85.0,-76.0,-68.0,-100.0,-60.0,-100.0,-76.0,-61.0,-100.0,-52.0,-100.0,-67.0,-100.0,-71.0,-76.0,-78.0,-78.0,-100.0,-100.0
B1423,RP24,B,CTK45-dot-B,,40,,36.0,35.0,train,-67.0,-78.0,-78.0,-67.0,-62.0,-49.0,-59.0,-77.0,-56.0,-45.0,-54.0,-56.0,-68.0,-72.0,-100.0,-70.0,-74.0,-78.0,-78.0,-68.0,-62.0,-49.0,-59.0,-78.0,-57.0,-49.0,-55.0,-57.0,-67.0,-72.0,-100.0,-70.0,-66.0,-66.0,-79.0,-79.0
B1374,RP24,B,CTK45-dot-B,,32,,36.0,35.0,train,-87.0,-82.0,-100.0,-100.0,-75.0,-61.0,-69.0,-86.0,-67.0,-59.0,-62.0,-60.0,-73.0,-70.0,-79.0,-66.0,-86.0,-81.0,-100.0,-100.0,-75.0,-62.0,-68.0,-82.0,-67.0,-61.0,-61.0,-60.0,-73.0,-70.0,-80.0,-66.0,-82.0,-82.0,-78.0,-77.0
B1380,RP24,B,CTK45-dot-B,,31,,36.0,35.0,train,-100.0,-85.0,-100.0,-75.0,-74.0,-65.0,-67.0,-83.0,-69.0,-56.0,-64.0,-61.0,-100.0,-73.0,-68.0,-66.0,-100.0,-85.0,-100.0,-72.0,-75.0,-65.0,-67.0,-100.0,-69.0,-56.0,-65.0,-61.0,-100.0,-73.0,-68.0,-66.0,-82.0,-82.0,-74.0,-74.0
2025:01:21:11:29:32,RP24,A,SM-S908E,2212343.0,36,-68.11084491030248,36.0,35.0,train,-73.0,-79.0,-78.0,-68.0,-80.0,-55.0,-68.0,-79.0,-61.0,-51.0,-72.0,-70.0,-75.0,-76.0,-70.0,-76.0,-73.0,-79.0,-77.0,-69.0,-80.0,-55.0,-68.0,-79.0,-61.0,-51.0,-72.0,-70.0,-74.0,-76.0,-71.0,-76.0,-78.0,-78.0,-84.0,-84.0
B1385,RP24,B,CTK45-dot-B,,28,,36.0,35.0,train,-100.0,-81.0,-100.0,-76.0,-78.0,-72.0,-66.0,-100.0,-62.0,-49.0,-63.0,-61.0,-100.0,-69.0,-100.0,-69.0,-100.0,-81.0,-100.0,-75.0,-79.0,-72.0,-66.0,-100.0,-61.0,-49.0,-62.0,-60.0,-100.0,-68.0,-100.0,-68.0,-84.0,-85.0,-79.0,-78.0
B1395,RP24,B,CTK45-dot-B,,36,,36.0,35.0,train,-86.0,-81.0,-100.0,-78.0,-76.0,-64.0,-69.0,-85.0,-70.0,-50.0,-64.0,-59.0,-72.0,-72.0,-77.0,-67.0,-86.0,-81.0,-100.0,-78.0,-76.0,-64.0,-70.0,-83.0,-69.0,-50.0,-65.0,-59.0,-71.0,-72.0,-76.0,-67.0,-81.0,-81.0,-77.0,-76.0
B1396,RP24,B,CTK45-dot-B,,37,,36.0,35.0,train,-71.0,-77.0,-77.0,-64.0,-68.0,-51.0,-100.0,-87.0,-57.0,-50.0,-58.0,-57.0,-65.0,-73.0,-75.0,-72.0,-70.0,-77.0,-77.0,-63.0,-69.0,-51.0,-100.0,-87.0,-57.0,-50.0,-58.0,-57.0,-65.0,-72.0,-75.0,-72.0,-73.0,-72.0,-100.0,-100.0
2025:01:21:11:33:00,RP24,A,SM-S908E,2212343.0,34,116.56478556554953,36.0,35.0,train,-80.0,-86.0,-100.0,-75.0,-77.0,-66.0,-66.0,-76.0,-64.0,-61.0,-66.0,-66.0,-76.0,-71.0,-71.0,-65.0,-79.0,-86.0,-100.0,-75.0,-77.0,-66.0,-66.0,-76.0,-64.0,-61.0,-66.0,-66.0,-76.0,-71.0,-71.0,-65.0,-81.0,-80.0,-75.0,-74.0
B1390,RP24,B,CTK45-dot-B,,29,,36.0,35.0,train,-100.0,-84.0,-100.0,-70.0,-77.0,-58.0,-66.0,-82.0,-68.0,-59.0,-63.0,-61.0,-100.0,-73.0,-67.0,-66.0,-100.0,-84.0,-100.0,-71.0,-77.0,-58.0,-67.0,-100.0,-68.0,-61.0,-63.0,-61.0,-100.0,-74.0,-67.0,-67.0,-81.0,-82.0,-74.0,-73.0
2025:01:21:11:35:24,RP24,A,SM-S908E,2212343.0,37,175.43841636190876,36.0,35.0,train,-100.0,-86.0,-90.0,-71.0,-78.0,-57.0,-69.0,-77.0,-55.0,-48.0,-64.0,-67.0,-71.0,-76.0,-70.0,-71.0,-100.0,-86.0,-90.0,-71.0,-78.0,-57.0,-69.0,-77.0,-55.0,-49.0,-65.0,-67.0,-71.0,-76.0,-70.0,-71.0,-80.0,-80.0,-81.0,-81.0
B1407,RP24,B,CTK45-dot-B,,34,,36.0,35.0,validation,-72.0,-83.0,-85.0,-73.0,-74.0,-78.0,-100.0,-72.0,-63.0,-54.0,-60.0,-54.0,-70.0,-64.0,-69.0,-70.0,-72.0,-83.0,-88.0,-73.0,-74.0,-79.0,-100.0,-72.0,-63.0,-54.0,-60.0,-54.0,-70.0,-64.0,-70.0,-70.0,-76.0,-76.0,-100.0,-100.0
2025:01:21:11:23:49,RP24,A,SM-S908E,2212343.0,36,-131.13972606513306,36.0,35.0,validation,-68.0,-79.0,-77.0,-73.0,-76.0,-59.0,-63.0,-83.0,-63.0,-54.0,-65.0,-62.0,-67.0,-73.0,-70.0,-69.0,-69.0,-80.0,-77.0,-72.0,-75.0,-59.0,-63.0,-81.0,-63.0,-54.0,-65.0,-62.0,-67.0,-73.0,-70.0,-69.0,-80.0,-80.0,-78.0,-77.0
2025:01:21:11:25:13,RP24,A,SM-S908E,2212343.0,35,-64.74974843335013,36.0,35.0,validation,-70.0,-82.0,-100.0,-74.0,-78.0,-59.0,-63.0,-81.0,-62.0,-51.0,-64.0,-63.0,-66.0,-100.0,-72.0,-70.0,-70.0,-82.0,-100.0,-74.0,-79.0,-60.0,-63.0,-81.0,-62.0,-51.0,-65.0,-63.0,-66.0,-71.0,-72.0,-70.0,-82.0,-82.0,-78.0,-78.0
2025:01:21:11:36:03,RP24,A,SM-S908E,2212343.0,34,175.61004013986226,36.0,35.0,validation,-72.0,-81.0,-100.0,-71.0,-78.0,-56.0,-67.0,-78.0,-59.0,-48.0,-66.0,-69.0,-68.0,-74.0,-69.0,-70.0,-72.0,-81.0,-91.0,-72.0,-78.0,-59.0,-67.0,-79.0,-59.0,-48.0,-65.0,-69.0,-68.0,-74.0,-70.0,-70.0,-100.0,-100.0,-77.0,-77.0
2025:01:21:11:31:10,RP24,A,SM-S908E,2212343.0,36,112.86928800104705,36.0,35.0,validation,-69.0,-81.0,-85.0,-74.0,-76.0,-64.0,-70.0,-72.0,-58.0,-52.0,-69.0,-65.0,-70.0,-69.0,-80.0,-74.0,-70.0,-81.0,-85.0,-74.0,-76.0,-64.0,-70.0,-72.0,-58.0,-52.0,-70.0,-65.0,-69.0,-69.0,-80.0,-74.0,-80.0,-80.0,-79.0,-79.0
B1421,RP24,B,CTK45-dot-B,,22,,36.0,35.0,validation,-81.0,-87.0,-78.0,-100.0,-100.0,-63.0,-100.0,-79.0,-58.0,-100.0,-51.0,-100.0,-68.0,-100.0,-67.0,-100.0,-82.0,-87.0,-78.0,-67.0,-100.0,-63.0,-100.0,-79.0,-57.0,-100.0,-51.0,-100.0,-68.0,-100.0,-67.0,-100.0,-74.0,-74.0,-100.0,-100.0
B1388,RP24,B,CTK45-dot-B,,34,,36.0,35.0,validation,-81.0,-82.0,-100.0,-78.0,-76.0,-61.0,-68.0,-83.0,-68.0,-51.0,-60.0,-59.0,-73.0,-70.0,-77.0,-66.0,-79.0,-82.0,-100.0,-79.0,-77.0,-62.0,-68.0,-82.0,-68.0,-51.0,-64.0,-59.0,-73.0,-70.0,-76.0,-66.0,-81.0,-81.0,-78.0,-78.0
B1393,RP24,B,CTK45-dot-B,,31,,36.0,35.0,validation,-100.0,-81.0,-100.0,-74.0,-78.0,-73.0,-73.0,-78.0,-66.0,-47.0,-64.0,-62.0,-100.0,-69.0,-79.0,-69.0,-100.0,-81.0,-100.0,-100.0,-78.0,-73.0,-72.0,-77.0,-66.0,-50.0,-62.0,-62.0,-100.0,-69.0,-78.0,-69.0,-83.0,-82.0,-76.0,-75.0
B1372,RP24,B,CTK45-dot-B,,32,,36.0,35.0,validation,-76.0,-81.0,-100.0,-79.0,-77.0,-67.0,-72.0,-85.0,-70.0,-51.0,-61.0,-62.0,-70.0,-74.0,-75.0,-70.0,-76.0,-81.0,-100.0,-79.0,-77.0,-67.0,-72.0,-100.0,-70.0,-48.0,-62.0,-62.0,-100.0,-75.0,-75.0,-70.0,-82.0,-83.0,-76.0,-77.0
B1422,RP24,B,CTK45-dot-B,,39,,36.0,35.0,validation,-79.0,-100.0,-80.0,-69.0,-74.0,-66.0,-100.0,-77.0,-64.0,-50.0,-53.0,-59.0,-66.0,-69.0,-77.0,-70.0,-80.0,-100.0,-79.0,-69.0,-75.0,-66.0,-100.0,-75.0,-64.0,-51.0,-53.0,-59.0,-66.0,-68.0,-78.0,-70.0,-81.0,-72.0,-75.0,-75.0
B1427,RP24,B,CTK45-dot-B,,29,,36.0,35.0,validation,-86.0,-81.0,-100.0,-78.0,-74.0,-64.0,-69.0,-85.0,-66.0,-50.0,-59.0,-61.0,-72.0,-100.0,-78.0,-68.0,-100.0,-82.0,-100.0,-76.0,-74.0,-64.0,-69.0,-85.0,-66.0,-49.0,-59.0,-61.0,-100.0,-100.0,-100.0,-68.0,-84.0,-83.0,-76.0,-76.0
2025:01:21:11:26:23,RP24,A,SM-S908E,2212343.0,37,-68.88775276218807,36.0,35.0,validation,-73.0,-78.0,-77.0,-70.0,-80.0,-55.0,-71.0,-78.0,-58.0,-52.0,-71.0,-70.0,-74.0,-75.0,-72.0,-78.0,-73.0,-78.0,-77.0,-70.0,-80.0,-54.0,-71.0,-78.0,-59.0,-52.0,-70.0,-70.0,-74.0,-75.0,-72.0,-78.0,-75.0,-75.0,-85.0,-85.0
2025:01:21:11:23:05,RP24,A,SM-S908E,2212343.0,36,-131.56136570656986,36.0,35.0,test,-68.0,-83.0,-76.0,-67.0,-76.0,-57.0,-62.0,-80.0,-66.0,-56.0,-66.0,-61.0,-68.0,-76.0,-70.0,-69.0,-70.0,-83.0,-76.0,-67.0,-76.0,-58.0,-62.0,-80.0,-66.0,-56.0,-66.0,-61.0,-68.0,-72.0,-70.0,-69.0,-81.0,-80.0,-79.0,-78.0
B1383,RP24,B,CTK45-dot-B,,34,,36.0,35.0,test,-77.0,-84.0,-81.0,-80.0,-78.0,-70.0,-69.0,-100.0,-63.0,-50.0,-62.0,-59.0,-78.0,-68.0,-100.0,-67.0,-78.0,-83.0,-82.0,-95.0,-78.0,-70.0,-70.0,-100.0,-63.0,-48.0,-62.0,-60.0,-100.0,-68.0,-100.0,-66.0,-85.0,-84.0,-79.0,-79.0
B1369,RP24,B,CTK45-dot-B,,27,,36.0,35.0,test,-72.0,-80.0,-90.0,-66.0,-100.0,-56.0,-100.0,-85.0,-63.0,-100.0,-51.0,-100.0,-76.0,-100.0,-71.0,-67.0,-73.0,-81.0,-85.0,-66.0,-100.0,-55.0,-100.0,-82.0,-62.0,-100.0,-49.0,-100.0,-74.0,-100.0,-69.0,-67.0,-70.0,-80.0,-100.0,-100.0
B1398,RP24,B,CTK45-dot-B,,30,,36.0,35.0,test,-100.0,-80.0,-100.0,-76.0,-77.0,-70.0,-66.0,-77.0,-63.0,-49.0,-63.0,-60.0,-100.0,-69.0,-100.0,-69.0,-100.0,-80.0,-100.0,-78.0,-77.0,-70.0,-66.0,-100.0,-63.0,-50.0,-62.0,-60.0,-100.0,-69.0,-100.0,-69.0,-82.0,-81.0,-78.0,-78.0
2025:01:21:11:32:23,RP24,A,SM-S908E,2212343.0,29,114.56543788028463,36.0,35.0,test,-78.0,-84.0,-100.0,-100.0,-78.0,-69.0,-69.0,-75.0,-61.0,-61.0,-70.0,-64.0,-72.0,-70.0,-100.0,-66.0,-78.0,-84.0,-100.0,-100.0,-78.0,-69.0,-69.0,-75.0,-61.0,-61.0,-70.0,-64.0,-72.0,-70.0,-100.0,-66.0,-100.0,-100.0,-75.0,-75.0
B1405,RP24,B,CTK45-dot-B,,35,,36.0,35.0,test,-88.0,-77.0,-100.0,-66.0,-70.0,-59.0,-100.0,-89.0,-59.0,-45.0,-59.0,-54.0,-69.0,-68.0,-72.0,-66.0,-87.0,-77.0,-100.0,-65.0,-70.0,-59.0,-100.0,-86.0,-59.0,-46.0,-59.0,-54.0,-70.0,-100.0,-71.0,-66.0,-82.0,-81.0,-100.0,-100.0
B1392,RP24,B,CTK45-dot-B,,32,,36.0,35.0,test,-77.0,-82.0,-100.0,-100.0,-77.0,-100.0,-65.0,-79.0,-63.0,-48.0,-63.0,-60.0,-78.0,-69.0,-76.0,-70.0,-76.0,-82.0,-100.0,-100.0,-77.0,-100.0,-65.0,-79.0,-63.0,-50.0,-63.0,-60.0,-79.0,-70.0,-77.0,-70.0,-100.0,-100.0,-79.0,-78.0
B1414,RP24,B,CTK45-dot-B,,38,,36.0,35.0,test,-71.0,-90.0,-71.0,-56.0,-77.0,-61.0,-70.0,-74.0,-60.0,-62.0,-51.0,-67.0,-63.0,-79.0,-70.0,-66.0,-72.0,-92.0,-71.0,-56.0,-77.0,-100.0,-70.0,-74.0,-61.0,-59.0,-51.0,-67.0,-64.0,-79.0,-69.0,-66.0,-69.0,-70.0,-100.0,-100.0
2025:01:21:11:31:48,RP24,A,SM-S908E,2212343.0,35,116.60897780028799,36.0,35.0,test,-74.0,-80.0,-100.0,-78.0,-78.0,-65.0,-66.0,-72.0,-56.0,-51.0,-68.0,-64.0,-69.0,-70.0,-79.0,-74.0,-74.0,-80.0,-100.0,-78.0,-78.0,-65.0,-66.0,-72.0,-56.0,-51.0,-69.0,-64.0,-69.0,-70.0,-79.0,-74.0,-77.0,-78.0,-76.0,-75.0
B1402,RP24,B,CTK45-dot-B,,36,,36.0,35.0,test,-81.0,-78.0,-85.0,-75.0,-73.0,-100.0,-63.0,-100.0,-59.0,-45.0,-53.0,-59.0,-68.0,-66.0,-72.0,-67.0,-81.0,-78.0,-87.0,-73.0,-73.0,-100.0,-63.0,-100.0,-59.0,-46.0,-54.0,-59.0,-68.0,-66.0,-73.0,-67.0,-84.0,-77.0,-79.0,-80.0
B1409,RP24,B,CTK45-dot-B,,36,,36.0,35.0,test,-100.0,-82.0,-85.0,-69.0,-74.0,-65.0,-63.0,-100.0,-60.0,-53.0,-61.0,-54.0,-67.0,-63.0,-76.0,-74.0,-100.0,-82.0,-100.0,-69.0,-75.0,-66.0,-63.0,-72.0,-60.0,-53.0,-61.0,-54.0,-68.0,-64.0,-76.0,-73.0,-81.0,-82.0,-82.0,-81.0
B1373,RP24,B,CTK45-dot-B,,22,,36.0,35.0,test,-100.0,-100.0,-100.0,-62.0,-72.0,-54.0,-64.0,-100.0,-56.0,-52.0,-100.0,-58.0,-100.0,-72.0,-76.0,-72.0,-100.0,-100.0,-100.0,-100.0,-72.0,-54.0,-64.0,-100.0,-56.0,-52.0,-100.0,-58.0,-100.0,-72.0,-76.0,-72.0,-72.0,-72.0,-100.0,-100.0
2025:01:21:11:21:05,RP25,A,SM-S908E,2212343.0,41,176.54965081683116,43.0,35.0,train,-72.0,-79.0,-85.0,-61.0,-71.0,-62.0,-64.0,-75.0,-60.0,-66.0,-49.0,-59.0,-66.0,-65.0,-61.0,-67.0,-72.0,-79.0,-85.0,-61.0,-71.0,-62.0,-64.0,-76.0,-60.0,-66.0,-49.0,-59.0,-69.0,-65.0,-61.0,-67.0,-71.0,-71.0,-77.0,-76.0
B1456,RP25,B,CTK45-dot-B,,40,,43.0,35.0,train,-71.0,-76.0,-85.0,-68.0,-70.0,-65.0,-100.0,-72.0,-59.0,-69.0,-54.0,-58.0,-68.0,-73.0,-67.0,-66.0,-71.0,-76.0,-85.0,-67.0,-70.0,-65.0,-100.0,-74.0,-59.0,-69.0,-54.0,-59.0,-64.0,-73.0,-67.0,-67.0,-100.0,-73.0,-100.0,-100.0
B1435,RP25,B,CTK45-dot-B,,27,,43.0,35.0,train,-100.0,-78.0,-100.0,-75.0,-69.0,-64.0,-62.0,-82.0,-66.0,-63.0,-61.0,-59.0,-100.0,-100.0,-71.0,-60.0,-100.0,-79.0,-100.0,-100.0,-69.0,-100.0,-62.0,-82.0,-66.0,-64.0,-61.0,-59.0,-100.0,-71.0,-71.0,-60.0,-83.0,-82.0,-73.0,-72.0
2025:01:21:11:15:04,RP25,A,SM-S908E,2212343.0,41,117.39420499935886,43.0,35.0,train,-56.0,-79.0,-82.0,-62.0,-73.0,-58.0,-67.0,-75.0,-61.0,-64.0,-51.0,-57.0,-67.0,-69.0,-55.0,-64.0,-56.0,-79.0,-79.0,-62.0,-73.0,-64.0,-67.0,-76.0,-61.0,-64.0,-51.0,-57.0,-69.0,-69.0,-55.0,-64.0,-73.0,-72.0,-80.0,-79.0
B1463,RP25,B,CTK45-dot-B,,25,,43.0,35.0,train,-70.0,-82.0,-81.0,-73.0,-67.0,-64.0,-100.0,-100.0,-63.0,-66.0,-100.0,-50.0,-71.0,-73.0,-100.0,-70.0,-70.0,-82.0,-100.0,-73.0,-68.0,-64.0,-100.0,-100.0,-63.0,-67.0,-100.0,-50.0,-100.0,-72.0,-100.0,-70.0,-68.0,-69.0,-100.0,-100.0
B1432,RP25,B,CTK45-dot-B,,26,,43.0,35.0,train,-100.0,-81.0,-100.0,-75.0,-70.0,-61.0,-63.0,-80.0,-64.0,-66.0,-58.0,-55.0,-100.0,-74.0,-65.0,-60.0,-100.0,-81.0,-100.0,-75.0,-69.0,-100.0,-63.0,-79.0,-100.0,-65.0,-58.0,-55.0,-100.0,-74.0,-100.0,-60.0,-78.0,-100.0,-72.0,-72.0
B1469,RP25,B,CTK45-dot-B,,13,,43.0,35.0,train,-100.0,-83.0,-100.0,-100.0,-100.0,-61.0,-100.0,-100.0,-51.0,-100.0,-42.0,-100.0,-61.0,-100.0,-66.0,-68.0,-100.0,-83.0,-100.0,-100.0,-100.0,-61.0,-100.0,-100.0,-58.0,-100.0,-41.0,-100.0,-100.0,-100.0,-64.0,-68.0,-100.0,-100.0,-100.0,-100.0
B1466,RP25,B,CTK45-dot-B,,34,,43.0,35.0,train,-100.0,-77.0,-100.0,-65.0,-65.0,-64.0,-57.0,-100.0,-59.0,-63.0,-57.0,-53.0,-100.0,-70.0,-70.0,-55.0,-100.0,-77.0,-100.0,-65.0,-65.0,-64.0,-58.0,-100.0,-59.0,-63.0,-57.0,-54.0,-100.0,-70.0,-70.0,-55.0,-81.0,-81.0,-74.0,-74.0
B1467,RP25,B,CTK45-dot-B,,42,,43.0,35.0,train,-73.0,-78.0,-81.0,-70.0,-61.0,-62.0,-100.0,-78.0,-58.0,-64.0,-58.0,-61.0,-72.0,-73.0,-70.0,-58.0,-73.0,-78.0,-81.0,-69.0,-61.0,-62.0,-100.0,-78.0,-58.0,-64.0,-58.0,-61.0,-71.0,-73.0,-70.0,-59.0,-82.0,-82.0,-100.0,-100.0
B1461,RP25,B,CTK45-dot-B,,31,,43.0,35.0,train,-76.0,-77.0,-100.0,-63.0,-65.0,-58.0,-100.0,-89.0,-64.0,-66.0,-58.0,-55.0,-74.0,-67.0,-68.0,-64.0,-76.0,-77.0,-78.0,-63.0,-65.0,-58.0,-100.0,-89.0,-64.0,-66.0,-58.0,-54.0,-75.0,-67.0,-67.0,-64.0,-81.0,-81.0,-100.0,-100.0
B1465,RP25,B,CTK45-dot-B,,33,,43.0,35.0,train,-77.0,-77.0,-100.0,-74.0,-65.0,-63.0,-100.0,-100.0,-64.0,-67.0,-63.0,-55.0,-72.0,-71.0,-74.0,-55.0,-77.0,-77.0,-100.0,-74.0,-65.0,-63.0,-100.0,-100.0,-64.0,-67.0,-62.0,-55.0,-81.0,-71.0,-74.0,-56.0,-100.0,-100.0,-100.0,-100.0
2025:01:21:11:12:44,RP25,A,SM-S908E,2212343.0,38,-73.09044402609626,43.0,35.0,train,-69.0,-78.0,-100.0,-66.0,-72.0,-61.0,-66.0,-79.0,-62.0,-65.0,-52.0,-57.0,-68.0,-69.0,-57.0,-63.0,-69.0,-78.0,-100.0,-66.0,-72.0,-60.0,-66.0,-78.0,-62.0,-64.0,-52.0,-57.0,-69.0,-69.0,-57.0,-63.0,-79.0,-78.0,-79.0,-79.0
2025:01:21:11:10:27,RP25,A,SM-S908E,2212343.0,39,-130.41534698390507,43.0,35.0,train,-72.0,-77.0,-81.0,-62.0,-67.0,-67.0,-61.0,-80.0,-60.0,-100.0,-48.0,-55.0,-73.0,-68.0,-63.0,-60.0,-73.0,-77.0,-81.0,-63.0,-67.0,-67.0,-61.0,-81.0,-60.0,-66.0,-49.0,-55.0,-74.0,-68.0,-64.0,-60.0,-74.0,-74.0,-74.0,-74.0
2025:01:21:11:18:43,RP25,A,SM-S908E,2212343.0,44,175.934609271648,43.0,35.0,train,-70.0,-82.0,-86.0,-59.0,-70.0,-60.0,-60.0,-77.0,-58.0,-62.0,-53.0,-56.0,-71.0,-64.0,-61.0,-69.0,-69.0,-81.0,-85.0,-59.0,-69.0,-60.0,-60.0,-77.0,-58.0,-66.0,-53.0,-56.0,-71.0,-64.0,-61.0,-69.0,-75.0,-75.0,-71.0,-70.0
B1434,RP25,B,CTK45-dot-B,,33,,43.0,35.0,train,-82.0,-77.0,-85.0,-80.0,-69.0,-64.0,-61.0,-78.0,-62.0,-67.0,-64.0,-61.0,-77.0,-72.0,-69.0,-62.0,-83.0,-78.0,-84.0,-100.0,-70.0,-100.0,-60.0,-80.0,-100.0,-68.0,-65.0,-61.0,-73.0,-72.0,-70.0,-62.0,-81.0,-81.0,-73.0,-73.0
B1453,RP25,B,CTK45-dot-B,,30,,43.0,35.0,train,-73.0,-73.0,-79.0,-67.0,-65.0,-63.0,-100.0,-100.0,-60.0,-60.0,-100.0,-57.0,-74.0,-68.0,-100.0,-64.0,-100.0,-74.0,-100.0,-67.0,-66.0,-54.0,-100.0,-100.0,-60.0,-60.0,-100.0,-57.0,-76.0,-69.0,-100.0,-64.0,-73.0,-73.0,-72.0,-72.0
B1462,RP25,B,CTK45-dot-B,,38,,43.0,35.0,train,-76.0,-77.0,-100.0,-63.0,-65.0,-58.0,-62.0,-89.0,-64.0,-66.0,-58.0,-55.0,-74.0,-67.0,-68.0,-64.0,-76.0,-77.0,-78.0,-63.0,-65.0,-58.0,-62.0,-89.0,-64.0,-66.0,-58.0,-54.0,-75.0,-67.0,-67.0,-64.0,-81.0,-81.0,-76.0,-76.0
2025:01:21:11:08:36,RP25,A,SM-S908E,2212343.0,40,-130.71459138114602,43.0,35.0,train,-75.0,-80.0,-84.0,-66.0,-68.0,-62.0,-62.0,-75.0,-60.0,-70.0,-52.0,-57.0,-70.0,-67.0,-62.0,-61.0,-72.0,-80.0,-83.0,-70.0,-68.0,-62.0,-62.0,-75.0,-58.0,-60.0,-52.0,-57.0,-70.0,-67.0,-62.0,-61.0,-76.0,-76.0,-70.0,-70.0
B1470,RP25,B,CTK45-dot-B,,33,,43.0,35.0,train,-79.0,-78.0,-85.0,-100.0,-64.0,-100.0,-58.0,-78.0,-60.0,-69.0,-100.0,-57.0,-76.0,-70.0,-61.0,-65.0,-79.0,-79.0,-84.0,-100.0,-65.0,-66.0,-58.0,-100.0,-60.0,-67.0,-100.0,-56.0,-75.0,-70.0,-60.0,-65.0,-77.0,-76.0,-72.0,-72.0
B1459,RP25,B,CTK45-dot-B,,33,,43.0,35.0,train,-73.0,-81.0,-78.0,-64.0,-67.0,-64.0,-100.0,-100.0,-60.5,-60.0,-52.0,-53.0,-69.0,-69.0,-73.0,-68.0,-73.0,-81.0,-100.0,-64.0,-67.0,-64.0,-100.0,-100.0,-72.0,-60.0,-52.0,-53.0,-100.0,-69.0,-73.0,-68.0,-73.0,-73.0,-100.0,-100.0
B1446,RP25,B,CTK45-dot-B,,34,,43.0,35.0,train,-100.0,-80.0,-85.0,-70.0,-66.0,-64.0,-59.0,-80.0,-60.0,-66.0,-64.0,-53.0,-100.0,-72.0,-61.0,-67.0,-100.0,-80.0,-71.0,-100.0,-66.0,-62.0,-59.0,-80.0,-60.0,-65.0,-63.0,-54.0,-100.0,-71.0,-61.0,-67.0,-78.0,-78.0,-72.0,-72.0
2025:01:21:11:16:17,RP25,A,SM-S908E,2212343.0,41,115.76845444440903,43.0,35.0,train,-68.0,-75.0,-100.0,-64.0,-70.0,-58.0,-60.0,-76.0,-59.0,-63.0,-51.0,-57.0,-71.0,-72.0,-63.0,-59.0,-70.0,-75.0,-100.0,-64.0,-70.0,-58.0,-60.0,-78.0,-59.0,-63.0,-52.0,-57.0,-72.0,-71.0,-64.0,-59.0,-71.0,-70.0,-71.0,-70.0
2025:01:21:11:19:21,RP25,A,SM-S908E,2212343.0,41,175.4660902234136,43.0,35.0,train,-75.0,-79.0,-78.0,-64.0,-72.0,-64.0,-68.0,-73.0,-60.0,-68.0,-46.0,-60.0,-71.0,-63.0,-55.0,-68.0,-73.0,-79.0,-77.0,-64.0,-72.0,-64.0,-68.0,-76.0,-60.0,-68.0,-45.0,-60.0,-70.0,-70.0,-57.0,-68.0,-67.0,-66.0,-77.0,-77.0
B1471,RP25,B,CTK45-dot-B,,39,,43.0,35.0,train,-73.0,-77.0,-100.0,-72.0,-67.0,-60.0,-100.0,-77.0,-58.0,-65.0,-53.0,-54.0,-80.0,-71.0,-67.0,-55.0,-73.0,-77.0,-100.0,-71.0,-67.0,-60.0,-100.0,-77.0,-59.0,-65.0,-53.0,-54.0,-80.0,-71.0,-68.0,-55.0,-82.0,-82.0,-100.0,-100.0
B1452,RP25,B,CTK45-dot-B,,42,,43.0,35.0,train,-79.0,-78.0,-81.0,-68.0,-64.0,-61.0,-100.0,-76.0,-64.0,-63.0,-55.0,-56.0,-72.0,-67.0,-55.0,-65.0,-79.0,-78.0,-80.0,-68.0,-64.0,-62.0,-100.0,-76.0,-64.0,-63.0,-55.0,-56.0,-72.0,-67.0,-56.0,-65.0,-76.0,-100.0,-74.0,-74.0
B1441,RP25,B,CTK45-dot-B,,40,,43.0,35.0,train,-76.0,-78.0,-82.0,-69.0,-68.0,-65.0,-58.0,-77.0,-60.0,-65.0,-67.0,-60.0,-76.0,-73.0,-62.0,-65.0,-77.0,-79.0,-82.0,-100.0,-66.0,-64.0,-58.0,-78.0,-59.0,-67.0,-100.0,-60.0,-76.0,-73.0,-62.0,-65.0,-78.0,-78.0,-70.0,-70.0
B1464,RP25,B,CTK45-dot-B,,30,,43.0,35.0,train,-69.0,-77.0,-100.0,-73.0,-68.0,-61.0,-100.0,-100.0,-58.0,-64.0,-60.0,-55.0,-79.0,-66.0,-64.0,-54.0,-74.0,-76.0,-100.0,-74.0,-67.0,-61.0,-100.0,-100.0,-58.0,-64.0,-60.0,-55.0,-100.0,-66.0,-65.0,-54.0,-100.0,-100.0,-100.0,-100.0
2025:01:21:11:15:39,RP25,A,SM-S908E,2212343.0,43,118.2862258018642,43.0,35.0,train,-69.0,-75.0,-100.0,-64.0,-70.0,-57.0,-61.0,-78.0,-60.0,-63.0,-53.0,-55.0,-70.0,-70.0,-63.0,-59.0,-69.0,-75.0,-100.0,-64.0,-70.0,-57.0,-61.0,-77.0,-60.0,-63.0,-53.0,-55.0,-70.0,-71.0,-64.0,-59.0,-63.0,-71.0,-70.0,-70.0
B1460,RP25,B,CTK45-dot-B,,35,,43.0,35.0,train,-68.0,-82.0,-78.0,-64.0,-64.0,-56.0,-65.0,-74.0,-57.0,-62.0,-67.0,-53.0,-64.0,-68.0,-63.0,-69.0,-68.0,-82.0,-78.0,-65.0,-64.0,-56.0,-65.0,-100.0,-57.0,-61.0,-67.0,-52.0,-67.0,-68.0,-63.0,-69.0,-78.0,-78.0,-74.0,-74.0
B1472,RP25,B,CTK45-dot-B,,11,,43.0,35.0,train,-100.0,-78.5,-100.0,-100.0,-100.0,-100.0,-100.0,-100.0,-54.0,-100.0,-51.0,-100.0,-100.0,-100.0,-66.0,-74.0,-100.0,-79.0,-100.0,-100.0,-100.0,-63.0,-100.0,-100.0,-52.0,-100.0,-59.0,-100.0,-100.0,-100.0,-67.0,-75.0,-100.0,-100.0,-100.0,-100.0
2025:01:21:11:09:52,RP25,A,SM-S908E,2212343.0,38,-130.41594858958996,43.0,35.0,train,-71.0,-80.0,-82.0,-66.0,-70.0,-67.0,-65.0,-77.0,-59.0,-100.0,-50.0,-53.0,-71.0,-69.0,-63.0,-61.0,-72.0,-80.0,-82.0,-66.0,-68.0,-67.0,-65.0,-78.0,-59.0,-71.0,-50.0,-53.0,-71.0,-69.0,-63.0,-61.0,-76.0,-76.0,-76.0,-76.0
B1431,RP25,B,CTK45-dot-B,,32,,43.0,35.0,train,-80.0,-81.0,-100.0,-100.0,-68.0,-64.0,-59.0,-87.0,-100.0,-67.0,-67.0,-56.0,-78.0,-68.0,-68.0,-61.0,-79.0,-81.0,-100.0,-100.0,-68.0,-64.0,-59.0,-88.0,-100.0,-68.0,-67.0,-56.0,-79.0,-68.0,-68.0,-61.0,-78.0,-79.0,-76.0,-76.0
B1450,RP25,B,CTK45-dot-B,,27,,43.0,35.0,train,-77.0,-80.0,-77.0,-65.0,-65.0,-100.0,-100.0,-100.0,-62.0,-59.0,-56.0,-55.0,-68.0,-100.0,-55.0,-60.0,-78.0,-80.0,-100.0,-66.0,-65.0,-100.0,-100.0,-100.0,-62.0,-59.0,-56.0,-56.0,-69.0,-100.0,-54.0,-60.0,-79.0,-100.0,-100.0,-100.0
2025:01:21:11:20:30,RP25,A,SM-S908E,2212343.0,36,175.3430188890195,43.0,35.0,train,-74.0,-78.0,-100.0,-65.0,-74.0,-65.0,-65.0,-76.0,-64.0,-69.0,-49.0,-60.0,-69.0,-66.0,-62.0,-67.0,-74.0,-78.0,-100.0,-65.0,-74.0,-65.0,-65.0,-77.0,-64.0,-69.0,-50.0,-61.0,-69.0,-66.0,-62.0,-67.0,-72.0,-71.0,-78.0,-78.0
B1448,RP25,B,CTK45-dot-B,,31,,43.0,35.0,train,-73.0,-82.0,-100.0,-72.0,-67.0,-70.0,-58.0,-83.0,-67.0,-66.0,-66.0,-52.0,-80.0,-69.0,-70.0,-62.0,-100.0,-83.0,-100.0,-72.0,-67.0,-100.0,-58.0,-83.0,-66.0,-64.0,-66.0,-52.0,-100.0,-70.0,-70.0,-62.0,-100.0,-100.0,-78.0,-78.0
B1436,RP25,B,CTK45-dot-B,,12,,43.0,35.0,train,-100.0,-82.0,-100.0,-56.0,-100.0,-100.0,-100.0,-100.0,-54.0,-100.0,-46.0,-100.0,-71.0,-100.0,-61.0,-67.0,-100.0,-82.0,-100.0,-100.0,-100.0,-100.0,-100.0,-100.0,-62.0,-100.0,-47.0,-100.0,-100.0,-100.0,-68.0,-68.0,-100.0,-100.0,-100.0,-100.0
2025:01:21:11:12:09,RP25,A,SM-S908E,2212343.0,40,-73.14533911244774,43.0,35.0,train,-74.0,-77.0,-81.0,-62.0,-69.0,-65.0,-60.0,-75.0,-68.0,-68.0,-49.0,-57.0,-73.0,-69.0,-62.0,-61.0,-74.0,-77.0,-82.0,-62.0,-69.0,-65.0,-60.0,-76.0,-68.0,-65.0,-50.0,-57.0,-73.0,-69.0,-62.0,-61.0,-78.0,-77.0,-73.0,-73.0
B1468,RP25,B,CTK45-dot-B,,32,,43.0,35.0,train,-79.0,-74.0,-83.0,-70.0,-71.0,-63.0,-100.0,-74.0,-59.0,-65.0,-58.0,-61.0,-68.0,-70.0,-72.0,-64.0,-100.0,-75.0,-79.0,-70.0,-72.0,-74.0,-100.0,-75.0,-59.0,-65.0,-58.0,-61.0,-100.0,-70.0,-72.0,-64.0,-72.0,-73.0,-100.0,-100.0
B1429,RP25,B,CTK45-dot-B,,25,,43.0,35.0,train,-100.0,-81.0,-100.0,-100.0,-68.5,-100.0,-65.0,-79.0,-51.0,-65.0,-59.0,-60.0,-100.0,-69.0,-65.0,-68.0,-100.0,-81.0,-100.0,-100.0,-59.0,-100.0,-65.0,-79.5,-50.0,-65.0,-60.0,-60.0,-100.0,-69.0,-65.0,-68.0,-78.0,-100.0,-63.0,-63.0
B1457,RP25,B,CTK45-dot-B,,42,,43.0,35.0,train,-71.0,-74.0,-85.0,-63.0,-70.0,-56.0,-100.0,-75.0,-66.0,-68.0,-54.0,-55.0,-64.0,-71.0,-72.0,-67.0,-71.0,-74.0,-85.0,-63.0,-71.0,-56.0,-100.0,-75.0,-66.0,-68.0,-54.0,-55.0,-64.0,-71.0,-72.0,-67.0,-77.0,-77.0,-70.0,-70.0
B1445,RP25,B,CTK45-dot-B,,29,,43.0,35.0,train,-100.0,-79.0,-100.0,-100.0,-66.0,-63.0,-60.0,-100.0,-63.0,-64.0,-61.0,-54.0,-100.0,-70.0,-61.0,-65.0,-100.0,-79.0,-100.0,-100.0,-66.0,-63.0,-60.0,-100.0,-63.0,-65.0,-62.0,-54.0,-100.0,-70.0,-61.0,-65.0,-100.0,-100.0,-73.0,-73.0
B1438,RP25,B,CTK45-dot-B,,28,,43.0,35.0,train,-100.0,-81.0,-100.0,-75.0,-69.0,-69.0,-67.0,-80.0,-61.0,-62.0,-60.0,-55.0,-100.0,-70.0,-100.0,-65.0,-100.0,-81.0,-100.0,-75.0,-69.0,-68.0,-68.0,-79.0,-61.0,-65.0,-60.0,-55.0,-100.0,-71.0,-100.0,-65.0,-78.0,-77.0,-75.0,-75.0
2025:01:21:11:14:29,RP25,A,SM-S908E,2212343.0,39,-71.15961636355105,43.0,35.0,train,-66.0,-79.0,-100.0,-69.0,-73.0,-61.0,-66.0,-78.0,-65.0,-64.0,-55.0,-60.0,-70.0,-70.0,-58.0,-62.0,-68.0,-79.0,-83.0,-68.0,-73.0,-61.0,-66.0,-78.0,-65.0,-64.0,-55.0,-60.0,-70.0,-69.0,-58.0,-62.0,-74.0,-74.0,-78.0,-78.0
B1454,RP25,B,CTK45-dot-B,,26,,43.0,35.0,train,-100.0,-77.0,-100.0,-100.0,-71.0,-57.0,-100.0,-100.0,-66.0,-63.0,-52.0,-58.0,-100.0,-75.0,-69.0,-67.0,-100.0,-77.0,-100.0,-100.0,-71.0,-57.0,-100.0,-100.0,-67.0,-63.0,-52.0,-58.0,-100.0,-74.0,-69.0,-67.0,-75.0,-75.0,-72.0,-100.0
B1439,RP25,B,CTK45-dot-B,,32,,43.0,35.0,train,-84.0,-81.0,-100.0,-76.0,-67.0,-63.0,-64.0,-82.0,-65.0,-65.0,-56.0,-53.0,-76.0,-70.0,-100.0,-62.0,-84.0,-81.0,-100.0,-75.0,-67.0,-63.0,-64.0,-81.0,-65.0,-65.0,-56.0,-53.0,-75.0,-70.0,-100.0,-62.0,-77.0,-78.0,-73.0,-73.0
2025:01:21:11:13:54,RP25,A,SM-S908E,2212343.0,40,-71.14899945560727,43.0,35.0,train,-69.0,-80.0,-100.0,-67.0,-73.0,-61.0,-65.0,-79.0,-64.0,-63.0,-55.0,-58.0,-69.0,-70.0,-58.0,-66.0,-69.0,-80.0,-100.0,-67.0,-73.0,-60.0,-65.0,-79.0,-64.0,-63.0,-55.0,-58.0,-69.0,-70.0,-58.0,-66.0,-77.0,-100.0,-78.0,-78.0
B1442,RP25,B,CTK45-dot-B,,25,,43.0,35.0,validation,-100.0,-78.0,-83.0,-100.0,-67.0,-100.0,-58.0,-100.0,-58.0,-68.0,-59.0,-54.0,-75.0,-100.0,-59.0,-68.0,-75.0,-78.0,-100.0,-100.0,-67.0,-100.0,-58.0,-100.0,-100.0,-66.0,-59.0,-54.0,-75.0,-73.0,-100.0,-68.0,-100.0,-100.0,-70.0,-70.0
B1444,RP25,B,CTK45-dot-B,,30,,43.0,35.0,validation,-76.0,-77.0,-100.0,-100.0,-66.0,-100.0,-58.0,-80.0,-60.0,-68.0,-63.0,-56.0,-74.0,-72.0,-60.0,-61.0,-75.0,-78.0,-100.0,-100.0,-66.0,-100.0,-58.0,-79.0,-59.0,-65.0,-63.0,-56.0,-74.0,-73.0,-61.0,-62.0,-100.0,-100.0,-70.0,-71.0
B1447,RP25,B,CTK45-dot-B,,29,,43.0,35.0,validation,-100.0,-80.0,-100.0,-69.0,-66.0,-72.0,-59.0,-78.0,-61.0,-67.0,-58.0,-56.0,-100.0,-73.0,-59.0,-61.0,-100.0,-80.0,-100.0,-100.0,-66.0,-72.0,-59.0,-80.0,-61.0,-66.0,-58.0,-56.0,-100.0,-73.0,-60.0,-62.0,-100.0,-100.0,-71.0,-71.0
2025:01:21:11:13:18,RP25,A,SM-S908E,2212343.0,40,-71.60635155641455,43.0,35.0,validation,-68.0,-78.0,-86.0,-65.0,-73.0,-62.0,-65.0,-77.0,-65.0,-66.0,-52.0,-58.0,-67.0,-68.0,-57.0,-64.0,-68.0,-78.0,-81.0,-65.0,-73.0,-62.0,-65.0,-77.0,-65.0,-66.0,-53.0,-58.0,-67.0,-68.0,-57.0,-64.0,-78.0,-78.0,-77.0,-77.0
B1440,RP25,B,CTK45-dot-B,,28,,43.0,35.0,validation,-100.0,-77.0,-86.0,-78.0,-67.0,-72.0,-60.0,-82.0,-62.0,-66.0,-57.0,-59.0,-100.0,-68.0,-73.0,-62.0,-100.0,-78.0,-100.0,-100.0,-67.0,-73.0,-60.0,-100.0,-62.0,-68.0,-57.0,-59.0,-100.0,-69.0,-73.0,-62.0,-81.0,-100.0,-73.0,-72.0
2025:01:21:11:19:55,RP25,A,SM-S908E,2212343.0,37,176.1376827029762,43.0,35.0,validation,-78.0,-80.0,-80.0,-68.0,-75.0,-62.0,-63.0,-74.0,-67.0,-59.0,-49.0,-57.0,-71.0,-66.0,-60.0,-68.0,-78.0,-80.0,-100.0,-68.0,-75.0,-62.0,-63.0,-74.0,-67.0,-60.0,-49.0,-57.0,-71.0,-66.0,-61.0,-68.0,-71.0,-71.0,-77.0,-77.0
B1437,RP25,B,CTK45-dot-B,,25,,43.0,35.0,validation,-100.0,-79.0,-100.0,-79.0,-67.0,-67.0,-63.0,-80.0,-64.0,-65.0,-57.0,-59.0,-100.0,-100.0,-100.0,-61.0,-100.0,-79.0,-100.0,-100.0,-67.0,-67.0,-63.0,-81.0,-63.0,-66.0,-100.0,-59.0,-100.0,-66.0,-100.0,-61.0,-79.0,-79.0,-76.0,-76.0
B1458,RP25,B,CTK45-dot-B,,39,,43.0,35.0,validation,-68.0,-77.0,-100.0,-64.0,-67.0,-68.0,-62.0,-76.0,-66.0,-67.0,-48.0,-56.0,-65.0,-70.0,-61.0,-66.0,-68.0,-77.0,-82.0,-67.0,-67.0,-66.0,-62.0,-77.0,-66.0,-67.0,-48.0,-57.0,-65.0,-70.0,-61.0,-66.0,-73.0,-73.0,-71.0,-71.0
B1430,RP25,B,CTK45-dot-B,,32,,43.0,35.0,validation,-75.0,-82.0,-100.0,-100.0,-68.0,-65.0,-63.0,-87.0,-68.0,-67.0,-65.0,-59.0,-83.0,-72.0,-100.0,-60.0,-76.0,-82.0,-100.0,-100.0,-68.0,-64.0,-62.0,-88.0,-67.0,-70.0,-66.0,-59.0,-82.0,-71.0,-100.0,-60.0,-78.0,-77.0,-75.0,-75.0
B1449,RP25,B,CTK45-dot-B,,35,,43.0,35.0,validation,-100.0,-80.0,-100.0,-74.0,-68.0,-64.0,-63.0,-84.0,-65.0,-68.0,-63.0,-52.0,-100.0,-71.0,-70.0,-60.0,-100.0,-80.0,-100.0,-74.0,-66.0,-70.0,-63.0,-82.0,-66.0,-66.0,-63.0,-51.0,-100.0,-71.0,-70.0,-60.0,-79.0,-78.0,-79.0,-79.0
B1428,RP25,B,CTK45-dot-B,,33,,43.0,35.0,test,-100.0,-87.0,-100.0,-100.0,-55.0,-67.0,-65.0,-64.0,-50.0,-43.0,-64.0,-61.0,-100.0,-70.0,-58.0,-68.0,-100.0,-86.0,-100.0,-100.0,-57.0,-66.0,-65.0,-65.0,-49.0,-43.0,-62.0,-62.0,-74.0,-69.0,-59.0,-68.0,-57.0,-58.0,-65.0,-65.0
B1433,RP25,B,CTK45-dot-B,,30,,43.0,35.0,test,-100.0,-80.0,-100.0,-77.0,-70.0,-64.0,-61.0,-82.0,-62.0,-65.0,-56.0,-58.0,-100.0,-71.0,-64.0,-65.0,-100.0,-80.0,-100.0,-78.0,-70.0,-65.0,-61.0,-82.0,-62.0,-66.0,-57.0,-58.0,-100.0,-70.0,-64.0,-65.0,-78.0,-77.0,-72.0,-71.0
B1443,RP25,B,CTK45-dot-B,,37,,43.0,35.0,test,-78.0,-78.0,-82.0,-71.0,-66.0,-64.0,-60.0,-100.0,-60.0,-65.0,-60.0,-53.0,-75.0,-71.0,-61.0,-63.0,-77.0,-78.0,-85.0,-71.0,-66.0,-64.0,-60.0,-100.0,-60.0,-64.0,-60.0,-53.0,-76.0,-71.0,-61.0,-64.0,-76.0,-76.0,-72.0,-72.0
2025:01:21:11:16:53,RP25,A,SM-S908E,2212343.0,40,117.27631320343276,43.0,35.0,test,-69.0,-75.0,-100.0,-65.0,-68.0,-59.0,-61.0,-82.0,-56.0,-63.0,-51.0,-53.0,-72.0,-71.0,-67.0,-60.0,-69.0,-75.0,-100.0,-65.0,-68.0,-59.0,-61.0,-82.0,-57.0,-63.0,-51.0,-53.0,-73.0,-71.0,-67.0,-60.0,-72.0,-72.0,-71.0,-71.0
2025:01:21:11:09:12,RP25,A,SM-S908E,2212343.0,42,-132.01305125478328,43.0,35.0,test,-74.0,-80.0,-83.0,-66.0,-67.0,-61.0,-65.0,-74.0,-60.0,-68.0,-51.0,-56.0,-70.0,-68.0,-62.0,-62.0,-74.0,-80.0,-81.0,-66.0,-67.0,-61.0,-65.0,-75.0,-60.0,-68.0,-51.0,-56.0,-70.0,-68.0,-62.0,-62.0,-75.0,-75.0,-75.0,-75.0
2025:01:21:11:17:54,RP25,A,SM-S908E,2212343.0,44,116.92237425506863,43.0,35.0,test,-69.0,-75.0,-84.0,-65.0,-68.0,-58.0,-60.0,-77.0,-58.0,-63.0,-53.0,-55.0,-71.0,-71.0,-63.0,-60.0,-69.0,-75.0,-86.0,-65.0,-68.0,-58.0,-60.0,-77.0,-58.0,-63.0,-53.0,-55.0,-71.0,-71.0,-63.0,-60.0,-70.0,-70.0,-70.0,-70.0
B1455,RP25,B,CTK45-dot-B,,28,,43.0,35.0,test,-100.0,-76.0,-100.0,-68.0,-70.0,-65.0,-100.0,-72.0,-59.0,-69.0,-100.0,-58.0,-68.0,-73.0,-67.0,-66.0,-100.0,-76.0,-100.0,-67.0,-70.0,-65.0,-100.0,-74.0,-59.0,-69.0,-100.0,-59.0,-100.0,-73.0,-67.0,-67.0,-100.0,-73.0,-100.0,-100.0
2025:01:21:11:11:30,RP25,A,SM-S908E,2212343.0,37,-131.28152166027206,43.0,35.0,test,-72.0,-78.0,-81.0,-61.0,-69.0,-65.0,-60.0,-80.0,-59.0,-69.0,-49.0,-55.0,-74.0,-67.0,-63.0,-61.0,-100.0,-78.0,-81.0,-61.0,-69.0,-66.0,-60.0,-78.0,-59.0,-69.0,-50.0,-55.0,-74.0,-67.0,-63.0,-61.0,-77.0,-100.0,-75.0,-75.0
B1451,RP25,B,CTK45-dot-B,,27,,43.0,35.0,test,-78.0,-80.0,-82.0,-65.0,-68.0,-61.0,-100.0,-100.0,-61.0,-61.0,-100.0,-53.0,-71.0,-69.0,-100.0,-59.0,-78.0,-80.0,-84.0,-65.0,-68.0,-62.0,-100.0,-100.0,-61.0,-61.0,-100.0,-53.0,-72.0,-69.0,-57.0,-59.0,-100.0,-100.0,-74.0,-74.0
B1494,RP26,B,CTK45-dot-B,,16,,-13.0,41.0,train,-64.0,-73.0,-59.0,-45.0,-100.0,-58.0,-100.0,-81.0,-62.0,-100.0,-58.0,-100.0,-100.0,-100.0,-100.0,-63.0,-100.0,-73.0,-100.0,-53.0,-100.0,-58.0,-100.0,-80.0,-62.0,-100.0,-100.0,-100.0,-100.0,-100.0,-100.0,-63.0,-100.0,-100.0,-100.0,-100.0
B1531,RP26,B,CTK45-dot-B,,22,,-13.0,41.0,train,-100.0,-68.0,-100.0,-58.0,-49.0,-100.0,-69.0,-100.0,-100.0,-59.0,-57.0,-56.0,-100.0,-100.0,-57.0,-54.0,-100.0,-69.0,-100.0,-57.0,-50.0,-100.0,-69.0,-100.0,-100.0,-59.0,-57.0,-58.0,-100.0,-100.0,-58.0,-54.0,-64.0,-63.0,-64.0,-63.0
2025:01:13:14:40:02,RP26,A,SM-S908E,2212343.0,22,-57.85392634920902,-13.0,41.0,train,-59.0,-76.0,-100.0,-100.0,-43.0,-73.0,-73.0,-100.0,-71.0,-70.0,-100.0,-77.0,-100.0,-100.0,-60.0,-63.0,-59.0,-76.0,-69.0,-100.0,-43.0,-73.0,-73.0,-100.0,-100.0,-71.0,-100.0,-77.0,-100.0,-100.0,-60.0,-63.0,-100.0,-100.0,-66.0,-66.0
2025:01:13:14:39:21,RP26,A,SM-S908E,2212343.0,21,107.85264716379805,-13.0,41.0,train,-100.0,-100.0,-100.0,-46.0,-47.0,-60.0,-71.0,-100.0,-72.0,-62.0,-100.0,-73.0,-100.0,-100.0,-57.0,-59.0,-100.0,-100.0,-100.0,-46.0,-43.0,-100.0,-72.0,-100.0,-72.0,-62.0,-100.0,-73.0,-100.0,-100.0,-57.0,-59.0,-62.0,-62.0,-64.0,-64.0
2025:01:13:14:40:41,RP26,A,SM-S908E,2212343.0,29,-54.95210940308677,-13.0,41.0,train,-60.0,-68.0,-100.0,-54.0,-46.0,-76.0,-70.0,-100.0,-100.0,-64.0,-61.0,-72.0,-100.0,-83.0,-59.0,-72.0,-60.0,-68.0,-100.0,-54.0,-45.0,-76.0,-70.0,-100.0,-100.0,-64.0,-62.0,-72.0,-100.0,-83.0,-59.0,-72.0,-62.0,-100.0,-72.0,-72.0
2025:01:13:14:42:03,RP26,A,SM-S908E,2212343.0,27,-57.24402710023713,-13.0,41.0,train,-56.0,-67.0,-100.0,-48.0,-47.0,-67.0,-76.0,-100.0,-68.0,-66.0,-62.0,-73.0,-100.0,-100.0,-59.0,-68.0,-57.0,-67.0,-100.0,-48.0,-47.0,-69.0,-75.0,-100.0,-69.0,-66.0,-61.0,-73.0,-100.0,-100.0,-100.0,-69.0,-66.0,-66.0,-72.0,-72.0
B1516,RP26,B,CTK45-dot-B,,19,,-13.0,41.0,train,-100.0,-79.0,-100.0,-50.0,-52.0,-100.0,-70.0,-87.0,-100.0,-57.0,-100.0,-66.0,-100.0,-75.0,-100.0,-64.0,-100.0,-79.0,-100.0,-100.0,-53.0,-100.0,-69.0,-100.0,-100.0,-56.0,-100.0,-67.0,-100.0,-100.0,-100.0,-64.0,-55.0,-55.0,-62.0,-62.0
B1503,RP26,B,CTK45-dot-B,,29,,-13.0,41.0,train,-100.0,-73.0,-68.0,-41.0,-42.0,-61.0,-63.0,-100.0,-68.0,-63.0,-72.0,-55.0,-100.0,-72.0,-100.0,-63.0,-100.0,-73.0,-73.0,-41.0,-42.0,-60.0,-64.0,-100.0,-69.0,-63.0,-73.0,-56.0,-100.0,-72.0,-100.0,-63.0,-59.0,-58.0,-66.0,-65.0
2025:01:13:14:37:03,RP26,A,SM-S908E,2212343.0,24,108.28823259796832,-13.0,41.0,train,-100.0,-79.0,-100.0,-45.0,-43.0,-73.0,-69.0,-100.0,-100.0,-73.0,-100.0,-77.0,-100.0,-100.0,-58.0,-64.0,-62.0,-79.0,-100.0,-45.0,-43.0,-71.0,-69.0,-100.0,-100.0,-73.0,-100.0,-77.0,-79.0,-100.0,-58.0,-64.0,-65.0,-65.0,-63.0,-63.0
2025:01:13:14:31:23,RP26,A,SM-S908E,2212343.0,25,-127.7628560600808,-13.0,41.0,train,-61.0,-72.0,-76.0,-100.0,-45.0,-100.0,-77.0,-100.0,-69.0,-64.0,-65.0,-75.0,-100.0,-84.0,-62.0,-69.0,-61.0,-72.0,-100.0,-100.0,-45.0,-100.0,-77.0,-100.0,-68.0,-64.0,-70.0,-76.0,-100.0,-84.0,-62.0,-69.0,-100.0,-100.0,-68.0,-68.0
B1486,RP26,B,CTK45-dot-B,,10,,-13.0,41.0,train,-56.0,-100.0,-100.0,-100.0,-44.0,-63.0,-100.0,-100.0,-68.0,-100.0,-100.0,-100.0,-67.0,-100.0,-100.0,-100.0,-58.0,-100.0,-100.0,-100.0,-45.0,-100.0,-100.0,-100.0,-68.0,-100.0,-100.0,-100.0,-100.0,-100.0,-100.0,-100.0,-50.0,-51.0,-100.0,-100.0
B1510,RP26,B,CTK45-dot-B,,21,,-13.0,41.0,train,-64.0,-65.0,-100.0,-44.0,-43.0,-61.0,-100.0,-76.0,-58.0,-100.0,-100.0,-67.0,-65.0,-100.0,-59.0,-55.0,-64.0,-65.0,-100.0,-100.0,-43.0,-61.0,-100.0,-100.0,-59.0,-100.0,-100.0,-67.0,-100.0,-100.0,-59.0,-55.0,-100.0,-100.0,-100.0,-100.0
B1500,RP26,B,CTK45-dot-B,,27,,-13.0,41.0,train,-100.0,-72.0,-81.0,-46.0,-54.0,-62.0,-64.0,-85.0,-68.0,-58.0,-59.0,-50.0,-100.0,-100.0,-63.0,-54.0,-100.0,-73.0,-81.0,-46.0,-54.0,-63.0,-64.0,-84.0,-67.0,-58.0,-100.0,-54.0,-100.0,-100.0,-63.0,-54.0,-100.0,-100.0,-60.0,-60.0
B1532,RP26,B,CTK45-dot-B,,22,,-13.0,41.0,train,-100.0,-70.0,-100.0,-49.0,-47.0,-66.0,-65.0,-100.0,-100.0,-64.0,-100.0,-55.0,-100.0,-77.0,-100.0,-53.0,-64.0,-70.0,-100.0,-100.0,-47.0,-67.0,-66.0,-100.0,-100.0,-65.0,-100.0,-56.0,-100.0,-100.0,-47.0,-53.0,-62.0,-62.0,-65.0,-64.0
2025:01:13:14:41:23,RP26,A,SM-S908E,2212343.0,19,-56.9906032837884,-13.0,41.0,train,-57.0,-67.0,-100.0,-100.0,-44.0,-100.0,-75.0,-100.0,-100.0,-65.0,-100.0,-76.0,-100.0,-84.0,-100.0,-62.0,-59.0,-67.0,-100.0,-100.0,-44.0,-100.0,-75.0,-100.0,-100.0,-65.0,-100.0,-76.0,-100.0,-84.0,-100.0,-62.0,-100.0,-100.0,-72.0,-73.0
B1526,RP26,B,CTK45-dot-B,,20,,-13.0,41.0,train,-100.0,-77.0,-100.0,-100.0,-52.0,-66.0,-65.0,-100.0,-100.0,-60.0,-100.0,-70.0,-81.0,-79.0,-66.0,-100.0,-100.0,-77.0,-100.0,-100.0,-53.0,-67.0,-65.0,-100.0,-100.0,-62.0,-100.0,-70.0,-100.0,-80.0,-67.0,-100.0,-100.0,-100.0,-67.0,-67.0
B1493,RP26,B,CTK45-dot-B,,29,,-13.0,41.0,train,-100.0,-72.0,-61.0,-61.0,-50.0,-58.0,-63.0,-100.0,-64.0,-66.0,-100.0,-54.0,-100.0,-79.0,-51.0,-64.0,-100.0,-71.0,-61.0,-54.0,-50.0,-58.0,-63.0,-100.0,-65.0,-66.0,-100.0,-60.0,-100.0,-79.0,-52.0,-64.0,-62.0,-61.0,-54.0,-54.0
2025:01:13:14:34:56,RP26,A,SM-S908E,2212343.0,28,174.07859843799093,-13.0,41.0,train,-100.0,-69.0,-66.0,-41.0,-43.0,-66.0,-71.0,-100.0,-100.0,-63.0,-64.0,-72.0,-100.0,-100.0,-60.0,-66.0,-57.0,-69.0,-65.0,-41.0,-43.0,-66.0,-71.0,-100.0,-100.0,-63.0,-64.0,-72.0,-65.0,-100.0,-62.0,-66.0,-66.0,-66.0,-70.0,-70.0
B1504,RP26,B,CTK45-dot-B,,19,,-13.0,41.0,train,-63.0,-77.0,-100.0,-41.0,-100.0,-62.0,-100.0,-100.0,-76.0,-100.0,-69.0,-100.0,-72.0,-100.0,-45.0,-70.0,-100.0,-77.0,-100.0,-41.0,-100.0,-61.0,-100.0,-100.0,-77.0,-100.0,-76.0,-100.0,-73.0,-100.0,-46.0,-70.0,-56.0,-57.0,-100.0,-100.0
B1515,RP26,B,CTK45-dot-B,,27,,-13.0,41.0,train,-70.0,-78.0,-100.0,-53.0,-53.0,-63.0,-65.0,-100.0,-74.0,-58.0,-100.0,-70.0,-80.0,-100.0,-100.0,-62.0,-70.0,-77.0,-100.0,-52.0,-53.0,-62.0,-65.0,-100.0,-75.0,-57.0,-100.0,-70.0,-100.0,-100.0,-100.0,-62.0,-58.0,-58.0,-62.0,-62.0
B1522,RP26,B,CTK45-dot-B,,18,,-13.0,41.0,train,-100.0,-76.0,-100.0,-46.0,-100.0,-100.0,-71.0,-100.0,-68.0,-61.0,-100.0,-70.0,-100.0,-78.0,-100.0,-61.0,-62.0,-76.0,-100.0,-100.0,-100.0,-100.0,-71.0,-100.0,-67.0,-69.0,-100.0,-70.0,-100.0,-78.0,-100.0,-62.0,-100.0,-100.0,-69.0,-68.0
B1502,RP26,B,CTK45-dot-B,,16,,-13.0,41.0,train,-60.0,-69.0,-62.0,-42.0,-100.0,-76.0,-100.0,-100.0,-68.0,-100.0,-100.0,-100.0,-100.0,-100.0,-50.0,-63.0,-60.0,-70.0,-66.0,-42.0,-100.0,-71.0,-100.0,-100.0,-68.0,-100.0,-100.0,-100.0,-100.0,-100.0,-50.0,-63.0,-100.0,-100.0,-100.0,-100.0
B1498,RP26,B,CTK45-dot-B,,14,,-13.0,41.0,train,-100.0,-69.0,-80.0,-41.0,-100.0,-67.0,-100.0,-100.0,-71.0,-100.0,-100.0,-100.0,-100.0,-100.0,-53.0,-56.0,-100.0,-69.0,-79.0,-42.0,-100.0,-62.0,-100.0,-100.0,-69.0,-100.0,-100.0,-100.0,-100.0,-100.0,-54.0,-56.0,-100.0,-100.0,-100.0,-100.0
B1483,RP26,B,CTK45-dot-B,,8,,-13.0,41.0,train,-100.0,-100.0,-100.0,-100.0,-42.0,-66.0,-100.0,-100.0,-68.0,-100.0,-100.0,-100.0,-100.0,-100.0,-41.0,-100.0,-100.0,-100.0,-100.0,-100.0,-42.0,-100.0,-100.0,-100.0,-67.0,-100.0,-100.0,-100.0,-100.0,-100.0,-41.0,-100.0,-100.0,-100.0,-100.0,-100.0
B1491,RP26,B,CTK45-dot-B,,25,,-13.0,41.0,train,-66.0,-77.0,-100.0,-41.0,-48.0,-60.0,-65.0,-100.0,-67.0,-100.0,-100.0,-60.0,-71.0,-75.0,-56.0,-67.0,-73.0,-78.0,-100.0,-100.0,-48.0,-67.0,-65.0,-100.0,-66.0,-100.0,-100.0,-61.0,-72.0,-100.0,-57.0,-67.0,-60.0,-100.0,-56.0,-56.0
B1475,RP26,B,CTK45-dot-B,,9,,-13.0,41.0,train,-100.0,-100.0,-63.0,-100.0,-43.0,-59.0,-100.0,-100.0,-100.0,-100.0,-100.0,-100.0,-100.0,-100.0,-59.0,-100.0,-100.0,-100.0,-63.0,-100.0,-44.0,-60.0,-100.0,-100.0,-100.0,-100.0,-100.0,-100.0,-100.0,-100.0,-59.0,-100.0,-100.0,-100.0,-100.0,-100.0
B1497,RP26,B,CTK45-dot-B,,33,,-13.0,41.0,train,-66.0,-69.0,-79.0,-41.0,-54.0,-61.0,-66.0,-92.0,-69.0,-58.0,-100.0,-50.0,-72.0,-100.0,-52.0,-57.0,-66.0,-69.0,-78.0,-42.0,-55.0,-61.0,-66.0,-100.0,-68.0,-59.0,-100.0,-50.0,-100.0,-76.0,-52.0,-57.0,-64.0,-100.0,-57.0,-57.0
B1495,RP26,B,CTK45-dot-B,,21,,-13.0,41.0,train,-65.0,-71.0,-60.0,-42.0,-100.0,-60.0,-100.0,-83.0,-63.0,-100.0,-100.0,-100.0,-75.0,-100.0,-100.0,-63.0,-65.0,-72.0,-59.0,-42.0,-100.0,-59.0,-100.0,-84.0,-63.0,-100.0,-100.0,-100.0,-74.0,-100.0,-53.0,-63.0,-59.0,-60.0,-100.0,-100.0
B1518,RP26,B,CTK45-dot-B,,26,,-13.0,41.0,train,-100.0,-75.0,-100.0,-52.0,-55.0,-66.0,-67.0,-100.0,-76.0,-66.0,-66.0,-64.0,-68.0,-76.0,-57.0,-60.0,-100.0,-75.0,-100.0,-52.0,-55.0,-66.0,-67.0,-100.0,-76.0,-66.0,-100.0,-64.0,-100.0,-76.0,-57.0,-60.0,-100.0,-100.0,-62.0,-62.0
2025:01:13:14:38:30,RP26,A,SM-S908E,2212343.0,32,108.23347502148766,-13.0,41.0,train,-65.0,-75.0,-67.0,-39.0,-44.0,-59.0,-69.0,-100.0,-72.0,-61.0,-66.0,-71.0,-100.0,-100.0,-48.0,-59.0,-66.0,-75.0,-67.0,-39.0,-44.0,-60.0,-69.0,-100.0,-71.0,-61.0,-66.0,-70.0,-100.0,-83.0,-55.0,-59.0,-62.0,-62.0,-65.0,-65.0
B1506,RP26,B,CTK45-dot-B,,12,,-13.0,41.0,train,-100.0,-74.0,-67.0,-43.0,-100.0,-100.0,-100.0,-100.0,-100.0,-100.0,-100.0,-100.0,-100.0,-100.0,-45.0,-60.0,-100.0,-73.0,-66.0,-43.0,-100.0,-100.0,-100.0,-100.0,-100.0,-100.0,-100.0,-100.0,-100.0,-100.0,-46.0,-60.0,-61.0,-59.0,-100.0,-100.0
B1482,RP26,B,CTK45-dot-B,,25,,-13.0,41.0,train,-57.0,-61.0,-100.0,-100.0,-47.0,-62.0,-100.0,-100.0,-58.0,-55.0,-100.0,-64.0,-60.0,-75.0,-38.0,-50.0,-56.0,-62.0,-100.0,-100.0,-47.0,-100.0,-100.0,-100.0,-100.0,-55.0,-100.0,-64.0,-65.0,-75.0,-38.0,-50.0,-41.0,-41.0,-100.0,-100.0
B1479,RP26,B,CTK45-dot-B,,6,,-13.0,41.0,train,-100.0,-100.0,-100.0,-100.0,-46.0,-100.0,-100.0,-100.0,-60.0,-100.0,-100.0,-100.0,-100.0,-100.0,-49.0,-100.0,-100.0,-100.0,-100.0,-100.0,-46.0,-100.0,-100.0,-100.0,-100.0,-100.0,-100.0,-100.0,-64.0,-100.0,-49.0,-100.0,-100.0,-100.0,-100.0,-100.0
B1529,RP26,B,CTK45-dot-B,,19,,-13.0,41.0,train,-100.0,-68.0,-100.0,-100.0,-48.0,-100.0,-70.0,-100.0,-66.0,-62.0,-59.0,-64.0,-100.0,-100.0,-100.0,-56.0,-100.0,-68.0,-100.0,-100.0,-46.0,-100.0,-69.0,-100.0,-100.0,-61.0,-58.0,-64.0,-100.0,-100.0,-100.0,-57.0,-59.0,-57.0,-67.0,-67.0
B1490,RP26,B,CTK45-dot-B,,13,,-13.0,41.0,train,-62.0,-80.0,-100.0,-46.0,-100.0,-100.0,-100.0,-100.0,-100.0,-100.0,-100.0,-100.0,-71.0,-100.0,-56.0,-66.0,-61.0,-80.0,-100.0,-46.0,-100.0,-100.0,-100.0,-100.0,-100.0,-100.0,-100.0,-100.0,-72.0,-100.0,-64.0,-66.0,-100.0,-100.0,-100.0,-100.0
2025:01:13:14:33:27,RP26,A,SM-S908E,2212343.0,29,174.83282862034525,-13.0,41.0,train,-100.0,-68.0,-70.0,-43.0,-43.0,-65.0,-74.0,-100.0,-74.0,-61.0,-70.0,-70.0,-67.0,-100.0,-62.0,-67.0,-60.0,-69.0,-66.0,-43.0,-43.0,-65.0,-75.0,-100.0,-75.0,-63.0,-100.0,-70.0,-100.0,-82.0,-62.0,-67.0,-100.0,-68.0,-73.0,-73.0
2025:01:13:14:34:11,RP26,A,SM-S908E,2212343.0,29,175.6478095177173,-13.0,41.0,train,-59.0,-68.0,-69.0,-44.0,-43.0,-70.0,-72.0,-100.0,-100.0,-66.0,-67.0,-71.0,-70.0,-100.0,-60.0,-66.0,-59.0,-68.0,-67.0,-44.0,-43.0,-70.0,-72.0,-100.0,-100.0,-66.0,-100.0,-71.0,-100.0,-100.0,-61.0,-66.0,-69.0,-69.0,-71.0,-71.0
B1524,RP26,B,CTK45-dot-B,,27,,-13.0,41.0,train,-62.0,-72.0,-73.0,-41.0,-39.0,-68.0,-68.0,-100.0,-73.0,-71.0,-100.0,-100.0,-81.0,-80.0,-58.0,-60.0,-62.0,-72.0,-74.0,-42.0,-39.0,-69.0,-68.0,-100.0,-74.0,-100.0,-100.0,-100.0,-81.0,-80.0,-58.0,-60.0,-100.0,-100.0,-69.0,-69.0
2025:01:13:14:35:41,RP26,A,SM-S908E,2212343.0,31,175.97055091413654,-13.0,41.0,train,-59.0,-68.0,-72.0,-43.0,-43.0,-100.0,-75.0,-100.0,-77.0,-60.0,-68.0,-70.0,-100.0,-82.0,-59.0,-66.0,-59.0,-68.0,-67.0,-44.0,-43.0,-100.0,-75.0,-100.0,-74.0,-60.0,-68.0,-70.0,-100.0,-83.0,-60.0,-66.0,-100.0,-100.0,-70.0,-70.0
B1477,RP26,B,CTK45-dot-B,,12,,-13.0,41.0,train,-100.0,-100.0,-66.0,-100.0,-50.0,-58.0,-100.0,-100.0,-61.0,-100.0,-100.0,-100.0,-100.0,-100.0,-52.0,-100.0,-100.0,-100.0,-69.0,-100.0,-49.0,-58.0,-100.0,-100.0,-61.0,-100.0,-100.0,-100.0,-100.0,-100.0,-53.0,-100.0,-63.0,-61.0,-100.0,-100.0
B1519,RP26,B,CTK45-dot-B,,22,,-13.0,41.0,train,-75.0,-74.0,-84.0,-100.0,-60.0,-69.0,-68.0,-100.0,-100.0,-66.0,-100.0,-61.0,-100.0,-77.0,-100.0,-59.0,-75.0,-74.0,-100.0,-100.0,-60.0,-69.0,-67.0,-100.0,-100.0,-69.0,-100.0,-62.0,-77.0,-78.0,-100.0,-59.0,-100.0,-100.0,-61.0,-61.0
B1509,RP26,B,CTK45-dot-B,,24,,-13.0,41.0,train,-67.0,-75.0,-66.0,-100.0,-42.0,-57.0,-62.0,-100.0,-60.0,-65.0,-100.0,-58.0,-69.0,-100.0,-55.0,-100.0,-67.0,-75.0,-67.0,-100.0,-42.0,-58.0,-63.0,-100.0,-61.0,-64.0,-100.0,-57.0,-67.0,-100.0,-54.0,-100.0,-100.0,-100.0,-54.0,-54.0
B1512,RP26,B,CTK45-dot-B,,19,,-13.0,41.0,train,-100.0,-63.0,-100.0,-40.0,-47.0,-58.0,-100.0,-100.0,-63.0,-58.0,-100.0,-65.0,-100.0,-74.0,-53.0,-49.0,-100.0,-63.0,-100.0,-100.0,-47.0,-57.0,-100.0,-100.0,-64.0,-58.0,-100.0,-65.0,-100.0,-74.0,-53.0,-49.0,-100.0,-100.0,-100.0,-100.0
B1474,RP26,B,CTK45-dot-B,,8,,-13.0,41.0,train,-56.0,-100.0,-100.0,-100.0,-46.0,-100.0,-100.0,-100.0,-100.0,-70.0,-100.0,-100.0,-100.0,-100.0,-40.0,-100.0,-56.0,-100.0,-100.0,-100.0,-47.0,-100.0,-100.0,-100.0,-100.0,-100.0,-100.0,-100.0,-100.0,-100.0,-41.0,-100.0,-100.0,-100.0,-100.0,-100.0
2025:01:13:14:36:27,RP26,A,SM-S908E,2212343.0,26,107.71394554075279,-13.0,41.0,train,-100.0,-75.0,-66.0,-47.0,-45.0,-100.0,-76.0,-100.0,-69.0,-100.0,-100.0,-76.0,-75.0,-84.0,-59.0,-63.0,-100.0,-75.0,-67.0,-47.0,-44.0,-68.0,-76.0,-100.0,-67.0,-100.0,-100.0,-76.0,-76.0,-83.0,-60.0,-63.0,-100.0,-100.0,-73.0,-72.0
B1492,RP26,B,CTK45-dot-B,,16,,-13.0,41.0,train,-61.0,-70.0,-66.0,-43.0,-100.0,-56.0,-100.0,-100.0,-62.0,-100.0,-63.0,-100.0,-66.0,-100.0,-100.0,-59.0,-61.0,-70.0,-100.0,-43.0,-100.0,-55.0,-100.0,-100.0,-61.0,-100.0,-100.0,-100.0,-66.0,-100.0,-100.0,-59.0,-100.0,-100.0,-100.0,-100.0
B1514,RP26,B,CTK45-dot-B,,24,,-13.0,41.0,train,-60.0,-68.0,-100.0,-48.0,-48.0,-100.0,-66.0,-100.0,-100.0,-57.0,-62.0,-58.0,-75.0,-80.0,-100.0,-48.0,-100.0,-68.0,-100.0,-48.0,-48.0,-100.0,-67.0,-100.0,-100.0,-61.0,-63.0,-58.0,-72.0,-100.0,-55.0,-48.0,-64.0,-100.0,-65.0,-65.0
B1517,RP26,B,CTK45-dot-B,,20,,-13.0,41.0,train,-100.0,-100.0,-77.0,-100.0,-54.0,-65.0,-68.0,-100.0,-79.0,-53.0,-62.0,-66.0,-100.0,-100.0,-100.0,-63.0,-100.0,-75.0,-100.0,-100.0,-55.0,-65.0,-68.0,-100.0,-79.0,-53.0,-100.0,-66.0,-100.0,-100.0,-100.0,-63.0,-100.0,-50.0,-62.0,-62.0
B1527,RP26,B,CTK45-dot-B,,28,,-13.0,41.0,train,-61.0,-67.0,-72.0,-100.0,-49.0,-69.0,-68.0,-87.0,-64.0,-59.0,-56.0,-59.0,-100.0,-77.0,-59.0,-61.0,-62.0,-67.0,-100.0,-100.0,-50.0,-68.0,-67.0,-100.0,-67.0,-59.0,-56.0,-60.0,-100.0,-77.0,-60.0,-61.0,-100.0,-100.0,-65.0,-65.0
2025:01:13:14:37:55,RP26,A,SM-S908E,2212343.0,20,108.64776361441291,-13.0,41.0,train,-100.0,-77.0,-78.0,-100.0,-58.0,-100.0,-69.0,-100.0,-76.0,-61.0,-100.0,-72.0,-100.0,-100.0,-59.0,-59.0,-100.0,-77.0,-76.0,-100.0,-58.0,-100.0,-70.0,-100.0,-76.0,-61.0,-100.0,-73.0,-100.0,-100.0,-60.0,-59.0,-100.0,-100.0,-66.0,-66.0
B1520,RP26,B,CTK45-dot-B,,19,,-13.0,41.0,train,-100.0,-73.0,-75.0,-49.0,-44.0,-100.0,-100.0,-100.0,-100.0,-57.0,-65.0,-62.0,-100.0,-80.0,-100.0,-58.0,-100.0,-73.0,-100.0,-100.0,-44.0,-100.0,-100.0,-100.0,-100.0,-55.0,-65.0,-62.0,-100.0,-80.0,-100.0,-58.0,-100.0,-100.0,-66.0,-66.0
2025:01:13:14:30:46,RP26,A,SM-S908E,2212343.0,30,-127.28087823323878,-13.0,41.0,train,-60.0,-73.0,-74.0,-45.0,-45.0,-73.0,-77.0,-100.0,-71.0,-62.0,-100.0,-76.0,-70.0,-100.0,-58.0,-68.0,-60.0,-73.0,-74.0,-45.0,-45.0,-73.0,-77.0,-100.0,-71.0,-63.0,-100.0,-76.0,-100.0,-84.0,-59.0,-68.0,-70.0,-71.0,-69.0,-69.0
B1488,RP26,B,CTK45-dot-B,,10,,-13.0,41.0,train,-66.0,-100.0,-100.0,-100.0,-100.0,-100.0,-100.0,-100.0,-46.0,-100.0,-100.0,-100.0,-59.0,-100.0,-59.0,-100.0,-66.0,-100.0,-100.0,-100.0,-61.0,-100.0,-100.0,-100.0,-46.0,-100.0,-100.0,-100.0,-57.0,-100.0,-100.0,-100.0,-100.0,-100.0,-100.0,-100.0
B1476,RP26,B,CTK45-dot-B,,10,,-13.0,41.0,train,-63.0,-100.0,-64.0,-100.0,-48.0,-100.0,-100.0,-100.0,-54.0,-100.0,-100.0,-100.0,-100.0,-100.0,-56.0,-100.0,-60.0,-100.0,-66.0,-100.0,-48.0,-100.0,-100.0,-100.0,-54.0,-100.0,-100.0,-100.0,-100.0,-100.0,-56.0,-100.0,-100.0,-100.0,-100.0,-100.0
B1480,RP26,B,CTK45-dot-B,,7,,-13.0,41.0,validation,-64.0,-100.0,-100.0,-100.0,-44.0,-100.0,-100.0,-100.0,-69.0,-100.0,-100.0,-100.0,-100.0,-100.0,-100.0,-100.0,-65.0,-100.0,-100.0,-100.0,-47.0,-100.0,-100.0,-100.0,-100.0,-100.0,-100.0,-100.0,-100.0,-100.0,-100.0,-100.0,-54.0,-54.0,-100.0,-100.0
2025:01:13:14:32:48,RP26,A,SM-S908E,2212343.0,26,175.17508495926666,-13.0,41.0,validation,-100.0,-72.0,-77.0,-47.0,-45.0,-100.0,-80.0,-100.0,-100.0,-63.0,-67.0,-77.0,-100.0,-84.0,-61.0,-66.0,-100.0,-72.0,-100.0,-47.0,-45.0,-100.0,-81.0,-100.0,-100.0,-63.0,-71.0,-77.0,-100.0,-84.0,-61.0,-66.0,-100.0,-100.0,-69.0,-69.0
B1496,RP26,B,CTK45-dot-B,,23,,-13.0,41.0,validation,-70.0,-69.0,-100.0,-40.0,-55.0,-60.0,-100.0,-100.0,-68.0,-61.0,-63.0,-51.0,-71.0,-100.0,-51.0,-100.0,-71.0,-100.0,-100.0,-39.0,-56.0,-61.0,-100.0,-96.0,-68.0,-60.0,-63.0,-50.0,-100.0,-100.0,-52.0,-100.0,-63.0,-100.0,-100.0,-100.0
B1487,RP26,B,CTK45-dot-B,,9,,-13.0,41.0,validation,-100.0,-100.0,-100.0,-100.0,-39.0,-58.0,-100.0,-100.0,-58.0,-100.0,-100.0,-100.0,-100.0,-100.0,-100.0,-100.0,-100.0,-100.0,-100.0,-100.0,-39.0,-64.0,-100.0,-100.0,-58.0,-100.0,-100.0,-100.0,-100.0,-100.0,-100.0,-100.0,-56.0,-55.0,-100.0,-100.0
B1499,RP26,B,CTK45-dot-B,,16,,-13.0,41.0,validation,-62.0,-75.0,-68.0,-50.0,-100.0,-100.0,-100.0,-100.0,-58.0,-100.0,-66.0,-100.0,-100.0,-100.0,-100.0,-72.0,-62.0,-75.0,-100.0,-57.0,-100.0,-58.0,-100.0,-100.0,-58.0,-100.0,-63.0,-100.0,-100.0,-100.0,-100.0,-72.0,-66.0,-60.0,-100.0,-100.0
B1481,RP26,B,CTK45-dot-B,,11,,-13.0,41.0,validation,-65.0,-100.0,-100.0,-100.0,-48.0,-100.0,-100.0,-100.0,-63.0,-100.0,-100.0,-100.0,-67.0,-100.0,-48.0,-100.0,-58.0,-100.0,-100.0,-100.0,-48.0,-100.0,-100.0,-100.0,-62.0,-100.0,-100.0,-100.0,-100.0,-100.0,-47.0,-100.0,-49.0,-49.0,-100.0,-100.0
B1507,RP26,B,CTK45-dot-B,,11,,-13.0,41.0,validation,-100.0,-79.0,-100.0,-46.0,-100.0,-100.0,-100.0,-100.0,-100.0,-100.0,-56.0,-100.0,-100.0,-100.0,-55.0,-70.0,-100.0,-78.0,-100.0,-47.0,-100.0,-100.0,-100.0,-100.0,-100.0,-100.0,-100.0,-100.0,-100.0,-100.0,-59.0,-70.0,-59.0,-58.0,-100.0,-100.0
B1485,RP26,B,CTK45-dot-B,,10,,-13.0,41.0,validation,-64.0,-100.0,-100.0,-46.0,-43.0,-100.0,-100.0,-100.0,-61.0,-100.0,-100.0,-100.0,-100.0,-100.0,-53.0,-100.0,-100.0,-100.0,-100.0,-100.0,-43.0,-100.0,-100.0,-100.0,-61.0,-100.0,-100.0,-100.0,-100.0,-100.0,-54.0,-100.0,-57.0,-56.0,-100.0,-100.0
B1523,RP26,B,CTK45-dot-B,,21,,-13.0,41.0,validation,-100.0,-72.0,-100.0,-45.0,-100.0,-71.0,-69.0,-100.0,-100.0,-66.0,-69.0,-73.0,-100.0,-100.0,-58.0,-64.0,-100.0,-73.0,-100.0,-46.0,-100.0,-71.0,-70.0,-100.0,-100.0,-100.0,-69.0,-73.0,-100.0,-100.0,-59.0,-64.0,-100.0,-66.0,-68.0,-67.0
B1478,RP26,B,CTK45-dot-B,,8,,-13.0,41.0,validation,-100.0,-100.0,-100.0,-100.0,-45.0,-57.0,-100.0,-100.0,-62.0,-100.0,-100.0,-100.0,-73.0,-100.0,-54.0,-100.0,-100.0,-100.0,-100.0,-100.0,-46.0,-57.0,-100.0,-100.0,-64.0,-100.0,-100.0,-100.0,-100.0,-100.0,-100.0,-100.0,-100.0,-100.0,-100.0,-100.0
B1505,RP26,B,CTK45-dot-B,,27,,-13.0,41.0,validation,-67.0,-71.0,-64.0,-42.0,-41.0,-67.0,-100.0,-100.0,-74.0,-58.0,-100.0,-49.0,-69.0,-100.0,-47.0,-63.0,-100.0,-71.0,-66.0,-42.0,-42.0,-69.0,-100.0,-100.0,-74.0,-59.0,-100.0,-50.0,-71.0,-100.0,-47.0,-63.0,-59.0,-59.0,-65.0,-65.0
2025:01:13:14:28:41,RP26,A,SM-S908E,2212343.0,23,-127.66697157306565,-13.0,41.0,test,-57.0,-62.0,-64.0,-43.0,-45.0,-100.0,-71.0,-100.0,-63.0,-65.0,-67.0,-68.0,-100.0,-100.0,-43.0,-50.0,-58.0,-100.0,-64.0,-100.0,-44.0,-100.0,-72.0,-100.0,-100.0,-65.0,-66.0,-68.0,-100.0,-100.0,-43.0,-50.0,-100.0,-100.0,-58.0,-58.0
2025:01:13:14:42:44,RP26,A,SM-S908E,2212343.0,23,-56.92233708137196,-13.0,41.0,test,-58.0,-66.0,-100.0,-49.0,-45.0,-69.0,-78.0,-100.0,-72.0,-66.0,-100.0,-75.0,-100.0,-100.0,-61.0,-70.0,-58.0,-66.0,-100.0,-55.0,-45.0,-69.0,-78.0,-100.0,-68.0,-66.0,-100.0,-75.0,-100.0,-100.0,-100.0,-70.0,-100.0,-100.0,-71.0,-71.0
2025:01:13:14:30:00,RP26,A,SM-S908E,2212343.0,27,-126.75304086447453,-13.0,41.0,test,-56.0,-73.0,-74.0,-43.0,-45.0,-77.0,-74.0,-100.0,-71.0,-64.0,-100.0,-76.0,-100.0,-100.0,-56.0,-70.0,-57.0,-73.0,-75.0,-47.0,-45.0,-78.0,-75.0,-100.0,-100.0,-64.0,-100.0,-76.0,-100.0,-100.0,-56.0,-70.0,-69.0,-69.0,-70.0,-70.0
B1530,RP26,B,CTK45-dot-B,,23,,-13.0,41.0,test,-100.0,-66.0,-100.0,-52.0,-50.0,-100.0,-64.0,-100.0,-100.0,-59.0,-59.0,-59.0,-100.0,-71.0,-58.0,-62.0,-63.0,-67.0,-100.0,-100.0,-52.0,-100.0,-64.0,-100.0,-100.0,-58.0,-58.0,-59.0,-100.0,-71.0,-100.0,-62.0,-63.0,-64.0,-64.0,-63.0
B1525,RP26,B,CTK45-dot-B,,23,,-13.0,41.0,test,-100.0,-77.0,-72.0,-61.0,-100.0,-100.0,-66.0,-100.0,-71.0,-60.0,-100.0,-65.0,-100.0,-83.0,-56.0,-66.0,-100.0,-77.0,-70.0,-60.0,-100.0,-100.0,-67.0,-100.0,-71.0,-60.0,-100.0,-66.0,-100.0,-85.0,-57.0,-65.0,-100.0,-100.0,-72.0,-72.0
B1501,RP26,B,CTK45-dot-B,,20,,-13.0,41.0,test,-71.0,-70.0,-100.0,-44.0,-100.0,-66.0,-100.0,-85.0,-64.0,-100.0,-63.0,-100.0,-70.0,-100.0,-50.0,-100.0,-71.0,-70.0,-100.0,-44.0,-100.0,-66.0,-100.0,-83.0,-71.0,-100.0,-63.0,-100.0,-69.0,-100.0,-50.0,-100.0,-54.0,-55.0,-100.0,-100.0
2025:01:13:14:32:02,RP26,A,SM-S908E,2212343.0,24,-127.44421131189674,-13.0,41.0,test,-60.0,-75.0,-80.0,-46.0,-45.0,-100.0,-76.0,-100.0,-70.0,-64.0,-100.0,-78.0,-100.0,-100.0,-58.0,-65.0,-60.0,-75.0,-77.0,-45.0,-45.0,-100.0,-76.0,-100.0,-100.0,-64.0,-100.0,-79.0,-100.0,-100.0,-60.0,-65.0,-100.0,-100.0,-66.0,-66.0
B1508,RP26,B,CTK45-dot-B,,18,,-13.0,41.0,test,-72.0,-76.0,-77.0,-42.0,-100.0,-63.0,-100.0,-100.0,-70.0,-100.0,-100.0,-100.0,-68.0,-100.0,-100.0,-53.0,-71.0,-76.0,-76.0,-100.0,-100.0,-70.0,-100.0,-100.0,-71.0,-100.0,-100.0,-100.0,-68.0,-100.0,-100.0,-53.0,-62.0,-61.0,-100.0,-100.0
B1511,RP26,B,CTK45-dot-B,,11,,-13.0,41.0,test,-60.0,-100.0,-100.0,-100.0,-42.0,-64.0,-100.0,-100.0,-57.0,-100.0,-100.0,-100.0,-68.0,-100.0,-49.0,-100.0,-60.0,-100.0,-100.0,-100.0,-42.0,-100.0,-100.0,-100.0,-58.0,-100.0,-100.0,-100.0,-66.0,-100.0,-49.0,-100.0,-100.0,-100.0,-100.0,-100.0
B1528,RP26,B,CTK45-dot-B,,34,,-13.0,41.0,test,-67.0,-64.0,-87.0,-50.0,-48.0,-64.0,-71.0,-100.0,-52.0,-58.0,-56.0,-65.0,-100.0,-63.0,-69.0,-51.0,-69.0,-64.0,-86.0,-51.0,-48.0,-62.0,-71.0,-100.0,-52.0,-59.0,-56.0,-65.0,-100.0,-63.0,-70.0,-51.0,-59.0,-59.0,-71.0,-71.0
B1521,RP26,B,CTK45-dot-B,,18,,-13.0,41.0,test,-64.0,-71.0,-100.0,-48.0,-41.0,-100.0,-68.0,-100.0,-100.0,-69.0,-100.0,-100.0,-74.0,-100.0,-100.0,-100.0,-64.0,-72.0,-100.0,-49.0,-41.0,-100.0,-69.0,-100.0,-100.0,-100.0,-100.0,-100.0,-74.0,-100.0,-100.0,-100.0,-64.0,-64.0,-69.0,-69.0
B1513,RP26,B,CTK45-dot-B,,27,,-13.0,41.0,test,-61.0,-72.0,-78.0,-51.0,-49.0,-64.0,-67.0,-89.0,-100.0,-56.0,-100.0,-64.0,-100.0,-83.0,-54.0,-56.0,-61.0,-72.0,-77.0,-50.0,-50.0,-65.0,-67.0,-100.0,-100.0,-100.0,-100.0,-63.0,-100.0,-83.0,-55.0,-56.0,-100.0,-100.0,-66.0,-65.0
2025:01:13:14:21:58,RP27,A,SM-S908E,2212343.0,32,-36.03979359660922,13.0,41.0,train,-100.0,-75.0,-100.0,-69.0,-62.0,-66.0,-64.0,-100.0,-40.0,-46.0,-51.0,-57.0,-61.0,-61.0,-73.0,-67.0,-100.0,-75.0,-100.0,-69.0,-62.0,-66.0,-64.0,-100.0,-36.0,-46.0,-52.0,-57.0,-61.0,-61.0,-73.0,-67.0,-70.0,-100.0,-75.0,-75.0
B1541,RP27,B,CTK45-dot-B,,19,,13.0,41.0,train,-100.0,-100.0,-100.0,-100.0,-100.0,-64.0,-68.0,-100.0,-59.0,-46.0,-100.0,-57.0,-100.0,-64.0,-100.0,-75.0,-100.0,-100.0,-100.0,-100.0,-100.0,-64.0,-68.0,-73.0,-60.0,-45.0,-100.0,-57.0,-100.0,-64.0,-100.0,-75.0,-100.0,-100.0,-80.0,-80.0
B1568,RP27,B,CTK45-dot-B,,21,,13.0,41.0,train,-100.0,-83.0,-100.0,-100.0,-62.0,-100.0,-66.0,-100.0,-51.0,-41.0,-66.0,-100.0,-100.0,-67.0,-72.0,-68.0,-100.0,-83.0,-100.0,-100.0,-63.0,-100.0,-66.0,-100.0,-100.0,-42.0,-64.0,-100.0,-100.0,-67.0,-72.0,-68.0,-59.0,-58.0,-64.0,-64.0
B1591,RP27,B,CTK45-dot-B,,23,,13.0,41.0,train,-100.0,-78.0,-100.0,-100.0,-58.0,-57.0,-100.0,-100.0,-48.0,-45.0,-37.0,-51.0,-100.0,-66.0,-66.0,-62.0,-100.0,-78.0,-100.0,-100.0,-59.0,-57.0,-100.0,-100.0,-48.0,-46.0,-37.0,-51.0,-100.0,-66.0,-67.0,-62.0,-100.0,-100.0,-100.0,-100.0
2025:01:13:14:11:29,RP27,A,SM-S908E,2212343.0,21,-112.2769642324408,13.0,41.0,train,-100.0,-79.0,-100.0,-100.0,-60.0,-100.0,-69.0,-100.0,-49.0,-41.0,-59.0,-63.0,-100.0,-100.0,-62.0,-62.0,-100.0,-79.0,-100.0,-100.0,-60.0,-100.0,-69.0,-100.0,-49.0,-41.0,-59.0,-63.0,-100.0,-100.0,-100.0,-62.0,-100.0,-100.0,-68.0,-68.0
B1547,RP27,B,CTK45-dot-B,,23,,13.0,41.0,train,-100.0,-83.0,-100.0,-100.0,-59.0,-67.0,-100.0,-69.0,-44.0,-100.0,-48.0,-57.0,-100.0,-100.0,-50.0,-71.0,-100.0,-83.0,-100.0,-100.0,-59.0,-68.0,-100.0,-75.0,-44.0,-100.0,-100.0,-56.0,-100.0,-100.0,-63.0,-71.0,-100.0,-100.0,-59.0,-58.0
2025:01:13:14:21:17,RP27,A,SM-S908E,2212343.0,26,-46.02957287755411,13.0,41.0,train,-100.0,-77.0,-100.0,-100.0,-61.0,-64.0,-63.0,-100.0,-50.0,-48.0,-100.0,-54.0,-59.0,-68.0,-64.0,-58.0,-100.0,-77.0,-100.0,-61.0,-62.0,-100.0,-64.0,-100.0,-50.0,-48.0,-100.0,-54.0,-100.0,-69.0,-63.0,-58.0,-100.0,-100.0,-62.0,-62.0
B1569,RP27,B,CTK45-dot-B,,24,,13.0,41.0,train,-100.0,-84.0,-100.0,-100.0,-64.0,-64.0,-70.0,-73.0,-56.0,-48.0,-60.0,-58.0,-100.0,-63.0,-100.0,-76.0,-100.0,-84.0,-100.0,-100.0,-64.0,-64.0,-70.0,-73.0,-54.0,-46.0,-60.0,-58.0,-100.0,-62.0,-100.0,-77.0,-100.0,-100.0,-74.0,-74.0
B1548,RP27,B,CTK45-dot-B,,18,,13.0,41.0,train,-100.0,-85.0,-100.0,-75.0,-100.0,-70.0,-100.0,-64.0,-47.0,-100.0,-51.0,-100.0,-60.0,-100.0,-79.0,-67.0,-100.0,-84.0,-100.0,-79.0,-100.0,-68.0,-100.0,-65.0,-47.0,-100.0,-51.0,-100.0,-68.0,-100.0,-89.0,-67.0,-100.0,-100.0,-100.0,-100.0
2025:01:13:14:12:29,RP27,A,SM-S908E,2212343.0,30,-117.66717928169305,13.0,41.0,train,-100.0,-100.0,-73.0,-100.0,-64.0,-61.0,-68.0,-63.0,-45.0,-39.0,-53.0,-60.0,-66.0,-68.0,-67.0,-60.0,-100.0,-100.0,-73.0,-100.0,-64.0,-60.0,-69.0,-57.0,-45.0,-38.0,-100.0,-60.0,-66.0,-68.0,-67.0,-60.0,-57.0,-56.0,-63.0,-63.0
B1587,RP27,B,CTK45-dot-B,,11,,13.0,41.0,train,-68.0,-100.0,-100.0,-100.0,-55.0,-100.0,-100.0,-100.0,-100.0,-100.0,-100.0,-100.0,-64.0,-100.0,-100.0,-100.0,-68.0,-100.0,-69.0,-100.0,-55.0,-100.0,-100.0,-100.0,-100.0,-100.0,-100.0,-100.0,-67.0,-100.0,-100.0,-100.0,-50.0,-52.0,-100.0,-100.0
B1555,RP27,B,CTK45-dot-B,,22,,13.0,41.0,train,-100.0,-80.0,-100.0,-100.0,-65.0,-100.0,-67.0,-100.0,-43.0,-50.0,-48.0,-47.0,-62.0,-69.0,-100.0,-70.0,-100.0,-80.0,-100.0,-100.0,-65.0,-100.0,-67.0,-100.0,-44.0,-50.0,-48.0,-52.0,-70.0,-69.0,-100.0,-70.0,-73.0,-73.0,-100.0,-100.0
2025:01:13:14:24:04,RP27,A,SM-S908E,2212343.0,32,-35.189154097899426,13.0,41.0,train,-100.0,-77.0,-68.0,-64.0,-70.0,-65.0,-67.0,-100.0,-40.0,-40.0,-100.0,-52.0,-100.0,-64.0,-62.0,-65.0,-100.0,-77.0,-100.0,-100.0,-69.0,-65.0,-67.0,-100.0,-40.0,-40.0,-100.0,-53.0,-100.0,-64.0,-64.0,-65.0,-100.0,-63.0,-72.0,-72.0
B1534,RP27,B,CTK45-dot-B,,14,,13.0,41.0,train,-100.0,-85.0,-100.0,-100.0,-100.0,-55.0,-100.0,-69.0,-60.0,-100.0,-55.0,-100.0,-100.0,-100.0,-60.0,-66.0,-100.0,-85.0,-100.0,-100.0,-100.0,-55.0,-100.0,-69.0,-61.0,-100.0,-55.0,-100.0,-100.0,-100.0,-63.0,-67.0,-100.0,-100.0,-100.0,-100.0
2025:01:13:14:22:43,RP27,A,SM-S908E,2212343.0,28,-38.476610601274785,13.0,41.0,train,-100.0,-75.0,-71.0,-100.0,-69.0,-61.0,-67.0,-100.0,-40.0,-42.0,-48.0,-53.0,-59.0,-70.0,-64.0,-62.0,-100.0,-75.0,-100.0,-100.0,-69.0,-62.0,-66.0,-100.0,-40.0,-42.0,-49.0,-53.0,-100.0,-70.0,-65.0,-62.0,-100.0,-100.0,-73.0,-70.0
B1556,RP27,B,CTK45-dot-B,,32,,13.0,41.0,train,-100.0,-83.0,-74.0,-100.0,-66.0,-100.0,-60.0,-80.0,-64.0,-46.0,-52.0,-51.0,-100.0,-66.0,-66.0,-73.0,-100.0,-83.0,-100.0,-100.0,-67.0,-100.0,-60.0,-100.0,-56.0,-46.0,-52.0,-51.0,-100.0,-66.0,-64.0,-73.0,-70.0,-72.0,-75.0,-75.0
B1592,RP27,B,CTK45-dot-B,,11,,13.0,41.0,train,-65.0,-100.0,-100.0,-100.0,-60.0,-56.0,-100.0,-100.0,-43.0,-100.0,-100.0,-100.0,-73.0,-100.0,-100.0,-100.0,-100.0,-100.0,-100.0,-100.0,-61.0,-100.0,-100.0,-100.0,-42.0,-100.0,-60.0,-100.0,-73.0,-100.0,-100.0,-100.0,-54.0,-54.0,-100.0,-100.0
2025:01:13:14:17:29,RP27,A,SM-S908E,2212343.0,28,176.52749453889345,13.0,41.0,train,-100.0,-77.0,-100.0,-64.0,-63.0,-100.0,-68.0,-66.0,-42.0,-44.0,-45.0,-56.0,-59.0,-67.0,-63.0,-64.0,-100.0,-77.0,-100.0,-65.0,-58.0,-100.0,-69.0,-100.0,-100.0,-44.0,-45.0,-56.0,-59.0,-67.0,-64.0,-64.0,-58.0,-58.0,-62.0,-62.0
B1540,RP27,B,CTK45-dot-B,,15,,13.0,41.0,train,-100.0,-83.0,-100.0,-100.0,-70.0,-65.0,-67.0,-100.0,-100.0,-100.0,-100.0,-52.0,-100.0,-100.0,-100.0,-77.0,-100.0,-82.0,-100.0,-100.0,-70.0,-100.0,-66.0,-100.0,-100.0,-44.0,-100.0,-53.0,-100.0,-100.0,-100.0,-77.0,-100.0,-100.0,-79.0,-78.0
2025:01:13:14:14:02,RP27,A,SM-S908E,2212343.0,33,-111.74248055325302,13.0,41.0,train,-100.0,-77.0,-100.0,-61.0,-58.0,-59.0,-68.0,-78.0,-51.0,-39.0,-100.0,-61.0,-60.0,-66.0,-61.0,-58.0,-100.0,-77.0,-72.0,-62.0,-58.0,-60.0,-68.0,-78.0,-52.0,-39.0,-100.0,-61.0,-61.0,-67.0,-61.0,-58.0,-55.0,-62.0,-65.0,-65.0
B1572,RP27,B,CTK45-dot-B,,19,,13.0,41.0,train,-100.0,-83.0,-100.0,-100.0,-69.0,-62.0,-71.0,-100.0,-100.0,-47.0,-100.0,-55.0,-100.0,-69.0,-100.0,-74.0,-100.0,-83.0,-100.0,-100.0,-68.0,-62.0,-71.0,-100.0,-100.0,-45.0,-100.0,-55.0,-100.0,-69.0,-100.0,-74.0,-100.0,-100.0,-77.0,-76.0
B1565,RP27,B,CTK45-dot-B,,36,,13.0,41.0,train,-64.0,-69.0,-74.0,-46.0,-65.0,-66.0,-66.0,-100.0,-71.0,-46.0,-65.0,-55.0,-75.0,-77.0,-51.0,-52.0,-67.0,-70.0,-73.0,-46.0,-46.0,-66.0,-67.0,-100.0,-74.0,-46.0,-100.0,-54.0,-75.0,-79.0,-51.0,-52.0,-55.0,-57.0,-63.0,-62.0
2025:01:13:14:16:52,RP27,A,SM-S908E,2212343.0,27,170.793825668928,13.0,41.0,train,-100.0,-77.0,-100.0,-100.0,-56.0,-57.0,-66.0,-100.0,-45.0,-49.0,-44.0,-55.0,-100.0,-66.0,-60.0,-61.0,-100.0,-77.0,-100.0,-65.0,-56.0,-58.0,-67.0,-100.0,-45.0,-48.0,-44.0,-55.0,-100.0,-66.0,-60.0,-61.0,-100.0,-100.0,-70.0,-100.0
B1567,RP27,B,CTK45-dot-B,,21,,13.0,41.0,train,-100.0,-100.0,-100.0,-100.0,-65.0,-100.0,-66.0,-100.0,-100.0,-43.0,-61.0,-61.0,-71.0,-100.0,-75.0,-70.0,-100.0,-100.0,-100.0,-100.0,-63.0,-63.0,-67.0,-100.0,-100.0,-42.0,-61.0,-62.0,-71.0,-100.0,-75.0,-70.0,-58.0,-59.0,-66.0,-66.0
2025:01:13:14:20:39,RP27,A,SM-S908E,2212343.0,21,92.44507866675245,13.0,41.0,train,-100.0,-74.0,-100.0,-100.0,-61.0,-100.0,-65.0,-100.0,-55.0,-46.0,-100.0,-54.0,-100.0,-69.0,-62.0,-57.0,-100.0,-75.0,-100.0,-100.0,-61.0,-100.0,-65.0,-100.0,-55.0,-46.0,-100.0,-54.0,-100.0,-69.0,-64.0,-57.0,-100.0,-100.0,-62.0,-62.0
B1554,RP27,B,CTK45-dot-B,,18,,13.0,41.0,train,-75.0,-83.0,-100.0,-67.0,-100.0,-65.0,-100.0,-76.0,-41.0,-100.0,-59.0,-100.0,-75.0,-100.0,-100.0,-73.0,-100.0,-83.0,-100.0,-75.0,-100.0,-65.0,-100.0,-76.0,-41.0,-100.0,-59.0,-100.0,-100.0,-100.0,-100.0,-73.0,-69.0,-70.0,-100.0,-100.0
B1544,RP27,B,CTK45-dot-B,,15,,13.0,41.0,train,-100.0,-85.0,-100.0,-68.0,-100.0,-66.0,-100.0,-71.0,-54.0,-100.0,-53.0,-100.0,-67.0,-100.0,-100.0,-70.0,-100.0,-86.0,-100.0,-69.0,-100.0,-66.0,-100.0,-71.0,-53.0,-100.0,-53.0,-100.0,-100.0,-100.0,-100.0,-69.0,-100.0,-100.0,-100.0,-100.0
B1577,RP27,B,CTK45-dot-B,,11,,13.0,41.0,train,-73.0,-100.0,-100.0,-100.0,-55.0,-59.0,-100.0,-100.0,-42.0,-100.0,-100.0,-100.0,-65.0,-100.0,-59.0,-100.0,-100.0,-100.0,-100.0,-100.0,-55.0,-61.0,-100.0,-100.0,-43.0,-100.0,-100.0,-100.0,-67.0,-100.0,-58.0,-100.0,-100.0,-100.0,-100.0,-100.0
B1552,RP27,B,CTK45-dot-B,,18,,13.0,41.0,train,-69.0,-84.0,-100.0,-62.0,-100.0,-63.0,-100.0,-70.0,-46.0,-100.0,-62.0,-100.0,-63.0,-100.0,-61.0,-67.0,-76.0,-84.0,-100.0,-69.0,-100.0,-62.0,-100.0,-72.0,-45.0,-100.0,-100.0,-100.0,-66.0,-100.0,-100.0,-67.0,-100.0,-100.0,-100.0,-100.0
B1584,RP27,B,CTK45-dot-B,,10,,13.0,41.0,train,-100.0,-100.0,-100.0,-100.0,-58.0,-58.0,-100.0,-100.0,-53.0,-39.0,-56.0,-100.0,-100.0,-100.0,-100.0,-100.0,-100.0,-100.0,-100.0,-100.0,-58.0,-57.0,-100.0,-100.0,-53.0,-100.0,-100.0,-100.0,-100.0,-100.0,-100.0,-100.0,-52.0,-53.0,-100.0,-100.0
B1586,RP27,B,CTK45-dot-B,,8,,13.0,41.0,train,-100.0,-100.0,-100.0,-100.0,-63.0,-100.0,-100.0,-100.0,-49.0,-100.0,-100.0,-100.0,-60.0,-100.0,-67.0,-100.0,-100.0,-100.0,-100.0,-100.0,-63.0,-100.0,-100.0,-100.0,-49.0,-100.0,-100.0,-100.0,-68.0,-100.0,-67.0,-100.0,-100.0,-100.0,-100.0,-100.0
B1546,RP27,B,CTK45-dot-B,,18,,13.0,41.0,train,-72.0,-84.0,-100.0,-57.0,-100.0,-65.0,-100.0,-72.0,-43.0,-100.0,-100.0,-100.0,-59.0,-100.0,-69.0,-70.0,-100.0,-84.0,-100.0,-57.0,-100.0,-58.0,-100.0,-73.0,-44.0,-100.0,-100.0,-100.0,-100.0,-100.0,-68.0,-70.0,-72.0,-71.0,-100.0,-100.0
2025:01:13:14:16:13,RP27,A,SM-S908E,2212343.0,38,175.35426032095995,13.0,41.0,train,-100.0,-81.0,-100.0,-65.0,-62.0,-61.0,-67.0,-73.0,-49.0,-49.0,-49.0,-61.0,-67.0,-63.0,-60.0,-67.0,-100.0,-81.0,-100.0,-65.0,-63.0,-62.0,-67.0,-73.0,-49.0,-49.0,-49.0,-61.0,-67.0,-63.0,-60.0,-67.0,-56.0,-54.0,-65.0,-64.0
2025:01:13:14:14:40,RP27,A,SM-S908E,2212343.0,33,169.73762953980588,13.0,41.0,train,-100.0,-78.0,-100.0,-57.0,-62.0,-100.0,-65.0,-100.0,-45.0,-45.0,-59.0,-57.0,-65.0,-73.0,-57.0,-59.0,-100.0,-78.0,-100.0,-58.0,-62.0,-60.0,-65.0,-100.0,-45.0,-44.0,-59.0,-57.0,-66.0,-73.0,-100.0,-59.0,-53.0,-53.0,-64.0,-64.0
2025:01:13:14:18:54,RP27,A,SM-S908E,2212343.0,36,88.11238327912906,13.0,41.0,train,-100.0,-80.0,-100.0,-61.0,-72.0,-59.0,-64.0,-100.0,-46.0,-43.0,-49.0,-60.0,-63.0,-68.0,-63.0,-66.0,-69.0,-80.0,-100.0,-63.0,-72.0,-59.0,-64.0,-72.0,-50.0,-43.0,-49.0,-60.0,-63.0,-68.0,-63.0,-66.0,-57.0,-54.0,-63.0,-63.0
B1550,RP27,B,CTK45-dot-B,,30,,13.0,41.0,train,-100.0,-85.0,-100.0,-100.0,-60.0,-61.0,-100.0,-81.0,-47.0,-47.0,-100.0,-50.0,-100.0,-68.0,-62.0,-65.0,-100.0,-85.0,-100.0,-100.0,-60.0,-68.0,-100.0,-80.0,-47.0,-47.0,-100.0,-48.0,-100.0,-68.0,-60.0,-64.0,-58.0,-59.0,-64.0,-63.0
B1562,RP27,B,CTK45-dot-B,,21,,13.0,41.0,train,-100.0,-86.0,-85.0,-100.0,-66.0,-100.0,-65.0,-100.0,-100.0,-43.0,-100.0,-61.0,-100.0,-67.0,-100.0,-70.0,-100.0,-86.0,-100.0,-100.0,-67.0,-100.0,-65.0,-100.0,-100.0,-43.0,-100.0,-61.0,-100.0,-67.0,-100.0,-69.0,-61.0,-60.0,-66.0,-66.0
B1570,RP27,B,CTK45-dot-B,,22,,13.0,41.0,train,-100.0,-83.0,-100.0,-71.0,-68.0,-100.0,-72.0,-100.0,-55.0,-45.0,-100.0,-58.0,-100.0,-69.0,-64.0,-100.0,-100.0,-82.0,-100.0,-72.0,-68.0,-100.0,-72.0,-100.0,-100.0,-45.0,-100.0,-58.0,-72.0,-70.0,-65.0,-100.0,-100.0,-100.0,-78.0,-78.0
B1589,RP27,B,CTK45-dot-B,,25,,13.0,41.0,train,-100.0,-78.0,-100.0,-100.0,-58.0,-57.0,-100.0,-100.0,-48.0,-45.0,-37.0,-51.0,-100.0,-66.0,-66.0,-62.0,-100.0,-78.0,-100.0,-100.0,-59.0,-57.0,-100.0,-100.0,-48.0,-46.0,-37.0,-51.0,-55.0,-66.0,-67.0,-62.0,-100.0,-100.0,-100.0,-100.0
B1571,RP27,B,CTK45-dot-B,,24,,13.0,41.0,train,-100.0,-83.0,-100.0,-100.0,-68.0,-65.0,-73.0,-74.0,-54.0,-49.0,-100.0,-57.0,-100.0,-71.0,-100.0,-75.0,-100.0,-84.0,-100.0,-100.0,-67.0,-63.0,-74.0,-73.0,-55.0,-47.0,-100.0,-57.0,-100.0,-70.0,-100.0,-75.0,-100.0,-100.0,-80.0,-80.0
B1581,RP27,B,CTK45-dot-B,,13,,13.0,41.0,train,-80.0,-100.0,-100.0,-100.0,-62.0,-100.0,-100.0,-100.0,-43.0,-100.0,-100.0,-100.0,-68.0,-100.0,-61.0,-100.0,-76.0,-100.0,-100.0,-100.0,-62.0,-100.0,-100.0,-100.0,-42.0,-100.0,-100.0,-100.0,-68.0,-100.0,-100.0,-100.0,-72.0,-72.0,-100.0,-100.0
B1542,RP27,B,CTK45-dot-B,,22,,13.0,41.0,train,-100.0,-100.0,-100.0,-100.0,-100.0,-100.0,-70.0,-74.0,-58.0,-47.0,-63.0,-54.0,-100.0,-64.0,-65.0,-75.0,-100.0,-100.0,-100.0,-100.0,-71.0,-100.0,-71.0,-74.0,-56.0,-46.0,-63.0,-54.0,-100.0,-64.0,-62.0,-75.0,-100.0,-100.0,-81.0,-80.0
B1558,RP27,B,CTK45-dot-B,,30,,13.0,41.0,train,-100.0,-81.0,-100.0,-63.0,-67.0,-63.0,-59.0,-100.0,-45.0,-44.0,-67.0,-51.0,-69.0,-100.0,-65.0,-73.0,-100.0,-82.0,-100.0,-64.0,-67.0,-63.0,-59.0,-100.0,-45.0,-42.0,-66.0,-48.0,-67.0,-100.0,-64.0,-73.0,-71.0,-70.0,-67.0,-67.0
B1564,RP27,B,CTK45-dot-B,,19,,13.0,41.0,train,-100.0,-83.0,-100.0,-71.0,-100.0,-100.0,-69.0,-100.0,-55.0,-44.0,-100.0,-56.0,-75.0,-66.0,-100.0,-75.0,-100.0,-83.0,-100.0,-71.0,-100.0,-100.0,-69.0,-100.0,-100.0,-43.0,-100.0,-57.0,-100.0,-66.0,-100.0,-76.0,-100.0,-100.0,-74.0,-74.0
B1549,RP27,B,CTK45-dot-B,,27,,13.0,41.0,train,-69.0,-84.0,-100.0,-100.0,-65.0,-100.0,-59.0,-74.0,-100.0,-47.0,-59.0,-50.0,-100.0,-69.0,-100.0,-68.0,-100.0,-83.0,-100.0,-100.0,-63.0,-100.0,-59.0,-75.0,-49.0,-47.0,-67.0,-51.0,-100.0,-69.0,-100.0,-67.0,-58.0,-59.0,-100.0,-100.0
B1551,RP27,B,CTK45-dot-B,,30,,13.0,41.0,train,-100.0,-87.0,-100.0,-58.0,-63.0,-69.0,-59.0,-75.0,-47.0,-46.0,-100.0,-49.0,-100.0,-68.0,-100.0,-64.0,-100.0,-86.0,-100.0,-100.0,-64.0,-69.0,-59.0,-74.0,-49.0,-45.0,-100.0,-49.0,-100.0,-68.0,-100.0,-65.0,-60.0,-100.0,-62.0,-62.0
2025:01:13:14:20:05,RP27,A,SM-S908E,2212343.0,26,94.71027303938011,13.0,41.0,train,-100.0,-76.0,-100.0,-100.0,-54.0,-64.0,-65.0,-68.0,-39.0,-43.0,-43.0,-55.0,-100.0,-100.0,-100.0,-55.0,-100.0,-76.0,-100.0,-62.0,-54.0,-64.0,-65.0,-66.0,-45.0,-43.0,-43.0,-55.0,-100.0,-100.0,-100.0,-55.0,-100.0,-57.0,-64.0,-63.0
B1561,RP27,B,CTK45-dot-B,,16,,13.0,41.0,train,-100.0,-83.0,-100.0,-100.0,-100.0,-100.0,-69.0,-100.0,-100.0,-47.0,-61.0,-53.0,-100.0,-100.0,-100.0,-78.0,-100.0,-82.0,-100.0,-100.0,-100.0,-100.0,-69.0,-100.0,-100.0,-50.0,-61.0,-55.0,-100.0,-100.0,-100.0,-78.0,-100.0,-100.0,-78.0,-77.0
B1559,RP27,B,CTK45-dot-B,,31,,13.0,41.0,train,-100.0,-82.0,-83.0,-100.0,-61.0,-61.0,-65.0,-66.0,-38.0,-40.0,-100.0,-66.0,-66.0,-100.0,-58.0,-73.0,-100.0,-82.0,-83.0,-100.0,-62.0,-60.0,-66.0,-65.0,-39.0,-40.0,-100.0,-55.0,-100.0,-67.0,-59.0,-73.0,-64.0,-63.0,-69.0,-70.0
B1563,RP27,B,CTK45-dot-B,,21,,13.0,41.0,train,-100.0,-85.0,-100.0,-100.0,-70.0,-62.0,-69.0,-72.0,-100.0,-46.0,-100.0,-61.0,-100.0,-68.0,-64.0,-75.0,-100.0,-84.0,-100.0,-100.0,-70.0,-61.0,-70.0,-60.0,-100.0,-47.0,-100.0,-61.0,-100.0,-69.0,-100.0,-75.0,-100.0,-100.0,-78.0,-78.0
B1538,RP27,B,CTK45-dot-B,,18,,13.0,41.0,train,-100.0,-100.0,-100.0,-100.0,-100.0,-59.0,-70.0,-71.0,-54.0,-45.0,-100.0,-54.0,-100.0,-100.0,-66.0,-100.0,-100.0,-100.0,-100.0,-100.0,-100.0,-60.0,-70.0,-72.0,-100.0,-46.0,-100.0,-54.0,-100.0,-66.0,-100.0,-100.0,-75.0,-100.0,-74.0,-75.0
B1539,RP27,B,CTK45-dot-B,,19,,13.0,41.0,train,-100.0,-100.0,-100.0,-73.0,-66.0,-100.0,-68.0,-100.0,-45.0,-45.0,-100.0,-58.0,-100.0,-73.0,-69.0,-100.0,-100.0,-100.0,-100.0,-100.0,-65.0,-100.0,-69.0,-71.0,-100.0,-47.0,-100.0,-58.0,-100.0,-73.0,-68.0,-100.0,-100.0,-100.0,-79.0,-79.0
B1533,RP27,B,CTK45-dot-B,,14,,13.0,41.0,train,-100.0,-84.0,-78.0,-100.0,-100.0,-100.0,-100.0,-100.0,-45.0,-100.0,-44.0,-100.0,-100.0,-100.0,-61.0,-65.0,-100.0,-84.0,-78.0,-100.0,-100.0,-100.0,-100.0,-100.0,-46.0,-100.0,-46.0,-100.0,-100.0,-100.0,-61.0,-65.0,-70.0,-71.0,-100.0,-100.0
B1545,RP27,B,CTK45-dot-B,,29,,13.0,41.0,validation,-100.0,-85.0,-76.0,-84.0,-50.0,-57.0,-100.0,-71.0,-42.0,-43.0,-100.0,-52.0,-100.0,-66.0,-66.0,-64.0,-100.0,-84.0,-85.0,-100.0,-50.0,-58.0,-100.0,-70.0,-42.0,-43.0,-100.0,-53.0,-100.0,-65.0,-68.0,-64.0,-62.0,-63.0,-58.0,-58.0
B1578,RP27,B,CTK45-dot-B,,12,,13.0,41.0,validation,-73.0,-100.0,-100.0,-100.0,-59.0,-55.0,-100.0,-100.0,-37.0,-100.0,-100.0,-100.0,-66.0,-100.0,-57.0,-100.0,-100.0,-100.0,-100.0,-100.0,-60.0,-100.0,-100.0,-100.0,-100.0,-100.0,-100.0,-100.0,-67.0,-100.0,-57.0,-100.0,-57.0,-56.0,-100.0,-100.0
B1575,RP27,B,CTK45-dot-B,,20,,13.0,41.0,validation,-100.0,-100.0,-100.0,-61.0,-65.0,-64.0,-100.0,-100.0,-46.0,-51.0,-45.0,-53.0,-64.0,-64.0,-100.0,-66.0,-100.0,-100.0,-100.0,-100.0,-65.0,-100.0,-100.0,-100.0,-44.0,-52.0,-47.0,-53.0,-100.0,-64.0,-61.0,-66.0,-100.0,-100.0,-100.0,-100.0
2025:01:13:14:18:12,RP27,A,SM-S908E,2212343.0,29,96.03008705004191,13.0,41.0,validation,-100.0,-76.0,-78.0,-100.0,-62.0,-58.0,-67.0,-100.0,-41.0,-40.0,-46.0,-56.0,-59.0,-68.0,-61.0,-58.0,-100.0,-76.0,-100.0,-64.0,-62.0,-57.0,-67.0,-100.0,-41.0,-41.0,-46.0,-56.0,-59.0,-69.0,-61.0,-58.0,-100.0,-100.0,-63.0,-62.0
B1553,RP27,B,CTK45-dot-B,,24,,13.0,41.0,validation,-100.0,-83.0,-100.0,-100.0,-64.0,-67.0,-60.0,-71.0,-40.0,-100.0,-59.0,-48.0,-100.0,-66.0,-69.0,-70.0,-100.0,-83.0,-100.0,-80.0,-64.0,-66.0,-60.0,-81.0,-41.0,-100.0,-100.0,-48.0,-100.0,-65.0,-69.0,-71.0,-100.0,-100.0,-100.0,-100.0
B1557,RP27,B,CTK45-dot-B,,11,,13.0,41.0,validation,-100.0,-95.0,-100.0,-100.0,-100.0,-77.0,-100.0,-87.0,-70.0,-100.0,-100.0,-100.0,-100.0,-100.0,-81.0,-89.0,-100.0,-95.0,-100.0,-100.0,-100.0,-80.0,-100.0,-100.0,-78.0,-100.0,-100.0,-100.0,-100.0,-100.0,-100.0,-89.0,-100.0,-100.0,-100.0,-100.0
2025:01:13:14:15:15,RP27,A,SM-S908E,2212343.0,22,174.3852912865686,13.0,41.0,validation,-100.0,-100.0,-100.0,-100.0,-61.0,-100.0,-66.0,-100.0,-100.0,-46.0,-43.0,-55.0,-100.0,-64.0,-62.0,-56.0,-100.0,-100.0,-100.0,-100.0,-62.0,-100.0,-66.0,-100.0,-100.0,-46.0,-100.0,-55.0,-55.0,-65.0,-63.0,-56.0,-100.0,-100.0,-60.0,-59.0
2025:01:13:14:23:29,RP27,A,SM-S908E,2212343.0,26,-36.73185212861389,13.0,41.0,validation,-100.0,-100.0,-100.0,-64.0,-70.0,-63.0,-66.0,-100.0,-100.0,-41.0,-51.0,-53.0,-100.0,-66.0,-63.0,-64.0,-100.0,-100.0,-100.0,-66.0,-71.0,-62.0,-66.0,-100.0,-100.0,-41.0,-51.0,-53.0,-61.0,-100.0,-63.0,-64.0,-59.0,-59.0,-71.0,-72.0
B1535,RP27,B,CTK45-dot-B,,17,,13.0,41.0,validation,-100.0,-83.0,-100.0,-57.0,-65.0,-100.0,-74.0,-100.0,-47.0,-41.0,-100.0,-52.0,-100.0,-100.0,-100.0,-77.0,-100.0,-84.0,-100.0,-100.0,-66.0,-100.0,-73.0,-100.0,-100.0,-41.0,-100.0,-52.0,-100.0,-100.0,-100.0,-77.0,-100.0,-100.0,-75.0,-75.0
B1582,RP27,B,CTK45-dot-B,,12,,13.0,41.0,validation,-72.0,-100.0,-100.0,-100.0,-61.0,-61.0,-100.0,-100.0,-40.0,-100.0,-100.0,-100.0,-60.0,-100.0,-61.0,-100.0,-72.0,-100.0,-100.0,-100.0,-61.0,-100.0,-100.0,-100.0,-40.0,-100.0,-100.0,-100.0,-100.0,-100.0,-61.0,-100.0,-100.0,-100.0,-100.0,-100.0
B1560,RP27,B,CTK45-dot-B,,36,,13.0,41.0,validation,-100.0,-87.0,-77.0,-64.0,-59.0,-55.0,-71.0,-63.0,-42.0,-45.0,-55.0,-55.0,-100.0,-66.0,-69.0,-66.0,-100.0,-88.0,-76.0,-64.0,-59.0,-55.0,-71.0,-62.0,-42.0,-44.0,-55.0,-61.0,-100.0,-66.0,-100.0,-66.0,-58.0,-58.0,-61.0,-61.0
B1576,RP27,B,CTK45-dot-B,,25,,13.0,41.0,validation,-100.0,-100.0,-100.0,-61.0,-65.0,-64.0,-100.0,-100.0,-46.0,-51.0,-45.0,-53.0,-64.0,-64.0,-100.0,-66.0,-100.0,-100.0,-100.0,-100.0,-65.0,-100.0,-100.0,-100.0,-44.0,-52.0,-47.0,-53.0,-62.0,-64.0,-61.0,-66.0,-100.0,-61.0,-100.0,-100.0
B1536,RP27,B,CTK45-dot-B,,31,,13.0,41.0,test,-84.0,-83.0,-100.0,-100.0,-64.0,-69.0,-71.0,-73.0,-47.0,-41.0,-55.0,-53.0,-57.0,-69.0,-100.0,-74.0,-100.0,-83.0,-100.0,-100.0,-63.0,-68.0,-71.0,-72.0,-47.0,-42.0,-55.0,-52.0,-61.0,-69.0,-100.0,-74.0,-62.0,-62.0,-77.0,-77.0
2025:01:13:14:10:45,RP27,A,SM-S908E,2212343.0,29,-113.67427078489406,13.0,41.0,test,-50.0,-65.0,-100.0,-45.0,-54.0,-51.0,-65.0,-100.0,-62.0,-50.0,-46.0,-52.0,-55.0,-70.0,-48.0,-46.0,-50.0,-100.0,-100.0,-100.0,-54.0,-53.0,-64.0,-100.0,-61.0,-50.0,-49.0,-52.0,-57.0,-70.0,-100.0,-46.0,-56.0,-56.0,-64.0,-64.0
B1566,RP27,B,CTK45-dot-B,,24,,13.0,41.0,test,-100.0,-100.0,-100.0,-100.0,-66.0,-66.0,-66.0,-100.0,-100.0,-43.0,-63.0,-63.0,-100.0,-68.0,-77.0,-70.0,-100.0,-100.0,-100.0,-100.0,-64.0,-66.0,-66.0,-100.0,-100.0,-41.0,-63.0,-63.0,-100.0,-68.0,-74.0,-70.0,-63.0,-61.0,-66.0,-66.0
2025:01:13:14:19:31,RP27,A,SM-S908E,2212343.0,26,83.60493003441283,13.0,41.0,test,-100.0,-76.0,-100.0,-66.0,-54.0,-100.0,-62.0,-100.0,-45.0,-45.0,-42.0,-55.0,-68.0,-67.0,-62.0,-53.0,-100.0,-76.0,-100.0,-66.0,-54.0,-100.0,-62.0,-100.0,-100.0,-45.0,-42.0,-55.0,-100.0,-67.0,-59.0,-53.0,-100.0,-100.0,-65.0,-64.0
B1583,RP27,B,CTK45-dot-B,,26,,13.0,41.0,test,-65.0,-100.0,-100.0,-61.0,-59.0,-58.0,-100.0,-100.0,-42.0,-44.0,-58.0,-63.0,-72.0,-74.0,-66.0,-63.0,-66.0,-100.0,-100.0,-61.0,-59.0,-57.0,-100.0,-100.0,-42.0,-45.0,-61.0,-63.0,-71.0,-74.0,-67.0,-63.0,-54.0,-54.0,-100.0,-100.0
B1580,RP27,B,CTK45-dot-B,,13,,13.0,41.0,test,-76.0,-100.0,-100.0,-100.0,-62.0,-68.0,-100.0,-100.0,-42.0,-100.0,-100.0,-100.0,-67.0,-100.0,-72.0,-100.0,-76.0,-100.0,-100.0,-100.0,-63.0,-66.0,-100.0,-100.0,-42.0,-100.0,-100.0,-100.0,-67.0,-100.0,-72.0,-100.0,-100.0,-100.0,-100.0,-100.0
B1579,RP27,B,CTK45-dot-B,,7,,13.0,41.0,test,-100.0,-100.0,-100.0,-100.0,-60.0,-100.0,-100.0,-100.0,-47.0,-100.0,-100.0,-100.0,-100.0,-100.0,-67.0,-100.0,-100.0,-100.0,-100.0,-100.0,-60.0,-63.0,-100.0,-100.0,-47.0,-100.0,-100.0,-100.0,-100.0,-100.0,-100.0,-100.0,-100.0,-100.0,-100.0,-100.0
B1574,RP27,B,CTK45-dot-B,,21,,13.0,41.0,test,-100.0,-76.0,-100.0,-100.0,-58.0,-61.0,-100.0,-100.0,-47.0,-39.0,-100.0,-52.0,-100.0,-63.0,-68.0,-63.0,-100.0,-76.0,-100.0,-100.0,-58.0,-100.0,-100.0,-100.0,-47.0,-39.0,-46.0,-55.0,-64.0,-63.0,-67.0,-63.0,-100.0,-100.0,-100.0,-100.0
B1585,RP27,B,CTK45-dot-B,,14,,13.0,41.0,test,-69.0,-100.0,-64.0,-100.0,-56.0,-59.0,-100.0,-100.0,-51.0,-40.0,-100.0,-100.0,-100.0,-100.0,-100.0,-100.0,-69.0,-100.0,-70.0,-100.0,-56.0,-59.0,-100.0,-100.0,-51.0,-40.0,-100.0,-100.0,-100.0,-100.0,-100.0,-100.0,-50.0,-53.0,-100.0,-100.0
B1543,RP27,B,CTK45-dot-B,,15,,13.0,41.0,test,-100.0,-85.0,-100.0,-68.0,-100.0,-100.0,-100.0,-67.0,-45.0,-100.0,-49.0,-100.0,-100.0,-100.0,-66.0,-76.0,-100.0,-85.0,-100.0,-100.0,-100.0,-100.0,-100.0,-68.0,-45.0,-100.0,-49.0,-100.0,-100.0,-100.0,-66.0,-76.0,-72.0,-72.0,-100.0,-100.0
B1537,RP27,B,CTK45-dot-B,,27,,13.0,41.0,test,-100.0,-81.0,-100.0,-68.0,-62.0,-71.0,-64.0,-100.0,-67.0,-45.0,-53.0,-59.0,-72.0,-68.0,-80.0,-77.0,-100.0,-81.0,-100.0,-100.0,-62.0,-71.0,-64.0,-100.0,-67.0,-46.0,-53.0,-60.0,-73.0,-68.0,-79.0,-76.0,-100.0,-100.0,-74.0,-74.0
2025:01:13:14:13:05,RP27,A,SM-S908E,2212343.0,26,-109.48762233924953,13.0,41.0,test,-100.0,-76.0,-100.0,-56.0,-61.0,-100.0,-65.0,-100.0,-47.0,-39.0,-57.0,-60.0,-62.0,-69.0,-69.0,-61.0,-100.0,-76.0,-100.0,-58.0,-62.0,-100.0,-65.0,-100.0,-47.0,-39.0,-100.0,-60.0,-61.0,-69.0,-100.0,-61.0,-100.0,-100.0,-64.0,-64.0
B1635,RP28,B,CTK45-dot-B,,14,,0.0,41.0,train,-100.0,-82.0,-79.0,-55.0,-100.0,-100.0,-100.0,-100.0,-59.0,-100.0,-49.0,-100.0,-100.0,-100.0,-55.0,-59.0,-100.0,-82.0,-78.0,-61.0,-100.0,-100.0,-100.0,-100.0,-66.0,-100.0,-49.0,-100.0,-100.0,-100.0,-58.0,-59.0,-100.0,-100.0,-100.0,-100.0
B1643,RP28,B,CTK45-dot-B,,11,,0.0,41.0,train,-100.0,-84.0,-100.0,-100.0,-100.0,-62.0,-100.0,-81.0,-61.0,-100.0,-100.0,-100.0,-100.0,-100.0,-57.0,-59.0,-100.0,-84.0,-100.0,-100.0,-100.0,-100.0,-100.0,-100.0,-62.0,-100.0,-100.0,-100.0,-100.0,-100.0,-59.0,-59.0,-100.0,-100.0,-100.0,-100.0
2025:01:13:14:55:06,RP28,A,SM-S908E,2212343.0,21,-58.866824057753085,0.0,41.0,train,-100.0,-77.0,-76.0,-50.0,-100.0,-100.0,-70.0,-100.0,-100.0,-64.0,-57.0,-63.0,-100.0,-100.0,-100.0,-69.0,-100.0,-77.0,-77.0,-50.0,-59.0,-68.0,-70.0,-100.0,-100.0,-64.0,-100.0,-63.0,-100.0,-100.0,-100.0,-69.0,-60.0,-60.0,-71.0,-71.0
B1634,RP28,B,CTK45-dot-B,,27,,0.0,41.0,train,-100.0,-84.0,-100.0,-54.0,-64.0,-63.0,-58.0,-100.0,-56.0,-57.0,-49.0,-58.0,-100.0,-70.0,-59.0,-61.0,-100.0,-83.0,-100.0,-54.0,-50.0,-60.0,-58.0,-100.0,-55.0,-57.0,-48.0,-59.0,-100.0,-71.0,-58.0,-61.0,-100.0,-64.0,-61.0,-61.0
B1633,RP28,B,CTK45-dot-B,,20,,0.0,41.0,train,-100.0,-81.0,-100.0,-100.0,-55.0,-63.0,-100.0,-100.0,-65.0,-64.0,-54.0,-55.0,-100.0,-77.0,-100.0,-61.0,-100.0,-81.0,-100.0,-100.0,-54.0,-69.0,-100.0,-100.0,-64.0,-64.0,-55.0,-55.0,-100.0,-76.0,-100.0,-61.0,-100.0,-100.0,-100.0,-100.0
B1604,RP28,B,CTK45-dot-B,,16,,0.0,41.0,train,-100.0,-80.0,-100.0,-100.0,-56.0,-100.0,-72.0,-100.0,-100.0,-61.0,-100.0,-100.0,-65.0,-73.0,-100.0,-63.0,-74.0,-80.0,-100.0,-100.0,-56.0,-100.0,-73.0,-100.0,-100.0,-100.0,-100.0,-100.0,-63.0,-75.0,-100.0,-63.0,-100.0,-100.0,-67.0,-67.0
B1639,RP28,B,CTK45-dot-B,,24,,0.0,41.0,train,-100.0,-79.0,-100.0,-100.0,-59.0,-100.0,-63.0,-100.0,-64.0,-64.0,-61.0,-56.0,-75.0,-74.0,-100.0,-63.0,-100.0,-80.0,-100.0,-100.0,-59.0,-63.0,-63.0,-100.0,-64.0,-63.0,-61.0,-56.0,-100.0,-100.0,-100.0,-62.0,-100.0,-100.0,-63.0,-62.0
B1642,RP28,B,CTK45-dot-B,,23,,0.0,41.0,train,-100.0,-83.0,-100.0,-60.0,-57.0,-100.0,-63.0,-100.0,-64.0,-60.0,-100.0,-52.0,-100.0,-71.0,-100.0,-61.0,-100.0,-82.0,-100.0,-53.0,-59.0,-100.0,-64.0,-100.0,-100.0,-60.0,-100.0,-52.0,-100.0,-72.0,-100.0,-61.0,-100.0,-100.0,-64.0,-63.0
B1611,RP28,B,CTK45-dot-B,,21,,0.0,41.0,train,-70.0,-77.0,-100.0,-52.0,-49.0,-100.0,-67.0,-100.0,-100.0,-60.0,-100.0,-51.0,-100.0,-67.0,-57.0,-67.0,-100.0,-76.0,-100.0,-51.0,-48.0,-100.0,-100.0,-100.0,-56.0,-51.0,-100.0,-52.0,-100.0,-66.0,-57.0,-68.0,-100.0,-100.0,-64.0,-63.0
B1594,RP28,B,CTK45-dot-B,,22,,0.0,41.0,train,-100.0,-80.0,-78.0,-50.0,-59.0,-100.0,-67.0,-100.0,-100.0,-57.0,-56.0,-56.0,-100.0,-100.0,-100.0,-62.0,-100.0,-80.0,-78.0,-51.0,-59.0,-100.0,-67.0,-100.0,-100.0,-60.0,-56.0,-55.0,-100.0,-100.0,-100.0,-62.0,-100.0,-100.0,-62.0,-61.0
B1631,RP28,B,CTK45-dot-B,,23,,0.0,41.0,train,-100.0,-73.0,-100.0,-52.0,-50.0,-63.0,-100.0,-100.0,-100.0,-64.0,-100.0,-59.0,-100.0,-100.0,-43.0,-55.0,-100.0,-73.0,-100.0,-51.0,-51.0,-64.0,-100.0,-100.0,-100.0,-64.0,-100.0,-59.0,-100.0,-75.0,-45.0,-55.0,-52.0,-52.0,-100.0,-100.0
B1650,RP28,B,CTK45-dot-B,,29,,0.0,41.0,train,-100.0,-84.0,-70.0,-63.0,-56.0,-100.0,-67.0,-100.0,-100.0,-60.0,-100.0,-51.0,-71.0,-68.0,-57.0,-67.0,-100.0,-84.0,-70.0,-64.0,-56.0,-75.0,-68.0,-100.0,-100.0,-61.0,-100.0,-51.0,-69.0,-100.0,-56.0,-67.0,-100.0,-100.0,-73.0,-73.0
B1605,RP28,B,CTK45-dot-B,,22,,0.0,41.0,train,-100.0,-75.0,-81.0,-100.0,-57.0,-65.0,-67.0,-100.0,-100.0,-63.0,-64.0,-56.0,-100.0,-75.0,-63.0,-62.0,-78.0,-75.0,-100.0,-100.0,-57.0,-66.0,-66.0,-100.0,-100.0,-100.0,-100.0,-54.0,-100.0,-75.0,-64.0,-62.0,-100.0,-100.0,-63.0,-63.0
B1641,RP28,B,CTK45-dot-B,,12,,0.0,41.0,train,-100.0,-80.0,-100.0,-61.0,-100.0,-61.0,-100.0,-82.0,-69.0,-100.0,-57.0,-100.0,-100.0,-100.0,-100.0,-59.0,-100.0,-80.0,-100.0,-100.0,-100.0,-62.0,-100.0,-100.0,-60.0,-100.0,-49.0,-100.0,-100.0,-100.0,-100.0,-59.0,-100.0,-100.0,-100.0,-100.0
2025:01:13:14:52:53,RP28,A,SM-S908E,2212343.0,29,105.67149424056018,0.0,41.0,train,-65.0,-77.0,-100.0,-55.0,-53.0,-67.0,-70.0,-100.0,-68.0,-70.0,-57.0,-68.0,-100.0,-81.0,-60.0,-63.0,-64.0,-76.0,-100.0,-55.0,-54.0,-67.0,-71.0,-100.0,-69.0,-70.0,-57.0,-68.0,-100.0,-81.0,-60.0,-63.0,-100.0,-54.0,-65.0,-65.0
B1625,RP28,B,CTK45-dot-B,,12,,0.0,41.0,train,-100.0,-100.0,-75.0,-100.0,-100.0,-58.0,-100.0,-100.0,-48.0,-100.0,-100.0,-100.0,-100.0,-100.0,-51.0,-100.0,-100.0,-100.0,-73.0,-100.0,-64.0,-58.0,-100.0,-100.0,-49.0,-100.0,-100.0,-100.0,-100.0,-100.0,-50.0,-100.0,-62.0,-100.0,-100.0,-100.0
2025:01:13:14:48:15,RP28,A,SM-S908E,2212343.0,27,173.6925853122554,0.0,41.0,train,-67.0,-75.0,-100.0,-100.0,-55.0,-100.0,-75.0,-100.0,-67.0,-67.0,-59.0,-69.0,-100.0,-66.0,-60.0,-64.0,-67.0,-75.0,-100.0,-100.0,-55.0,-100.0,-76.0,-73.0,-66.0,-67.0,-59.0,-69.0,-100.0,-67.0,-60.0,-65.0,-59.0,-58.0,-75.0,-74.0
2025:01:13:14:51:35,RP28,A,SM-S908E,2212343.0,26,105.78633217143826,0.0,41.0,train,-62.0,-73.0,-100.0,-55.0,-55.0,-59.0,-70.0,-100.0,-67.0,-100.0,-65.0,-69.0,-100.0,-77.0,-53.0,-65.0,-64.0,-74.0,-100.0,-59.0,-55.0,-60.0,-70.0,-100.0,-70.0,-100.0,-65.0,-69.0,-100.0,-77.0,-55.0,-65.0,-100.0,-100.0,-67.0,-67.0
B1630,RP28,B,CTK45-dot-B,,22,,0.0,41.0,train,-62.0,-76.0,-100.0,-100.0,-47.0,-60.0,-100.0,-100.0,-100.0,-100.0,-100.0,-55.0,-56.0,-71.0,-50.0,-54.0,-61.0,-76.0,-100.0,-52.0,-48.0,-60.0,-100.0,-100.0,-100.0,-100.0,-100.0,-56.0,-56.0,-71.0,-49.0,-54.0,-62.0,-100.0,-100.0,-100.0
2025:01:13:14:43:46,RP28,A,SM-S908E,2212343.0,32,-128.07528421618767,0.0,41.0,train,-60.0,-71.0,-100.0,-48.0,-47.0,-55.0,-64.0,-100.0,-45.0,-56.0,-54.0,-61.0,-60.0,-70.0,-61.0,-55.0,-59.0,-72.0,-100.0,-48.0,-48.0,-57.0,-64.0,-100.0,-45.0,-56.0,-54.0,-61.0,-68.0,-70.0,-100.0,-55.0,-61.0,-100.0,-61.0,-61.0
B1636,RP28,B,CTK45-dot-B,,11,,0.0,41.0,train,-100.0,-80.0,-100.0,-100.0,-100.0,-63.0,-100.0,-100.0,-71.0,-100.0,-61.0,-100.0,-100.0,-100.0,-49.0,-59.0,-100.0,-79.0,-100.0,-100.0,-100.0,-64.0,-100.0,-100.0,-62.0,-100.0,-55.0,-100.0,-100.0,-100.0,-49.0,-100.0,-100.0,-100.0,-100.0,-100.0
B1597,RP28,B,CTK45-dot-B,,24,,0.0,41.0,train,-100.0,-76.0,-60.0,-52.0,-64.0,-100.0,-100.0,-100.0,-59.0,-60.0,-44.0,-52.0,-53.0,-69.0,-57.0,-65.0,-100.0,-76.0,-60.0,-100.0,-63.0,-58.0,-100.0,-100.0,-59.0,-60.0,-46.0,-52.0,-53.0,-69.0,-57.0,-65.0,-100.0,-100.0,-100.0,-100.0
B1628,RP28,B,CTK45-dot-B,,18,,0.0,41.0,train,-100.0,-77.0,-100.0,-100.0,-60.0,-100.0,-100.0,-70.0,-47.0,-54.0,-100.0,-47.0,-100.0,-69.0,-49.0,-57.0,-100.0,-77.0,-100.0,-51.0,-60.0,-100.0,-100.0,-100.0,-47.0,-55.0,-100.0,-46.0,-100.0,-69.0,-49.0,-57.0,-100.0,-100.0,-100.0,-100.0
2025:01:13:14:51:02,RP28,A,SM-S908E,2212343.0,35,102.64646615834182,0.0,41.0,train,-59.0,-73.0,-73.0,-56.0,-59.0,-63.0,-72.0,-77.0,-71.0,-70.0,-63.0,-67.0,-64.0,-74.0,-58.0,-65.0,-59.0,-74.0,-72.0,-56.0,-58.0,-63.0,-73.0,-77.0,-71.0,-71.0,-100.0,-67.0,-63.0,-75.0,-59.0,-65.0,-58.0,-58.0,-73.0,-73.0
B1616,RP28,B,CTK45-dot-B,,9,,0.0,41.0,train,-57.0,-100.0,-100.0,-100.0,-44.0,-100.0,-100.0,-100.0,-100.0,-100.0,-100.0,-100.0,-61.0,-100.0,-50.0,-100.0,-100.0,-100.0,-100.0,-100.0,-44.0,-100.0,-100.0,-100.0,-100.0,-100.0,-100.0,-100.0,-61.0,-100.0,-50.0,-100.0,-55.0,-54.0,-100.0,-100.0
B1609,RP28,B,CTK45-dot-B,,22,,0.0,41.0,train,-100.0,-81.0,-100.0,-54.0,-51.0,-68.0,-60.0,-100.0,-100.0,-51.0,-58.0,-59.0,-100.0,-70.0,-56.0,-100.0,-100.0,-100.0,-100.0,-55.0,-51.0,-66.0,-60.0,-100.0,-100.0,-54.0,-58.0,-58.0,-100.0,-71.0,-56.0,-100.0,-100.0,-100.0,-66.0,-67.0
B1603,RP28,B,CTK45-dot-B,,26,,0.0,41.0,train,-79.0,-80.0,-100.0,-100.0,-59.0,-100.0,-70.0,-100.0,-70.0,-68.0,-58.0,-56.0,-61.0,-79.0,-64.0,-64.0,-100.0,-79.0,-100.0,-100.0,-59.0,-100.0,-70.0,-100.0,-70.0,-68.0,-57.0,-56.0,-61.0,-79.0,-65.0,-64.0,-100.0,-100.0,-66.0,-65.0
2025:01:13:14:45:12,RP28,A,SM-S908E,2212343.0,24,-127.7816490757611,0.0,41.0,train,-63.0,-80.0,-100.0,-100.0,-52.0,-68.0,-73.0,-100.0,-100.0,-65.0,-100.0,-67.0,-100.0,-100.0,-59.0,-68.0,-63.0,-81.0,-77.0,-100.0,-52.0,-68.0,-73.0,-100.0,-72.0,-65.0,-100.0,-67.0,-100.0,-100.0,-59.0,-68.0,-64.0,-60.0,-62.0,-62.0
B1595,RP28,B,CTK45-dot-B,,27,,0.0,41.0,train,-74.0,-78.0,-100.0,-57.0,-100.0,-67.0,-61.0,-100.0,-67.0,-56.0,-55.0,-51.0,-100.0,-70.0,-60.0,-62.0,-76.0,-79.0,-100.0,-56.0,-100.0,-67.0,-61.0,-100.0,-69.0,-100.0,-71.0,-53.0,-100.0,-71.0,-60.0,-61.0,-59.0,-59.0,-65.0,-65.0
B1596,RP28,B,CTK45-dot-B,,27,,0.0,41.0,train,-68.0,-77.0,-79.0,-54.0,-56.0,-65.0,-70.0,-100.0,-66.0,-68.0,-100.0,-51.0,-68.0,-100.0,-63.0,-59.0,-100.0,-77.0,-100.0,-54.0,-57.0,-65.0,-71.0,-100.0,-67.0,-69.0,-100.0,-50.0,-100.0,-100.0,-68.0,-60.0,-54.0,-54.0,-65.0,-64.0
B1629,RP28,B,CTK45-dot-B,,13,,0.0,41.0,train,-61.0,-100.0,-100.0,-100.0,-54.0,-63.0,-100.0,-100.0,-100.0,-100.0,-100.0,-100.0,-61.0,-100.0,-48.0,-100.0,-61.0,-100.0,-100.0,-100.0,-53.0,-63.0,-100.0,-100.0,-100.0,-100.0,-100.0,-100.0,-56.0,-100.0,-48.0,-100.0,-55.0,-100.0,-100.0,-100.0
B1651,RP28,B,CTK45-dot-B,,26,,0.0,41.0,train,-100.0,-81.0,-80.0,-100.0,-58.0,-84.0,-61.0,-100.0,-68.0,-58.0,-78.0,-50.0,-65.0,-100.0,-100.0,-68.0,-100.0,-81.0,-67.0,-100.0,-58.0,-100.0,-61.0,-100.0,-61.0,-58.0,-70.0,-50.0,-59.0,-100.0,-100.0,-68.0,-100.0,-100.0,-74.0,-73.0
2025:01:13:14:57:20,RP28,A,SM-S908E,2212343.0,22,-56.149417015740475,0.0,41.0,train,-100.0,-82.0,-79.0,-100.0,-66.0,-100.0,-73.0,-100.0,-68.0,-65.0,-100.0,-63.0,-100.0,-74.0,-60.0,-66.0,-100.0,-82.0,-77.0,-100.0,-62.0,-100.0,-73.0,-100.0,-68.0,-65.0,-100.0,-63.0,-100.0,-75.0,-60.0,-66.0,-100.0,-100.0,-75.0,-75.0
B1620,RP28,B,CTK45-dot-B,,10,,0.0,41.0,train,-100.0,-100.0,-100.0,-100.0,-51.0,-100.0,-100.0,-100.0,-55.0,-100.0,-100.0,-100.0,-62.0,-100.0,-60.0,-100.0,-100.0,-100.0,-100.0,-100.0,-52.0,-100.0,-100.0,-100.0,-55.0,-100.0,-100.0,-100.0,-62.0,-100.0,-56.0,-100.0,-100.0,-100.0,-100.0,-100.0
B1638,RP28,B,CTK45-dot-B,,11,,0.0,41.0,train,-100.0,-77.0,-100.0,-100.0,-100.0,-64.0,-100.0,-100.0,-74.0,-100.0,-52.0,-100.0,-100.0,-100.0,-50.0,-59.0,-100.0,-100.0,-100.0,-100.0,-100.0,-70.0,-100.0,-100.0,-64.0,-100.0,-53.0,-100.0,-100.0,-100.0,-50.0,-61.0,-100.0,-100.0,-100.0,-100.0
2025:01:13:14:47:11,RP28,A,SM-S908E,2212343.0,19,174.64334574791755,0.0,41.0,train,-100.0,-79.0,-100.0,-100.0,-50.0,-100.0,-73.0,-100.0,-73.0,-65.0,-100.0,-70.0,-60.0,-72.0,-100.0,-69.0,-100.0,-79.0,-100.0,-100.0,-50.0,-100.0,-73.0,-100.0,-74.0,-65.0,-100.0,-70.0,-100.0,-72.0,-100.0,-69.0,-100.0,-100.0,-62.0,-62.0
B1610,RP28,B,CTK45-dot-B,,23,,0.0,41.0,train,-100.0,-81.0,-100.0,-100.0,-50.0,-64.0,-100.0,-100.0,-100.0,-54.0,-55.0,-58.0,-100.0,-72.0,-58.0,-66.0,-69.0,-81.0,-100.0,-100.0,-51.0,-63.0,-100.0,-100.0,-100.0,-54.0,-54.0,-59.0,-100.0,-72.0,-58.0,-66.0,-67.0,-68.0,-65.0,-65.0
B1613,RP28,B,CTK45-dot-B,,13,,0.0,41.0,train,-100.0,-100.0,-100.0,-100.0,-52.0,-100.0,-71.0,-100.0,-100.0,-60.0,-100.0,-51.0,-100.0,-100.0,-100.0,-100.0,-100.0,-100.0,-100.0,-100.0,-53.0,-100.0,-72.0,-100.0,-100.0,-60.0,-100.0,-52.0,-100.0,-70.0,-100.0,-100.0,-100.0,-100.0,-79.0,-78.0
B1619,RP28,B,CTK45-dot-B,,30,,0.0,41.0,train,-65.0,-75.0,-100.0,-43.0,-44.0,-65.0,-100.0,-100.0,-54.0,-56.0,-58.0,-60.0,-59.0,-66.0,-50.0,-63.0,-59.0,-75.0,-100.0,-40.0,-44.0,-69.0,-100.0,-100.0,-54.0,-57.0,-57.0,-60.0,-100.0,-65.0,-54.0,-64.0,-53.0,-53.0,-100.0,-100.0
B1598,RP28,B,CTK45-dot-B,,10,,0.0,41.0,train,-60.0,-100.0,-66.0,-100.0,-52.0,-64.0,-100.0,-100.0,-55.0,-100.0,-100.0,-100.0,-100.0,-100.0,-100.0,-100.0,-59.0,-100.0,-67.0,-100.0,-52.0,-100.0,-100.0,-100.0,-100.0,-100.0,-100.0,-100.0,-100.0,-100.0,-100.0,-100.0,-60.0,-59.0,-100.0,-100.0
2025:01:13:14:50:15,RP28,A,SM-S908E,2212343.0,28,174.20805825180076,0.0,41.0,train,-100.0,-74.0,-75.0,-56.0,-60.0,-100.0,-74.0,-100.0,-73.0,-66.0,-66.0,-70.0,-60.0,-67.0,-63.0,-65.0,-100.0,-74.0,-78.0,-55.0,-59.0,-100.0,-74.0,-100.0,-72.0,-66.0,-67.0,-69.0,-60.0,-67.0,-61.0,-65.0,-100.0,-100.0,-75.0,-75.0
B1632,RP28,B,CTK45-dot-B,,20,,0.0,41.0,train,-62.0,-84.0,-78.0,-100.0,-100.0,-60.0,-100.0,-100.0,-58.0,-100.0,-52.0,-100.0,-68.0,-100.0,-54.0,-65.0,-62.0,-84.0,-77.0,-55.0,-100.0,-100.0,-100.0,-100.0,-65.0,-100.0,-54.0,-100.0,-68.0,-100.0,-55.0,-65.0,-57.0,-56.0,-100.0,-100.0
B1627,RP28,B,CTK45-dot-B,,10,,0.0,41.0,train,-100.0,-100.0,-71.0,-100.0,-57.0,-100.0,-100.0,-100.0,-100.0,-52.0,-100.0,-100.0,-100.0,-100.0,-48.0,-100.0,-100.0,-100.0,-72.0,-100.0,-57.0,-100.0,-100.0,-100.0,-100.0,-52.0,-100.0,-100.0,-100.0,-100.0,-48.0,-100.0,-56.0,-58.0,-100.0,-100.0
B1649,RP28,B,CTK45-dot-B,,15,,0.0,41.0,train,-69.0,-82.0,-100.0,-59.0,-100.0,-100.0,-100.0,-77.0,-57.0,-100.0,-59.0,-100.0,-100.0,-100.0,-54.0,-67.0,-60.0,-81.0,-100.0,-100.0,-100.0,-100.0,-100.0,-76.0,-61.0,-100.0,-59.0,-100.0,-100.0,-100.0,-54.0,-67.0,-100.0,-100.0,-100.0,-100.0
2025:01:13:14:46:36,RP28,A,SM-S908E,2212343.0,22,-128.11981449602524,0.0,41.0,train,-100.0,-78.0,-76.0,-100.0,-52.0,-65.0,-72.0,-100.0,-100.0,-66.0,-100.0,-69.0,-60.0,-73.0,-59.0,-70.0,-100.0,-79.0,-100.0,-100.0,-52.0,-65.0,-72.0,-100.0,-100.0,-66.0,-100.0,-69.0,-100.0,-73.0,-59.0,-70.0,-100.0,-100.0,-65.0,-65.0
2025:01:13:14:49:37,RP28,A,SM-S908E,2212343.0,22,174.11643084120345,0.0,41.0,train,-100.0,-74.0,-100.0,-100.0,-57.0,-70.0,-77.0,-73.0,-68.0,-100.0,-100.0,-69.0,-100.0,-67.0,-62.0,-66.0,-100.0,-74.0,-100.0,-100.0,-57.0,-70.0,-77.0,-77.0,-68.0,-100.0,-100.0,-69.0,-100.0,-68.0,-62.0,-66.0,-100.0,-100.0,-75.0,-74.0
B1645,RP28,B,CTK45-dot-B,,15,,0.0,41.0,train,-64.0,-100.0,-100.0,-100.0,-100.0,-77.0,-100.0,-100.0,-66.0,-100.0,-47.0,-100.0,-72.0,-100.0,-65.0,-68.0,-65.0,-100.0,-100.0,-100.0,-100.0,-77.0,-100.0,-100.0,-65.0,-100.0,-48.0,-100.0,-72.0,-100.0,-100.0,-68.0,-65.0,-66.0,-100.0,-100.0
B1612,RP28,B,CTK45-dot-B,,13,,0.0,41.0,train,-100.0,-100.0,-100.0,-100.0,-53.0,-72.0,-71.0,-81.0,-100.0,-61.0,-100.0,-100.0,-100.0,-100.0,-100.0,-75.0,-100.0,-100.0,-100.0,-100.0,-100.0,-74.0,-71.0,-100.0,-64.0,-60.0,-100.0,-100.0,-100.0,-100.0,-100.0,-74.0,-100.0,-100.0,-78.0,-78.0
B1644,RP28,B,CTK45-dot-B,,16,,0.0,41.0,train,-67.0,-80.0,-100.0,-57.0,-100.0,-64.0,-100.0,-100.0,-61.0,-100.0,-100.0,-100.0,-68.0,-100.0,-57.0,-59.0,-67.0,-80.0,-100.0,-66.0,-100.0,-64.0,-100.0,-100.0,-100.0,-100.0,-48.0,-100.0,-73.0,-100.0,-58.0,-59.0,-100.0,-100.0,-100.0,-100.0
B1618,RP28,B,CTK45-dot-B,,8,,0.0,41.0,train,-100.0,-100.0,-58.0,-100.0,-43.0,-62.0,-100.0,-100.0,-100.0,-100.0,-100.0,-100.0,-100.0,-100.0,-50.0,-100.0,-100.0,-100.0,-58.0,-100.0,-43.0,-100.0,-100.0,-100.0,-100.0,-100.0,-100.0,-100.0,-100.0,-100.0,-50.0,-100.0,-100.0,-100.0,-100.0,-100.0
B1637,RP28,B,CTK45-dot-B,,25,,0.0,41.0,train,-100.0,-82.0,-100.0,-100.0,-59.0,-100.0,-61.0,-100.0,-100.0,-62.0,-48.0,-54.0,-64.0,-71.0,-49.0,-66.0,-100.0,-83.0,-100.0,-100.0,-58.0,-100.0,-61.0,-100.0,-100.0,-62.0,-48.0,-54.0,-65.0,-71.0,-49.0,-66.0,-61.0,-100.0,-62.0,-62.0
B1624,RP28,B,CTK45-dot-B,,26,,0.0,41.0,validation,-100.0,-77.0,-100.0,-100.0,-60.0,-57.0,-100.0,-70.0,-47.0,-54.0,-51.0,-47.0,-100.0,-69.0,-49.0,-57.0,-100.0,-77.0,-100.0,-51.0,-60.0,-57.0,-100.0,-100.0,-47.0,-55.0,-51.0,-46.0,-100.0,-69.0,-49.0,-57.0,-55.0,-58.0,-100.0,-100.0
B1623,RP28,B,CTK45-dot-B,,20,,0.0,41.0,validation,-100.0,-76.0,-100.0,-100.0,-63.0,-63.0,-100.0,-100.0,-57.0,-62.0,-100.0,-56.0,-100.0,-100.0,-57.0,-71.0,-100.0,-76.0,-100.0,-100.0,-64.0,-100.0,-100.0,-100.0,-57.0,-61.0,-51.0,-57.0,-100.0,-100.0,-61.0,-70.0,-100.0,-100.0,-100.0,-100.0
2025:01:13:14:55:51,RP28,A,SM-S908E,2212343.0,34,-55.97928120918095,0.0,41.0,validation,-100.0,-78.0,-77.0,-60.0,-58.0,-63.0,-67.0,-77.0,-68.0,-67.0,-62.0,-63.0,-62.0,-76.0,-58.0,-66.0,-100.0,-79.0,-79.0,-60.0,-58.0,-64.0,-68.0,-77.0,-68.0,-68.0,-62.0,-63.0,-58.0,-76.0,-58.0,-66.0,-66.0,-66.0,-74.0,-74.0
B1647,RP28,B,CTK45-dot-B,,24,,0.0,41.0,validation,-100.0,-82.0,-100.0,-56.0,-48.0,-65.0,-65.0,-100.0,-100.0,-59.0,-47.0,-63.0,-69.0,-68.0,-59.0,-67.0,-100.0,-83.0,-100.0,-100.0,-46.0,-65.0,-65.0,-100.0,-100.0,-100.0,-48.0,-63.0,-100.0,-100.0,-59.0,-67.0,-100.0,-100.0,-71.0,-72.0
B1646,RP28,B,CTK45-dot-B,,12,,0.0,41.0,validation,-100.0,-82.0,-100.0,-53.0,-100.0,-68.0,-100.0,-100.0,-100.0,-100.0,-100.0,-100.0,-65.0,-100.0,-100.0,-65.0,-69.0,-82.0,-100.0,-60.0,-100.0,-68.0,-100.0,-100.0,-100.0,-100.0,-100.0,-100.0,-66.0,-100.0,-59.0,-65.0,-100.0,-100.0,-100.0,-100.0
2025:01:13:14:45:50,RP28,A,SM-S908E,2212343.0,26,-127.19698575287573,0.0,41.0,validation,-72.0,-79.0,-100.0,-53.0,-54.0,-100.0,-69.0,-75.0,-100.0,-64.0,-65.0,-68.0,-58.0,-75.0,-61.0,-68.0,-73.0,-79.0,-100.0,-54.0,-53.0,-100.0,-69.0,-74.0,-100.0,-64.0,-100.0,-68.0,-58.0,-75.0,-100.0,-68.0,-100.0,-100.0,-64.0,-64.0
B1606,RP28,B,CTK45-dot-B,,15,,0.0,41.0,validation,-100.0,-76.0,-100.0,-100.0,-56.0,-100.0,-65.0,-100.0,-100.0,-50.0,-58.0,-53.0,-100.0,-72.0,-100.0,-100.0,-100.0,-77.0,-100.0,-100.0,-56.0,-100.0,-65.0,-100.0,-100.0,-64.0,-100.0,-53.0,-100.0,-72.0,-100.0,-100.0,-100.0,-100.0,-67.0,-66.0
B1607,RP28,B,CTK45-dot-B,,22,,0.0,41.0,validation,-100.0,-81.0,-100.0,-55.0,-50.0,-67.0,-61.0,-78.0,-100.0,-50.0,-55.0,-58.0,-100.0,-71.0,-100.0,-69.0,-100.0,-82.0,-100.0,-100.0,-51.0,-100.0,-61.0,-100.0,-100.0,-50.0,-55.0,-58.0,-100.0,-71.0,-100.0,-69.0,-100.0,-100.0,-64.0,-64.0
B1648,RP28,B,CTK45-dot-B,,16,,0.0,41.0,validation,-71.0,-85.0,-100.0,-100.0,-100.0,-66.0,-100.0,-100.0,-62.0,-100.0,-66.0,-100.0,-60.0,-100.0,-64.0,-69.0,-71.0,-84.0,-100.0,-100.0,-100.0,-66.0,-100.0,-81.0,-61.0,-100.0,-100.0,-100.0,-64.0,-100.0,-64.0,-69.0,-100.0,-100.0,-100.0,-100.0
2025:01:13:14:44:35,RP28,A,SM-S908E,2212343.0,27,-127.8515671155009,0.0,41.0,validation,-62.0,-79.0,-100.0,-52.0,-54.0,-66.0,-71.0,-100.0,-63.0,-66.0,-65.0,-66.0,-100.0,-73.0,-57.0,-69.0,-69.0,-79.0,-100.0,-52.0,-54.0,-67.0,-71.0,-100.0,-100.0,-66.0,-100.0,-66.0,-60.0,-75.0,-100.0,-69.0,-100.0,-67.0,-65.0,-64.0
2025:01:13:14:54:17,RP28,A,SM-S908E,2212343.0,26,-57.71574038817937,0.0,41.0,validation,-100.0,-73.0,-100.0,-55.0,-61.0,-70.0,-69.0,-100.0,-100.0,-64.0,-59.0,-69.0,-100.0,-73.0,-59.0,-62.0,-100.0,-74.0,-100.0,-55.0,-61.0,-71.0,-70.0,-100.0,-100.0,-65.0,-59.0,-69.0,-100.0,-73.0,-59.0,-62.0,-57.0,-58.0,-64.0,-64.0
B1621,RP28,B,CTK45-dot-B,,11,,0.0,41.0,validation,-56.0,-100.0,-77.0,-100.0,-45.0,-100.0,-100.0,-100.0,-100.0,-100.0,-100.0,-100.0,-72.0,-100.0,-57.0,-100.0,-54.0,-100.0,-74.0,-100.0,-45.0,-100.0,-100.0,-100.0,-100.0,-100.0,-100.0,-100.0,-66.0,-100.0,-100.0,-100.0,-62.0,-62.0,-100.0,-100.0
B1640,RP28,B,CTK45-dot-B,,14,,0.0,41.0,test,-100.0,-82.0,-100.0,-55.0,-100.0,-74.0,-100.0,-100.0,-59.0,-100.0,-45.0,-100.0,-100.0,-100.0,-63.0,-100.0,-100.0,-81.0,-100.0,-48.0,-100.0,-68.0,-100.0,-100.0,-60.0,-100.0,-45.0,-100.0,-100.0,-100.0,-64.0,-100.0,-54.0,-54.0,-100.0,-100.0
2025:01:13:14:48:59,RP28,A,SM-S908E,2212343.0,30,174.71574469491028,0.0,41.0,test,-64.0,-76.0,-100.0,-52.0,-54.0,-100.0,-74.0,-73.0,-67.0,-67.0,-65.0,-68.0,-100.0,-67.0,-60.0,-65.0,-67.0,-76.0,-100.0,-100.0,-54.0,-68.0,-74.0,-73.0,-66.0,-67.0,-66.0,-68.0,-100.0,-67.0,-59.0,-65.0,-53.0,-54.0,-73.0,-72.0
B1600,RP28,B,CTK45-dot-B,,10,,0.0,41.0,test,-61.0,-100.0,-100.0,-100.0,-56.0,-59.0,-100.0,-100.0,-100.0,-100.0,-49.0,-100.0,-53.0,-100.0,-51.0,-100.0,-100.0,-100.0,-100.0,-100.0,-100.0,-100.0,-100.0,-100.0,-100.0,-100.0,-49.0,-100.0,-53.0,-100.0,-100.0,-100.0,-60.0,-61.0,-100.0,-100.0
B1614,RP28,B,CTK45-dot-B,,16,,0.0,41.0,test,-100.0,-79.0,-100.0,-64.0,-58.0,-100.0,-67.0,-79.0,-100.0,-65.0,-100.0,-100.0,-100.0,-73.0,-100.0,-66.0,-100.0,-78.0,-100.0,-100.0,-58.0,-100.0,-67.0,-80.0,-100.0,-100.0,-100.0,-100.0,-100.0,-73.0,-100.0,-66.0,-100.0,-100.0,-63.0,-64.0
2025:01:13:14:53:40,RP28,A,SM-S908E,2212343.0,28,106.41610446153425,0.0,41.0,test,-62.0,-74.0,-100.0,-55.0,-56.0,-66.0,-69.0,-100.0,-64.0,-67.0,-62.0,-69.0,-100.0,-77.0,-62.0,-63.0,-62.0,-75.0,-100.0,-56.0,-56.0,-66.0,-69.0,-100.0,-64.0,-67.0,-63.0,-69.0,-100.0,-77.0,-62.0,-63.0,-100.0,-100.0,-66.0,-65.0
B1602,RP28,B,CTK45-dot-B,,21,,0.0,41.0,test,-100.0,-80.0,-100.0,-100.0,-48.0,-64.0,-64.0,-100.0,-69.0,-63.0,-100.0,-58.0,-100.0,-71.0,-65.0,-68.0,-100.0,-80.0,-100.0,-100.0,-50.0,-65.0,-64.0,-100.0,-100.0,-59.0,-100.0,-57.0,-100.0,-73.0,-64.0,-68.0,-100.0,-100.0,-71.0,-71.0
B1593,RP28,B,CTK45-dot-B,,27,,0.0,41.0,test,-100.0,-81.0,-100.0,-100.0,-58.0,-66.0,-66.0,-75.0,-65.0,-57.0,-54.0,-55.0,-100.0,-72.0,-58.0,-62.0,-100.0,-82.0,-100.0,-100.0,-59.0,-66.0,-66.0,-100.0,-65.0,-57.0,-54.0,-55.0,-100.0,-72.0,-59.0,-62.0,-61.0,-59.0,-61.0,-61.0
B1601,RP28,B,CTK45-dot-B,,18,,0.0,41.0,test,-100.0,-81.0,-100.0,-100.0,-59.0,-100.0,-67.0,-75.0,-100.0,-57.0,-55.0,-57.0,-63.0,-100.0,-100.0,-61.0,-100.0,-81.0,-100.0,-100.0,-60.0,-100.0,-67.0,-87.0,-100.0,-100.0,-55.0,-57.0,-100.0,-100.0,-100.0,-62.0,-100.0,-100.0,-60.0,-59.0
2025:01:13:14:56:34,RP28,A,SM-S908E,2212343.0,34,-57.90287986322499,0.0,41.0,test,-71.0,-79.0,-79.0,-56.0,-60.0,-70.0,-68.0,-76.0,-69.0,-66.0,-64.0,-60.0,-62.0,-75.0,-57.0,-67.0,-71.0,-79.0,-79.0,-56.0,-60.0,-70.0,-68.0,-77.0,-70.0,-66.0,-62.0,-60.0,-62.0,-75.0,-57.0,-67.0,-100.0,-100.0,-77.0,-77.0
B1599,RP28,B,CTK45-dot-B,,26,,0.0,41.0,test,-74.0,-100.0,-100.0,-50.0,-59.0,-66.0,-69.0,-100.0,-65.0,-56.0,-53.0,-55.0,-63.0,-100.0,-61.0,-62.0,-75.0,-100.0,-100.0,-51.0,-59.0,-67.0,-69.0,-100.0,-66.0,-60.0,-54.0,-55.0,-63.0,-100.0,-61.0,-62.0,-100.0,-100.0,-63.0,-63.0
B1608,RP28,B,CTK45-dot-B,,19,,0.0,41.0,test,-100.0,-100.0,-100.0,-100.0,-50.0,-100.0,-61.0,-100.0,-58.0,-65.0,-52.0,-61.0,-66.0,-100.0,-100.0,-65.0,-100.0,-100.0,-100.0,-100.0,-50.0,-100.0,-61.0,-100.0,-100.0,-54.0,-76.0,-61.0,-100.0,-100.0,-59.0,-65.0,-100.0,-69.0,-68.0,-68.0
2025:01:13:14:52:09,RP28,A,SM-S908E,2212343.0,16,105.54340379588074,0.0,41.0,test,-100.0,-72.0,-100.0,-58.0,-51.0,-100.0,-72.0,-100.0,-62.0,-100.0,-100.0,-68.0,-100.0,-100.0,-100.0,-62.0,-100.0,-72.0,-100.0,-55.0,-51.0,-100.0,-72.0,-100.0,-100.0,-100.0,-100.0,-69.0,-100.0,-100.0,-100.0,-62.0,-100.0,-100.0,-72.0,-72.0
2025:01:13:15:25:17,RP29,A,SM-S908E,2212343.0,30,-54.09140418183212,-22.0,45.0,train,-100.0,-68.0,-71.0,-44.0,-45.0,-100.0,-61.0,-100.0,-69.0,-64.0,-70.0,-73.0,-100.0,-81.0,-59.0,-55.0,-61.0,-67.0,-67.0,-44.0,-45.0,-100.0,-60.0,-100.0,-69.0,-64.0,-70.0,-73.0,-100.0,-81.0,-59.0,-55.0,-59.0,-60.0,-71.0,-71.0
2025:01:13:15:16:22,RP29,A,SM-S908E,2212343.0,18,-124.75721686964967,-22.0,45.0,train,-100.0,-70.0,-65.0,-44.0,-48.0,-100.0,-73.0,-100.0,-100.0,-100.0,-100.0,-75.0,-100.0,-100.0,-54.0,-61.0,-100.0,-69.0,-65.0,-44.0,-49.0,-100.0,-74.0,-100.0,-79.0,-100.0,-100.0,-75.0,-100.0,-100.0,-53.0,-61.0,-100.0,-100.0,-100.0,-100.0
B1654,RP29,B,CTK45-dot-B,,23,,-22.0,45.0,train,-62.0,-66.0,-100.0,-48.0,-45.0,-100.0,-66.0,-100.0,-100.0,-100.0,-100.0,-68.0,-73.0,-78.0,-100.0,-54.0,-61.0,-67.0,-100.0,-48.0,-46.0,-100.0,-66.0,-100.0,-100.0,-100.0,-100.0,-68.0,-100.0,-77.0,-100.0,-55.0,-61.0,-62.0,-55.0,-55.0
B1707,RP29,B,CTK45-dot-B,,31,,-22.0,45.0,train,-68.0,-67.0,-100.0,-100.0,-47.0,-71.0,-64.0,-100.0,-71.0,-68.0,-67.0,-66.0,-75.0,-79.0,-53.0,-53.0,-71.0,-67.0,-100.0,-100.0,-46.0,-67.0,-65.0,-100.0,-71.0,-67.0,-64.0,-67.0,-75.0,-79.0,-52.0,-53.0,-59.0,-53.0,-51.0,-52.0
B1659,RP29,B,CTK45-dot-B,,25,,-22.0,45.0,train,-63.0,-65.0,-100.0,-100.0,-43.0,-100.0,-65.0,-100.0,-100.0,-71.0,-73.0,-69.0,-79.0,-74.0,-100.0,-54.0,-63.0,-65.0,-100.0,-100.0,-43.0,-100.0,-66.0,-100.0,-100.0,-70.0,-100.0,-70.0,-80.0,-75.0,-100.0,-55.0,-56.0,-57.0,-56.0,-55.0
2025:01:13:15:23:13,RP29,A,SM-S908E,2212343.0,23,105.77427140985074,-22.0,45.0,train,-55.0,-73.0,-65.0,-100.0,-47.0,-100.0,-100.0,-100.0,-73.0,-70.0,-100.0,-77.0,-100.0,-81.0,-61.0,-63.0,-54.0,-73.0,-62.0,-100.0,-47.0,-100.0,-100.0,-100.0,-73.0,-70.0,-100.0,-77.0,-100.0,-100.0,-61.0,-63.0,-58.0,-58.0,-65.0,-65.0
B1661,RP29,B,CTK45-dot-B,,27,,-22.0,45.0,train,-57.0,-67.0,-69.0,-56.0,-40.0,-51.0,-62.0,-100.0,-55.0,-100.0,-51.0,-67.0,-100.0,-100.0,-57.0,-62.0,-64.0,-67.0,-100.0,-47.0,-40.0,-51.0,-62.0,-100.0,-100.0,-100.0,-51.0,-66.0,-100.0,-77.0,-57.0,-62.0,-54.0,-52.0,-56.0,-56.0
B1660,RP29,B,CTK45-dot-B,,17,,-22.0,45.0,train,-59.0,-67.0,-72.0,-43.0,-100.0,-100.0,-100.0,-81.0,-63.0,-100.0,-54.0,-100.0,-63.0,-100.0,-100.0,-62.0,-100.0,-68.0,-100.0,-50.0,-100.0,-100.0,-100.0,-100.0,-63.0,-100.0,-54.0,-100.0,-63.0,-100.0,-100.0,-62.0,-55.0,-56.0,-100.0,-100.0
2025:01:13:15:22:13,RP29,A,SM-S908E,2212343.0,22,108.30345608658493,-22.0,45.0,train,-58.0,-75.0,-100.0,-54.0,-43.0,-69.0,-72.0,-100.0,-100.0,-63.0,-100.0,-100.0,-100.0,-100.0,-56.0,-55.0,-58.0,-75.0,-100.0,-54.0,-43.0,-69.0,-72.0,-100.0,-100.0,-64.0,-100.0,-100.0,-76.0,-100.0,-100.0,-55.0,-58.0,-58.0,-61.0,-61.0
B1697,RP29,B,CTK45-dot-B,,23,,-22.0,45.0,train,-100.0,-68.0,-58.0,-46.0,-35.0,-100.0,-100.0,-100.0,-59.0,-63.0,-100.0,-74.0,-68.0,-100.0,-55.0,-63.0,-100.0,-68.0,-60.0,-44.0,-35.0,-100.0,-100.0,-100.0,-57.0,-63.0,-100.0,-74.0,-100.0,-100.0,-55.0,-63.0,-50.0,-52.0,-100.0,-100.0
B1691,RP29,B,CTK45-dot-B,,20,,-22.0,45.0,train,-100.0,-63.0,-100.0,-100.0,-43.0,-50.0,-57.0,-100.0,-100.0,-100.0,-54.0,-62.0,-100.0,-100.0,-55.0,-50.0,-100.0,-64.0,-100.0,-100.0,-42.0,-50.0,-57.0,-100.0,-100.0,-64.0,-55.0,-62.0,-100.0,-100.0,-54.0,-50.0,-48.0,-48.0,-100.0,-51.0
B1658,RP29,B,CTK45-dot-B,,26,,-22.0,45.0,train,-64.0,-64.0,-100.0,-100.0,-41.0,-64.0,-65.0,-100.0,-72.0,-71.0,-100.0,-72.0,-100.0,-71.0,-100.0,-55.0,-65.0,-64.0,-100.0,-100.0,-42.0,-64.0,-65.0,-100.0,-75.0,-70.0,-100.0,-72.0,-100.0,-72.0,-100.0,-54.0,-58.0,-79.0,-55.0,-55.0
B1665,RP29,B,CTK45-dot-B,,15,,-22.0,45.0,train,-67.0,-72.0,-100.0,-54.0,-100.0,-100.0,-100.0,-100.0,-71.0,-100.0,-68.0,-100.0,-72.0,-100.0,-46.0,-57.0,-67.0,-72.0,-100.0,-53.0,-100.0,-100.0,-100.0,-100.0,-100.0,-100.0,-100.0,-100.0,-100.0,-100.0,-45.0,-57.0,-50.0,-52.0,-100.0,-100.0
2025:01:13:15:27:32,RP29,A,SM-S908E,2212343.0,29,-49.9530698293042,-22.0,45.0,train,-57.0,-66.0,-100.0,-46.0,-44.0,-100.0,-65.0,-80.0,-75.0,-100.0,-100.0,-75.0,-71.0,-100.0,-63.0,-57.0,-57.0,-66.0,-100.0,-46.0,-44.0,-66.0,-65.0,-81.0,-78.0,-100.0,-71.0,-76.0,-100.0,-100.0,-64.0,-57.0,-60.0,-60.0,-67.0,-67.0
B1684,RP29,B,CTK45-dot-B,,29,,-22.0,45.0,train,-100.0,-67.0,-69.0,-100.0,-40.0,-100.0,-100.0,-76.0,-67.0,-57.0,-50.0,-55.0,-100.0,-71.0,-59.0,-55.0,-100.0,-67.0,-64.0,-100.0,-40.0,-100.0,-100.0,-79.0,-72.0,-57.0,-48.0,-55.0,-100.0,-71.0,-60.0,-56.0,-55.0,-100.0,-62.0,-62.0
B1682,RP29,B,CTK45-dot-B,,21,,-22.0,45.0,train,-100.0,-67.0,-100.0,-52.0,-44.0,-100.0,-62.0,-100.0,-100.0,-67.0,-67.0,-67.0,-100.0,-100.0,-51.0,-53.0,-100.0,-68.0,-100.0,-100.0,-44.0,-100.0,-62.0,-100.0,-100.0,-100.0,-67.0,-66.0,-100.0,-100.0,-51.0,-52.0,-59.0,-58.0,-55.0,-54.0
B1703,RP29,B,CTK45-dot-B,,23,,-22.0,45.0,train,-59.0,-70.0,-100.0,-100.0,-45.0,-100.0,-65.0,-100.0,-75.0,-68.0,-100.0,-66.0,-100.0,-77.0,-100.0,-57.0,-59.0,-70.0,-100.0,-48.0,-46.0,-100.0,-65.0,-100.0,-100.0,-70.0,-100.0,-66.0,-76.0,-100.0,-100.0,-58.0,-57.0,-57.0,-54.0,-52.0
B1710,RP29,B,CTK45-dot-B,,26,,-22.0,45.0,train,-65.0,-66.0,-84.0,-100.0,-43.0,-60.0,-60.0,-93.0,-100.0,-70.0,-70.0,-68.0,-74.0,-77.0,-100.0,-49.0,-66.0,-66.0,-100.0,-100.0,-43.0,-100.0,-61.0,-100.0,-100.0,-70.0,-70.0,-68.0,-77.0,-77.0,-100.0,-50.0,-59.0,-58.0,-100.0,-100.0
B1662,RP29,B,CTK45-dot-B,,24,,-22.0,45.0,train,-58.0,-71.0,-100.0,-39.0,-43.0,-54.0,-57.0,-100.0,-62.0,-67.0,-100.0,-59.0,-100.0,-100.0,-100.0,-62.0,-58.0,-71.0,-100.0,-39.0,-43.0,-54.0,-57.0,-100.0,-64.0,-66.0,-100.0,-65.0,-100.0,-100.0,-100.0,-61.0,-66.0,-66.0,-55.0,-55.0
B1655,RP29,B,CTK45-dot-B,,19,,-22.0,45.0,train,-100.0,-67.0,-81.0,-47.0,-48.0,-100.0,-100.0,-100.0,-100.0,-67.0,-71.0,-70.0,-100.0,-100.0,-100.0,-54.0,-100.0,-68.0,-80.0,-100.0,-48.0,-100.0,-100.0,-100.0,-100.0,-68.0,-71.0,-70.0,-100.0,-100.0,-100.0,-54.0,-60.0,-61.0,-54.0,-53.0
B1694,RP29,B,CTK45-dot-B,,21,,-22.0,45.0,train,-100.0,-64.0,-100.0,-43.0,-40.0,-100.0,-55.0,-100.0,-100.0,-66.0,-100.0,-57.0,-100.0,-78.0,-100.0,-48.0,-100.0,-64.0,-100.0,-43.0,-40.0,-100.0,-55.0,-100.0,-100.0,-66.0,-100.0,-58.0,-100.0,-78.0,-100.0,-48.0,-50.0,-50.0,-100.0,-100.0
B1686,RP29,B,CTK45-dot-B,,13,,-22.0,45.0,train,-100.0,-100.0,-100.0,-39.0,-48.0,-100.0,-100.0,-100.0,-65.0,-51.0,-100.0,-54.0,-100.0,-100.0,-46.0,-50.0,-100.0,-100.0,-100.0,-100.0,-49.0,-100.0,-100.0,-100.0,-100.0,-100.0,-100.0,-54.0,-100.0,-100.0,-48.0,-49.0,-55.0,-55.0,-100.0,-100.0
B1657,RP29,B,CTK45-dot-B,,23,,-22.0,45.0,train,-61.0,-66.0,-100.0,-47.0,-48.0,-100.0,-65.0,-100.0,-100.0,-72.0,-100.0,-68.0,-74.0,-76.0,-100.0,-53.0,-61.0,-66.0,-100.0,-100.0,-48.0,-100.0,-65.0,-100.0,-100.0,-70.0,-100.0,-69.0,-100.0,-76.0,-100.0,-51.0,-58.0,-57.0,-58.0,-57.0
2025:01:13:15:26:34,RP29,A,SM-S908E,2212343.0,26,-50.34047295065072,-22.0,45.0,train,-100.0,-67.0,-100.0,-43.0,-43.0,-69.0,-66.0,-100.0,-74.0,-66.0,-100.0,-74.0,-100.0,-81.0,-100.0,-57.0,-100.0,-67.0,-100.0,-43.0,-43.0,-100.0,-66.0,-100.0,-78.0,-66.0,-100.0,-75.0,-100.0,-81.0,-63.0,-57.0,-64.0,-64.0,-67.0,-67.0
B1687,RP29,B,CTK45-dot-B,,20,,-22.0,45.0,train,-100.0,-66.0,-100.0,-41.0,-42.0,-48.0,-100.0,-100.0,-65.0,-52.0,-100.0,-49.0,-100.0,-71.0,-49.0,-45.0,-100.0,-66.0,-100.0,-41.0,-43.0,-48.0,-100.0,-100.0,-65.0,-53.0,-100.0,-50.0,-100.0,-71.0,-48.0,-46.0,-100.0,-100.0,-100.0,-100.0
B1692,RP29,B,CTK45-dot-B,,18,,-22.0,45.0,train,-100.0,-64.0,-64.0,-43.0,-44.0,-100.0,-100.0,-100.0,-100.0,-64.0,-55.0,-57.0,-100.0,-100.0,-48.0,-51.0,-100.0,-63.0,-100.0,-40.0,-44.0,-100.0,-100.0,-100.0,-100.0,-64.0,-100.0,-57.0,-100.0,-100.0,-48.0,-51.0,-48.0,-48.0,-100.0,-100.0
B1677,RP29,B,CTK45-dot-B,,26,,-22.0,45.0,train,-100.0,-73.0,-100.0,-38.0,-40.0,-59.0,-57.0,-87.0,-100.0,-57.0,-61.0,-66.0,-100.0,-100.0,-61.0,-55.0,-100.0,-74.0,-100.0,-39.0,-40.0,-100.0,-58.0,-100.0,-70.0,-57.0,-61.0,-66.0,-100.0,-100.0,-61.0,-55.0,-56.0,-58.0,-50.0,-50.0
B1674,RP29,B,CTK45-dot-B,,19,,-22.0,45.0,train,-63.0,-72.0,-100.0,-40.0,-100.0,-56.0,-100.0,-87.0,-100.0,-100.0,-58.0,-100.0,-69.0,-100.0,-100.0,-55.0,-63.0,-72.0,-100.0,-39.0,-100.0,-57.0,-100.0,-100.0,-69.0,-100.0,-100.0,-100.0,-70.0,-100.0,-61.0,-55.0,-57.0,-57.0,-100.0,-100.0
B1676,RP29,B,CTK45-dot-B,,15,,-22.0,45.0,train,-100.0,-72.0,-100.0,-38.0,-100.0,-56.0,-100.0,-87.0,-68.0,-100.0,-100.0,-100.0,-100.0,-100.0,-100.0,-54.0,-100.0,-73.0,-100.0,-39.0,-100.0,-56.0,-100.0,-82.0,-70.0,-100.0,-100.0,-100.0,-100.0,-100.0,-100.0,-54.0,-59.0,-57.0,-100.0,-100.0
B1704,RP29,B,CTK45-dot-B,,22,,-22.0,45.0,train,-60.0,-70.0,-83.0,-100.0,-42.0,-100.0,-65.0,-100.0,-100.0,-68.0,-68.0,-65.0,-100.0,-78.0,-100.0,-54.0,-61.0,-70.0,-84.0,-100.0,-42.0,-100.0,-65.0,-100.0,-100.0,-100.0,-69.0,-66.0,-100.0,-100.0,-100.0,-54.0,-60.0,-59.0,-55.0,-65.0
B1678,RP29,B,CTK45-dot-B,,14,,-22.0,45.0,train,-56.0,-75.0,-100.0,-39.0,-100.0,-56.0,-100.0,-100.0,-100.0,-100.0,-100.0,-100.0,-70.0,-100.0,-55.0,-53.0,-65.0,-76.0,-100.0,-40.0,-100.0,-57.0,-100.0,-100.0,-100.0,-100.0,-100.0,-100.0,-69.0,-100.0,-54.0,-53.0,-100.0,-100.0,-100.0,-100.0
B1681,RP29,B,CTK45-dot-B,,23,,-22.0,45.0,train,-63.0,-68.0,-100.0,-100.0,-43.0,-60.0,-64.0,-100.0,-74.0,-75.0,-100.0,-70.0,-100.0,-76.0,-100.0,-51.0,-100.0,-69.0,-100.0,-100.0,-43.0,-60.0,-64.0,-100.0,-73.0,-70.0,-100.0,-71.0,-100.0,-77.0,-100.0,-51.0,-56.0,-57.0,-57.0,-56.0
B1689,RP29,B,CTK45-dot-B,,21,,-22.0,45.0,train,-100.0,-65.0,-100.0,-100.0,-43.0,-47.0,-100.0,-100.0,-62.0,-52.0,-100.0,-49.0,-100.0,-70.0,-46.0,-45.0,-100.0,-65.0,-100.0,-46.0,-41.0,-100.0,-100.0,-100.0,-63.0,-52.0,-100.0,-49.0,-100.0,-70.0,-46.0,-45.0,-100.0,-100.0,-100.0,-100.0
2025:01:13:15:13:44,RP29,A,SM-S908E,2212343.0,34,-126.25590830395133,-22.0,45.0,train,-57.0,-67.0,-67.0,-54.0,-50.0,-54.0,-69.0,-100.0,-64.0,-70.0,-57.0,-71.0,-100.0,-79.0,-46.0,-44.0,-55.0,-68.0,-67.0,-42.0,-50.0,-55.0,-69.0,-100.0,-67.0,-70.0,-57.0,-71.0,-57.0,-79.0,-46.0,-44.0,-60.0,-63.0,-77.0,-77.0
2025:01:13:15:18:43,RP29,A,SM-S908E,2212343.0,31,174.0737225671544,-22.0,45.0,train,-58.0,-68.0,-67.0,-41.0,-39.0,-72.0,-67.0,-100.0,-73.0,-75.0,-100.0,-81.0,-100.0,-76.0,-56.0,-54.0,-58.0,-68.0,-67.0,-43.0,-39.0,-72.0,-67.0,-100.0,-73.0,-75.0,-79.0,-81.0,-100.0,-76.0,-56.0,-54.0,-55.0,-55.0,-100.0,-100.0
B1675,RP29,B,CTK45-dot-B,,18,,-22.0,45.0,train,-100.0,-73.0,-59.0,-100.0,-41.0,-55.0,-100.0,-100.0,-100.0,-100.0,-59.0,-67.0,-100.0,-100.0,-59.0,-54.0,-100.0,-73.0,-100.0,-100.0,-42.0,-56.0,-100.0,-100.0,-100.0,-100.0,-59.0,-70.0,-100.0,-100.0,-58.0,-54.0,-57.0,-100.0,-50.0,-49.0
B1664,RP29,B,CTK45-dot-B,,12,,-22.0,45.0,train,-61.0,-69.0,-80.0,-40.0,-100.0,-100.0,-100.0,-100.0,-100.0,-100.0,-100.0,-100.0,-70.0,-100.0,-100.0,-55.0,-62.0,-70.0,-73.0,-41.0,-100.0,-100.0,-100.0,-100.0,-100.0,-100.0,-100.0,-100.0,-69.0,-100.0,-100.0,-55.0,-100.0,-100.0,-100.0,-100.0
B1671,RP29,B,CTK45-dot-B,,11,,-22.0,45.0,train,-100.0,-73.0,-100.0,-46.0,-100.0,-100.0,-100.0,-88.0,-100.0,-100.0,-52.0,-100.0,-61.0,-100.0,-61.0,-48.0,-100.0,-74.0,-100.0,-46.0,-100.0,-100.0,-100.0,-100.0,-100.0,-100.0,-50.0,-100.0,-100.0,-100.0,-100.0,-49.0,-100.0,-100.0,-100.0,-100.0
B1705,RP29,B,CTK45-dot-B,,26,,-22.0,45.0,train,-66.0,-64.0,-75.0,-48.0,-43.0,-100.0,-65.0,-92.0,-82.0,-65.0,-100.0,-63.0,-100.0,-79.0,-100.0,-51.0,-66.0,-64.0,-100.0,-48.0,-43.0,-100.0,-66.0,-100.0,-100.0,-68.0,-100.0,-63.0,-100.0,-100.0,-100.0,-51.0,-60.0,-60.0,-55.0,-54.0
B1669,RP29,B,CTK45-dot-B,,28,,-22.0,45.0,train,-100.0,-69.0,-100.0,-46.0,-40.0,-60.0,-55.0,-100.0,-100.0,-62.0,-57.0,-55.0,-100.0,-72.0,-58.0,-51.0,-100.0,-69.0,-100.0,-46.0,-41.0,-59.0,-55.0,-100.0,-100.0,-63.0,-100.0,-54.0,-100.0,-72.0,-58.0,-52.0,-58.0,-58.0,-58.0,-58.0
B1683,RP29,B,CTK45-dot-B,,19,,-22.0,45.0,train,-100.0,-67.0,-100.0,-100.0,-40.0,-52.0,-100.0,-100.0,-68.0,-56.0,-100.0,-52.0,-100.0,-73.0,-49.0,-55.0,-100.0,-67.0,-100.0,-43.0,-40.0,-52.0,-100.0,-100.0,-100.0,-57.0,-100.0,-53.0,-100.0,-73.0,-49.0,-55.0,-100.0,-100.0,-100.0,-100.0
B1700,RP29,B,CTK45-dot-B,,15,,-22.0,45.0,train,-100.0,-71.0,-67.0,-100.0,-36.0,-100.0,-100.0,-100.0,-100.0,-100.0,-100.0,-79.0,-100.0,-100.0,-69.0,-67.0,-57.0,-71.0,-67.0,-100.0,-36.0,-100.0,-100.0,-100.0,-100.0,-100.0,-100.0,-79.0,-100.0,-100.0,-70.0,-67.0,-49.0,-49.0,-100.0,-100.0
B1708,RP29,B,CTK45-dot-B,,17,,-22.0,45.0,train,-69.0,-100.0,-83.0,-100.0,-44.0,-100.0,-63.0,-100.0,-100.0,-67.0,-67.0,-64.0,-100.0,-100.0,-100.0,-52.0,-100.0,-100.0,-100.0,-100.0,-44.0,-100.0,-63.0,-100.0,-100.0,-100.0,-68.0,-65.0,-100.0,-100.0,-100.0,-52.0,-55.0,-54.0,-56.0,-56.0
2025:01:13:15:15:39,RP29,A,SM-S908E,2212343.0,28,-125.72630622517805,-22.0,45.0,train,-54.0,-71.0,-65.0,-49.0,-42.0,-69.0,-100.0,-100.0,-75.0,-68.0,-100.0,-72.0,-73.0,-84.0,-51.0,-60.0,-54.0,-71.0,-66.0,-50.0,-42.0,-69.0,-100.0,-100.0,-75.0,-69.0,-100.0,-72.0,-73.0,-84.0,-51.0,-60.0,-100.0,-100.0,-62.0,-62.0
B1701,RP29,B,CTK45-dot-B,,30,,-22.0,45.0,train,-58.0,-68.0,-73.0,-52.0,-54.0,-61.0,-100.0,-100.0,-59.0,-52.0,-61.0,-57.0,-61.0,-72.0,-58.0,-50.0,-61.0,-58.0,-74.0,-50.0,-43.0,-52.0,-100.0,-100.0,-59.0,-52.0,-57.0,-57.0,-62.0,-72.0,-58.0,-50.0,-59.0,-60.0,-100.0,-100.0
2025:01:13:15:17:07,RP29,A,SM-S908E,2212343.0,24,174.23926153332357,-22.0,45.0,train,-56.0,-70.0,-100.0,-47.0,-42.0,-71.0,-69.0,-100.0,-71.0,-66.0,-100.0,-81.0,-100.0,-84.0,-56.0,-60.0,-100.0,-71.0,-65.0,-100.0,-42.0,-100.0,-69.0,-100.0,-100.0,-67.0,-100.0,-80.0,-100.0,-100.0,-56.0,-60.0,-60.0,-59.0,-100.0,-100.0
2025:01:13:15:24:32,RP29,A,SM-S908E,2212343.0,26,-51.78421773239932,-22.0,45.0,train,-58.0,-70.0,-68.0,-58.0,-44.0,-100.0,-69.0,-100.0,-100.0,-100.0,-100.0,-82.0,-100.0,-100.0,-62.0,-60.0,-55.0,-70.0,-68.0,-56.0,-45.0,-73.0,-69.0,-100.0,-74.0,-69.0,-100.0,-82.0,-75.0,-100.0,-63.0,-60.0,-100.0,-100.0,-60.0,-60.0
B1699,RP29,B,CTK45-dot-B,,19,,-22.0,45.0,train,-100.0,-71.0,-63.0,-100.0,-42.0,-54.0,-100.0,-100.0,-57.0,-55.0,-100.0,-79.0,-100.0,-100.0,-54.0,-67.0,-100.0,-71.0,-65.0,-100.0,-42.0,-100.0,-100.0,-100.0,-57.0,-52.0,-100.0,-79.0,-100.0,-100.0,-70.0,-67.0,-51.0,-51.0,-100.0,-100.0
B1693,RP29,B,CTK45-dot-B,,27,,-22.0,45.0,train,-100.0,-62.0,-100.0,-100.0,-40.0,-48.0,-56.0,-100.0,-58.0,-65.0,-52.0,-64.0,-100.0,-77.0,-55.0,-51.0,-100.0,-62.0,-100.0,-100.0,-40.0,-47.0,-56.0,-100.0,-58.0,-64.0,-100.0,-64.0,-100.0,-77.0,-53.0,-51.0,-47.0,-47.0,-54.0,-54.0
B1690,RP29,B,CTK45-dot-B,,23,,-22.0,45.0,train,-100.0,-65.0,-74.0,-100.0,-44.0,-49.0,-100.0,-100.0,-65.0,-52.0,-47.0,-48.0,-100.0,-77.0,-52.0,-50.0,-100.0,-65.0,-100.0,-100.0,-43.0,-50.0,-100.0,-100.0,-65.0,-52.0,-47.0,-47.0,-100.0,-77.0,-52.0,-50.0,-100.0,-100.0,-100.0,-100.0
B1667,RP29,B,CTK45-dot-B,,21,,-22.0,45.0,train,-100.0,-69.0,-100.0,-53.0,-40.0,-67.0,-54.0,-100.0,-65.0,-100.0,-100.0,-50.0,-100.0,-100.0,-100.0,-63.0,-100.0,-70.0,-100.0,-53.0,-40.0,-61.0,-54.0,-100.0,-65.0,-100.0,-100.0,-51.0,-100.0,-100.0,-100.0,-63.0,-55.0,-58.0,-100.0,-100.0
B1696,RP29,B,CTK45-dot-B,,28,,-22.0,45.0,train,-100.0,-65.0,-67.0,-44.0,-39.0,-57.0,-59.0,-100.0,-73.0,-59.0,-63.0,-65.0,-100.0,-80.0,-45.0,-52.0,-100.0,-65.0,-100.0,-44.0,-42.0,-57.0,-59.0,-100.0,-100.0,-59.0,-63.0,-65.0,-100.0,-80.0,-46.0,-52.0,-100.0,-100.0,-52.0,-51.0
2025:01:13:15:21:22,RP29,A,SM-S908E,2212343.0,21,107.79115160364667,-22.0,45.0,train,-100.0,-70.0,-61.0,-100.0,-44.0,-100.0,-71.0,-100.0,-100.0,-100.0,-100.0,-80.0,-100.0,-82.0,-100.0,-60.0,-100.0,-71.0,-64.0,-100.0,-44.0,-100.0,-71.0,-100.0,-80.0,-100.0,-100.0,-80.0,-100.0,-100.0,-100.0,-61.0,-56.0,-55.0,-62.0,-62.0
B1709,RP29,B,CTK45-dot-B,,28,,-22.0,45.0,train,-68.0,-66.0,-100.0,-53.0,-42.0,-100.0,-63.0,-91.0,-75.0,-68.0,-70.0,-68.0,-77.0,-78.0,-100.0,-51.0,-100.0,-65.0,-100.0,-100.0,-42.0,-100.0,-62.0,-100.0,-75.0,-68.0,-70.0,-68.0,-100.0,-79.0,-100.0,-52.0,-57.0,-56.0,-55.0,-55.0
B1698,RP29,B,CTK45-dot-B,,20,,-22.0,45.0,train,-100.0,-72.0,-63.0,-45.0,-39.0,-100.0,-100.0,-100.0,-55.0,-58.0,-100.0,-68.0,-100.0,-75.0,-100.0,-55.0,-100.0,-72.0,-63.0,-45.0,-40.0,-100.0,-100.0,-100.0,-100.0,-58.0,-100.0,-68.0,-100.0,-76.0,-100.0,-55.0,-53.0,-53.0,-100.0,-100.0
2025:01:13:15:19:23,RP29,A,SM-S908E,2212343.0,26,173.71981226668,-22.0,45.0,train,-58.0,-66.0,-66.0,-100.0,-38.0,-71.0,-71.0,-100.0,-75.0,-72.0,-74.0,-81.0,-100.0,-81.0,-100.0,-54.0,-58.0,-66.0,-66.0,-100.0,-38.0,-71.0,-71.0,-100.0,-100.0,-72.0,-100.0,-81.0,-100.0,-82.0,-100.0,-54.0,-56.0,-100.0,-66.0,-66.0
B1706,RP29,B,CTK45-dot-B,,17,,-22.0,45.0,validation,-100.0,-72.0,-100.0,-100.0,-46.0,-100.0,-65.0,-100.0,-100.0,-68.0,-100.0,-67.0,-100.0,-100.0,-100.0,-50.0,-100.0,-72.0,-100.0,-100.0,-46.0,-100.0,-65.0,-100.0,-100.0,-71.0,-100.0,-67.0,-100.0,-100.0,-100.0,-50.0,-56.0,-55.0,-54.0,-54.0
B1680,RP29,B,CTK45-dot-B,,18,,-22.0,45.0,validation,-100.0,-83.0,-100.0,-100.0,-100.0,-60.0,-69.0,-64.0,-100.0,-48.0,-100.0,-57.0,-100.0,-68.0,-100.0,-74.0,-100.0,-83.0,-100.0,-100.0,-100.0,-61.0,-69.0,-100.0,-100.0,-40.0,-100.0,-58.0,-100.0,-100.0,-100.0,-75.0,-74.0,-75.0,-81.0,-81.0
B1672,RP29,B,CTK45-dot-B,,28,,-22.0,45.0,validation,-100.0,-70.0,-100.0,-100.0,-40.0,-66.0,-53.0,-100.0,-58.0,-56.0,-63.0,-58.0,-62.0,-73.0,-64.0,-52.0,-68.0,-70.0,-100.0,-100.0,-41.0,-67.0,-53.0,-100.0,-66.0,-56.0,-61.0,-58.0,-63.0,-73.0,-65.0,-52.0,-67.0,-65.0,-100.0,-100.0
2025:01:13:15:20:02,RP29,A,SM-S908E,2212343.0,19,173.61834144116236,-22.0,45.0,validation,-100.0,-65.0,-66.0,-100.0,-39.0,-100.0,-70.0,-100.0,-100.0,-100.0,-100.0,-83.0,-100.0,-79.0,-54.0,-56.0,-100.0,-66.0,-66.0,-100.0,-39.0,-100.0,-70.0,-100.0,-100.0,-100.0,-100.0,-83.0,-100.0,-79.0,-55.0,-56.0,-100.0,-100.0,-66.0,-66.0
2025:01:13:15:20:39,RP29,A,SM-S908E,2212343.0,27,106.4252889749902,-22.0,45.0,validation,-57.0,-73.0,-66.0,-53.0,-43.0,-71.0,-72.0,-100.0,-100.0,-68.0,-100.0,-77.0,-78.0,-100.0,-66.0,-64.0,-100.0,-73.0,-67.0,-53.0,-43.0,-71.0,-72.0,-100.0,-100.0,-68.0,-100.0,-77.0,-100.0,-100.0,-67.0,-65.0,-63.0,-62.0,-68.0,-68.0
2025:01:13:15:14:21,RP29,A,SM-S908E,2212343.0,28,-126.16152496635941,-22.0,45.0,validation,-54.0,-72.0,-65.0,-45.0,-42.0,-69.0,-79.0,-100.0,-76.0,-100.0,-78.0,-75.0,-100.0,-100.0,-58.0,-62.0,-54.0,-72.0,-65.0,-46.0,-42.0,-69.0,-79.0,-100.0,-77.0,-75.0,-100.0,-75.0,-100.0,-100.0,-57.0,-62.0,-100.0,-100.0,-61.0,-61.0
2025:01:13:15:17:52,RP29,A,SM-S908E,2212343.0,22,176.0139753854295,-22.0,45.0,validation,-100.0,-65.0,-66.0,-43.0,-37.0,-72.0,-71.0,-100.0,-100.0,-71.0,-100.0,-77.0,-100.0,-100.0,-55.0,-55.0,-100.0,-65.0,-100.0,-43.0,-37.0,-73.0,-71.0,-100.0,-75.0,-70.0,-100.0,-77.0,-100.0,-100.0,-55.0,-55.0,-100.0,-100.0,-65.0,-65.0
2025:01:13:15:15:05,RP29,A,SM-S908E,2212343.0,26,-125.90598578973108,-22.0,45.0,validation,-100.0,-71.0,-65.0,-46.0,-44.0,-100.0,-73.0,-100.0,-76.0,-68.0,-100.0,-75.0,-100.0,-100.0,-53.0,-60.0,-100.0,-71.0,-65.0,-47.0,-44.0,-100.0,-73.0,-100.0,-76.0,-69.0,-100.0,-74.0,-73.0,-100.0,-53.0,-60.0,-62.0,-62.0,-67.0,-67.0
B1679,RP29,B,CTK45-dot-B,,20,,-22.0,45.0,validation,-100.0,-64.0,-100.0,-100.0,-43.0,-100.0,-64.0,-100.0,-75.0,-70.0,-100.0,-68.0,-100.0,-75.0,-100.0,-55.0,-100.0,-64.0,-78.0,-100.0,-43.0,-100.0,-65.0,-100.0,-74.0,-68.0,-100.0,-68.0,-100.0,-76.0,-100.0,-55.0,-100.0,-100.0,-56.0,-56.0
B1673,RP29,B,CTK45-dot-B,,12,,-22.0,45.0,validation,-100.0,-75.0,-100.0,-47.0,-100.0,-58.0,-100.0,-90.0,-56.0,-100.0,-100.0,-100.0,-100.0,-100.0,-100.0,-46.0,-100.0,-75.0,-100.0,-48.0,-100.0,-58.0,-100.0,-100.0,-56.0,-100.0,-100.0,-100.0,-100.0,-100.0,-100.0,-47.0,-54.0,-100.0,-100.0,-100.0
B1685,RP29,B,CTK45-dot-B,,17,,-22.0,45.0,validation,-100.0,-64.0,-100.0,-44.0,-42.0,-100.0,-59.0,-100.0,-57.0,-100.0,-100.0,-52.0,-100.0,-100.0,-63.0,-52.0,-100.0,-65.0,-100.0,-100.0,-43.0,-100.0,-59.0,-100.0,-60.0,-100.0,-100.0,-53.0,-100.0,-100.0,-67.0,-52.0,-100.0,-100.0,-61.0,-61.0
B1688,RP29,B,CTK45-dot-B,,26,,-22.0,45.0,validation,-100.0,-74.0,-100.0,-39.0,-42.0,-51.0,-100.0,-75.0,-58.0,-53.0,-45.0,-51.0,-100.0,-69.0,-51.0,-47.0,-100.0,-75.0,-100.0,-38.0,-42.0,-100.0,-100.0,-100.0,-62.0,-52.0,-48.0,-51.0,-100.0,-69.0,-52.0,-47.0,-57.0,-57.0,-100.0,-100.0
B1663,RP29,B,CTK45-dot-B,,23,,-22.0,45.0,test,-100.0,-68.0,-100.0,-53.0,-43.0,-56.0,-56.0,-100.0,-57.0,-55.0,-100.0,-60.0,-100.0,-100.0,-52.0,-65.0,-100.0,-68.0,-100.0,-53.0,-43.0,-57.0,-56.0,-100.0,-58.0,-55.0,-100.0,-64.0,-100.0,-100.0,-52.0,-100.0,-50.0,-52.0,-52.0,-52.0
B1666,RP29,B,CTK45-dot-B,,19,,-22.0,45.0,test,-100.0,-69.0,-72.0,-44.0,-100.0,-57.0,-100.0,-100.0,-63.0,-100.0,-100.0,-100.0,-72.0,-100.0,-57.0,-57.0,-100.0,-68.0,-70.0,-45.0,-100.0,-57.0,-100.0,-100.0,-65.0,-100.0,-100.0,-100.0,-100.0,-100.0,-51.0,-58.0,-52.0,-51.0,-100.0,-100.0
B1670,RP29,B,CTK45-dot-B,,19,,-22.0,45.0,test,-63.0,-70.0,-100.0,-47.0,-100.0,-49.0,-100.0,-83.0,-63.0,-100.0,-52.0,-100.0,-62.0,-100.0,-54.0,-47.0,-62.0,-70.0,-100.0,-47.0,-100.0,-100.0,-100.0,-83.0,-56.0,-100.0,-50.0,-100.0,-60.0,-100.0,-53.0,-48.0,-100.0,-100.0,-100.0,-100.0
B1656,RP29,B,CTK45-dot-B,,32,,-22.0,45.0,test,-61.0,-64.0,-100.0,-47.0,-46.0,-64.0,-66.0,-82.0,-69.0,-73.0,-73.0,-72.0,-71.0,-77.0,-53.0,-53.0,-62.0,-64.0,-100.0,-47.0,-45.0,-100.0,-66.0,-100.0,-73.0,-73.0,-72.0,-73.0,-72.0,-73.0,-100.0,-53.0,-58.0,-58.0,-54.0,-53.0
B1711,RP29,B,CTK45-dot-B,,25,,-22.0,45.0,test,-56.0,-68.0,-100.0,-45.0,-41.0,-100.0,-100.0,-100.0,-100.0,-63.0,-66.0,-62.0,-70.0,-81.0,-58.0,-61.0,-58.0,-68.0,-100.0,-100.0,-41.0,-100.0,-100.0,-100.0,-100.0,-70.0,-65.0,-62.0,-69.0,-80.0,-57.0,-61.0,-100.0,-70.0,-58.0,-57.0
B1702,RP29,B,CTK45-dot-B,,23,,-22.0,45.0,test,-58.0,-68.0,-100.0,-100.0,-35.0,-100.0,-61.0,-100.0,-64.0,-59.0,-100.0,-59.0,-67.0,-78.0,-100.0,-67.0,-100.0,-69.0,-100.0,-100.0,-36.0,-56.0,-61.0,-100.0,-58.0,-59.0,-100.0,-61.0,-100.0,-77.0,-100.0,-67.0,-100.0,-100.0,-54.0,-54.0
2025:01:13:15:23:55,RP29,A,SM-S908E,2212343.0,19,104.20487698362996,-22.0,45.0,test,-60.0,-71.0,-68.0,-61.0,-47.0,-100.0,-69.0,-100.0,-100.0,-100.0,-100.0,-80.0,-100.0,-100.0,-100.0,-59.0,-100.0,-71.0,-68.0,-100.0,-47.0,-100.0,-69.0,-100.0,-100.0,-100.0,-100.0,-80.0,-100.0,-100.0,-100.0,-59.0,-60.0,-60.0,-63.0,-63.0
2025:01:13:15:25:51,RP29,A,SM-S908E,2212343.0,28,-50.22267855754978,-22.0,45.0,test,-57.0,-65.0,-66.0,-40.0,-43.0,-63.0,-62.0,-100.0,-65.0,-100.0,-100.0,-80.0,-100.0,-81.0,-56.0,-56.0,-100.0,-65.0,-67.0,-39.0,-42.0,-63.0,-63.0,-100.0,-68.0,-100.0,-100.0,-81.0,-100.0,-79.0,-53.0,-56.0,-55.0,-55.0,-68.0,-68.0
B1668,RP29,B,CTK45-dot-B,,13,,-22.0,45.0,test,-100.0,-67.0,-100.0,-43.0,-100.0,-53.0,-100.0,-83.0,-73.0,-100.0,-100.0,-100.0,-100.0,-100.0,-100.0,-56.0,-100.0,-67.0,-100.0,-43.0,-100.0,-53.0,-100.0,-100.0,-73.0,-100.0,-100.0,-100.0,-100.0,-100.0,-100.0,-56.0,-51.0,-52.0,-100.0,-100.0
B1653,RP29,B,CTK45-dot-B,,26,,-22.0,45.0,test,-60.0,-68.0,-100.0,-49.0,-45.0,-100.0,-66.0,-100.0,-74.0,-66.0,-100.0,-69.0,-100.0,-77.0,-100.0,-54.0,-60.0,-69.0,-100.0,-47.0,-45.0,-100.0,-67.0,-100.0,-72.0,-68.0,-100.0,-70.0,-100.0,-76.0,-100.0,-54.0,-59.0,-59.0,-59.0,-58.0
B1695,RP29,B,CTK45-dot-B,,23,,-22.0,45.0,test,-100.0,-65.0,-100.0,-45.0,-42.0,-49.0,-55.0,-100.0,-100.0,-59.0,-100.0,-59.0,-100.0,-72.0,-54.0,-49.0,-100.0,-65.0,-59.0,-46.0,-43.0,-100.0,-55.0,-100.0,-100.0,-59.0,-100.0,-59.0,-100.0,-72.0,-54.0,-49.0,-100.0,-100.0,-56.0,-55.0
B1652,RP29,B,CTK45-dot-B,,16,,-22.0,45.0,test,-100.0,-71.0,-100.0,-42.0,-40.0,-100.0,-100.0,-100.0,-100.0,-51.0,-100.0,-51.0,-100.0,-72.0,-50.0,-54.0,-100.0,-71.0,-100.0,-43.0,-40.0,-100.0,-100.0,-100.0,-64.0,-52.0,-100.0,-51.0,-100.0,-100.0,-51.0,-54.0,-100.0,-100.0,-100.0,-100.0
2025:01:13:15:05:06,RP30,A,SM-S908E,2212343.0,24,176.91743242552565,-13.0,45.0,train,-100.0,-67.0,-64.0,-47.0,-51.0,-100.0,-76.0,-84.0,-70.0,-100.0,-100.0,-70.0,-100.0,-82.0,-100.0,-64.0,-100.0,-67.0,-64.0,-47.0,-50.0,-100.0,-76.0,-100.0,-71.0,-100.0,-100.0,-70.0,-100.0,-82.0,-100.0,-64.0,-65.0,-65.0,-75.0,-75.0
B1736,RP30,B,CTK45-dot-B,,31,,-13.0,45.0,train,-53.0,-70.0,-58.0,-56.0,-48.0,-59.0,-100.0,-100.0,-59.0,-52.0,-50.0,-50.0,-59.0,-73.0,-55.0,-61.0,-53.0,-70.0,-100.0,-56.0,-48.0,-59.0,-100.0,-100.0,-59.0,-52.0,-51.0,-50.0,-100.0,-74.0,-100.0,-61.0,-63.0,-64.0,-72.0,-72.0
B1727,RP30,B,CTK45-dot-B,,25,,-13.0,45.0,train,-100.0,-69.0,-100.0,-62.0,-49.0,-100.0,-100.0,-100.0,-57.0,-52.0,-54.0,-59.0,-66.0,-74.0,-60.0,-63.0,-100.0,-69.0,-100.0,-62.0,-49.0,-100.0,-100.0,-100.0,-55.0,-51.0,-53.0,-60.0,-66.0,-74.0,-60.0,-63.0,-100.0,-100.0,-78.0,-76.0
B1749,RP30,B,CTK45-dot-B,,28,,-13.0,45.0,train,-100.0,-74.0,-66.0,-51.0,-48.0,-100.0,-71.0,-85.0,-59.0,-60.0,-100.0,-70.0,-62.0,-86.0,-100.0,-69.0,-100.0,-75.0,-66.0,-100.0,-48.0,-100.0,-71.0,-85.0,-100.0,-60.0,-100.0,-70.0,-62.0,-85.0,-100.0,-68.0,-62.0,-62.0,-62.0,-62.0
2025:01:13:15:07:08,RP30,A,SM-S908E,2212343.0,27,107.10006137031577,-13.0,45.0,train,-62.0,-70.0,-61.0,-100.0,-46.0,-60.0,-70.0,-100.0,-65.0,-60.0,-63.0,-70.0,-100.0,-85.0,-60.0,-69.0,-100.0,-71.0,-60.0,-100.0,-46.0,-60.0,-70.0,-100.0,-66.0,-61.0,-100.0,-70.0,-100.0,-85.0,-60.0,-69.0,-100.0,-100.0,-74.0,-74.0
B1723,RP30,B,CTK45-dot-B,,22,,-13.0,45.0,train,-100.0,-66.0,-100.0,-52.0,-47.0,-64.0,-66.0,-100.0,-59.0,-54.0,-100.0,-61.0,-100.0,-100.0,-100.0,-60.0,-100.0,-65.0,-100.0,-53.0,-48.0,-100.0,-66.0,-100.0,-59.0,-53.0,-100.0,-61.0,-100.0,-80.0,-100.0,-60.0,-100.0,-68.0,-62.0,-62.0
B1733,RP30,B,CTK45-dot-B,,17,,-13.0,45.0,train,-100.0,-60.0,-66.0,-100.0,-41.0,-70.0,-59.0,-100.0,-100.0,-100.0,-58.0,-62.0,-100.0,-100.0,-100.0,-51.0,-100.0,-60.0,-66.0,-100.0,-41.0,-70.0,-58.0,-100.0,-100.0,-100.0,-58.0,-62.0,-100.0,-100.0,-45.0,-51.0,-100.0,-100.0,-100.0,-100.0
2025:01:13:15:08:22,RP30,A,SM-S908E,2212343.0,29,106.73531070835753,-13.0,45.0,train,-59.0,-73.0,-61.0,-53.0,-45.0,-58.0,-70.0,-100.0,-64.0,-61.0,-58.0,-66.0,-69.0,-100.0,-64.0,-68.0,-59.0,-73.0,-59.0,-52.0,-45.0,-58.0,-70.0,-100.0,-64.0,-61.0,-62.0,-66.0,-61.0,-100.0,-64.0,-69.0,-100.0,-100.0,-100.0,-100.0
B1729,RP30,B,CTK45-dot-B,,27,,-13.0,45.0,train,-100.0,-65.0,-66.0,-52.0,-41.0,-58.0,-100.0,-74.0,-46.0,-52.0,-100.0,-52.0,-59.0,-67.0,-57.0,-48.0,-100.0,-65.0,-100.0,-46.0,-41.0,-58.0,-100.0,-77.0,-44.0,-52.0,-50.0,-53.0,-59.0,-67.0,-57.0,-48.0,-100.0,-100.0,-100.0,-100.0
B1770,RP30,B,CTK45-dot-B,,16,,-13.0,45.0,train,-57.0,-70.0,-100.0,-39.0,-100.0,-62.0,-100.0,-100.0,-50.0,-100.0,-100.0,-100.0,-100.0,-100.0,-100.0,-52.0,-57.0,-71.0,-100.0,-41.0,-100.0,-63.0,-100.0,-100.0,-53.0,-100.0,-100.0,-100.0,-100.0,-100.0,-100.0,-53.0,-66.0,-64.0,-100.0,-100.0
2025:01:13:15:03:04,RP30,A,SM-S908E,2212343.0,29,175.48421287847358,-13.0,45.0,train,-57.0,-68.0,-62.0,-47.0,-51.0,-68.0,-100.0,-72.0,-65.0,-62.0,-100.0,-66.0,-61.0,-84.0,-63.0,-71.0,-57.0,-68.0,-100.0,-48.0,-51.0,-68.0,-100.0,-100.0,-100.0,-62.0,-100.0,-66.0,-61.0,-84.0,-63.0,-71.0,-100.0,-67.0,-100.0,-100.0
B1730,RP30,B,CTK45-dot-B,,35,,-13.0,45.0,train,-100.0,-65.0,-66.0,-52.0,-41.0,-58.0,-100.0,-74.0,-46.0,-52.0,-50.0,-52.0,-59.0,-67.0,-57.0,-48.0,-100.0,-65.0,-79.0,-46.0,-41.0,-58.0,-100.0,-77.0,-44.0,-52.0,-50.0,-53.0,-59.0,-67.0,-57.0,-48.0,-64.0,-64.0,-62.0,-62.0
B1763,RP30,B,CTK45-dot-B,,25,,-13.0,45.0,train,-77.0,-66.0,-100.0,-100.0,-49.0,-100.0,-67.0,-100.0,-63.0,-66.0,-100.0,-65.0,-65.0,-76.0,-73.0,-52.0,-100.0,-66.0,-100.0,-100.0,-51.0,-100.0,-68.0,-100.0,-100.0,-66.0,-100.0,-64.0,-100.0,-75.0,-73.0,-52.0,-100.0,-100.0,-66.0,-65.0
B1754,RP30,B,CTK45-dot-B,,27,,-13.0,45.0,train,-66.0,-100.0,-100.0,-49.0,-47.0,-100.0,-66.0,-80.0,-68.0,-66.0,-100.0,-66.0,-72.0,-81.0,-100.0,-51.0,-100.0,-100.0,-100.0,-49.0,-47.0,-100.0,-66.0,-79.0,-70.0,-64.0,-100.0,-67.0,-100.0,-81.0,-100.0,-59.0,-55.0,-64.0,-100.0,-100.0
B1734,RP30,B,CTK45-dot-B,,20,,-13.0,45.0,train,-100.0,-63.0,-100.0,-43.0,-41.0,-63.0,-58.0,-100.0,-100.0,-62.0,-56.0,-63.0,-100.0,-79.0,-100.0,-53.0,-100.0,-63.0,-100.0,-41.0,-41.0,-63.0,-58.0,-100.0,-100.0,-62.0,-56.0,-62.0,-100.0,-79.0,-100.0,-53.0,-100.0,-100.0,-100.0,-100.0
B1756,RP30,B,CTK45-dot-B,,30,,-13.0,45.0,train,-57.0,-70.0,-69.0,-45.0,-59.0,-100.0,-64.0,-100.0,-50.0,-57.0,-65.0,-65.0,-59.0,-79.0,-100.0,-54.0,-100.0,-71.0,-68.0,-45.0,-59.0,-100.0,-64.0,-71.0,-60.0,-58.0,-100.0,-65.0,-68.0,-78.0,-100.0,-48.0,-64.0,-64.0,-68.0,-68.0
B1755,RP30,B,CTK45-dot-B,,28,,-13.0,45.0,train,-60.0,-66.0,-100.0,-57.0,-46.0,-61.0,-66.0,-100.0,-100.0,-52.0,-57.0,-63.0,-100.0,-75.0,-57.0,-66.0,-100.0,-66.0,-100.0,-57.0,-47.0,-61.0,-66.0,-100.0,-100.0,-50.0,-58.0,-64.0,-68.0,-75.0,-57.0,-66.0,-100.0,-100.0,-73.0,-73.0
2025:01:13:15:10:33,RP30,A,SM-S908E,2212343.0,31,-51.478533289541126,-13.0,45.0,train,-62.0,-62.0,-100.0,-47.0,-49.0,-60.0,-68.0,-100.0,-67.0,-63.0,-59.0,-69.0,-65.0,-100.0,-65.0,-62.0,-62.0,-62.0,-100.0,-45.0,-50.0,-60.0,-68.0,-100.0,-67.0,-63.0,-60.0,-69.0,-62.0,-100.0,-65.0,-62.0,-65.0,-65.0,-75.0,-75.0
B1717,RP30,B,CTK45-dot-B,,25,,-13.0,45.0,train,-60.0,-66.0,-74.0,-100.0,-43.0,-60.0,-69.0,-100.0,-66.0,-64.0,-100.0,-54.0,-100.0,-76.0,-57.0,-62.0,-60.0,-66.0,-100.0,-100.0,-43.0,-100.0,-69.0,-100.0,-66.0,-64.0,-100.0,-53.0,-71.0,-76.0,-56.0,-62.0,-100.0,-100.0,-72.0,-72.0
B1720,RP30,B,CTK45-dot-B,,17,,-13.0,45.0,train,-100.0,-65.0,-100.0,-100.0,-42.0,-63.0,-69.0,-100.0,-61.0,-52.0,-100.0,-55.0,-100.0,-100.0,-58.0,-55.0,-100.0,-66.0,-100.0,-100.0,-100.0,-63.0,-68.0,-100.0,-100.0,-52.0,-100.0,-55.0,-100.0,-100.0,-100.0,-55.0,-100.0,-100.0,-60.0,-60.0
2025:01:13:15:02:04,RP30,A,SM-S908E,2212343.0,22,176.4323262491222,-13.0,45.0,train,-100.0,-73.0,-64.0,-50.0,-50.0,-100.0,-70.0,-100.0,-62.0,-61.0,-100.0,-67.0,-100.0,-76.0,-100.0,-100.0,-57.0,-72.0,-64.0,-50.0,-49.0,-100.0,-70.0,-100.0,-60.0,-61.0,-100.0,-67.0,-100.0,-76.0,-100.0,-100.0,-100.0,-100.0,-75.0,-75.0
B1743,RP30,B,CTK45-dot-B,,17,,-13.0,45.0,train,-100.0,-65.0,-63.0,-45.0,-100.0,-58.0,-100.0,-79.0,-54.0,-100.0,-100.0,-100.0,-100.0,-100.0,-100.0,-61.0,-100.0,-65.0,-62.0,-47.0,-100.0,-57.0,-100.0,-77.0,-54.0,-100.0,-100.0,-100.0,-100.0,-100.0,-100.0,-61.0,-62.0,-62.0,-100.0,-100.0
B1758,RP30,B,CTK45-dot-B,,28,,-13.0,45.0,train,-58.0,-74.0,-68.0,-55.0,-46.0,-60.0,-68.0,-100.0,-49.0,-50.0,-100.0,-59.0,-63.0,-100.0,-54.0,-53.0,-58.0,-74.0,-71.0,-58.0,-49.0,-61.0,-68.0,-100.0,-49.0,-50.0,-100.0,-59.0,-64.0,-100.0,-100.0,-53.0,-61.0,-100.0,-68.0,-68.0
2025:01:13:14:58:10,RP30,A,SM-S908E,2212343.0,22,-126.54133295917369,-13.0,45.0,train,-100.0,-100.0,-100.0,-100.0,-48.0,-71.0,-71.0,-100.0,-66.0,-65.0,-60.0,-66.0,-100.0,-76.0,-47.0,-67.0,-100.0,-100.0,-100.0,-100.0,-49.0,-71.0,-72.0,-100.0,-66.0,-65.0,-58.0,-66.0,-100.0,-76.0,-47.0,-67.0,-100.0,-100.0,-76.0,-76.0
2025:01:13:15:11:20,RP30,A,SM-S908E,2212343.0,32,-54.429758678168675,-13.0,45.0,train,-64.0,-62.0,-67.0,-45.0,-49.0,-57.0,-68.0,-78.0,-71.0,-65.0,-100.0,-68.0,-64.0,-82.0,-64.0,-63.0,-65.0,-62.0,-100.0,-46.0,-49.0,-57.0,-68.0,-79.0,-71.0,-65.0,-100.0,-68.0,-64.0,-81.0,-64.0,-63.0,-61.0,-100.0,-78.0,-78.0
B1766,RP30,B,CTK45-dot-B,,11,,-13.0,45.0,train,-100.0,-65.0,-68.0,-41.0,-100.0,-56.0,-100.0,-100.0,-55.0,-100.0,-100.0,-100.0,-100.0,-100.0,-100.0,-52.0,-100.0,-65.0,-100.0,-41.0,-100.0,-57.0,-100.0,-100.0,-54.0,-100.0,-100.0,-100.0,-100.0,-100.0,-100.0,-52.0,-100.0,-100.0,-100.0,-100.0
2025:01:13:15:05:42,RP30,A,SM-S908E,2212343.0,28,105.79628444833968,-13.0,45.0,train,-100.0,-65.0,-63.0,-49.0,-51.0,-100.0,-77.0,-100.0,-65.0,-62.0,-58.0,-66.0,-100.0,-82.0,-65.0,-66.0,-56.0,-66.0,-63.0,-49.0,-51.0,-100.0,-77.0,-100.0,-66.0,-62.0,-60.0,-66.0,-100.0,-100.0,-65.0,-66.0,-66.0,-66.0,-77.0,-76.0
B1712,RP30,B,CTK45-dot-B,,17,,-13.0,45.0,train,-100.0,-75.0,-100.0,-38.0,-43.0,-100.0,-100.0,-100.0,-53.0,-100.0,-57.0,-67.0,-100.0,-100.0,-51.0,-66.0,-100.0,-74.0,-100.0,-38.0,-43.0,-100.0,-100.0,-100.0,-53.0,-100.0,-57.0,-68.0,-100.0,-100.0,-100.0,-66.0,-45.0,-45.0,-100.0,-100.0
2025:01:13:15:04:17,RP30,A,SM-S908E,2212343.0,23,174.46670285967872,-13.0,45.0,train,-100.0,-71.0,-63.0,-48.0,-49.0,-71.0,-74.0,-100.0,-70.0,-63.0,-100.0,-71.0,-66.0,-100.0,-100.0,-65.0,-100.0,-71.0,-100.0,-49.0,-49.0,-71.0,-74.0,-100.0,-70.0,-63.0,-100.0,-71.0,-100.0,-100.0,-100.0,-65.0,-100.0,-67.0,-75.0,-74.0
B1715,RP30,B,CTK45-dot-B,,14,,-13.0,45.0,train,-100.0,-71.0,-100.0,-100.0,-46.0,-100.0,-100.0,-100.0,-100.0,-100.0,-52.0,-52.0,-100.0,-100.0,-60.0,-60.0,-100.0,-72.0,-100.0,-52.0,-46.0,-100.0,-100.0,-100.0,-100.0,-100.0,-100.0,-52.0,-100.0,-100.0,-100.0,-60.0,-63.0,-100.0,-70.0,-70.0
B1741,RP30,B,CTK45-dot-B,,33,,-13.0,45.0,train,-61.0,-66.0,-62.0,-49.0,-55.0,-71.0,-69.0,-100.0,-53.0,-100.0,-100.0,-67.0,-58.0,-79.0,-46.0,-56.0,-61.0,-65.0,-62.0,-50.0,-55.0,-62.0,-70.0,-100.0,-54.0,-100.0,-100.0,-67.0,-57.0,-80.0,-44.0,-57.0,-61.0,-62.0,-76.0,-76.0
B1752,RP30,B,CTK45-dot-B,,23,,-13.0,45.0,train,-100.0,-70.0,-100.0,-36.0,-40.0,-58.0,-100.0,-100.0,-61.0,-100.0,-57.0,-59.0,-55.0,-73.0,-100.0,-65.0,-51.0,-70.0,-100.0,-37.0,-42.0,-59.0,-65.0,-100.0,-58.0,-100.0,-60.0,-59.0,-100.0,-74.0,-100.0,-65.0,-48.0,-48.0,-100.0,-100.0
2025:01:13:15:07:45,RP30,A,SM-S908E,2212343.0,26,106.58145435163105,-13.0,45.0,train,-100.0,-72.0,-59.0,-52.0,-46.0,-53.0,-70.0,-84.0,-61.0,-64.0,-54.0,-61.0,-100.0,-100.0,-53.0,-70.0,-100.0,-72.0,-59.0,-52.0,-46.0,-100.0,-71.0,-100.0,-62.0,-64.0,-54.0,-61.0,-100.0,-100.0,-54.0,-70.0,-100.0,-100.0,-78.0,-78.0
B1759,RP30,B,CTK45-dot-B,,36,,-13.0,45.0,train,-57.0,-72.0,-72.0,-56.0,-47.0,-66.0,-68.0,-80.0,-52.0,-49.0,-59.0,-65.0,-66.0,-75.0,-59.0,-59.0,-57.0,-72.0,-72.0,-57.0,-46.0,-65.0,-68.0,-81.0,-51.0,-49.0,-58.0,-64.0,-66.0,-71.0,-100.0,-59.0,-61.0,-61.0,-69.0,-69.0
B1739,RP30,B,CTK45-dot-B,,19,,-13.0,45.0,train,-100.0,-66.0,-77.0,-100.0,-48.0,-100.0,-100.0,-100.0,-56.0,-50.0,-53.0,-58.0,-100.0,-100.0,-100.0,-64.0,-100.0,-66.0,-100.0,-100.0,-48.0,-100.0,-100.0,-100.0,-57.0,-50.0,-56.0,-58.0,-100.0,-100.0,-100.0,-63.0,-100.0,-100.0,-78.0,-77.0
B1735,RP30,B,CTK45-dot-B,,23,,-13.0,45.0,train,-48.0,-100.0,-100.0,-41.0,-40.0,-61.0,-100.0,-100.0,-67.0,-63.0,-59.0,-56.0,-100.0,-77.0,-100.0,-52.0,-51.0,-100.0,-100.0,-41.0,-40.0,-100.0,-100.0,-100.0,-67.0,-63.0,-58.0,-56.0,-100.0,-100.0,-100.0,-52.0,-59.0,-59.0,-100.0,-100.0
2025:01:13:14:58:47,RP30,A,SM-S908E,2212343.0,25,-126.58512412345554,-13.0,45.0,train,-57.0,-74.0,-100.0,-46.0,-49.0,-100.0,-69.0,-100.0,-63.0,-61.0,-100.0,-100.0,-63.0,-81.0,-68.0,-69.0,-100.0,-74.0,-100.0,-46.0,-49.0,-53.0,-69.0,-100.0,-64.0,-61.0,-100.0,-100.0,-100.0,-81.0,-68.0,-69.0,-100.0,-100.0,-71.0,-71.0
B1744,RP30,B,CTK45-dot-B,,12,,-13.0,45.0,train,-100.0,-66.0,-61.0,-54.0,-100.0,-100.0,-100.0,-100.0,-100.0,-100.0,-62.0,-100.0,-100.0,-100.0,-43.0,-57.0,-100.0,-66.0,-100.0,-53.0,-100.0,-100.0,-100.0,-100.0,-100.0,-100.0,-100.0,-100.0,-100.0,-100.0,-43.0,-58.0,-68.0,-66.0,-100.0,-100.0
B1761,RP30,B,CTK45-dot-B,,27,,-13.0,45.0,train,-59.0,-65.0,-68.0,-50.0,-46.0,-100.0,-68.0,-84.0,-100.0,-58.0,-100.0,-64.0,-60.0,-75.0,-54.0,-58.0,-59.0,-65.0,-70.0,-100.0,-46.0,-100.0,-68.0,-82.0,-100.0,-58.0,-100.0,-66.0,-62.0,-75.0,-56.0,-58.0,-100.0,-100.0,-70.0,-70.0
B1726,RP30,B,CTK45-dot-B,,21,,-13.0,45.0,train,-100.0,-70.0,-100.0,-100.0,-44.0,-100.0,-71.0,-100.0,-100.0,-68.0,-100.0,-65.0,-100.0,-78.0,-59.0,-58.0,-100.0,-70.0,-100.0,-100.0,-46.0,-100.0,-71.0,-100.0,-74.0,-68.0,-100.0,-65.0,-100.0,-79.0,-100.0,-58.0,-100.0,-100.0,-62.0,-62.0
B1718,RP30,B,CTK45-dot-B,,22,,-13.0,45.0,train,-100.0,-69.0,-69.0,-100.0,-49.0,-100.0,-70.0,-100.0,-100.0,-66.0,-100.0,-61.0,-100.0,-77.0,-61.0,-58.0,-100.0,-68.0,-70.0,-100.0,-45.0,-100.0,-71.0,-100.0,-68.0,-67.0,-100.0,-61.0,-100.0,-78.0,-61.0,-59.0,-100.0,-100.0,-69.0,-65.0
B1728,RP30,B,CTK45-dot-B,,27,,-13.0,45.0,train,-54.0,-69.0,-100.0,-41.0,-55.0,-73.0,-100.0,-100.0,-52.0,-47.0,-100.0,-50.0,-100.0,-71.0,-65.0,-57.0,-54.0,-70.0,-100.0,-39.0,-51.0,-57.0,-100.0,-100.0,-53.0,-47.0,-100.0,-50.0,-60.0,-71.0,-65.0,-56.0,-100.0,-100.0,-56.0,-56.0
B1732,RP30,B,CTK45-dot-B,,31,,-13.0,45.0,train,-60.0,-60.0,-100.0,-43.0,-47.0,-58.0,-60.0,-100.0,-67.0,-57.0,-60.0,-67.0,-58.0,-77.0,-56.0,-52.0,-57.0,-60.0,-100.0,-41.0,-47.0,-60.0,-60.0,-100.0,-67.0,-57.0,-62.0,-67.0,-59.0,-77.0,-56.0,-52.0,-100.0,-100.0,-54.0,-54.0
B1713,RP30,B,CTK45-dot-B,,26,,-13.0,45.0,train,-100.0,-69.0,-68.0,-100.0,-49.0,-61.0,-65.0,-100.0,-62.0,-44.0,-100.0,-53.0,-100.0,-67.0,-57.0,-57.0,-100.0,-70.0,-68.0,-100.0,-50.0,-61.0,-66.0,-100.0,-62.0,-44.0,-100.0,-53.0,-100.0,-68.0,-55.0,-57.0,-100.0,-100.0,-100.0,-100.0
B1737,RP30,B,CTK45-dot-B,,24,,-13.0,45.0,train,-100.0,-77.0,-100.0,-40.0,-39.0,-65.0,-100.0,-100.0,-64.0,-58.0,-60.0,-100.0,-55.0,-70.0,-66.0,-65.0,-100.0,-76.0,-100.0,-41.0,-39.0,-100.0,-100.0,-100.0,-63.0,-57.0,-60.0,-100.0,-100.0,-70.0,-66.0,-65.0,-54.0,-54.0,-54.0,-54.0
B1748,RP30,B,CTK45-dot-B,,22,,-13.0,45.0,train,-61.0,-66.0,-71.0,-48.0,-100.0,-57.0,-100.0,-79.0,-50.0,-100.0,-62.0,-100.0,-55.0,-100.0,-44.0,-56.0,-61.0,-66.0,-100.0,-48.0,-100.0,-58.0,-100.0,-79.0,-50.0,-100.0,-71.0,-100.0,-55.0,-100.0,-43.0,-57.0,-60.0,-100.0,-100.0,-100.0
B1771,RP30,B,CTK45-dot-B,,30,,-13.0,45.0,train,-48.0,-62.0,-100.0,-41.0,-40.0,-61.0,-59.0,-100.0,-67.0,-63.0,-59.0,-56.0,-100.0,-77.0,-44.0,-52.0,-51.0,-63.0,-100.0,-41.0,-40.0,-54.0,-59.0,-100.0,-67.0,-63.0,-58.0,-56.0,-100.0,-100.0,-44.0,-52.0,-59.0,-59.0,-100.0,-100.0
B1740,RP30,B,CTK45-dot-B,,21,,-13.0,45.0,train,-57.0,-68.0,-70.0,-100.0,-51.0,-67.0,-65.0,-100.0,-57.0,-53.0,-100.0,-69.0,-71.0,-78.0,-54.0,-100.0,-100.0,-68.0,-65.0,-100.0,-49.0,-69.0,-65.0,-100.0,-100.0,-52.0,-100.0,-69.0,-100.0,-100.0,-100.0,-100.0,-100.0,-100.0,-73.0,-73.0
B1724,RP30,B,CTK45-dot-B,,33,,-13.0,45.0,train,-63.0,-65.0,-100.0,-54.0,-48.0,-63.0,-66.0,-83.0,-58.0,-54.0,-57.0,-62.0,-76.0,-78.0,-60.0,-58.0,-64.0,-65.0,-100.0,-53.0,-49.0,-64.0,-66.0,-100.0,-58.0,-54.0,-56.0,-62.0,-80.0,-79.0,-60.0,-58.0,-63.0,-100.0,-62.0,-62.0
B1760,RP30,B,CTK45-dot-B,,28,,-13.0,45.0,train,-58.0,-70.0,-73.0,-100.0,-47.0,-65.0,-66.0,-100.0,-53.0,-48.0,-100.0,-65.0,-100.0,-75.0,-61.0,-59.0,-58.0,-71.0,-73.0,-100.0,-49.0,-65.0,-66.0,-100.0,-100.0,-48.0,-100.0,-65.0,-65.0,-75.0,-60.0,-59.0,-62.0,-62.0,-70.0,-70.0
B1716,RP30,B,CTK45-dot-B,,23,,-13.0,45.0,train,-100.0,-68.0,-100.0,-45.0,-44.0,-61.0,-63.0,-100.0,-100.0,-47.0,-43.0,-57.0,-100.0,-100.0,-53.0,-59.0,-100.0,-68.0,-100.0,-47.0,-44.0,-61.0,-63.0,-82.0,-100.0,-47.0,-51.0,-57.0,-100.0,-100.0,-54.0,-60.0,-69.0,-67.0,-100.0,-100.0
B1757,RP30,B,CTK45-dot-B,,26,,-13.0,45.0,train,-100.0,-70.0,-100.0,-40.0,-52.0,-100.0,-63.0,-100.0,-100.0,-51.0,-65.0,-60.0,-100.0,-80.0,-55.0,-47.0,-100.0,-70.0,-100.0,-39.0,-50.0,-100.0,-64.0,-100.0,-100.0,-52.0,-65.0,-60.0,-100.0,-100.0,-55.0,-47.0,-54.0,-54.0,-64.0,-64.0
2025:01:13:15:00:12,RP30,A,SM-S908E,2212343.0,27,-127.9212731608565,-13.0,45.0,train,-100.0,-73.0,-100.0,-50.0,-50.0,-56.0,-72.0,-81.0,-64.0,-60.0,-61.0,-66.0,-100.0,-100.0,-66.0,-69.0,-100.0,-73.0,-100.0,-50.0,-51.0,-56.0,-73.0,-85.0,-64.0,-60.0,-61.0,-66.0,-100.0,-78.0,-67.0,-69.0,-100.0,-100.0,-76.0,-76.0
B1725,RP30,B,CTK45-dot-B,,27,,-13.0,45.0,train,-61.0,-70.0,-71.0,-60.0,-45.0,-100.0,-65.0,-100.0,-100.0,-52.0,-55.0,-59.0,-100.0,-75.0,-59.0,-65.0,-62.0,-69.0,-100.0,-60.0,-49.0,-100.0,-65.0,-100.0,-100.0,-52.0,-54.0,-59.0,-100.0,-74.0,-59.0,-65.0,-70.0,-100.0,-73.0,-73.0
B1750,RP30,B,CTK45-dot-B,,26,,-13.0,45.0,train,-100.0,-80.0,-100.0,-59.0,-48.0,-100.0,-60.0,-100.0,-34.0,-37.0,-51.0,-55.0,-100.0,-71.0,-65.0,-70.0,-74.0,-80.0,-100.0,-100.0,-49.0,-100.0,-60.0,-100.0,-34.0,-37.0,-51.0,-55.0,-100.0,-71.0,-100.0,-70.0,-58.0,-100.0,-81.0,-80.0
B1751,RP30,B,CTK45-dot-B,,26,,-13.0,45.0,train,-53.0,-74.0,-100.0,-100.0,-41.0,-66.0,-100.0,-100.0,-61.0,-52.0,-52.0,-63.0,-100.0,-74.0,-51.0,-68.0,-51.0,-74.0,-100.0,-100.0,-41.0,-66.0,-100.0,-100.0,-62.0,-52.0,-52.0,-62.0,-68.0,-73.0,-56.0,-68.0,-53.0,-50.0,-100.0,-100.0
B1767,RP30,B,CTK45-dot-B,,19,,-13.0,45.0,validation,-56.0,-65.0,-59.0,-49.0,-100.0,-59.0,-100.0,-100.0,-54.0,-100.0,-61.0,-100.0,-62.0,-100.0,-50.0,-52.0,-100.0,-64.0,-59.0,-40.0,-100.0,-100.0,-100.0,-100.0,-100.0,-100.0,-100.0,-100.0,-64.0,-100.0,-50.0,-53.0,-53.0,-52.0,-100.0,-100.0
2025:01:13:15:06:25,RP30,A,SM-S908E,2212343.0,26,106.88315100823515,-13.0,45.0,validation,-100.0,-72.0,-59.0,-100.0,-44.0,-58.0,-72.0,-100.0,-62.0,-58.0,-100.0,-66.0,-100.0,-83.0,-56.0,-70.0,-100.0,-72.0,-59.0,-100.0,-44.0,-60.0,-72.0,-100.0,-62.0,-57.0,-100.0,-67.0,-100.0,-83.0,-57.0,-70.0,-100.0,-100.0,-77.0,-77.0
2025:01:13:15:03:40,RP30,A,SM-S908E,2212343.0,33,176.3651412180652,-13.0,45.0,validation,-57.0,-69.0,-63.0,-50.0,-50.0,-62.0,-78.0,-100.0,-71.0,-63.0,-63.0,-63.0,-67.0,-100.0,-66.0,-65.0,-57.0,-69.0,-60.0,-51.0,-49.0,-62.0,-78.0,-100.0,-72.0,-63.0,-65.0,-64.0,-61.0,-81.0,-65.0,-65.0,-100.0,-100.0,-77.0,-77.0
B1746,RP30,B,CTK45-dot-B,,12,,-13.0,45.0,validation,-100.0,-73.0,-64.0,-52.0,-100.0,-69.0,-100.0,-86.0,-100.0,-100.0,-100.0,-100.0,-100.0,-100.0,-100.0,-63.0,-100.0,-74.0,-65.0,-51.0,-100.0,-100.0,-100.0,-100.0,-100.0,-100.0,-100.0,-100.0,-100.0,-100.0,-100.0,-63.0,-100.0,-49.0,-100.0,-100.0
B1762,RP30,B,CTK45-dot-B,,26,,-13.0,45.0,validation,-58.0,-66.0,-67.0,-50.0,-46.0,-100.0,-100.0,-100.0,-100.0,-60.0,-100.0,-59.0,-56.0,-74.0,-56.0,-59.0,-61.0,-66.0,-67.0,-49.0,-46.0,-100.0,-100.0,-100.0,-100.0,-60.0,-100.0,-59.0,-61.0,-72.0,-54.0,-59.0,-73.0,-100.0,-66.0,-66.0
2025:01:13:15:09:53,RP30,A,SM-S908E,2212343.0,25,-51.57864849691551,-13.0,45.0,validation,-62.0,-62.0,-100.0,-100.0,-49.0,-100.0,-68.0,-87.0,-68.0,-65.0,-59.0,-72.0,-100.0,-81.0,-67.0,-65.0,-100.0,-62.0,-100.0,-100.0,-49.0,-100.0,-68.0,-100.0,-68.0,-65.0,-59.0,-72.0,-100.0,-81.0,-68.0,-66.0,-100.0,-100.0,-75.0,-75.0
2025:01:13:15:11:55,RP30,A,SM-S908E,2212343.0,23,-52.162171633788546,-13.0,45.0,validation,-100.0,-61.0,-100.0,-44.0,-50.0,-57.0,-68.0,-83.0,-100.0,-63.0,-100.0,-66.0,-60.0,-100.0,-67.0,-64.0,-100.0,-61.0,-100.0,-44.0,-50.0,-58.0,-68.0,-85.0,-100.0,-63.0,-100.0,-66.0,-64.0,-100.0,-100.0,-64.0,-100.0,-100.0,-77.0,-77.0
B1722,RP30,B,CTK45-dot-B,,23,,-13.0,45.0,validation,-62.0,-66.0,-81.0,-100.0,-48.0,-66.0,-67.0,-100.0,-58.0,-54.0,-55.0,-61.0,-100.0,-100.0,-100.0,-100.0,-64.0,-66.0,-100.0,-100.0,-50.0,-67.0,-67.0,-100.0,-58.0,-54.0,-56.0,-61.0,-100.0,-80.0,-100.0,-100.0,-100.0,-100.0,-64.0,-64.0
B1714,RP30,B,CTK45-dot-B,,25,,-13.0,45.0,validation,-100.0,-73.0,-100.0,-100.0,-42.0,-65.0,-100.0,-100.0,-63.0,-61.0,-60.0,-60.0,-100.0,-67.0,-57.0,-63.0,-100.0,-72.0,-100.0,-100.0,-41.0,-69.0,-100.0,-100.0,-60.0,-61.0,-100.0,-59.0,-100.0,-67.0,-58.0,-63.0,-54.0,-54.0,-54.0,-53.0
B1738,RP30,B,CTK45-dot-B,,26,,-13.0,45.0,validation,-58.0,-63.0,-100.0,-48.0,-40.0,-64.0,-100.0,-100.0,-61.0,-64.0,-100.0,-70.0,-70.0,-78.0,-42.0,-54.0,-58.0,-64.0,-100.0,-48.0,-40.0,-64.0,-100.0,-100.0,-100.0,-64.0,-100.0,-70.0,-75.0,-77.0,-100.0,-54.0,-63.0,-62.0,-100.0,-100.0
B1721,RP30,B,CTK45-dot-B,,17,,-13.0,45.0,validation,-100.0,-64.0,-100.0,-100.0,-51.0,-100.0,-66.0,-100.0,-100.0,-56.0,-56.0,-64.0,-100.0,-100.0,-100.0,-59.0,-66.0,-65.0,-100.0,-100.0,-51.0,-100.0,-66.0,-100.0,-100.0,-56.0,-55.0,-64.0,-100.0,-100.0,-100.0,-59.0,-100.0,-100.0,-64.0,-64.0
2025:01:13:15:09:16,RP30,A,SM-S908E,2212343.0,27,-52.09026313866845,-13.0,45.0,validation,-60.0,-71.0,-60.0,-53.0,-45.0,-55.0,-71.0,-100.0,-64.0,-63.0,-58.0,-62.0,-100.0,-100.0,-65.0,-69.0,-61.0,-71.0,-61.0,-100.0,-45.0,-55.0,-71.0,-100.0,-64.0,-63.0,-60.0,-62.0,-100.0,-100.0,-63.0,-69.0,-100.0,-100.0,-78.0,-77.0
2025:01:13:14:59:25,RP30,A,SM-S908E,2212343.0,24,-127.65471027624984,-13.0,45.0,test,-55.0,-72.0,-100.0,-100.0,-45.0,-100.0,-68.0,-100.0,-63.0,-62.0,-56.0,-65.0,-100.0,-78.0,-65.0,-67.0,-56.0,-72.0,-100.0,-100.0,-45.0,-100.0,-69.0,-100.0,-63.0,-62.0,-55.0,-65.0,-100.0,-78.0,-66.0,-68.0,-100.0,-100.0,-69.0,-68.0
B1719,RP30,B,CTK45-dot-B,,29,,-13.0,45.0,test,-57.0,-69.0,-100.0,-53.0,-45.0,-65.0,-73.0,-100.0,-74.0,-70.0,-59.0,-64.0,-100.0,-80.0,-56.0,-59.0,-60.0,-69.0,-100.0,-53.0,-45.0,-67.0,-72.0,-100.0,-70.0,-67.0,-58.0,-64.0,-100.0,-82.0,-100.0,-59.0,-100.0,-65.0,-100.0,-69.0
B1764,RP30,B,CTK45-dot-B,,25,,-13.0,45.0,test,-60.0,-74.0,-76.0,-39.0,-100.0,-64.0,-100.0,-83.0,-52.0,-100.0,-62.0,-100.0,-69.0,-100.0,-55.0,-46.0,-60.0,-73.0,-78.0,-39.0,-100.0,-74.0,-100.0,-81.0,-54.0,-100.0,-71.0,-100.0,-60.0,-100.0,-55.0,-46.0,-57.0,-57.0,-100.0,-100.0
B1768,RP30,B,CTK45-dot-B,,28,,-13.0,45.0,test,-62.0,-73.0,-67.0,-100.0,-49.0,-65.0,-64.0,-100.0,-49.0,-100.0,-67.0,-57.0,-58.0,-100.0,-50.0,-50.0,-60.0,-73.0,-77.0,-100.0,-47.0,-61.0,-64.0,-100.0,-49.0,-100.0,-100.0,-57.0,-58.0,-100.0,-50.0,-47.0,-100.0,-100.0,-63.0,-63.0
B1753,RP30,B,CTK45-dot-B,,26,,-13.0,45.0,test,-63.0,-68.0,-59.0,-100.0,-43.0,-58.0,-100.0,-84.0,-67.0,-68.0,-60.0,-73.0,-100.0,-100.0,-100.0,-54.0,-100.0,-68.0,-58.0,-100.0,-43.0,-57.0,-100.0,-82.0,-66.0,-68.0,-68.0,-74.0,-100.0,-100.0,-100.0,-52.0,-56.0,-55.0,-64.0,-64.0
B1765,RP30,B,CTK45-dot-B,,21,,-13.0,45.0,test,-53.0,-67.0,-59.0,-42.0,-100.0,-100.0,-100.0,-100.0,-53.0,-100.0,-60.0,-100.0,-69.0,-100.0,-49.0,-51.0,-55.0,-67.0,-60.0,-43.0,-100.0,-100.0,-100.0,-84.0,-53.0,-100.0,-61.0,-100.0,-79.0,-100.0,-100.0,-51.0,-52.0,-53.0,-100.0,-100.0
B1747,RP30,B,CTK45-dot-B,,25,,-13.0,45.0,test,-100.0,-79.0,-66.0,-48.0,-45.0,-72.0,-100.0,-100.0,-52.0,-58.0,-100.0,-71.0,-72.0,-83.0,-100.0,-68.0,-100.0,-80.0,-64.0,-48.0,-45.0,-82.0,-100.0,-100.0,-62.0,-58.0,-100.0,-71.0,-100.0,-84.0,-100.0,-68.0,-100.0,-62.0,-62.0,-62.0
B1769,RP30,B,CTK45-dot-B,,31,,-13.0,45.0,test,-100.0,-70.0,-100.0,-37.0,-50.0,-63.0,-65.0,-100.0,-50.0,-56.0,-100.0,-57.0,-59.0,-77.0,-54.0,-49.0,-100.0,-70.0,-100.0,-39.0,-50.0,-61.0,-65.0,-100.0,-52.0,-57.0,-100.0,-57.0,-60.0,-77.0,-54.0,-48.0,-57.0,-57.0,-64.0,-64.0
B1742,RP30,B,CTK45-dot-B,,21,,-13.0,45.0,test,-60.0,-65.0,-62.0,-58.0,-100.0,-62.0,-100.0,-100.0,-52.0,-100.0,-81.0,-100.0,-59.0,-100.0,-45.0,-56.0,-60.0,-65.0,-63.0,-100.0,-100.0,-63.0,-100.0,-100.0,-52.0,-100.0,-81.0,-100.0,-65.0,-100.0,-45.0,-56.0,-62.0,-62.0,-100.0,-100.0
B1745,RP30,B,CTK45-dot-B,,25,,-13.0,45.0,test,-73.0,-100.0,-100.0,-100.0,-44.0,-61.0,-73.0,-100.0,-49.0,-100.0,-100.0,-77.0,-63.0,-82.0,-65.0,-73.0,-74.0,-100.0,-100.0,-100.0,-44.0,-100.0,-73.0,-100.0,-58.0,-100.0,-100.0,-77.0,-72.0,-82.0,-100.0,-62.0,-56.0,-57.0,-69.0,-70.0
B1731,RP30,B,CTK45-dot-B,,25,,-13.0,45.0,test,-100.0,-100.0,-100.0,-43.0,-43.0,-100.0,-100.0,-100.0,-52.0,-54.0,-47.0,-49.0,-100.0,-68.0,-54.0,-50.0,-100.0,-100.0,-100.0,-46.0,-43.0,-100.0,-100.0,-100.0,-52.0,-54.0,-49.0,-49.0,-100.0,-68.0,-52.0,-50.0,-62.0,-100.0,-59.0,-59.0
2025:01:13:15:01:26,RP30,A,SM-S908E,2212343.0,29,-127.23215390234085,-13.0,45.0,test,-55.0,-72.0,-100.0,-49.0,-51.0,-54.0,-70.0,-100.0,-100.0,-62.0,-57.0,-66.0,-100.0,-80.0,-65.0,-68.0,-55.0,-72.0,-100.0,-49.0,-50.0,-54.0,-70.0,-100.0,-100.0,-62.0,-59.0,-66.0,-58.0,-100.0,-68.0,-68.0,-65.0,-66.0,-76.0,-76.0
B1789,RP31,B,CTK45-dot-B,,17,,13.0,45.0,train,-100.0,-77.0,-76.0,-57.0,-100.0,-100.0,-100.0,-100.0,-100.0,-100.0,-53.0,-100.0,-100.0,-100.0,-60.0,-60.0,-100.0,-77.0,-100.0,-58.0,-100.0,-100.0,-100.0,-100.0,-100.0,-100.0,-52.0,-100.0,-100.0,-100.0,-60.0,-59.0,-70.0,-69.0,-100.0,-100.0
B1798,RP31,B,CTK45-dot-B,,30,,13.0,45.0,train,-62.0,-84.0,-100.0,-100.0,-55.0,-66.0,-74.0,-62.0,-41.0,-47.0,-100.0,-68.0,-65.0,-72.0,-100.0,-69.0,-63.0,-83.0,-100.0,-100.0,-55.0,-66.0,-73.0,-63.0,-38.0,-48.0,-100.0,-68.0,-63.0,-72.0,-100.0,-72.0,-66.0,-66.0,-100.0,-100.0
B1781,RP31,B,CTK45-dot-B,,17,,13.0,45.0,train,-100.0,-81.0,-100.0,-100.0,-52.0,-100.0,-65.0,-100.0,-38.0,-44.0,-100.0,-49.0,-100.0,-100.0,-100.0,-63.0,-100.0,-81.0,-100.0,-100.0,-52.0,-100.0,-64.0,-100.0,-39.0,-44.0,-100.0,-49.0,-100.0,-59.0,-100.0,-63.0,-100.0,-100.0,-74.0,-74.0
2025:01:13:15:42:30,RP31,A,SM-S908E,2212343.0,23,-125.31147332234742,13.0,45.0,train,-100.0,-100.0,-100.0,-100.0,-74.0,-100.0,-69.0,-67.0,-51.0,-44.0,-100.0,-57.0,-100.0,-67.0,-64.0,-67.0,-100.0,-100.0,-100.0,-100.0,-74.0,-100.0,-69.0,-67.0,-51.0,-44.0,-100.0,-57.0,-100.0,-67.0,-64.0,-83.0,-100.0,-100.0,-87.0,-87.0
B1788,RP31,B,CTK45-dot-B,,17,,13.0,45.0,train,-70.0,-79.0,-100.0,-64.0,-100.0,-64.0,-100.0,-70.0,-100.0,-100.0,-51.0,-100.0,-100.0,-100.0,-100.0,-61.0,-100.0,-79.0,-100.0,-100.0,-100.0,-64.0,-100.0,-73.0,-100.0,-100.0,-51.0,-100.0,-100.0,-100.0,-100.0,-61.0,-66.0,-66.0,-100.0,-100.0
2025:01:13:15:46:11,RP31,A,SM-S908E,2212343.0,30,-124.67905396723792,13.0,45.0,train,-73.0,-80.0,-100.0,-73.0,-65.0,-56.0,-65.0,-70.0,-38.0,-42.0,-58.0,-61.0,-100.0,-71.0,-63.0,-72.0,-100.0,-81.0,-100.0,-67.0,-65.0,-57.0,-65.0,-69.0,-38.0,-42.0,-59.0,-61.0,-68.0,-100.0,-64.0,-72.0,-100.0,-100.0,-80.0,-80.0
B1805,RP31,B,CTK45-dot-B,,19,,13.0,45.0,train,-100.0,-78.0,-100.0,-100.0,-56.0,-100.0,-62.0,-100.0,-100.0,-39.0,-49.0,-51.0,-100.0,-64.0,-100.0,-65.0,-100.0,-79.0,-100.0,-100.0,-56.0,-100.0,-62.0,-100.0,-100.0,-39.0,-49.0,-51.0,-100.0,-64.0,-100.0,-65.0,-100.0,-100.0,-100.0,-100.0
B1773,RP31,B,CTK45-dot-B,,23,,13.0,45.0,train,-62.0,-83.0,-68.0,-47.0,-100.0,-100.0,-100.0,-67.0,-37.0,-100.0,-57.0,-100.0,-68.0,-100.0,-60.0,-70.0,-63.0,-83.0,-70.0,-47.0,-100.0,-100.0,-100.0,-67.0,-47.0,-100.0,-56.0,-100.0,-68.0,-100.0,-61.0,-70.0,-69.0,-67.0,-100.0,-100.0
B1800,RP31,B,CTK45-dot-B,,21,,13.0,45.0,train,-63.0,-84.0,-65.0,-53.0,-100.0,-72.0,-100.0,-65.0,-43.0,-100.0,-55.0,-100.0,-74.0,-100.0,-100.0,-65.0,-62.0,-84.0,-78.0,-52.0,-100.0,-73.0,-100.0,-64.0,-39.0,-100.0,-56.0,-100.0,-100.0,-100.0,-100.0,-66.0,-70.0,-70.0,-100.0,-100.0
B1775,RP31,B,CTK45-dot-B,,40,,13.0,45.0,train,-100.0,-78.0,-74.0,-100.0,-56.0,-62.0,-62.0,-71.0,-39.0,-47.0,-50.0,-56.0,-59.0,-68.0,-59.0,-59.0,-100.0,-78.0,-76.0,-100.0,-56.0,-71.0,-62.0,-71.0,-40.0,-47.0,-59.0,-56.0,-59.0,-68.0,-61.0,-61.0,-69.0,-68.0,-75.0,-74.0
2025:01:13:15:47:50,RP31,A,SM-S908E,2212343.0,24,177.57135488668638,13.0,45.0,train,-100.0,-75.0,-78.0,-100.0,-67.0,-100.0,-69.0,-100.0,-40.0,-45.0,-58.0,-62.0,-65.0,-68.0,-63.0,-64.0,-100.0,-75.0,-77.0,-100.0,-67.0,-100.0,-69.0,-100.0,-40.0,-45.0,-100.0,-63.0,-65.0,-68.0,-63.0,-65.0,-100.0,-100.0,-100.0,-100.0
2025:01:13:15:50:28,RP31,A,SM-S908E,2212343.0,32,107.41053001076331,13.0,45.0,train,-68.0,-73.0,-100.0,-56.0,-64.0,-62.0,-68.0,-70.0,-41.0,-47.0,-100.0,-63.0,-58.0,-72.0,-64.0,-67.0,-68.0,-73.0,-76.0,-57.0,-64.0,-62.0,-69.0,-70.0,-41.0,-47.0,-100.0,-63.0,-53.0,-72.0,-100.0,-67.0,-75.0,-73.0,-76.0,-76.0
2025:01:13:15:54:49,RP31,A,SM-S908E,2212343.0,23,-51.57922489245741,13.0,45.0,train,-63.0,-80.0,-100.0,-100.0,-59.0,-100.0,-66.0,-68.0,-100.0,-47.0,-67.0,-69.0,-71.0,-100.0,-100.0,-75.0,-63.0,-80.0,-100.0,-100.0,-59.0,-100.0,-66.0,-68.0,-48.0,-47.0,-66.0,-69.0,-71.0,-100.0,-100.0,-75.0,-100.0,-100.0,-81.0,-81.0
B1785,RP31,B,CTK45-dot-B,,22,,13.0,45.0,train,-100.0,-82.0,-100.0,-51.0,-100.0,-62.0,-100.0,-69.0,-47.0,-100.0,-44.0,-100.0,-63.0,-100.0,-73.0,-76.0,-100.0,-83.0,-100.0,-50.0,-100.0,-62.0,-100.0,-70.0,-47.0,-100.0,-45.0,-100.0,-63.0,-100.0,-100.0,-76.0,-74.0,-72.0,-100.0,-100.0
2025:01:13:15:45:27,RP31,A,SM-S908E,2212343.0,30,-125.6376123584918,13.0,45.0,train,-100.0,-82.0,-100.0,-75.0,-67.0,-56.0,-64.0,-75.0,-38.0,-41.0,-57.0,-65.0,-68.0,-70.0,-61.0,-72.0,-100.0,-83.0,-100.0,-75.0,-67.0,-56.0,-64.0,-100.0,-38.0,-41.0,-57.0,-65.0,-68.0,-71.0,-62.0,-72.0,-74.0,-100.0,-84.0,-84.0
B1793,RP31,B,CTK45-dot-B,,17,,13.0,45.0,train,-100.0,-82.0,-100.0,-100.0,-100.0,-54.0,-100.0,-59.0,-44.0,-100.0,-45.0,-100.0,-55.0,-100.0,-64.0,-70.0,-100.0,-82.0,-100.0,-100.0,-100.0,-55.0,-100.0,-60.0,-44.0,-100.0,-45.0,-100.0,-100.0,-100.0,-62.0,-70.0,-100.0,-100.0,-100.0,-100.0
2025:01:13:15:54:09,RP31,A,SM-S908E,2212343.0,20,-49.59532987892718,13.0,45.0,train,-100.0,-77.0,-100.0,-65.0,-60.0,-66.0,-66.0,-100.0,-53.0,-51.0,-100.0,-66.0,-68.0,-71.0,-100.0,-100.0,-100.0,-77.0,-100.0,-65.0,-60.0,-100.0,-66.0,-100.0,-100.0,-51.0,-100.0,-66.0,-68.0,-71.0,-100.0,-100.0,-69.0,-71.0,-100.0,-100.0
B1810,RP31,B,CTK45-dot-B,,31,,13.0,45.0,train,-100.0,-73.0,-77.0,-51.0,-49.0,-100.0,-67.0,-100.0,-39.0,-48.0,-40.0,-52.0,-56.0,-63.0,-55.0,-72.0,-100.0,-73.0,-77.0,-51.0,-49.0,-100.0,-67.0,-100.0,-39.0,-48.0,-40.0,-52.0,-56.0,-63.0,-55.0,-72.0,-56.0,-100.0,-74.0,-74.0
B1790,RP31,B,CTK45-dot-B,,16,,13.0,45.0,train,-100.0,-82.0,-100.0,-100.0,-100.0,-56.0,-100.0,-60.0,-46.0,-100.0,-46.0,-100.0,-100.0,-100.0,-68.0,-72.0,-100.0,-82.0,-100.0,-100.0,-100.0,-100.0,-100.0,-59.0,-47.0,-100.0,-45.0,-100.0,-100.0,-100.0,-100.0,-72.0,-71.0,-70.0,-100.0,-100.0
B1799,RP31,B,CTK45-dot-B,,16,,13.0,45.0,train,-100.0,-81.0,-66.0,-56.0,-100.0,-100.0,-100.0,-100.0,-32.0,-100.0,-100.0,-100.0,-100.0,-100.0,-63.0,-64.0,-100.0,-80.0,-71.0,-56.0,-100.0,-100.0,-100.0,-100.0,-34.0,-100.0,-100.0,-100.0,-100.0,-100.0,-62.0,-64.0,-69.0,-70.0,-100.0,-100.0
B1803,RP31,B,CTK45-dot-B,,19,,13.0,45.0,train,-100.0,-78.0,-100.0,-50.0,-50.0,-100.0,-100.0,-100.0,-42.0,-44.0,-41.0,-49.0,-100.0,-100.0,-61.0,-62.0,-100.0,-78.0,-100.0,-51.0,-50.0,-100.0,-100.0,-100.0,-42.0,-44.0,-41.0,-50.0,-100.0,-100.0,-100.0,-62.0,-100.0,-100.0,-100.0,-100.0
2025:01:13:15:46:51,RP31,A,SM-S908E,2212343.0,27,178.16598767520702,13.0,45.0,train,-100.0,-100.0,-100.0,-71.0,-64.0,-100.0,-65.0,-69.0,-40.0,-42.0,-58.0,-59.0,-100.0,-70.0,-62.0,-74.0,-100.0,-100.0,-100.0,-69.0,-65.0,-100.0,-65.0,-70.0,-40.0,-42.0,-59.0,-59.0,-100.0,-70.0,-62.0,-74.0,-100.0,-100.0,-78.0,-77.0
2025:01:13:15:44:53,RP31,A,SM-S908E,2212343.0,28,-125.65261239356832,13.0,45.0,train,-100.0,-100.0,-100.0,-66.0,-65.0,-59.0,-64.0,-72.0,-39.0,-43.0,-56.0,-62.0,-100.0,-72.0,-61.0,-70.0,-100.0,-100.0,-100.0,-68.0,-65.0,-56.0,-64.0,-72.0,-39.0,-43.0,-56.0,-62.0,-68.0,-73.0,-100.0,-70.0,-72.0,-73.0,-77.0,-77.0
B1796,RP31,B,CTK45-dot-B,,27,,13.0,45.0,train,-100.0,-79.0,-68.0,-56.0,-67.0,-60.0,-100.0,-57.0,-34.0,-43.0,-49.0,-54.0,-100.0,-66.0,-57.0,-62.0,-100.0,-79.0,-100.0,-57.0,-62.0,-60.0,-100.0,-55.0,-34.0,-43.0,-50.0,-54.0,-100.0,-66.0,-61.0,-62.0,-100.0,-100.0,-100.0,-100.0
B1777,RP31,B,CTK45-dot-B,,25,,13.0,45.0,train,-100.0,-75.0,-100.0,-100.0,-64.0,-100.0,-100.0,-63.0,-44.0,-37.0,-44.0,-50.0,-61.0,-64.0,-100.0,-61.0,-100.0,-75.0,-100.0,-61.0,-64.0,-100.0,-100.0,-65.0,-45.0,-37.0,-45.0,-50.0,-61.0,-65.0,-100.0,-61.0,-100.0,-100.0,-100.0,-100.0
B1782,RP31,B,CTK45-dot-B,,38,,13.0,45.0,train,-71.0,-83.0,-72.0,-52.0,-54.0,-100.0,-65.0,-63.0,-45.0,-50.0,-44.0,-56.0,-57.0,-74.0,-74.0,-67.0,-100.0,-82.0,-70.0,-51.0,-54.0,-100.0,-65.0,-64.0,-100.0,-50.0,-46.0,-57.0,-58.0,-74.0,-74.0,-67.0,-78.0,-77.0,-70.0,-70.0
B1780,RP31,B,CTK45-dot-B,,18,,13.0,45.0,train,-100.0,-77.0,-100.0,-60.0,-51.0,-100.0,-64.0,-100.0,-100.0,-43.0,-43.0,-50.0,-100.0,-60.0,-100.0,-58.0,-100.0,-77.0,-100.0,-100.0,-51.0,-100.0,-64.0,-100.0,-100.0,-44.0,-43.0,-49.0,-100.0,-60.0,-100.0,-58.0,-100.0,-100.0,-100.0,-100.0
B1779,RP31,B,CTK45-dot-B,,21,,13.0,45.0,train,-100.0,-78.0,-68.0,-72.0,-62.0,-100.0,-62.0,-100.0,-100.0,-100.0,-51.0,-56.0,-55.0,-100.0,-61.0,-66.0,-100.0,-78.0,-100.0,-100.0,-62.0,-100.0,-62.0,-100.0,-100.0,-100.0,-51.0,-56.0,-100.0,-100.0,-61.0,-66.0,-68.0,-68.0,-77.0,-77.0
B1783,RP31,B,CTK45-dot-B,,38,,13.0,45.0,train,-76.0,-87.0,-100.0,-100.0,-54.0,-64.0,-100.0,-64.0,-44.0,-46.0,-46.0,-57.0,-59.0,-76.0,-70.0,-67.0,-83.0,-86.0,-100.0,-100.0,-54.0,-68.0,-100.0,-66.0,-45.0,-47.0,-46.0,-58.0,-60.0,-76.0,-69.0,-66.0,-77.0,-75.0,-69.0,-68.0
B1791,RP31,B,CTK45-dot-B,,17,,13.0,45.0,train,-100.0,-81.0,-100.0,-57.0,-100.0,-100.0,-100.0,-60.0,-42.0,-100.0,-45.0,-100.0,-100.0,-100.0,-61.0,-73.0,-100.0,-82.0,-100.0,-58.0,-100.0,-100.0,-100.0,-61.0,-100.0,-100.0,-45.0,-100.0,-100.0,-100.0,-63.0,-72.0,-73.0,-100.0,-100.0,-100.0
B1774,RP31,B,CTK45-dot-B,,19,,13.0,45.0,train,-100.0,-78.0,-100.0,-100.0,-66.0,-100.0,-100.0,-100.0,-100.0,-38.0,-48.0,-52.0,-100.0,-64.0,-57.0,-65.0,-100.0,-79.0,-100.0,-100.0,-65.0,-100.0,-100.0,-100.0,-100.0,-38.0,-48.0,-53.0,-100.0,-64.0,-57.0,-65.0,-100.0,-100.0,-73.0,-73.0
B1801,RP31,B,CTK45-dot-B,,26,,13.0,45.0,train,-100.0,-73.0,-100.0,-100.0,-60.0,-58.0,-61.0,-100.0,-46.0,-45.0,-41.0,-50.0,-100.0,-64.0,-58.0,-66.0,-100.0,-73.0,-100.0,-100.0,-60.0,-60.0,-60.0,-100.0,-45.0,-45.0,-41.0,-51.0,-100.0,-66.0,-59.0,-67.0,-100.0,-100.0,-74.0,-73.0
B1809,RP31,B,CTK45-dot-B,,32,,13.0,45.0,train,-100.0,-76.0,-100.0,-43.0,-49.0,-60.0,-70.0,-100.0,-47.0,-37.0,-55.0,-65.0,-100.0,-72.0,-62.0,-66.0,-59.0,-76.0,-100.0,-46.0,-49.0,-100.0,-70.0,-100.0,-47.0,-37.0,-56.0,-65.0,-100.0,-72.0,-57.0,-65.0,-67.0,-66.0,-73.0,-73.0
B1794,RP31,B,CTK45-dot-B,,20,,13.0,45.0,train,-100.0,-83.0,-100.0,-100.0,-100.0,-55.0,-100.0,-63.0,-40.0,-100.0,-51.0,-100.0,-100.0,-100.0,-60.0,-69.0,-100.0,-84.0,-100.0,-100.0,-100.0,-55.0,-100.0,-62.0,-40.0,-100.0,-52.0,-100.0,-100.0,-100.0,-59.0,-69.0,-70.0,-68.0,-100.0,-100.0
B1792,RP31,B,CTK45-dot-B,,39,,13.0,45.0,train,-100.0,-82.0,-100.0,-60.0,-67.0,-55.0,-69.0,-61.0,-42.0,-52.0,-53.0,-54.0,-100.0,-72.0,-63.0,-73.0,-100.0,-82.0,-100.0,-61.0,-67.0,-55.0,-69.0,-61.0,-41.0,-52.0,-54.0,-54.0,-100.0,-72.0,-62.0,-74.0,-73.0,-72.0,-78.0,-78.0
2025:01:13:15:56:08,RP31,A,SM-S908E,2212343.0,30,-50.8100267606631,13.0,45.0,train,-74.0,-100.0,-100.0,-68.0,-72.0,-63.0,-67.0,-70.0,-50.0,-42.0,-57.0,-60.0,-67.0,-70.0,-65.0,-78.0,-72.0,-100.0,-100.0,-69.0,-72.0,-63.0,-67.0,-70.0,-50.0,-43.0,-58.0,-60.0,-66.0,-70.0,-65.0,-78.0,-100.0,-100.0,-77.0,-77.0
2025:01:13:15:48:24,RP31,A,SM-S908E,2212343.0,27,175.12340416614586,13.0,45.0,train,-69.0,-82.0,-100.0,-65.0,-63.0,-100.0,-68.0,-70.0,-40.0,-44.0,-57.0,-65.0,-64.0,-100.0,-59.0,-68.0,-69.0,-82.0,-100.0,-64.0,-63.0,-100.0,-68.0,-71.0,-40.0,-44.0,-57.0,-65.0,-100.0,-100.0,-66.0,-68.0,-100.0,-100.0,-80.0,-80.0
2025:01:13:15:51:44,RP31,A,SM-S908E,2212343.0,23,106.50114285748757,13.0,45.0,train,-100.0,-79.0,-100.0,-100.0,-67.0,-100.0,-65.0,-63.0,-43.0,-45.0,-57.0,-69.0,-100.0,-100.0,-59.0,-65.0,-100.0,-79.0,-100.0,-100.0,-66.0,-100.0,-65.0,-63.0,-43.0,-44.0,-54.0,-69.0,-100.0,-100.0,-100.0,-65.0,-100.0,-100.0,-77.0,-76.0
B1808,RP31,B,CTK45-dot-B,,38,,13.0,45.0,train,-64.0,-71.0,-76.0,-48.0,-45.0,-66.0,-63.0,-100.0,-43.0,-55.0,-60.0,-71.0,-100.0,-80.0,-53.0,-68.0,-61.0,-71.0,-74.0,-50.0,-45.0,-66.0,-63.0,-86.0,-36.0,-56.0,-62.0,-71.0,-100.0,-80.0,-55.0,-67.0,-55.0,-54.0,-100.0,-100.0
B1787,RP31,B,CTK45-dot-B,,23,,13.0,45.0,train,-67.0,-82.0,-100.0,-53.0,-100.0,-70.0,-100.0,-73.0,-39.0,-100.0,-100.0,-100.0,-64.0,-100.0,-60.0,-60.0,-68.0,-83.0,-79.0,-64.0,-100.0,-71.0,-100.0,-74.0,-40.0,-100.0,-100.0,-100.0,-64.0,-100.0,-61.0,-60.0,-70.0,-67.0,-100.0,-100.0
2025:01:13:15:51:03,RP31,A,SM-S908E,2212343.0,24,108.0830048453304,13.0,45.0,train,-68.0,-100.0,-100.0,-65.0,-63.0,-100.0,-72.0,-77.0,-52.0,-47.0,-67.0,-70.0,-73.0,-100.0,-71.0,-67.0,-73.0,-100.0,-100.0,-100.0,-63.0,-100.0,-73.0,-77.0,-53.0,-47.0,-67.0,-70.0,-100.0,-74.0,-100.0,-67.0,-81.0,-100.0,-100.0,-83.0
B1795,RP31,B,CTK45-dot-B,,15,,13.0,45.0,train,-100.0,-82.0,-100.0,-48.0,-100.0,-72.0,-100.0,-68.0,-36.0,-100.0,-79.0,-100.0,-100.0,-100.0,-60.0,-66.0,-100.0,-82.0,-100.0,-48.0,-100.0,-100.0,-100.0,-68.0,-36.0,-100.0,-56.0,-100.0,-100.0,-100.0,-60.0,-66.0,-100.0,-100.0,-100.0,-100.0
B1807,RP31,B,CTK45-dot-B,,27,,13.0,45.0,validation,-60.0,-72.0,-69.0,-47.0,-49.0,-55.0,-100.0,-66.0,-38.0,-37.0,-49.0,-53.0,-100.0,-67.0,-100.0,-56.0,-63.0,-73.0,-100.0,-48.0,-50.0,-56.0,-100.0,-65.0,-38.0,-37.0,-49.0,-53.0,-100.0,-68.0,-100.0,-56.0,-100.0,-100.0,-100.0,-100.0
2025:01:13:15:55:32,RP31,A,SM-S908E,2212343.0,24,-49.38046497617517,13.0,45.0,validation,-100.0,-82.0,-100.0,-100.0,-61.0,-100.0,-76.0,-70.0,-49.0,-46.0,-59.0,-61.0,-68.0,-70.0,-59.0,-75.0,-100.0,-84.0,-100.0,-100.0,-61.0,-100.0,-76.0,-70.0,-49.0,-46.0,-60.0,-61.0,-68.0,-70.0,-58.0,-76.0,-100.0,-100.0,-100.0,-100.0
B1804,RP31,B,CTK45-dot-B,,20,,13.0,45.0,validation,-100.0,-82.0,-69.0,-56.0,-67.0,-100.0,-100.0,-100.0,-100.0,-36.0,-100.0,-59.0,-100.0,-63.0,-58.0,-67.0,-100.0,-82.0,-69.0,-56.0,-67.0,-100.0,-100.0,-100.0,-100.0,-36.0,-100.0,-58.0,-100.0,-64.0,-58.0,-67.0,-100.0,-100.0,-100.0,-100.0
2025:01:13:15:49:00,RP31,A,SM-S908E,2212343.0,28,176.54224820211806,13.0,45.0,validation,-100.0,-73.0,-71.0,-61.0,-62.0,-54.0,-70.0,-76.0,-41.0,-43.0,-100.0,-64.0,-64.0,-68.0,-65.0,-69.0,-100.0,-73.0,-71.0,-100.0,-62.0,-54.0,-70.0,-77.0,-41.0,-43.0,-100.0,-65.0,-65.0,-68.0,-100.0,-69.0,-100.0,-100.0,-100.0,-100.0
B1811,RP31,B,CTK45-dot-B,,29,,13.0,45.0,validation,-56.0,-77.0,-100.0,-49.0,-48.0,-100.0,-100.0,-63.0,-47.0,-42.0,-55.0,-62.0,-60.0,-72.0,-62.0,-65.0,-56.0,-78.0,-100.0,-48.0,-48.0,-100.0,-100.0,-63.0,-47.0,-41.0,-56.0,-63.0,-100.0,-72.0,-100.0,-64.0,-67.0,-100.0,-100.0,-100.0
2025:01:13:15:43:08,RP31,A,SM-S908E,2212343.0,27,-125.51611665803429,13.0,45.0,validation,-100.0,-81.0,-100.0,-66.0,-65.0,-57.0,-68.0,-100.0,-38.0,-40.0,-68.0,-69.0,-100.0,-72.0,-64.0,-73.0,-100.0,-81.0,-100.0,-66.0,-65.0,-58.0,-68.0,-100.0,-100.0,-40.0,-100.0,-69.0,-66.0,-72.0,-63.0,-73.0,-73.0,-73.0,-81.0,-81.0
2025:01:13:15:53:18,RP31,A,SM-S908E,2212343.0,31,106.15892662561183,13.0,45.0,validation,-66.0,-75.0,-100.0,-57.0,-68.0,-62.0,-66.0,-64.0,-42.0,-46.0,-59.0,-66.0,-60.0,-68.0,-62.0,-66.0,-66.0,-75.0,-100.0,-57.0,-68.0,-62.0,-66.0,-65.0,-42.0,-46.0,-59.0,-66.0,-61.0,-68.0,-100.0,-66.0,-100.0,-100.0,-100.0,-100.0
2025:01:13:15:49:44,RP31,A,SM-S908E,2212343.0,30,176.58398817749335,13.0,45.0,validation,-63.0,-74.0,-100.0,-61.0,-61.0,-53.0,-70.0,-100.0,-39.0,-46.0,-56.0,-62.0,-69.0,-100.0,-64.0,-68.0,-64.0,-74.0,-100.0,-61.0,-61.0,-54.0,-69.0,-100.0,-39.0,-43.0,-57.0,-62.0,-70.0,-100.0,-64.0,-68.0,-100.0,-100.0,-77.0,-77.0
2025:01:13:15:56:46,RP31,A,SM-S908E,2212343.0,26,-52.47012269768428,13.0,45.0,validation,-100.0,-85.0,-100.0,-100.0,-76.0,-100.0,-68.0,-68.0,-44.0,-45.0,-100.0,-62.0,-64.0,-71.0,-61.0,-81.0,-100.0,-84.0,-100.0,-100.0,-76.0,-100.0,-68.0,-67.0,-44.0,-45.0,-100.0,-62.0,-63.0,-71.0,-61.0,-81.0,-100.0,-100.0,-84.0,-84.0
B1802,RP31,B,CTK45-dot-B,,22,,13.0,45.0,test,-100.0,-79.0,-100.0,-56.0,-65.0,-100.0,-61.0,-100.0,-100.0,-35.0,-52.0,-54.0,-100.0,-66.0,-100.0,-72.0,-100.0,-79.0,-100.0,-59.0,-65.0,-100.0,-61.0,-100.0,-100.0,-35.0,-51.0,-53.0,-100.0,-66.0,-100.0,-71.0,-100.0,-100.0,-76.0,-75.0
B1806,RP31,B,CTK45-dot-B,,30,,13.0,45.0,test,-100.0,-75.0,-69.0,-52.0,-50.0,-59.0,-66.0,-100.0,-40.0,-39.0,-52.0,-55.0,-100.0,-66.0,-55.0,-61.0,-100.0,-75.0,-69.0,-100.0,-51.0,-58.0,-66.0,-100.0,-40.0,-38.0,-52.0,-55.0,-100.0,-66.0,-55.0,-60.0,-58.0,-100.0,-72.0,-71.0
B1776,RP31,B,CTK45-dot-B,,21,,13.0,45.0,test,-67.0,-89.0,-100.0,-50.0,-100.0,-65.0,-100.0,-67.0,-46.0,-100.0,-45.0,-100.0,-63.0,-100.0,-60.0,-73.0,-100.0,-88.0,-100.0,-60.0,-100.0,-100.0,-100.0,-76.0,-47.0,-100.0,-43.0,-100.0,-63.0,-100.0,-59.0,-74.0,-100.0,-77.0,-100.0,-100.0
B1797,RP31,B,CTK45-dot-B,,17,,13.0,45.0,test,-100.0,-82.0,-100.0,-100.0,-60.0,-100.0,-100.0,-100.0,-100.0,-36.0,-100.0,-56.0,-100.0,-66.0,-61.0,-68.0,-100.0,-81.0,-100.0,-100.0,-60.0,-100.0,-100.0,-100.0,-100.0,-36.0,-100.0,-56.0,-100.0,-66.0,-100.0,-68.0,-100.0,-100.0,-77.0,-77.0
B1778,RP31,B,CTK45-dot-B,,20,,13.0,45.0,test,-100.0,-77.0,-100.0,-100.0,-52.0,-100.0,-60.0,-100.0,-41.0,-43.0,-100.0,-49.0,-100.0,-100.0,-58.0,-61.0,-100.0,-77.0,-100.0,-100.0,-52.0,-100.0,-61.0,-100.0,-41.0,-44.0,-100.0,-49.0,-100.0,-100.0,-58.0,-61.0,-100.0,-100.0,-74.0,-74.0
B1784,RP31,B,CTK45-dot-B,,21,,13.0,45.0,test,-100.0,-82.0,-100.0,-52.0,-100.0,-63.0,-100.0,-69.0,-46.0,-100.0,-46.0,-100.0,-61.0,-100.0,-75.0,-64.0,-100.0,-83.0,-100.0,-52.0,-100.0,-64.0,-100.0,-69.0,-47.0,-100.0,-100.0,-100.0,-61.0,-100.0,-73.0,-64.0,-69.0,-68.0,-100.0,-100.0
2025:01:13:15:52:29,RP31,A,SM-S908E,2212343.0,24,105.92702195803263,13.0,45.0,test,-100.0,-75.0,-100.0,-100.0,-59.0,-62.0,-64.0,-67.0,-46.0,-49.0,-100.0,-66.0,-100.0,-70.0,-60.0,-70.0,-100.0,-75.0,-100.0,-54.0,-59.0,-63.0,-64.0,-100.0,-100.0,-49.0,-100.0,-66.0,-100.0,-70.0,-100.0,-70.0,-100.0,-100.0,-73.0,-73.0
B1772,RP31,B,CTK45-dot-B,,23,,13.0,45.0,test,-100.0,-77.0,-81.0,-61.0,-62.0,-62.0,-65.0,-100.0,-43.0,-40.0,-100.0,-49.0,-100.0,-67.0,-62.0,-69.0,-100.0,-77.0,-100.0,-62.0,-62.0,-63.0,-65.0,-100.0,-43.0,-40.0,-100.0,-50.0,-100.0,-67.0,-62.0,-69.0,-100.0,-100.0,-100.0,-100.0
B1786,RP31,B,CTK45-dot-B,,30,,13.0,45.0,test,-70.0,-80.0,-100.0,-46.0,-57.0,-100.0,-62.0,-72.0,-100.0,-48.0,-100.0,-57.0,-100.0,-68.0,-100.0,-59.0,-100.0,-81.0,-100.0,-50.0,-57.0,-100.0,-62.0,-71.0,-100.0,-46.0,-100.0,-57.0,-100.0,-100.0,-100.0,-60.0,-70.0,-71.0,-77.0,-77.0
B1842,RP32,B,CTK45-dot-B,,26,,22.0,45.0,train,-75.0,-80.0,-100.0,-100.0,-70.0,-65.0,-64.0,-100.0,-44.0,-45.0,-51.0,-54.0,-100.0,-64.0,-100.0,-78.0,-82.0,-81.0,-100.0,-100.0,-70.0,-65.0,-65.0,-100.0,-44.0,-45.0,-51.0,-54.0,-100.0,-64.0,-100.0,-78.0,-100.0,-100.0,-82.0,-81.0
B1871,RP32,B,CTK45-dot-B,,36,,22.0,45.0,train,-64.0,-82.0,-80.0,-54.0,-100.0,-62.0,-56.0,-76.0,-41.0,-39.0,-50.0,-49.0,-61.0,-65.0,-61.0,-65.0,-100.0,-83.0,-86.0,-54.0,-100.0,-62.0,-56.0,-76.0,-42.0,-39.0,-50.0,-49.0,-61.0,-65.0,-61.0,-65.0,-73.0,-69.0,-100.0,-100.0
B1848,RP32,B,CTK45-dot-B,,35,,22.0,45.0,train,-75.0,-80.0,-100.0,-71.0,-61.0,-64.0,-100.0,-79.0,-56.0,-46.0,-51.0,-48.0,-64.0,-62.0,-76.0,-74.0,-76.0,-80.0,-89.0,-71.0,-62.0,-100.0,-100.0,-77.0,-56.0,-47.0,-52.0,-49.0,-65.0,-62.0,-75.0,-74.0,-100.0,-100.0,-80.0,-80.0
B1855,RP32,B,CTK45-dot-B,,42,,22.0,45.0,train,-100.0,-84.0,-78.0,-53.0,-48.0,-61.0,-55.0,-76.0,-41.0,-37.0,-42.0,-50.0,-69.0,-64.0,-61.0,-61.0,-75.0,-83.0,-85.0,-60.0,-49.0,-68.0,-55.0,-76.0,-48.0,-40.0,-42.0,-50.0,-69.0,-64.0,-59.0,-61.0,-65.0,-65.0,-65.0,-65.0
B1852,RP32,B,CTK45-dot-B,,41,,22.0,45.0,train,-67.0,-83.0,-83.0,-57.0,-53.0,-54.0,-55.0,-69.0,-47.0,-42.0,-51.0,-50.0,-60.0,-63.0,-65.0,-65.0,-68.0,-83.0,-83.0,-58.0,-54.0,-61.0,-55.0,-70.0,-46.0,-42.0,-100.0,-51.0,-61.0,-63.0,-65.0,-65.0,-76.0,-78.0,-68.0,-67.0
2025:01:13:15:35:44,RP32,A,SM-S908E,2212343.0,22,111.9854031992326,22.0,45.0,train,-82.0,-100.0,-100.0,-80.0,-100.0,-70.0,-71.0,-100.0,-59.0,-100.0,-56.0,-56.0,-100.0,-66.0,-100.0,-86.0,-83.0,-100.0,-100.0,-79.0,-65.0,-70.0,-71.0,-100.0,-59.0,-100.0,-55.0,-56.0,-100.0,-67.0,-100.0,-86.0,-100.0,-84.0,-83.0,-84.0
2025:01:13:15:37:50,RP32,A,SM-S908E,2212343.0,23,110.3901454581396,22.0,45.0,train,-100.0,-100.0,-100.0,-100.0,-70.0,-69.0,-74.0,-71.0,-44.0,-42.0,-100.0,-62.0,-100.0,-69.0,-79.0,-82.0,-100.0,-100.0,-100.0,-100.0,-70.0,-69.0,-75.0,-72.0,-44.0,-43.0,-100.0,-62.0,-100.0,-69.0,-100.0,-82.0,-79.0,-78.0,-85.0,-84.0
B1815,RP32,B,CTK45-dot-B,,20,,22.0,45.0,train,-100.0,-76.0,-100.0,-100.0,-49.0,-55.0,-56.0,-100.0,-39.0,-44.0,-43.0,-48.0,-100.0,-100.0,-61.0,-64.0,-100.0,-76.0,-100.0,-100.0,-100.0,-55.0,-56.0,-100.0,-37.0,-44.0,-41.0,-48.0,-100.0,-59.0,-56.0,-64.0,-100.0,-100.0,-100.0,-100.0
B1859,RP32,B,CTK45-dot-B,,44,,22.0,45.0,train,-65.0,-81.0,-94.0,-61.0,-57.0,-55.0,-55.0,-75.0,-40.0,-40.0,-45.0,-49.0,-61.0,-65.0,-57.0,-67.0,-65.0,-81.0,-86.0,-61.0,-57.0,-62.0,-55.0,-76.0,-40.0,-40.0,-45.0,-49.0,-66.0,-66.0,-58.0,-67.0,-69.0,-68.0,-72.0,-72.0
B1866,RP32,B,CTK45-dot-B,,28,,22.0,45.0,train,-72.0,-80.0,-77.0,-67.0,-100.0,-55.0,-100.0,-73.0,-43.0,-100.0,-48.0,-100.0,-64.0,-100.0,-77.0,-78.0,-77.0,-80.0,-76.0,-69.0,-100.0,-55.0,-100.0,-77.0,-44.0,-100.0,-55.0,-100.0,-71.0,-100.0,-76.0,-78.0,-62.0,-63.0,-100.0,-100.0
2025:01:13:15:36:21,RP32,A,SM-S908E,2212343.0,25,111.84744069174303,22.0,45.0,train,-100.0,-100.0,-100.0,-100.0,-75.0,-67.0,-70.0,-71.0,-40.0,-41.0,-55.0,-62.0,-100.0,-67.0,-79.0,-81.0,-100.0,-86.0,-100.0,-100.0,-75.0,-66.0,-71.0,-64.0,-40.0,-41.0,-55.0,-62.0,-67.0,-68.0,-80.0,-81.0,-100.0,-100.0,-100.0,-100.0
B1845,RP32,B,CTK45-dot-B,,19,,22.0,45.0,train,-100.0,-100.0,-100.0,-100.0,-59.0,-59.0,-100.0,-58.0,-49.0,-44.0,-58.0,-58.0,-100.0,-100.0,-76.0,-78.0,-100.0,-100.0,-100.0,-100.0,-59.0,-59.0,-100.0,-70.0,-48.0,-42.0,-100.0,-59.0,-100.0,-100.0,-76.0,-78.0,-100.0,-100.0,-79.0,-78.0
B1870,RP32,B,CTK45-dot-B,,33,,22.0,45.0,train,-69.0,-85.0,-100.0,-54.0,-100.0,-58.0,-66.0,-100.0,-49.0,-55.0,-100.0,-47.0,-66.0,-65.0,-59.0,-74.0,-100.0,-85.0,-100.0,-54.0,-100.0,-59.0,-66.0,-100.0,-49.0,-44.0,-100.0,-48.0,-66.0,-66.0,-100.0,-74.0,-66.0,-66.0,-100.0,-100.0
B1836,RP32,B,CTK45-dot-B,,9,,22.0,45.0,train,-100.0,-100.0,-100.0,-100.0,-67.0,-63.0,-100.0,-65.0,-100.0,-100.0,-49.0,-57.0,-100.0,-100.0,-100.0,-100.0,-100.0,-100.0,-100.0,-100.0,-66.0,-64.0,-100.0,-65.0,-100.0,-100.0,-100.0,-56.0,-100.0,-100.0,-100.0,-100.0,-100.0,-100.0,-100.0,-100.0
2025:01:13:15:29:58,RP32,A,SM-S908E,2212343.0,23,-121.16149417559124,22.0,45.0,train,-100.0,-77.0,-100.0,-74.0,-69.0,-100.0,-76.0,-71.0,-40.0,-44.0,-60.0,-66.0,-100.0,-66.0,-100.0,-80.0,-100.0,-77.0,-100.0,-100.0,-68.0,-100.0,-76.0,-75.0,-41.0,-44.0,-60.0,-66.0,-100.0,-66.0,-100.0,-80.0,-100.0,-100.0,-86.0,-85.0
B1867,RP32,B,CTK45-dot-B,,21,,22.0,45.0,train,-100.0,-81.0,-79.0,-63.0,-100.0,-65.0,-100.0,-69.0,-43.0,-100.0,-48.0,-100.0,-100.0,-100.0,-70.0,-76.0,-100.0,-82.0,-78.0,-66.0,-100.0,-58.0,-100.0,-75.0,-43.0,-100.0,-48.0,-100.0,-100.0,-100.0,-70.0,-76.0,-61.0,-62.0,-100.0,-100.0
2025:01:13:15:29:24,RP32,A,SM-S908E,2212343.0,27,-121.6775801799774,22.0,45.0,train,-100.0,-78.0,-73.0,-47.0,-52.0,-100.0,-62.0,-68.0,-48.0,-37.0,-52.0,-61.0,-100.0,-73.0,-64.0,-65.0,-100.0,-100.0,-66.0,-100.0,-52.0,-100.0,-62.0,-68.0,-48.0,-37.0,-100.0,-61.0,-100.0,-73.0,-64.0,-65.0,-100.0,-100.0,-66.0,-65.0
B1824,RP32,B,CTK45-dot-B,,19,,22.0,45.0,train,-100.0,-83.0,-100.0,-62.0,-63.0,-100.0,-59.0,-100.0,-41.0,-41.0,-100.0,-53.0,-100.0,-69.0,-100.0,-75.0,-100.0,-85.0,-100.0,-100.0,-64.0,-57.0,-59.0,-100.0,-100.0,-41.0,-55.0,-53.0,-100.0,-69.0,-100.0,-75.0,-100.0,-100.0,-100.0,-100.0
B1833,RP32,B,CTK45-dot-B,,29,,22.0,45.0,train,-100.0,-86.0,-100.0,-60.0,-60.0,-58.0,-100.0,-100.0,-42.0,-47.0,-57.0,-45.0,-62.0,-64.0,-66.0,-77.0,-100.0,-85.0,-100.0,-68.0,-60.0,-59.0,-100.0,-100.0,-41.0,-47.0,-56.0,-46.0,-62.0,-65.0,-66.0,-77.0,-100.0,-100.0,-72.0,-71.0
B1858,RP32,B,CTK45-dot-B,,23,,22.0,45.0,train,-62.0,-80.0,-100.0,-55.0,-100.0,-58.0,-100.0,-100.0,-41.0,-100.0,-48.0,-100.0,-59.0,-100.0,-65.0,-64.0,-69.0,-80.0,-100.0,-56.0,-100.0,-57.0,-100.0,-100.0,-41.0,-100.0,-48.0,-100.0,-67.0,-100.0,-71.0,-64.0,-68.0,-68.0,-100.0,-100.0
B1846,RP32,B,CTK45-dot-B,,30,,22.0,45.0,train,-100.0,-82.0,-100.0,-60.0,-53.0,-58.0,-70.0,-68.0,-49.0,-42.0,-58.0,-59.0,-100.0,-66.0,-78.0,-80.0,-77.0,-81.0,-100.0,-59.0,-52.0,-58.0,-71.0,-69.0,-48.0,-43.0,-58.0,-59.0,-100.0,-66.0,-78.0,-80.0,-100.0,-100.0,-100.0,-100.0
B1860,RP32,B,CTK45-dot-B,,39,,22.0,45.0,train,-72.0,-100.0,-79.0,-59.0,-62.0,-54.0,-100.0,-66.0,-36.0,-47.0,-47.0,-52.0,-59.0,-69.0,-66.0,-73.0,-72.0,-100.0,-78.0,-59.0,-61.0,-54.0,-100.0,-66.0,-43.0,-42.0,-46.0,-53.0,-100.0,-69.0,-75.0,-74.0,-80.0,-100.0,-74.0,-74.0
B1865,RP32,B,CTK45-dot-B,,26,,22.0,45.0,train,-71.0,-84.0,-80.0,-80.0,-100.0,-60.0,-100.0,-79.0,-48.0,-100.0,-80.0,-100.0,-71.0,-100.0,-67.0,-77.0,-71.0,-84.0,-82.0,-100.0,-100.0,-60.0,-100.0,-80.0,-49.0,-100.0,-53.0,-100.0,-72.0,-100.0,-68.0,-77.0,-64.0,-64.0,-100.0,-100.0
2025:01:13:15:32:43,RP32,A,SM-S908E,2212343.0,25,179.14891969106577,22.0,45.0,train,-100.0,-76.0,-100.0,-68.0,-64.0,-70.0,-74.0,-68.0,-35.0,-49.0,-58.0,-66.0,-100.0,-68.0,-73.0,-80.0,-100.0,-76.0,-100.0,-100.0,-64.0,-69.0,-74.0,-68.0,-38.0,-49.0,-58.0,-66.0,-100.0,-69.0,-72.0,-80.0,-100.0,-100.0,-100.0,-100.0
2025:01:13:15:40:32,RP32,A,SM-S908E,2212343.0,31,-46.04273944768622,22.0,45.0,train,-100.0,-83.0,-100.0,-74.0,-80.0,-69.0,-69.0,-67.0,-46.0,-43.0,-57.0,-57.0,-64.0,-68.0,-70.0,-83.0,-100.0,-84.0,-100.0,-75.0,-80.0,-69.0,-69.0,-68.0,-46.0,-43.0,-57.0,-57.0,-64.0,-68.0,-76.0,-83.0,-81.0,-77.0,-100.0,-100.0
2025:01:13:15:35:05,RP32,A,SM-S908E,2212343.0,15,179.47514467087942,22.0,45.0,train,-100.0,-80.0,-77.0,-100.0,-63.0,-100.0,-76.0,-100.0,-100.0,-43.0,-100.0,-71.0,-100.0,-67.0,-81.0,-100.0,-100.0,-80.0,-100.0,-68.0,-63.0,-100.0,-76.0,-100.0,-100.0,-43.0,-100.0,-71.0,-100.0,-67.0,-100.0,-100.0,-100.0,-100.0,-100.0,-100.0
B1862,RP32,B,CTK45-dot-B,,41,,22.0,45.0,train,-71.0,-85.0,-80.0,-57.0,-62.0,-64.0,-60.0,-66.0,-44.5,-39.0,-47.0,-54.0,-63.0,-71.0,-65.0,-74.0,-71.0,-85.0,-89.0,-57.0,-62.0,-56.0,-60.0,-66.0,-36.0,-40.0,-47.0,-54.0,-73.0,-71.0,-65.0,-74.0,-76.0,-75.0,-100.0,-100.0
B1849,RP32,B,CTK45-dot-B,,20,,22.0,45.0,train,-100.0,-100.0,-100.0,-100.0,-70.0,-64.0,-100.0,-73.0,-100.0,-48.0,-51.0,-53.0,-100.0,-63.0,-100.0,-76.0,-100.0,-100.0,-100.0,-100.0,-70.0,-62.0,-100.0,-100.0,-100.0,-45.0,-50.0,-53.0,-100.0,-64.0,-100.0,-76.0,-100.0,-100.0,-79.0,-79.0
2025:01:13:15:41:48,RP32,A,SM-S908E,2212343.0,20,-47.63282051510021,22.0,45.0,train,-100.0,-84.0,-100.0,-100.0,-76.0,-100.0,-70.0,-68.0,-100.0,-43.0,-53.0,-58.0,-100.0,-69.0,-100.0,-81.0,-100.0,-84.0,-100.0,-100.0,-75.0,-70.0,-70.0,-100.0,-100.0,-43.0,-53.0,-59.0,-67.0,-69.0,-100.0,-82.0,-100.0,-66.0,-100.0,-100.0
B1834,RP32,B,CTK45-dot-B,,25,,22.0,45.0,train,-100.0,-81.0,-100.0,-100.0,-59.0,-64.0,-69.0,-76.0,-59.0,-44.0,-100.0,-49.0,-100.0,-62.0,-100.0,-75.0,-100.0,-81.0,-100.0,-100.0,-60.0,-64.0,-69.0,-100.0,-58.0,-47.0,-100.0,-49.0,-100.0,-62.0,-100.0,-76.0,-100.0,-100.0,-79.0,-79.0
B1844,RP32,B,CTK45-dot-B,,24,,22.0,45.0,train,-100.0,-83.0,-100.0,-60.0,-54.0,-100.0,-63.0,-73.0,-100.0,-46.0,-63.0,-56.0,-100.0,-71.0,-100.0,-78.0,-100.0,-82.0,-86.0,-58.0,-54.0,-100.0,-63.0,-100.0,-100.0,-40.0,-63.0,-57.0,-100.0,-71.0,-100.0,-78.0,-100.0,-100.0,-79.0,-79.0
B1820,RP32,B,CTK45-dot-B,,19,,22.0,45.0,train,-100.0,-76.0,-100.0,-48.0,-56.0,-52.0,-100.0,-100.0,-36.0,-100.0,-59.0,-59.0,-100.0,-69.0,-62.0,-71.0,-100.0,-76.0,-100.0,-50.0,-55.0,-100.0,-100.0,-100.0,-37.0,-100.0,-57.0,-60.0,-100.0,-69.0,-62.0,-72.0,-100.0,-100.0,-100.0,-100.0
B1838,RP32,B,CTK45-dot-B,,21,,22.0,45.0,train,-100.0,-81.0,-81.0,-100.0,-68.0,-56.0,-60.0,-74.0,-100.0,-45.0,-100.0,-51.0,-100.0,-67.0,-100.0,-74.0,-100.0,-81.0,-81.0,-100.0,-68.0,-100.0,-60.0,-73.0,-100.0,-45.0,-100.0,-52.0,-100.0,-66.0,-100.0,-75.0,-100.0,-100.0,-78.0,-78.0
B1850,RP32,B,CTK45-dot-B,,24,,22.0,45.0,train,-100.0,-81.0,-100.0,-100.0,-62.0,-74.0,-68.0,-100.0,-42.0,-49.0,-60.0,-48.0,-70.0,-100.0,-75.0,-58.0,-100.0,-67.0,-100.0,-100.0,-65.0,-74.0,-68.0,-100.0,-43.0,-49.0,-58.0,-48.0,-70.0,-69.0,-100.0,-76.0,-100.0,-100.0,-67.0,-66.0
B1837,RP32,B,CTK45-dot-B,,30,,22.0,45.0,train,-71.0,-79.0,-100.0,-100.0,-69.0,-61.0,-64.0,-100.0,-52.0,-49.0,-100.0,-56.0,-67.0,-70.0,-68.0,-78.0,-71.0,-79.0,-100.0,-100.0,-69.0,-61.0,-64.0,-100.0,-53.0,-49.0,-100.0,-56.0,-67.0,-70.0,-68.0,-78.0,-68.0,-68.0,-74.0,-74.0
2025:01:13:15:38:33,RP32,A,SM-S908E,2212343.0,22,110.45639083841262,22.0,45.0,train,-100.0,-85.0,-100.0,-100.0,-74.0,-100.0,-68.0,-100.0,-38.0,-41.0,-54.0,-60.0,-64.0,-66.0,-100.0,-82.0,-100.0,-85.0,-100.0,-100.0,-75.0,-100.0,-69.0,-100.0,-38.0,-42.0,-51.0,-60.0,-64.0,-66.0,-100.0,-81.0,-100.0,-78.0,-100.0,-84.0
B1818,RP32,B,CTK45-dot-B,,29,,22.0,45.0,train,-58.0,-82.0,-80.0,-63.0,-59.0,-55.0,-100.0,-100.0,-38.0,-48.0,-52.0,-46.0,-100.0,-70.0,-69.0,-74.0,-100.0,-83.0,-74.0,-61.0,-59.0,-54.0,-100.0,-100.0,-38.0,-48.0,-52.0,-46.0,-100.0,-66.0,-71.0,-74.0,-100.0,-100.0,-100.0,-100.0
B1868,RP32,B,CTK45-dot-B,,39,,22.0,45.0,train,-100.0,-87.0,-100.0,-63.0,-57.0,-52.0,-60.0,-77.0,-40.0,-43.0,-50.0,-52.0,-69.0,-65.0,-63.0,-66.0,-66.0,-87.0,-100.0,-63.0,-57.0,-52.0,-60.0,-69.0,-39.0,-41.0,-50.0,-52.0,-100.0,-65.0,-63.0,-67.0,-65.0,-65.0,-71.0,-70.0
2025:01:13:15:36:56,RP32,A,SM-S908E,2212343.0,24,112.13314036670707,22.0,45.0,train,-100.0,-81.0,-100.0,-100.0,-78.0,-68.0,-70.0,-71.0,-46.0,-43.0,-54.0,-62.0,-65.0,-69.0,-80.0,-100.0,-100.0,-81.0,-100.0,-100.0,-78.0,-68.0,-70.0,-71.0,-46.0,-43.0,-54.0,-62.0,-65.0,-68.0,-81.0,-100.0,-100.0,-100.0,-100.0,-100.0
B1839,RP32,B,CTK45-dot-B,,22,,22.0,45.0,train,-100.0,-79.0,-100.0,-100.0,-69.0,-100.0,-67.0,-74.0,-100.0,-45.0,-100.0,-54.0,-66.0,-66.0,-100.0,-78.0,-100.0,-79.0,-100.0,-100.0,-70.0,-100.0,-67.0,-74.0,-100.0,-48.0,-100.0,-53.0,-64.0,-65.0,-100.0,-78.0,-100.0,-100.0,-79.0,-79.0
B1825,RP32,B,CTK45-dot-B,,21,,22.0,45.0,train,-100.0,-78.0,-100.0,-60.0,-58.0,-100.0,-100.0,-100.0,-39.0,-42.0,-41.0,-51.0,-100.0,-61.0,-100.0,-68.0,-100.0,-78.0,-100.0,-56.0,-58.0,-100.0,-100.0,-100.0,-42.0,-41.0,-42.0,-52.0,-58.0,-61.0,-100.0,-68.0,-100.0,-100.0,-100.0,-100.0
2025:01:13:15:33:53,RP32,A,SM-S908E,2212343.0,25,179.33421424201106,22.0,45.0,train,-100.0,-82.0,-100.0,-72.0,-66.0,-100.0,-74.0,-100.0,-43.0,-49.0,-57.0,-58.0,-61.0,-65.0,-100.0,-81.0,-100.0,-82.0,-100.0,-72.0,-66.0,-100.0,-74.0,-100.0,-100.0,-49.0,-58.0,-58.0,-62.0,-66.0,-100.0,-80.0,-100.0,-100.0,-88.0,-87.0
B1817,RP32,B,CTK45-dot-B,,17,,22.0,45.0,train,-100.0,-78.0,-100.0,-100.0,-55.0,-55.0,-61.0,-100.0,-43.0,-34.0,-56.0,-100.0,-100.0,-67.0,-100.0,-76.0,-100.0,-77.0,-100.0,-100.0,-55.0,-100.0,-62.0,-100.0,-44.0,-34.0,-57.0,-100.0,-100.0,-68.0,-100.0,-77.0,-100.0,-100.0,-100.0,-100.0
B1814,RP32,B,CTK45-dot-B,,21,,22.0,45.0,train,-100.0,-78.0,-100.0,-74.0,-57.0,-100.0,-58.0,-100.0,-40.0,-42.0,-42.0,-52.0,-100.0,-61.0,-100.0,-67.0,-65.0,-79.0,-100.0,-100.0,-57.0,-100.0,-59.0,-100.0,-41.0,-42.0,-42.0,-52.0,-100.0,-61.0,-100.0,-66.0,-100.0,-100.0,-100.0,-100.0
B1863,RP32,B,CTK45-dot-B,,20,,22.0,45.0,train,-71.0,-85.0,-100.0,-65.0,-100.0,-100.0,-100.0,-65.0,-100.0,-100.0,-42.0,-100.0,-65.0,-100.0,-66.0,-75.0,-72.0,-85.0,-78.0,-63.0,-100.0,-100.0,-100.0,-67.0,-100.0,-100.0,-43.0,-100.0,-67.0,-100.0,-66.0,-75.0,-100.0,-100.0,-100.0,-100.0
2025:01:13:15:41:08,RP32,A,SM-S908E,2212343.0,16,-46.86270335900251,22.0,45.0,train,-100.0,-100.0,-100.0,-100.0,-76.0,-60.0,-68.0,-61.0,-46.0,-42.0,-100.0,-57.0,-100.0,-69.0,-100.0,-100.0,-100.0,-100.0,-100.0,-100.0,-77.0,-100.0,-68.0,-62.0,-47.0,-42.0,-100.0,-57.0,-100.0,-69.0,-100.0,-100.0,-100.0,-100.0,-100.0,-100.0
2025:01:13:15:32:08,RP32,A,SM-S908E,2212343.0,28,-121.52057828495566,22.0,45.0,train,-76.0,-76.0,-100.0,-68.0,-63.0,-72.0,-77.0,-73.0,-100.0,-46.0,-60.0,-63.0,-56.0,-74.0,-78.0,-83.0,-76.0,-76.0,-100.0,-70.0,-63.0,-73.0,-78.0,-73.0,-100.0,-46.0,-60.0,-63.0,-56.0,-74.0,-80.0,-100.0,-100.0,-100.0,-100.0,-100.0
B1823,RP32,B,CTK45-dot-B,,22,,22.0,45.0,train,-100.0,-79.0,-100.0,-48.0,-52.0,-50.0,-62.0,-100.0,-46.0,-35.0,-51.0,-57.0,-100.0,-68.0,-100.0,-75.0,-100.0,-79.0,-100.0,-49.0,-52.0,-50.0,-63.0,-100.0,-46.0,-36.0,-54.0,-57.0,-100.0,-68.0,-100.0,-74.0,-100.0,-100.0,-100.0,-100.0
B1813,RP32,B,CTK45-dot-B,,22,,22.0,45.0,train,-80.0,-77.0,-100.0,-100.0,-66.0,-100.0,-67.0,-100.0,-54.0,-100.0,-100.0,-49.0,-69.0,-100.0,-78.0,-74.0,-81.0,-77.0,-100.0,-100.0,-71.0,-100.0,-67.0,-77.0,-56.0,-100.0,-100.0,-50.0,-70.0,-100.0,-100.0,-74.0,-100.0,-100.0,-70.0,-70.0
B1840,RP32,B,CTK45-dot-B,,22,,22.0,45.0,train,-100.0,-78.0,-100.0,-100.0,-68.0,-63.0,-100.0,-77.0,-45.0,-46.0,-50.0,-51.0,-100.0,-64.0,-100.0,-75.0,-100.0,-78.0,-100.0,-100.0,-68.0,-100.0,-100.0,-77.0,-45.0,-45.0,-100.0,-51.0,-100.0,-64.0,-100.0,-76.0,-100.0,-100.0,-80.0,-80.0
B1816,RP32,B,CTK45-dot-B,,21,,22.0,45.0,train,-100.0,-78.0,-100.0,-100.0,-53.0,-69.0,-100.0,-100.0,-42.0,-43.0,-100.0,-52.0,-100.0,-65.0,-65.0,-74.0,-100.0,-80.0,-100.0,-48.0,-52.0,-54.0,-100.0,-100.0,-42.0,-43.0,-100.0,-53.0,-100.0,-65.0,-65.0,-74.0,-100.0,-65.0,-100.0,-100.0
B1821,RP32,B,CTK45-dot-B,,24,,22.0,45.0,train,-100.0,-78.0,-100.0,-60.0,-58.0,-54.0,-100.0,-100.0,-39.0,-42.0,-41.0,-51.0,-100.0,-61.0,-100.0,-68.0,-100.0,-78.0,-100.0,-56.0,-58.0,-54.0,-100.0,-100.0,-42.0,-41.0,-42.0,-52.0,-58.0,-61.0,-100.0,-68.0,-100.0,-100.0,-100.0,-100.0
B1854,RP32,B,CTK45-dot-B,,20,,22.0,45.0,train,-66.0,-100.0,-100.0,-100.0,-100.0,-58.0,-100.0,-100.0,-45.0,-100.0,-80.0,-100.0,-62.0,-100.0,-71.0,-61.0,-66.0,-100.0,-100.0,-60.0,-100.0,-58.0,-100.0,-100.0,-46.0,-100.0,-56.0,-100.0,-61.0,-100.0,-72.0,-61.0,-71.0,-71.0,-100.0,-100.0
2025:01:13:15:30:41,RP32,A,SM-S908E,2212343.0,26,-121.26584124924048,22.0,45.0,train,-100.0,-79.0,-100.0,-65.0,-100.0,-100.0,-71.0,-100.0,-42.0,-46.0,-56.0,-64.0,-55.0,-69.0,-100.0,-80.0,-100.0,-79.0,-100.0,-66.0,-68.0,-100.0,-71.0,-100.0,-41.0,-46.0,-100.0,-64.0,-53.0,-70.0,-100.0,-80.0,-77.0,-77.0,-86.0,-86.0
B1832,RP32,B,CTK45-dot-B,,15,,22.0,45.0,train,-100.0,-83.0,-100.0,-62.0,-63.0,-100.0,-100.0,-100.0,-41.0,-41.0,-100.0,-53.0,-100.0,-69.0,-100.0,-75.0,-100.0,-85.0,-100.0,-100.0,-64.0,-100.0,-100.0,-100.0,-100.0,-41.0,-100.0,-53.0,-100.0,-69.0,-100.0,-75.0,-100.0,-100.0,-100.0,-100.0
B1835,RP32,B,CTK45-dot-B,,23,,22.0,45.0,train,-100.0,-80.0,-100.0,-74.0,-60.0,-66.0,-69.0,-74.0,-100.0,-44.0,-53.0,-47.0,-64.0,-100.0,-100.0,-76.0,-100.0,-81.0,-100.0,-74.0,-61.0,-100.0,-69.0,-100.0,-100.0,-100.0,-100.0,-46.0,-63.0,-100.0,-100.0,-75.0,-78.0,-100.0,-83.0,-83.0
B1861,RP32,B,CTK45-dot-B,,27,,22.0,45.0,validation,-70.0,-85.0,-81.0,-63.0,-100.0,-55.0,-100.0,-70.0,-38.0,-100.0,-49.0,-100.0,-65.0,-100.0,-66.0,-76.0,-72.0,-84.0,-81.0,-70.0,-100.0,-55.0,-100.0,-70.0,-39.0,-100.0,-100.0,-100.0,-66.0,-100.0,-66.0,-76.0,-77.0,-77.0,-100.0,-100.0
B1864,RP32,B,CTK45-dot-B,,24,,22.0,45.0,validation,-80.0,-89.0,-82.0,-75.0,-100.0,-52.0,-100.0,-68.0,-52.0,-100.0,-41.0,-100.0,-75.0,-100.0,-69.0,-76.0,-100.0,-89.0,-81.0,-74.0,-100.0,-52.0,-100.0,-68.0,-39.0,-100.0,-41.0,-100.0,-100.0,-100.0,-68.0,-76.0,-74.0,-74.0,-100.0,-100.0
B1869,RP32,B,CTK45-dot-B,,25,,22.0,45.0,validation,-74.0,-86.0,-80.0,-57.0,-100.0,-50.0,-100.0,-100.0,-46.0,-100.0,-49.0,-100.0,-61.0,-100.0,-59.0,-62.0,-72.0,-86.0,-79.0,-56.0,-100.0,-50.0,-100.0,-100.0,-47.0,-100.0,-49.0,-100.0,-60.0,-100.0,-60.0,-62.0,-73.0,-73.0,-100.0,-100.0
B1843,RP32,B,CTK45-dot-B,,14,,22.0,45.0,validation,-100.0,-100.0,-100.0,-100.0,-58.0,-100.0,-100.0,-74.0,-100.0,-41.0,-56.0,-57.0,-100.0,-67.0,-100.0,-100.0,-100.0,-100.0,-100.0,-100.0,-58.0,-100.0,-100.0,-72.0,-100.0,-42.0,-56.0,-57.0,-100.0,-68.0,-100.0,-100.0,-100.0,-100.0,-76.0,-77.0
B1829,RP32,B,CTK45-dot-B,,18,,22.0,45.0,validation,-100.0,-76.0,-100.0,-100.0,-71.0,-53.0,-100.0,-100.0,-39.0,-48.0,-100.0,-53.0,-100.0,-66.0,-100.0,-72.0,-100.0,-76.0,-100.0,-100.0,-70.0,-53.0,-100.0,-100.0,-40.0,-47.0,-100.0,-52.0,-100.0,-66.0,-100.0,-72.0,-100.0,-100.0,-77.0,-77.0
2025:01:13:15:39:08,RP32,A,SM-S908E,2212343.0,17,-47.48486505070578,22.0,45.0,validation,-100.0,-100.0,-100.0,-100.0,-80.0,-100.0,-69.0,-71.0,-44.0,-42.0,-51.0,-62.0,-100.0,-68.0,-100.0,-100.0,-100.0,-100.0,-100.0,-100.0,-80.0,-100.0,-69.0,-100.0,-43.0,-42.0,-51.0,-62.0,-100.0,-68.0,-100.0,-100.0,-100.0,-100.0,-100.0,-100.0
2025:01:13:15:39:46,RP32,A,SM-S908E,2212343.0,19,-45.08763599193699,22.0,45.0,validation,-100.0,-85.0,-100.0,-100.0,-77.0,-100.0,-69.0,-100.0,-47.0,-43.0,-48.0,-58.0,-59.0,-68.0,-100.0,-81.0,-100.0,-85.0,-100.0,-100.0,-77.0,-100.0,-69.0,-100.0,-47.0,-43.0,-50.0,-58.0,-100.0,-67.0,-100.0,-80.0,-100.0,-100.0,-100.0,-100.0
B1857,RP32,B,CTK45-dot-B,,38,,22.0,45.0,validation,-72.0,-81.0,-83.0,-54.0,-100.0,-61.0,-55.0,-76.0,-42.0,-39.0,-44.0,-48.0,-63.0,-67.0,-59.0,-64.0,-66.0,-81.0,-83.0,-55.0,-100.0,-61.0,-55.0,-78.0,-49.0,-39.0,-45.0,-48.0,-69.0,-67.0,-58.0,-64.0,-72.0,-80.0,-100.0,-100.0
B1851,RP32,B,CTK45-dot-B,,41,,22.0,45.0,validation,-68.0,-83.0,-81.0,-63.0,-51.0,-55.0,-54.0,-69.0,-48.0,-40.0,-100.0,-48.0,-63.0,-65.0,-74.0,-64.0,-67.0,-84.0,-82.0,-63.0,-51.0,-53.0,-54.0,-69.0,-51.0,-40.0,-100.0,-49.0,-64.0,-65.0,-75.0,-64.0,-86.0,-85.0,-68.0,-68.0
B1830,RP32,B,CTK45-dot-B,,18,,22.0,45.0,validation,-100.0,-100.0,-100.0,-62.0,-67.0,-63.0,-100.0,-65.0,-100.0,-48.0,-49.0,-57.0,-100.0,-67.0,-100.0,-74.0,-100.0,-100.0,-100.0,-100.0,-66.0,-64.0,-100.0,-65.0,-100.0,-48.0,-100.0,-56.0,-100.0,-67.0,-100.0,-74.0,-100.0,-100.0,-100.0,-100.0
B1831,RP32,B,CTK45-dot-B,,20,,22.0,45.0,validation,-100.0,-100.0,-100.0,-100.0,-63.0,-100.0,-67.0,-100.0,-36.0,-47.0,-48.0,-56.0,-62.0,-68.0,-100.0,-75.0,-100.0,-100.0,-100.0,-100.0,-64.0,-100.0,-67.0,-65.0,-36.0,-47.0,-49.0,-55.0,-100.0,-69.0,-100.0,-74.0,-100.0,-100.0,-74.0,-74.0
B1828,RP32,B,CTK45-dot-B,,22,,22.0,45.0,validation,-100.0,-83.0,-100.0,-100.0,-65.0,-62.0,-100.0,-100.0,-39.0,-52.0,-50.0,-47.0,-100.0,-64.0,-66.0,-75.0,-100.0,-83.0,-100.0,-100.0,-65.0,-62.0,-100.0,-100.0,-100.0,-52.0,-57.0,-47.0,-100.0,-65.0,-68.0,-75.0,-100.0,-100.0,-73.0,-73.0
B1826,RP32,B,CTK45-dot-B,,15,,22.0,45.0,test,-100.0,-76.0,-100.0,-100.0,-61.0,-52.0,-100.0,-100.0,-43.0,-44.0,-100.0,-45.0,-100.0,-62.0,-71.0,-100.0,-100.0,-78.0,-100.0,-100.0,-61.0,-100.0,-100.0,-100.0,-45.0,-44.0,-100.0,-46.0,-100.0,-62.0,-75.0,-100.0,-100.0,-100.0,-100.0,-100.0
B1819,RP32,B,CTK45-dot-B,,19,,22.0,45.0,test,-100.0,-80.0,-100.0,-56.0,-49.0,-50.0,-100.0,-100.0,-50.0,-36.0,-100.0,-64.0,-100.0,-66.0,-100.0,-73.0,-100.0,-80.0,-100.0,-55.0,-49.0,-50.0,-100.0,-100.0,-50.0,-36.0,-100.0,-64.0,-100.0,-100.0,-100.0,-74.0,-100.0,-100.0,-100.0,-100.0
B1822,RP32,B,CTK45-dot-B,,21,,22.0,45.0,test,-75.0,-82.0,-79.0,-100.0,-68.0,-100.0,-100.0,-100.0,-100.0,-49.0,-100.0,-52.0,-70.0,-63.0,-100.0,-74.0,-75.0,-83.0,-76.0,-100.0,-100.0,-100.0,-100.0,-100.0,-100.0,-49.0,-100.0,-52.0,-70.0,-63.0,-100.0,-75.0,-100.0,-100.0,-78.0,-78.0
2025:01:13:15:33:18,RP32,A,SM-S908E,2212343.0,25,179.03871125917235,22.0,45.0,test,-87.0,-80.0,-100.0,-100.0,-64.0,-67.0,-68.0,-75.0,-100.0,-52.0,-57.0,-59.0,-61.0,-64.0,-80.0,-84.0,-100.0,-81.0,-100.0,-100.0,-64.0,-69.0,-68.0,-100.0,-100.0,-52.0,-57.0,-59.0,-61.0,-100.0,-80.0,-84.0,-100.0,-100.0,-100.0,-100.0
2025:01:13:15:31:32,RP32,A,SM-S908E,2212343.0,30,-120.6200777070824,22.0,45.0,test,-100.0,-79.0,-100.0,-68.0,-66.0,-66.0,-70.0,-72.0,-42.0,-47.0,-64.0,-61.0,-59.0,-70.0,-100.0,-81.0,-78.0,-79.0,-83.0,-68.0,-66.0,-67.0,-70.0,-73.0,-43.0,-47.0,-64.0,-61.0,-59.0,-71.0,-100.0,-81.0,-100.0,-100.0,-100.0,-100.0
B1847,RP32,B,CTK45-dot-B,,25,,22.0,45.0,test,-100.0,-100.0,-100.0,-62.0,-53.0,-57.0,-100.0,-73.0,-100.0,-48.0,-59.0,-57.0,-70.0,-72.0,-75.0,-73.0,-100.0,-100.0,-100.0,-62.0,-52.0,-58.0,-100.0,-100.0,-100.0,-42.0,-60.0,-57.0,-71.0,-72.0,-100.0,-73.0,-100.0,-100.0,-75.0,-74.0
2025:01:13:15:34:29,RP32,A,SM-S908E,2212343.0,27,-179.54538929656243,22.0,45.0,test,-100.0,-82.0,-100.0,-69.0,-67.0,-100.0,-73.0,-100.0,-44.0,-45.0,-55.0,-59.0,-59.0,-63.0,-75.0,-82.0,-100.0,-82.0,-100.0,-100.0,-68.0,-73.0,-73.0,-100.0,-45.0,-45.0,-55.0,-59.0,-60.0,-63.0,-100.0,-82.0,-100.0,-100.0,-88.0,-89.0
B1856,RP32,B,CTK45-dot-B,,20,,22.0,45.0,test,-75.0,-82.0,-81.0,-56.0,-100.0,-66.0,-100.0,-72.0,-44.0,-100.0,-42.0,-100.0,-71.0,-100.0,-61.0,-100.0,-86.0,-83.0,-81.0,-58.0,-100.0,-66.0,-100.0,-75.0,-44.0,-100.0,-41.0,-100.0,-71.0,-100.0,-100.0,-100.0,-100.0,-100.0,-100.0,-100.0
B1812,RP32,B,CTK45-dot-B,,30,,22.0,45.0,test,-75.0,-83.0,-85.0,-100.0,-69.0,-61.0,-65.0,-100.0,-49.0,-48.0,-56.0,-52.0,-100.0,-100.0,-100.0,-72.0,-76.0,-83.0,-86.0,-100.0,-68.0,-61.0,-65.0,-100.0,-100.0,-52.0,-54.0,-53.0,-72.0,-100.0,-100.0,-73.0,-100.0,-100.0,-74.0,-75.0
B1827,RP32,B,CTK45-dot-B,,15,,22.0,45.0,test,-100.0,-78.0,-100.0,-67.0,-67.0,-100.0,-100.0,-100.0,-100.0,-100.0,-54.0,-47.0,-100.0,-62.0,-100.0,-71.0,-100.0,-78.0,-100.0,-67.0,-67.0,-100.0,-100.0,-100.0,-100.0,-100.0,-57.0,-48.0,-100.0,-62.0,-100.0,-71.0,-100.0,-100.0,-100.0,-100.0
B1841,RP32,B,CTK45-dot-B,,21,,22.0,45.0,test,-100.0,-80.0,-100.0,-100.0,-68.0,-100.0,-66.0,-100.0,-100.0,-45.0,-53.0,-51.0,-100.0,-62.0,-100.0,-75.0,-100.0,-80.0,-100.0,-100.0,-69.0,-100.0,-66.0,-100.0,-100.0,-47.0,-52.0,-51.0,-100.0,-62.0,-100.0,-75.0,-100.0,-100.0,-76.0,-76.0
B1853,RP32,B,CTK45-dot-B,,18,,22.0,45.0,test,-100.0,-79.0,-100.0,-100.0,-59.0,-66.0,-100.0,-100.0,-100.0,-48.0,-100.0,-50.0,-100.0,-62.0,-100.0,-75.0,-100.0,-80.0,-100.0,-100.0,-60.0,-65.0,-100.0,-100.0,-100.0,-47.0,-100.0,-50.0,-100.0,-63.0,-100.0,-75.0,-100.0,-100.0,-81.0,-81.0
B1920,RP33,B,CTK45-dot-B,,18,,-30.0,52.0,train,-63.0,-77.0,-100.0,-49.0,-49.0,-100.0,-100.0,-100.0,-100.0,-66.0,-66.0,-76.0,-68.0,-77.0,-100.0,-69.0,-65.0,-78.0,-100.0,-49.0,-50.0,-100.0,-100.0,-100.0,-100.0,-100.0,-100.0,-76.0,-68.0,-78.0,-100.0,-69.0,-100.0,-100.0,-100.0,-100.0
2025:01:13:10:29:53,RP33,A,SM-S908E,2212343.0,31,86.91880905946843,-30.0,52.0,train,-60.0,-73.0,-100.0,-35.0,-46.0,-52.0,-59.0,-100.0,-49.0,-57.0,-60.0,-57.0,-100.0,-75.0,-60.0,-61.0,-60.0,-73.0,-100.0,-34.0,-47.0,-52.0,-59.0,-100.0,-49.0,-58.0,-60.0,-57.0,-100.0,-75.0,-60.0,-60.0,-51.0,-51.0,-53.0,-52.0
B1911,RP33,B,CTK45-dot-B,,15,,-30.0,52.0,train,-65.0,-76.0,-100.0,-53.0,-51.0,-100.0,-100.0,-100.0,-100.0,-64.0,-70.0,-74.0,-100.0,-100.0,-100.0,-74.0,-68.0,-76.0,-100.0,-100.0,-49.0,-100.0,-100.0,-100.0,-100.0,-64.0,-100.0,-74.0,-100.0,-78.0,-100.0,-74.0,-100.0,-100.0,-100.0,-100.0
B1903,RP33,B,CTK45-dot-B,,28,,-30.0,52.0,train,-68.0,-76.0,-100.0,-100.0,-40.0,-59.0,-53.0,-100.0,-61.0,-65.0,-60.0,-70.0,-68.0,-69.0,-100.0,-62.0,-60.0,-76.0,-100.0,-46.0,-41.0,-59.0,-53.0,-100.0,-61.0,-65.0,-100.0,-59.0,-100.0,-68.0,-64.0,-63.0,-57.0,-57.0,-63.0,-63.0
B1889,RP33,B,CTK45-dot-B,,13,,-30.0,52.0,train,-100.0,-79.0,-83.0,-57.0,-100.0,-59.0,-100.0,-100.0,-100.0,-100.0,-63.0,-100.0,-100.0,-100.0,-63.0,-100.0,-100.0,-79.0,-100.0,-57.0,-100.0,-59.0,-100.0,-100.0,-100.0,-100.0,-64.0,-100.0,-100.0,-100.0,-63.0,-100.0,-52.0,-53.0,-100.0,-100.0
B1893,RP33,B,CTK45-dot-B,,30,,-30.0,52.0,train,-71.0,-75.0,-80.0,-100.0,-44.0,-61.0,-62.0,-100.0,-73.0,-52.0,-62.0,-56.0,-77.0,-100.0,-60.0,-64.0,-71.0,-75.0,-80.0,-100.0,-45.0,-61.0,-62.0,-100.0,-73.0,-54.0,-62.0,-56.0,-100.0,-85.0,-60.0,-64.0,-59.0,-59.0,-51.0,-51.0
2025:01:13:10:25:37,RP33,A,SM-S908E,2212343.0,32,171.19251262109182,-30.0,52.0,train,-54.0,-63.0,-70.0,-43.0,-58.0,-56.0,-61.0,-77.0,-63.0,-67.0,-52.0,-64.0,-100.0,-81.0,-51.0,-56.0,-54.0,-64.0,-71.0,-44.0,-58.0,-56.0,-61.0,-100.0,-100.0,-67.0,-57.0,-64.0,-100.0,-81.0,-52.0,-56.0,-45.0,-45.0,-50.0,-50.0
B1904,RP33,B,CTK45-dot-B,,16,,-30.0,52.0,train,-84.0,-80.0,-100.0,-45.0,-100.0,-100.0,-100.0,-89.0,-79.0,-100.0,-67.0,-100.0,-76.0,-100.0,-100.0,-61.0,-89.0,-80.0,-100.0,-46.0,-100.0,-100.0,-100.0,-88.0,-100.0,-100.0,-68.0,-100.0,-75.0,-100.0,-100.0,-60.0,-100.0,-100.0,-100.0,-100.0
B1896,RP33,B,CTK45-dot-B,,23,,-30.0,52.0,train,-100.0,-100.0,-100.0,-43.0,-50.0,-100.0,-62.0,-100.0,-60.0,-58.0,-63.0,-67.0,-83.0,-78.0,-68.0,-71.0,-100.0,-100.0,-100.0,-43.0,-51.0,-100.0,-62.0,-100.0,-61.0,-58.0,-63.0,-65.0,-100.0,-78.0,-68.0,-72.0,-100.0,-100.0,-65.0,-65.0
2025:01:13:10:32:10,RP33,A,SM-S908E,2212343.0,37,-44.89593290805315,-30.0,52.0,train,-100.0,-66.0,-74.0,-41.0,-51.0,-57.0,-60.0,-81.0,-59.0,-54.0,-55.0,-58.0,-69.0,-73.0,-67.0,-59.0,-100.0,-66.0,-100.0,-41.0,-51.0,-57.0,-60.0,-82.0,-59.0,-54.0,-55.0,-59.0,-100.0,-73.0,-68.0,-59.0,-48.0,-48.0,-53.0,-53.0
B1888,RP33,B,CTK45-dot-B,,22,,-30.0,52.0,train,-100.0,-78.0,-77.0,-100.0,-45.0,-100.0,-62.0,-84.0,-100.0,-61.0,-100.0,-57.0,-100.0,-100.0,-69.0,-65.0,-100.0,-78.0,-100.0,-100.0,-45.0,-100.0,-62.0,-85.0,-100.0,-58.0,-100.0,-57.0,-78.0,-100.0,-69.0,-65.0,-49.0,-49.0,-52.0,-52.0
B1926,RP33,B,CTK45-dot-B,,12,,-30.0,52.0,train,-100.0,-75.0,-100.0,-42.0,-44.0,-100.0,-100.0,-83.0,-100.0,-100.0,-100.0,-68.0,-100.0,-100.0,-100.0,-72.0,-100.0,-75.0,-100.0,-44.0,-44.0,-100.0,-100.0,-85.0,-100.0,-100.0,-100.0,-67.0,-100.0,-100.0,-100.0,-72.0,-100.0,-100.0,-100.0,-100.0
B1877,RP33,B,CTK45-dot-B,,25,,-30.0,52.0,train,-100.0,-73.0,-67.0,-100.0,-44.0,-56.0,-58.0,-100.0,-64.0,-54.0,-100.0,-57.0,-100.0,-74.0,-65.0,-61.0,-100.0,-73.0,-100.0,-100.0,-43.0,-56.0,-58.0,-100.0,-53.0,-52.0,-100.0,-57.0,-100.0,-75.0,-65.0,-62.0,-100.0,-100.0,-60.0,-60.0
2025:01:13:10:22:34,RP33,A,SM-S908E,2212343.0,26,-121.77732640253171,-30.0,52.0,train,-100.0,-73.0,-100.0,-100.0,-49.0,-56.0,-62.0,-100.0,-54.0,-55.0,-62.0,-63.0,-100.0,-74.0,-71.0,-62.0,-100.0,-74.0,-100.0,-100.0,-49.0,-57.0,-62.0,-100.0,-52.0,-55.0,-62.0,-63.0,-100.0,-74.0,-71.0,-62.0,-52.0,-53.0,-56.0,-56.0
B1929,RP33,B,CTK45-dot-B,,24,,-30.0,52.0,train,-76.0,-75.0,-100.0,-50.0,-45.0,-100.0,-100.0,-100.0,-61.0,-58.0,-65.0,-62.0,-100.0,-77.0,-100.0,-76.0,-75.0,-75.0,-100.0,-51.0,-44.0,-100.0,-100.0,-100.0,-62.0,-58.0,-66.0,-62.0,-100.0,-76.0,-100.0,-75.0,-63.0,-63.0,-100.0,-100.0
B1890,RP33,B,CTK45-dot-B,,20,,-30.0,52.0,train,-100.0,-76.0,-86.0,-48.0,-44.0,-100.0,-58.0,-100.0,-100.0,-65.0,-73.0,-100.0,-100.0,-100.0,-100.0,-59.0,-100.0,-76.0,-85.0,-46.0,-43.0,-100.0,-58.0,-100.0,-100.0,-64.0,-74.0,-100.0,-100.0,-100.0,-100.0,-59.0,-64.0,-64.0,-63.0,-63.0
B1932,RP33,B,CTK45-dot-B,,21,,-30.0,52.0,train,-100.0,-67.0,-82.0,-100.0,-47.0,-100.0,-59.0,-100.0,-100.0,-66.0,-100.0,-69.0,-100.0,-77.0,-100.0,-56.0,-100.0,-67.0,-83.0,-100.0,-49.0,-100.0,-59.0,-100.0,-100.0,-60.0,-100.0,-69.0,-100.0,-75.0,-100.0,-56.0,-57.0,-58.0,-54.0,-53.0
2025:01:13:10:22:02,RP33,A,SM-S908E,2212343.0,34,-124.68275527459447,-30.0,52.0,train,-60.0,-72.0,-77.0,-44.0,-46.0,-60.0,-67.0,-87.0,-66.0,-53.0,-100.0,-64.0,-71.0,-75.0,-73.0,-62.0,-62.0,-72.0,-76.0,-44.0,-46.0,-60.0,-67.0,-100.0,-66.0,-53.0,-100.0,-65.0,-66.0,-74.0,-73.0,-62.0,-55.0,-55.0,-71.0,-70.0
2025:01:13:10:32:46,RP33,A,SM-S908E,2212343.0,27,-48.38468151697165,-30.0,52.0,train,-66.0,-100.0,-76.0,-37.0,-49.0,-53.0,-59.0,-100.0,-59.0,-53.0,-62.0,-63.0,-100.0,-75.0,-58.0,-65.0,-65.0,-100.0,-73.0,-100.0,-49.0,-53.0,-59.0,-100.0,-60.0,-53.0,-59.0,-63.0,-100.0,-75.0,-58.0,-65.0,-100.0,-100.0,-64.0,-64.0
B1927,RP33,B,CTK45-dot-B,,12,,-30.0,52.0,train,-79.0,-76.0,-100.0,-100.0,-46.0,-100.0,-100.0,-100.0,-100.0,-62.0,-72.0,-70.0,-100.0,-79.0,-100.0,-100.0,-100.0,-76.0,-100.0,-100.0,-46.0,-100.0,-100.0,-100.0,-100.0,-63.0,-100.0,-71.0,-100.0,-80.0,-100.0,-100.0,-100.0,-100.0,-100.0,-100.0
B1922,RP33,B,CTK45-dot-B,,17,,-30.0,52.0,train,-70.0,-86.0,-100.0,-64.0,-100.0,-58.0,-100.0,-100.0,-65.0,-100.0,-65.0,-100.0,-70.0,-100.0,-62.0,-78.0,-70.0,-86.0,-100.0,-57.0,-100.0,-58.0,-100.0,-100.0,-63.0,-100.0,-63.0,-100.0,-100.0,-100.0,-62.0,-78.0,-100.0,-100.0,-100.0,-100.0
B1881,RP33,B,CTK45-dot-B,,17,,-30.0,52.0,train,-70.0,-82.0,-100.0,-100.0,-59.0,-100.0,-64.0,-100.0,-100.0,-68.0,-100.0,-73.0,-73.0,-100.0,-100.0,-73.0,-70.0,-100.0,-100.0,-100.0,-59.0,-100.0,-64.0,-100.0,-100.0,-67.0,-100.0,-72.0,-100.0,-83.0,-100.0,-73.0,-100.0,-100.0,-62.0,-62.0
2025:01:13:10:28:37,RP33,A,SM-S908E,2212343.0,29,87.3342951341855,-30.0,52.0,train,-100.0,-69.0,-75.0,-39.0,-45.0,-54.0,-56.0,-100.0,-55.0,-49.0,-56.0,-59.0,-100.0,-75.0,-100.0,-57.0,-100.0,-69.0,-100.0,-39.0,-46.0,-54.0,-56.0,-100.0,-54.0,-49.0,-55.0,-59.0,-100.0,-76.0,-60.0,-58.0,-49.0,-49.0,-53.0,-53.0
B1931,RP33,B,CTK45-dot-B,,27,,-30.0,52.0,train,-75.0,-73.0,-100.0,-59.0,-45.0,-56.0,-100.0,-100.0,-61.0,-68.0,-100.0,-70.0,-75.0,-77.0,-67.0,-72.0,-77.0,-73.0,-100.0,-49.0,-46.0,-56.0,-100.0,-100.0,-61.0,-67.0,-100.0,-71.0,-76.0,-77.0,-68.0,-72.0,-55.0,-55.0,-100.0,-100.0
2025:01:13:10:24:58,RP33,A,SM-S908E,2212343.0,33,172.86853449298644,-30.0,52.0,train,-54.0,-68.0,-100.0,-41.0,-53.0,-58.0,-63.0,-80.0,-63.0,-68.0,-65.0,-65.0,-62.0,-80.0,-100.0,-54.0,-54.0,-68.0,-100.0,-42.0,-53.0,-57.0,-63.0,-81.0,-63.0,-69.0,-67.0,-65.0,-100.0,-80.0,-100.0,-54.0,-47.0,-47.0,-54.0,-54.0
2025:01:13:10:23:44,RP33,A,SM-S908E,2212343.0,35,-124.84842029147858,-30.0,52.0,train,-66.0,-69.0,-100.0,-46.0,-46.0,-59.0,-60.0,-79.0,-57.0,-61.0,-62.0,-61.0,-68.0,-74.0,-68.0,-61.0,-66.0,-69.0,-100.0,-46.0,-46.0,-60.0,-60.0,-79.0,-57.0,-61.0,-62.0,-61.0,-68.0,-74.0,-68.0,-61.0,-44.0,-45.0,-52.0,-52.0
B1891,RP33,B,CTK45-dot-B,,19,,-30.0,52.0,train,-100.0,-69.0,-100.0,-100.0,-52.0,-65.0,-61.0,-88.0,-64.0,-100.0,-100.0,-63.0,-100.0,-100.0,-100.0,-54.0,-100.0,-68.0,-100.0,-100.0,-51.0,-64.0,-61.0,-100.0,-100.0,-69.0,-100.0,-63.0,-100.0,-100.0,-100.0,-54.0,-63.0,-62.0,-54.0,-54.0
B1886,RP33,B,CTK45-dot-B,,23,,-30.0,52.0,train,-100.0,-74.0,-79.0,-45.0,-44.0,-100.0,-60.0,-100.0,-70.0,-53.0,-61.0,-56.0,-100.0,-100.0,-61.0,-68.0,-100.0,-75.0,-79.0,-100.0,-45.0,-100.0,-60.0,-100.0,-71.0,-55.0,-61.0,-55.0,-100.0,-100.0,-63.0,-68.0,-100.0,-100.0,-50.0,-50.0
2025:01:13:10:33:21,RP33,A,SM-S908E,2212343.0,34,-54.58642424696468,-30.0,52.0,train,-67.0,-73.0,-74.0,-43.0,-48.0,-54.0,-54.0,-84.0,-63.0,-56.0,-54.0,-63.0,-100.0,-70.0,-59.0,-62.0,-69.0,-73.0,-73.0,-43.0,-48.0,-54.0,-54.0,-80.0,-63.0,-55.0,-55.0,-63.0,-100.0,-70.0,-59.0,-62.0,-58.0,-59.0,-65.0,-65.0
B1892,RP33,B,CTK45-dot-B,,26,,-30.0,52.0,train,-67.0,-100.0,-80.0,-51.0,-50.0,-65.0,-58.0,-89.0,-62.0,-100.0,-100.0,-63.0,-100.0,-100.0,-100.0,-55.0,-68.0,-70.0,-100.0,-51.0,-50.0,-65.0,-58.0,-85.0,-65.0,-66.0,-71.0,-64.0,-100.0,-100.0,-100.0,-55.0,-60.0,-60.0,-49.0,-48.0
B1914,RP33,B,CTK45-dot-B,,29,,-30.0,52.0,train,-71.0,-73.0,-100.0,-48.0,-45.0,-58.0,-100.0,-100.0,-74.0,-61.0,-70.0,-64.0,-100.0,-77.0,-72.0,-75.0,-71.0,-73.0,-100.0,-48.0,-45.0,-58.0,-100.0,-100.0,-74.0,-61.0,-70.0,-65.0,-100.0,-77.0,-68.0,-76.0,-68.0,-68.0,-100.0,-100.0
B1905,RP33,B,CTK45-dot-B,,18,,-30.0,52.0,train,-82.0,-77.0,-100.0,-43.0,-100.0,-56.0,-100.0,-100.0,-100.0,-100.0,-100.0,-100.0,-73.0,-100.0,-65.0,-65.0,-75.0,-77.0,-77.0,-50.0,-100.0,-57.0,-100.0,-100.0,-61.0,-100.0,-100.0,-100.0,-74.0,-100.0,-65.0,-65.0,-65.0,-66.0,-100.0,-100.0
B1906,RP33,B,CTK45-dot-B,,12,,-30.0,52.0,train,-72.0,-81.0,-100.0,-100.0,-100.0,-100.0,-100.0,-100.0,-100.0,-100.0,-66.0,-100.0,-70.0,-100.0,-71.0,-59.0,-71.0,-100.0,-100.0,-100.0,-100.0,-100.0,-100.0,-100.0,-100.0,-100.0,-65.0,-100.0,-100.0,-100.0,-71.0,-59.0,-60.0,-59.0,-100.0,-100.0
B1913,RP33,B,CTK45-dot-B,,14,,-30.0,52.0,train,-100.0,-73.0,-100.0,-47.0,-46.0,-100.0,-100.0,-100.0,-100.0,-56.0,-100.0,-66.0,-100.0,-74.0,-100.0,-74.0,-100.0,-72.0,-100.0,-47.0,-46.0,-100.0,-100.0,-100.0,-100.0,-56.0,-100.0,-66.0,-100.0,-74.0,-100.0,-74.0,-100.0,-100.0,-100.0,-100.0
B1885,RP33,B,CTK45-dot-B,,27,,-30.0,52.0,train,-63.0,-71.0,-75.0,-51.0,-39.0,-100.0,-64.0,-100.0,-100.0,-55.0,-69.0,-66.0,-70.0,-100.0,-100.0,-57.0,-63.0,-70.0,-73.0,-49.0,-39.0,-100.0,-64.0,-100.0,-100.0,-52.0,-68.0,-66.0,-73.0,-100.0,-100.0,-57.0,-61.0,-59.0,-54.0,-54.0
B1883,RP33,B,CTK45-dot-B,,23,,-30.0,52.0,train,-100.0,-72.0,-100.0,-100.0,-51.0,-100.0,-62.0,-100.0,-100.0,-68.0,-68.0,-67.0,-100.0,-78.0,-61.0,-52.0,-100.0,-72.0,-100.0,-100.0,-51.0,-100.0,-61.0,-100.0,-100.0,-62.0,-67.0,-67.0,-100.0,-78.0,-100.0,-52.0,-57.0,-57.0,-57.0,-57.0
B1916,RP33,B,CTK45-dot-B,,23,,-30.0,52.0,train,-82.0,-80.0,-100.0,-40.0,-41.0,-52.0,-100.0,-92.0,-60.0,-100.0,-62.0,-70.0,-71.0,-76.0,-100.0,-63.0,-100.0,-81.0,-74.0,-40.0,-40.0,-52.0,-100.0,-100.0,-59.0,-100.0,-63.0,-68.0,-100.0,-76.0,-100.0,-63.0,-100.0,-100.0,-100.0,-100.0
B1919,RP33,B,CTK45-dot-B,,16,,-30.0,52.0,train,-100.0,-75.0,-100.0,-49.0,-50.0,-100.0,-100.0,-100.0,-100.0,-65.0,-70.0,-76.0,-100.0,-78.0,-100.0,-68.0,-100.0,-76.0,-100.0,-49.0,-50.0,-100.0,-100.0,-100.0,-100.0,-64.0,-72.0,-76.0,-100.0,-78.0,-100.0,-68.0,-100.0,-100.0,-100.0,-100.0
2025:01:13:10:24:20,RP33,A,SM-S908E,2212343.0,34,-125.8115508859376,-30.0,52.0,train,-65.0,-100.0,-100.0,-49.0,-51.0,-59.0,-65.0,-80.0,-65.0,-61.0,-67.0,-66.0,-74.0,-77.0,-100.0,-59.0,-66.0,-100.0,-100.0,-49.0,-51.0,-59.0,-65.0,-80.0,-65.0,-61.0,-67.0,-66.0,-74.0,-77.0,-100.0,-59.0,-46.0,-45.0,-57.0,-57.0
B1875,RP33,B,CTK45-dot-B,,24,,-30.0,52.0,train,-70.0,-75.0,-69.0,-45.0,-45.0,-100.0,-59.0,-87.0,-60.0,-62.0,-74.0,-65.0,-100.0,-100.0,-100.0,-62.0,-70.0,-76.0,-76.0,-100.0,-46.0,-100.0,-59.0,-100.0,-100.0,-63.0,-69.0,-65.0,-100.0,-79.0,-100.0,-63.0,-100.0,-100.0,-58.0,-59.0
B1876,RP33,B,CTK45-dot-B,,16,,-30.0,52.0,train,-100.0,-77.0,-100.0,-100.0,-48.0,-100.0,-60.0,-100.0,-59.0,-60.0,-100.0,-65.0,-100.0,-100.0,-100.0,-57.0,-100.0,-76.0,-100.0,-100.0,-48.0,-100.0,-60.0,-100.0,-59.0,-59.0,-100.0,-65.0,-100.0,-100.0,-100.0,-57.0,-100.0,-100.0,-62.0,-62.0
2025:01:13:10:23:11,RP33,A,SM-S908E,2212343.0,30,-121.56995578774001,-30.0,52.0,train,-61.0,-69.0,-100.0,-43.0,-48.0,-56.0,-61.0,-100.0,-56.0,-61.0,-61.0,-60.0,-62.0,-73.0,-100.0,-63.0,-61.0,-69.0,-100.0,-100.0,-48.0,-57.0,-61.0,-100.0,-56.0,-61.0,-62.0,-60.0,-67.0,-73.0,-100.0,-63.0,-44.0,-44.0,-52.0,-52.0
B1900,RP33,B,CTK45-dot-B,,12,,-30.0,52.0,train,-68.0,-84.0,-100.0,-100.0,-100.0,-57.0,-100.0,-100.0,-60.0,-100.0,-100.0,-100.0,-100.0,-100.0,-68.0,-70.0,-61.0,-83.0,-100.0,-43.0,-100.0,-100.0,-100.0,-100.0,-60.0,-100.0,-100.0,-100.0,-100.0,-100.0,-67.0,-71.0,-100.0,-100.0,-100.0,-100.0
B1872,RP33,B,CTK45-dot-B,,27,,-30.0,52.0,train,-74.0,-72.0,-100.0,-50.0,-47.0,-59.0,-100.0,-100.0,-63.0,-57.0,-79.0,-68.0,-100.0,-75.0,-100.0,-69.0,-71.0,-72.0,-100.0,-46.0,-47.0,-59.0,-100.0,-100.0,-63.0,-57.0,-79.0,-68.0,-100.0,-75.0,-100.0,-69.0,-65.0,-65.0,-100.0,-100.0
2025:01:13:10:26:47,RP33,A,SM-S908E,2212343.0,28,170.15973900663465,-30.0,52.0,train,-100.0,-65.0,-74.0,-42.0,-53.0,-53.0,-59.0,-100.0,-64.0,-100.0,-58.0,-65.0,-100.0,-79.0,-46.0,-56.0,-100.0,-65.0,-75.0,-42.0,-53.0,-54.0,-59.0,-100.0,-63.0,-67.0,-57.0,-65.0,-100.0,-79.0,-46.0,-56.0,-100.0,-52.0,-49.0,-49.0
B1924,RP33,B,CTK45-dot-B,,25,,-30.0,52.0,train,-100.0,-100.0,-100.0,-100.0,-50.0,-60.0,-62.0,-91.0,-64.0,-72.0,-64.0,-65.0,-100.0,-78.0,-100.0,-56.0,-100.0,-71.0,-100.0,-100.0,-51.0,-59.0,-62.0,-87.0,-64.0,-64.0,-100.0,-65.0,-100.0,-78.0,-100.0,-56.0,-60.0,-49.0,-56.0,-56.0
2025:01:13:10:31:16,RP33,A,SM-S908E,2212343.0,34,87.34879669598027,-30.0,52.0,train,-58.0,-69.0,-100.0,-35.0,-47.0,-61.0,-58.0,-83.0,-51.0,-58.0,-60.0,-57.0,-70.0,-77.0,-61.0,-60.0,-58.0,-69.0,-100.0,-35.0,-47.0,-61.0,-58.0,-100.0,-51.0,-58.0,-61.0,-57.0,-100.0,-77.0,-62.0,-60.0,-49.0,-49.0,-48.0,-48.0
B1902,RP33,B,CTK45-dot-B,,14,,-30.0,52.0,train,-100.0,-80.0,-100.0,-43.0,-100.0,-65.0,-100.0,-100.0,-100.0,-100.0,-62.0,-100.0,-100.0,-100.0,-66.0,-67.0,-100.0,-80.0,-100.0,-43.0,-100.0,-65.0,-100.0,-100.0,-100.0,-100.0,-62.0,-100.0,-100.0,-100.0,-66.0,-68.0,-58.0,-58.0,-100.0,-100.0
B1921,RP33,B,CTK45-dot-B,,18,,-30.0,52.0,train,-69.0,-76.0,-100.0,-57.0,-50.0,-100.0,-100.0,-100.0,-100.0,-100.0,-68.0,-77.0,-100.0,-79.0,-100.0,-74.0,-69.0,-76.0,-100.0,-100.0,-50.0,-100.0,-100.0,-100.0,-100.0,-100.0,-71.0,-77.0,-100.0,-79.0,-100.0,-74.0,-60.0,-60.0,-100.0,-100.0
B1874,RP33,B,CTK45-dot-B,,14,,-30.0,52.0,train,-100.0,-100.0,-100.0,-100.0,-43.0,-60.0,-60.0,-100.0,-100.0,-100.0,-100.0,-60.0,-100.0,-100.0,-69.0,-61.0,-100.0,-100.0,-100.0,-100.0,-43.0,-58.0,-61.0,-100.0,-100.0,-58.0,-100.0,-60.0,-100.0,-100.0,-100.0,-61.0,-100.0,-100.0,-49.0,-49.0
B1880,RP33,B,CTK45-dot-B,,18,,-30.0,52.0,train,-100.0,-73.0,-100.0,-100.0,-49.0,-100.0,-58.0,-100.0,-100.0,-62.0,-77.0,-70.0,-100.0,-78.0,-64.0,-72.0,-100.0,-73.0,-100.0,-100.0,-50.0,-100.0,-58.0,-100.0,-100.0,-60.0,-100.0,-70.0,-100.0,-79.0,-64.0,-72.0,-100.0,-100.0,-53.0,-100.0
B1897,RP33,B,CTK45-dot-B,,13,,-30.0,52.0,train,-100.0,-88.0,-100.0,-50.0,-100.0,-100.0,-100.0,-90.0,-100.0,-100.0,-62.0,-100.0,-100.0,-100.0,-68.0,-80.0,-100.0,-88.0,-100.0,-51.0,-100.0,-100.0,-100.0,-100.0,-100.0,-100.0,-62.0,-100.0,-100.0,-100.0,-76.0,-80.0,-58.0,-59.0,-100.0,-100.0
B1918,RP33,B,CTK45-dot-B,,10,,-30.0,52.0,train,-100.0,-79.0,-100.0,-100.0,-42.0,-100.0,-100.0,-100.0,-100.0,-100.0,-100.0,-68.0,-100.0,-76.0,-100.0,-65.0,-100.0,-79.0,-100.0,-100.0,-41.0,-100.0,-100.0,-100.0,-100.0,-100.0,-100.0,-68.0,-100.0,-77.0,-100.0,-64.0,-100.0,-100.0,-100.0,-100.0
2025:01:13:10:27:59,RP33,A,SM-S908E,2212343.0,38,87.3848472004499,-30.0,52.0,train,-53.0,-69.0,-71.0,-35.0,-45.0,-47.0,-58.0,-77.0,-47.0,-48.0,-60.0,-67.0,-100.0,-75.0,-65.0,-58.0,-53.0,-69.0,-70.0,-36.0,-45.0,-47.0,-58.0,-80.0,-48.0,-48.0,-59.0,-67.0,-100.0,-82.0,-65.0,-58.0,-49.0,-49.0,-48.0,-48.0
B1917,RP33,B,CTK45-dot-B,,22,,-30.0,52.0,train,-100.0,-79.0,-100.0,-39.0,-42.0,-51.0,-100.0,-92.0,-60.0,-66.0,-100.0,-68.0,-71.0,-76.0,-100.0,-64.0,-100.0,-79.0,-74.0,-39.0,-41.0,-51.0,-100.0,-100.0,-60.0,-65.0,-100.0,-69.0,-100.0,-76.0,-100.0,-64.0,-100.0,-100.0,-100.0,-100.0
B1901,RP33,B,CTK45-dot-B,,31,,-30.0,52.0,train,-61.0,-80.0,-100.0,-48.0,-100.0,-61.0,-54.0,-100.0,-67.0,-53.0,-100.0,-58.0,-68.0,-73.0,-65.0,-68.0,-63.0,-80.0,-100.0,-48.0,-100.0,-60.0,-54.0,-100.0,-74.0,-53.0,-100.0,-60.0,-69.0,-73.0,-73.0,-68.0,-57.0,-56.0,-67.0,-67.0
B1930,RP33,B,CTK45-dot-B,,16,,-30.0,52.0,train,-75.0,-74.0,-100.0,-100.0,-100.0,-100.0,-100.0,-86.0,-100.0,-58.0,-79.0,-74.0,-100.0,-100.0,-100.0,-71.0,-76.0,-74.0,-100.0,-100.0,-46.0,-100.0,-100.0,-86.0,-100.0,-58.0,-79.0,-74.0,-70.0,-100.0,-100.0,-71.0,-100.0,-100.0,-100.0,-100.0
2025:01:13:10:30:28,RP33,A,SM-S908E,2212343.0,34,87.34879669598027,-30.0,52.0,train,-58.0,-69.0,-100.0,-35.0,-47.0,-61.0,-58.0,-83.0,-51.0,-58.0,-60.0,-57.0,-70.0,-77.0,-61.0,-60.0,-58.0,-69.0,-100.0,-35.0,-47.0,-61.0,-58.0,-100.0,-51.0,-58.0,-61.0,-57.0,-100.0,-77.0,-62.0,-60.0,-49.0,-49.0,-48.0,-48.0
2025:01:13:10:26:12,RP33,A,SM-S908E,2212343.0,31,169.07490071733395,-30.0,52.0,validation,-100.0,-68.0,-79.0,-44.0,-54.0,-55.0,-60.0,-100.0,-62.0,-70.0,-57.0,-62.0,-100.0,-80.0,-51.0,-56.0,-100.0,-68.0,-73.0,-44.0,-54.0,-56.0,-60.0,-100.0,-63.0,-66.0,-57.0,-62.0,-100.0,-80.0,-51.0,-56.0,-48.0,-48.0,-53.0,-53.0
B1910,RP33,B,CTK45-dot-B,,15,,-30.0,52.0,validation,-66.0,-84.0,-89.0,-44.0,-100.0,-100.0,-100.0,-100.0,-51.0,-100.0,-51.0,-100.0,-100.0,-100.0,-61.0,-80.0,-65.0,-84.0,-100.0,-44.0,-100.0,-100.0,-100.0,-100.0,-52.0,-100.0,-100.0,-100.0,-100.0,-100.0,-68.0,-80.0,-100.0,-100.0,-100.0,-100.0
2025:01:13:10:29:18,RP33,A,SM-S908E,2212343.0,29,88.5064808393539,-30.0,52.0,validation,-56.0,-74.0,-100.0,-100.0,-46.0,-52.0,-58.0,-100.0,-47.0,-57.0,-51.0,-58.0,-100.0,-76.0,-63.0,-54.0,-56.0,-74.0,-100.0,-100.0,-46.0,-50.0,-58.0,-100.0,-46.0,-57.0,-50.0,-58.0,-100.0,-76.0,-64.0,-54.0,-100.0,-100.0,-53.0,-53.0
B1894,RP33,B,CTK45-dot-B,,20,,-30.0,52.0,validation,-69.0,-78.0,-100.0,-40.0,-42.0,-100.0,-100.0,-100.0,-100.0,-65.0,-65.0,-72.0,-100.0,-81.0,-68.0,-61.0,-71.0,-78.0,-100.0,-40.0,-39.0,-100.0,-100.0,-100.0,-100.0,-66.0,-65.0,-72.0,-100.0,-81.0,-100.0,-61.0,-100.0,-100.0,-100.0,-100.0
B1925,RP33,B,CTK45-dot-B,,15,,-30.0,52.0,validation,-100.0,-74.0,-100.0,-51.0,-46.0,-100.0,-100.0,-91.0,-100.0,-100.0,-100.0,-72.0,-100.0,-78.0,-100.0,-75.0,-100.0,-74.0,-100.0,-48.0,-44.0,-100.0,-100.0,-87.0,-100.0,-100.0,-100.0,-72.0,-100.0,-79.0,-100.0,-75.0,-100.0,-100.0,-100.0,-100.0
B1915,RP33,B,CTK45-dot-B,,16,,-30.0,52.0,validation,-100.0,-80.0,-100.0,-40.0,-40.0,-100.0,-100.0,-100.0,-100.0,-65.0,-100.0,-66.0,-100.0,-80.0,-100.0,-64.0,-100.0,-80.0,-100.0,-40.0,-41.0,-100.0,-100.0,-100.0,-100.0,-65.0,-100.0,-65.0,-100.0,-79.0,-100.0,-64.0,-100.0,-100.0,-100.0,-100.0
B1908,RP33,B,CTK45-dot-B,,15,,-30.0,52.0,validation,-71.0,-76.0,-75.0,-100.0,-100.0,-100.0,-100.0,-100.0,-100.0,-100.0,-84.0,-100.0,-70.0,-100.0,-67.0,-60.0,-69.0,-76.0,-100.0,-100.0,-100.0,-100.0,-100.0,-100.0,-100.0,-100.0,-86.0,-100.0,-70.0,-100.0,-67.0,-60.0,-57.0,-55.0,-100.0,-100.0
B1895,RP33,B,CTK45-dot-B,,14,,-30.0,52.0,validation,-66.0,-84.0,-85.0,-39.0,-100.0,-51.0,-100.0,-100.0,-100.0,-100.0,-62.0,-100.0,-74.0,-100.0,-55.0,-78.0,-66.0,-100.0,-100.0,-40.0,-100.0,-51.0,-100.0,-100.0,-100.0,-100.0,-62.0,-100.0,-100.0,-100.0,-100.0,-78.0,-100.0,-100.0,-100.0,-100.0
B1912,RP33,B,CTK45-dot-B,,16,,-30.0,52.0,validation,-70.0,-72.0,-100.0,-51.0,-48.0,-100.0,-100.0,-100.0,-100.0,-56.0,-100.0,-67.0,-100.0,-74.0,-100.0,-75.0,-70.0,-72.0,-100.0,-51.0,-48.0,-100.0,-100.0,-100.0,-63.0,-57.0,-100.0,-67.0,-100.0,-100.0,-100.0,-75.0,-100.0,-100.0,-100.0,-100.0
B1923,RP33,B,CTK45-dot-B,,24,,-30.0,52.0,validation,-100.0,-74.0,-100.0,-59.0,-45.0,-100.0,-100.0,-89.0,-65.0,-68.0,-100.0,-73.0,-100.0,-100.0,-65.0,-72.0,-74.0,-75.0,-100.0,-58.0,-45.0,-58.0,-100.0,-90.0,-65.0,-67.0,-100.0,-73.0,-100.0,-74.0,-65.0,-72.0,-55.0,-55.0,-100.0,-100.0
B1882,RP33,B,CTK45-dot-B,,15,,-30.0,52.0,validation,-69.0,-78.0,-100.0,-57.0,-100.0,-59.0,-100.0,-100.0,-60.0,-100.0,-100.0,-100.0,-70.0,-100.0,-100.0,-72.0,-100.0,-78.0,-100.0,-57.0,-100.0,-59.0,-100.0,-100.0,-60.0,-100.0,-100.0,-100.0,-76.0,-100.0,-100.0,-72.0,-51.0,-52.0,-100.0,-100.0
2025:01:13:10:27:22,RP33,A,SM-S908E,2212343.0,35,169.09436409363457,-30.0,52.0,validation,-54.0,-66.0,-76.0,-43.0,-56.0,-59.0,-56.0,-80.0,-64.0,-69.0,-63.0,-65.0,-65.0,-81.0,-53.0,-52.0,-55.0,-66.0,-77.0,-43.0,-56.0,-60.0,-56.0,-80.0,-64.0,-69.0,-65.0,-65.0,-65.0,-80.0,-52.0,-52.0,-100.0,-100.0,-50.0,-50.0
B1898,RP33,B,CTK45-dot-B,,15,,-30.0,52.0,test,-61.0,-78.0,-100.0,-100.0,-100.0,-100.0,-100.0,-93.0,-57.0,-100.0,-100.0,-100.0,-71.0,-100.0,-59.0,-74.0,-68.0,-78.0,-100.0,-100.0,-100.0,-100.0,-100.0,-85.0,-57.0,-100.0,-100.0,-100.0,-100.0,-100.0,-61.0,-74.0,-57.0,-55.0,-100.0,-100.0
B1878,RP33,B,CTK45-dot-B,,20,,-30.0,52.0,test,-63.0,-69.0,-100.0,-44.0,-43.0,-100.0,-59.0,-100.0,-100.0,-58.0,-82.0,-59.0,-100.0,-100.0,-100.0,-57.0,-63.0,-69.0,-100.0,-45.0,-43.0,-100.0,-59.0,-100.0,-100.0,-60.0,-65.0,-59.0,-100.0,-100.0,-100.0,-58.0,-100.0,-100.0,-51.0,-51.0
2025:01:13:10:31:36,RP33,A,SM-S908E,2212343.0,26,-48.35547212857588,-30.0,52.0,test,-100.0,-70.0,-100.0,-34.0,-49.0,-52.0,-58.0,-79.0,-45.0,-53.0,-100.0,-56.0,-100.0,-78.0,-58.0,-51.0,-100.0,-70.0,-100.0,-33.0,-49.0,-53.0,-58.0,-100.0,-46.0,-53.0,-100.0,-56.0,-100.0,-78.0,-55.0,-51.0,-100.0,-100.0,-51.0,-50.0
B1873,RP33,B,CTK45-dot-B,,20,,-30.0,52.0,test,-67.0,-100.0,-100.0,-51.0,-41.0,-55.0,-58.0,-100.0,-100.0,-100.0,-100.0,-64.0,-100.0,-100.0,-100.0,-57.0,-68.0,-100.0,-100.0,-51.0,-41.0,-55.0,-58.0,-100.0,-100.0,-53.0,-71.0,-65.0,-100.0,-100.0,-100.0,-57.0,-51.0,-51.0,-49.0,-48.0
B1879,RP33,B,CTK45-dot-B,,29,,-30.0,52.0,test,-75.0,-75.0,-81.0,-45.0,-42.0,-62.0,-62.0,-86.0,-60.0,-100.0,-100.0,-66.0,-80.0,-100.0,-61.0,-60.0,-77.0,-75.0,-81.0,-45.0,-43.0,-61.0,-62.0,-85.0,-60.0,-63.0,-100.0,-66.0,-80.0,-100.0,-61.0,-60.0,-100.0,-100.0,-66.0,-65.0
B1887,RP33,B,CTK45-dot-B,,28,,-30.0,52.0,test,-100.0,-75.0,-84.0,-48.0,-47.0,-100.0,-57.0,-85.0,-100.0,-62.0,-64.0,-56.0,-79.0,-73.0,-71.0,-65.0,-100.0,-76.0,-85.0,-49.0,-48.0,-100.0,-57.0,-100.0,-100.0,-62.0,-100.0,-56.0,-79.0,-69.0,-66.0,-65.0,-51.0,-50.0,-59.0,-59.0
B1909,RP33,B,CTK45-dot-B,,12,,-30.0,52.0,test,-100.0,-83.0,-100.0,-41.0,-100.0,-48.0,-100.0,-100.0,-53.0,-100.0,-100.0,-100.0,-100.0,-100.0,-69.0,-72.0,-100.0,-84.0,-100.0,-43.0,-100.0,-48.0,-100.0,-100.0,-54.0,-100.0,-100.0,-100.0,-100.0,-100.0,-68.0,-73.0,-100.0,-100.0,-100.0,-100.0
2025:01:13:10:33:56,RP33,A,SM-S908E,2212343.0,37,-45.02354837072043,-30.0,52.0,test,-64.0,-72.0,-67.0,-39.0,-48.0,-58.0,-60.0,-80.0,-51.0,-50.0,-57.0,-60.0,-75.0,-74.0,-63.0,-57.0,-65.0,-72.0,-67.0,-39.0,-48.0,-59.0,-60.0,-85.0,-52.0,-51.0,-57.0,-60.0,-100.0,-73.0,-63.0,-57.0,-62.0,-62.0,-60.0,-60.0
B1907,RP33,B,CTK45-dot-B,,25,,-30.0,52.0,test,-100.0,-79.0,-79.0,-49.0,-48.0,-100.0,-56.0,-100.0,-65.0,-48.0,-75.0,-62.0,-100.0,-73.0,-100.0,-60.0,-100.0,-79.0,-79.0,-49.0,-46.0,-54.0,-56.0,-100.0,-71.0,-49.0,-100.0,-61.0,-100.0,-73.0,-100.0,-60.0,-100.0,-57.0,-60.0,-60.0
B1899,RP33,B,CTK45-dot-B,,18,,-30.0,52.0,test,-64.0,-82.0,-100.0,-47.0,-100.0,-68.0,-100.0,-100.0,-63.0,-100.0,-60.0,-100.0,-71.0,-100.0,-59.0,-71.0,-64.0,-83.0,-100.0,-48.0,-100.0,-69.0,-100.0,-100.0,-67.0,-100.0,-60.0,-100.0,-72.0,-100.0,-59.0,-71.0,-100.0,-100.0,-100.0,-100.0
B1884,RP33,B,CTK45-dot-B,,38,,-30.0,52.0,test,-65.0,-63.0,-82.0,-41.0,-40.0,-65.0,-65.0,-72.0,-71.0,-67.0,-68.0,-62.0,-73.0,-80.0,-60.0,-57.0,-65.0,-63.0,-81.0,-41.0,-40.0,-66.0,-65.0,-72.0,-70.0,-67.0,-68.0,-62.0,-74.0,-81.0,-61.0,-57.0,-56.0,-56.0,-66.0,-66.0
B1928,RP33,B,CTK45-dot-B,,21,,-30.0,52.0,test,-72.0,-72.0,-100.0,-49.0,-46.0,-57.0,-100.0,-88.0,-100.0,-56.0,-100.0,-65.0,-100.0,-74.0,-100.0,-73.0,-71.0,-71.0,-100.0,-48.0,-46.0,-56.0,-100.0,-100.0,-100.0,-56.0,-100.0,-65.0,-76.0,-74.0,-100.0,-74.0,-100.0,-100.0,-100.0,-100.0
B1945,RP34,B,CTK45-dot-B,,23,,-23.0,52.0,train,-64.0,-100.0,-100.0,-50.0,-37.0,-100.0,-59.0,-95.0,-100.0,-58.0,-58.0,-58.0,-73.0,-100.0,-48.0,-100.0,-100.0,-100.0,-100.0,-48.0,-37.0,-100.0,-59.0,-100.0,-100.0,-56.0,-59.0,-58.0,-74.0,-76.0,-100.0,-100.0,-53.0,-50.0,-55.0,-55.0
B1953,RP34,B,CTK45-dot-B,,32,,-23.0,52.0,train,-61.0,-75.0,-82.0,-56.0,-50.0,-67.0,-71.0,-100.0,-75.0,-64.0,-56.0,-67.0,-81.0,-79.0,-56.0,-53.0,-61.0,-75.0,-82.0,-57.0,-51.0,-68.0,-71.0,-100.0,-78.0,-62.0,-100.0,-67.0,-80.0,-79.0,-56.0,-54.0,-100.0,-56.0,-53.0,-52.0
B1987,RP34,B,CTK45-dot-B,,27,,-23.0,52.0,train,-100.0,-76.0,-66.0,-40.0,-40.0,-74.0,-69.0,-100.0,-55.0,-59.0,-59.0,-68.0,-100.0,-76.0,-64.0,-69.0,-100.0,-76.0,-73.0,-41.0,-41.0,-69.0,-70.0,-100.0,-53.0,-59.0,-100.0,-71.0,-100.0,-74.0,-65.0,-69.0,-100.0,-100.0,-52.0,-52.0
2025:01:13:11:53:16,RP34,A,SM-S908E,2212343.0,24,91.07386461228946,-23.0,52.0,train,-100.0,-100.0,-71.0,-37.0,-40.0,-56.0,-66.0,-100.0,-55.0,-100.0,-44.0,-54.0,-65.0,-81.0,-51.0,-44.0,-57.0,-100.0,-71.0,-100.0,-40.0,-56.0,-66.0,-100.0,-54.0,-100.0,-44.0,-54.0,-100.0,-100.0,-51.0,-44.0,-100.0,-100.0,-53.0,-53.0
B1986,RP34,B,CTK45-dot-B,,9,,-23.0,52.0,train,-100.0,-76.0,-100.0,-49.0,-100.0,-61.0,-100.0,-88.0,-100.0,-100.0,-100.0,-100.0,-100.0,-100.0,-100.0,-100.0,-100.0,-76.0,-100.0,-42.0,-100.0,-61.0,-100.0,-100.0,-100.0,-100.0,-100.0,-100.0,-100.0,-100.0,-100.0,-100.0,-61.0,-57.0,-100.0,-100.0
B1946,RP34,B,CTK45-dot-B,,23,,-23.0,52.0,train,-62.0,-71.0,-100.0,-48.0,-39.0,-64.0,-100.0,-100.0,-53.0,-55.0,-100.0,-60.0,-100.0,-76.0,-100.0,-53.0,-62.0,-71.0,-100.0,-48.0,-39.0,-64.0,-100.0,-100.0,-54.0,-55.0,-100.0,-59.0,-69.0,-76.0,-100.0,-53.0,-100.0,-100.0,-100.0,-100.0
B1938,RP34,B,CTK45-dot-B,,17,,-23.0,52.0,train,-74.0,-69.0,-100.0,-53.0,-100.0,-60.0,-100.0,-100.0,-50.0,-100.0,-51.0,-100.0,-70.0,-100.0,-55.0,-52.0,-100.0,-69.0,-100.0,-43.0,-100.0,-65.0,-100.0,-100.0,-50.0,-100.0,-51.0,-100.0,-100.0,-100.0,-54.0,-53.0,-100.0,-100.0,-100.0,-100.0
B1981,RP34,B,CTK45-dot-B,,13,,-23.0,52.0,train,-100.0,-76.0,-100.0,-100.0,-39.0,-100.0,-100.0,-100.0,-59.0,-59.0,-100.0,-61.0,-100.0,-100.0,-100.0,-59.0,-100.0,-76.0,-100.0,-47.0,-39.0,-100.0,-100.0,-100.0,-100.0,-59.0,-100.0,-61.0,-100.0,-100.0,-100.0,-59.0,-100.0,-100.0,-100.0,-100.0
2025:01:13:11:57:32,RP34,A,SM-S908E,2212343.0,29,-44.20379931857732,-23.0,52.0,train,-58.0,-69.0,-76.0,-36.0,-42.0,-100.0,-62.0,-100.0,-62.0,-53.0,-60.0,-54.0,-67.0,-78.0,-53.0,-59.0,-59.0,-69.0,-76.0,-36.0,-42.0,-100.0,-62.0,-100.0,-100.0,-53.0,-60.0,-54.0,-69.0,-78.0,-54.0,-59.0,-100.0,-100.0,-64.0,-63.0
B1949,RP34,B,CTK45-dot-B,,19,,-23.0,52.0,train,-100.0,-75.0,-84.0,-54.0,-41.0,-100.0,-66.0,-100.0,-100.0,-67.0,-100.0,-73.0,-100.0,-100.0,-57.0,-66.0,-100.0,-75.0,-100.0,-54.0,-41.0,-100.0,-65.0,-100.0,-100.0,-64.0,-100.0,-73.0,-100.0,-100.0,-57.0,-66.0,-100.0,-100.0,-53.0,-51.0
B1935,RP34,B,CTK45-dot-B,,12,,-23.0,52.0,train,-61.0,-74.0,-100.0,-100.0,-100.0,-57.0,-100.0,-100.0,-70.0,-100.0,-100.0,-100.0,-100.0,-100.0,-54.0,-53.0,-61.0,-74.0,-100.0,-100.0,-100.0,-58.0,-100.0,-100.0,-68.0,-100.0,-100.0,-100.0,-100.0,-100.0,-55.0,-53.0,-100.0,-100.0,-100.0,-100.0
2025:01:13:11:46:19,RP34,A,SM-S908E,2212343.0,33,-121.36817151145085,-23.0,52.0,train,-59.0,-70.0,-67.0,-46.0,-42.0,-70.0,-69.0,-100.0,-59.0,-58.0,-63.0,-64.0,-77.0,-81.0,-47.0,-62.0,-58.0,-100.0,-67.0,-46.0,-42.0,-100.0,-69.0,-100.0,-59.0,-58.0,-65.0,-64.0,-76.0,-82.0,-55.0,-62.0,-52.0,-52.0,-55.0,-54.0
2025:01:13:11:54:27,RP34,A,SM-S908E,2212343.0,33,81.09228091964611,-23.0,52.0,train,-59.0,-68.0,-70.0,-42.0,-43.0,-59.0,-59.0,-100.0,-50.0,-57.0,-45.0,-53.0,-72.0,-76.0,-46.0,-49.0,-59.0,-68.0,-71.0,-42.0,-43.0,-100.0,-59.0,-100.0,-49.0,-58.0,-46.0,-53.0,-100.0,-76.0,-46.0,-49.0,-52.0,-52.0,-55.0,-55.0
B1969,RP34,B,CTK45-dot-B,,22,,-23.0,52.0,train,-100.0,-74.0,-100.0,-57.0,-38.0,-65.0,-65.0,-100.0,-68.0,-59.0,-56.0,-100.0,-100.0,-100.0,-61.0,-54.0,-100.0,-74.0,-100.0,-57.0,-38.0,-66.0,-66.0,-100.0,-67.0,-56.0,-100.0,-100.0,-100.0,-100.0,-100.0,-54.0,-56.0,-56.0,-56.0,-55.0
2025:01:13:11:51:27,RP34,A,SM-S908E,2212343.0,34,175.2377493533201,-23.0,52.0,train,-54.0,-68.0,-80.0,-43.0,-40.0,-55.0,-58.0,-100.0,-68.0,-63.0,-53.0,-64.0,-67.0,-70.0,-52.0,-50.0,-54.0,-68.0,-79.0,-43.0,-40.0,-55.0,-58.0,-100.0,-68.0,-63.0,-53.0,-65.0,-67.0,-75.0,-52.0,-51.0,-51.0,-51.0,-53.0,-53.0
B1959,RP34,B,CTK45-dot-B,,18,,-23.0,52.0,train,-72.0,-69.0,-100.0,-100.0,-44.0,-100.0,-65.0,-100.0,-54.0,-51.0,-100.0,-61.0,-100.0,-100.0,-67.0,-56.0,-72.0,-69.0,-100.0,-100.0,-42.0,-100.0,-64.0,-100.0,-100.0,-53.0,-100.0,-62.0,-100.0,-100.0,-100.0,-57.0,-100.0,-100.0,-58.0,-58.0
B1939,RP34,B,CTK45-dot-B,,26,,-23.0,52.0,train,-100.0,-69.0,-100.0,-100.0,-43.0,-59.0,-55.0,-100.0,-58.0,-49.0,-49.0,-55.0,-100.0,-71.0,-55.0,-53.0,-100.0,-68.0,-100.0,-100.0,-34.0,-57.0,-55.0,-100.0,-50.0,-50.0,-58.0,-57.0,-100.0,-70.0,-53.0,-53.0,-59.0,-62.0,-55.0,-55.0
B1983,RP34,B,CTK45-dot-B,,18,,-23.0,52.0,train,-65.0,-74.0,-100.0,-49.0,-43.0,-100.0,-100.0,-100.0,-100.0,-56.0,-100.0,-69.0,-57.0,-74.0,-100.0,-66.0,-66.0,-74.0,-100.0,-49.0,-53.0,-100.0,-100.0,-100.0,-100.0,-56.0,-100.0,-69.0,-57.0,-74.0,-100.0,-65.0,-100.0,-100.0,-100.0,-100.0
B1950,RP34,B,CTK45-dot-B,,14,,-23.0,52.0,train,-100.0,-76.0,-100.0,-40.0,-100.0,-100.0,-100.0,-100.0,-55.0,-100.0,-54.0,-100.0,-100.0,-100.0,-69.0,-55.0,-100.0,-76.0,-100.0,-41.0,-100.0,-100.0,-100.0,-100.0,-55.0,-100.0,-60.0,-100.0,-100.0,-100.0,-68.0,-55.0,-57.0,-58.0,-100.0,-100.0
B1979,RP34,B,CTK45-dot-B,,21,,-23.0,52.0,train,-62.0,-71.0,-100.0,-43.0,-40.0,-100.0,-100.0,-100.0,-100.0,-57.0,-59.0,-52.0,-100.0,-73.0,-100.0,-51.0,-63.0,-71.0,-100.0,-43.0,-40.0,-100.0,-100.0,-100.0,-100.0,-56.0,-59.0,-53.0,-100.0,-73.0,-100.0,-52.0,-100.0,-100.0,-100.0,-100.0
B1974,RP34,B,CTK45-dot-B,,25,,-23.0,52.0,train,-70.0,-74.0,-76.0,-100.0,-43.0,-59.0,-100.0,-100.0,-56.0,-58.0,-100.0,-59.0,-66.0,-81.0,-57.0,-54.0,-70.0,-74.0,-74.0,-100.0,-43.0,-63.0,-100.0,-100.0,-54.0,-100.0,-100.0,-59.0,-66.0,-80.0,-57.0,-54.0,-59.0,-59.0,-100.0,-100.0
2025:01:13:11:53:51,RP34,A,SM-S908E,2212343.0,29,72.20252560140408,-23.0,52.0,train,-55.0,-68.0,-100.0,-43.0,-43.0,-63.0,-63.0,-100.0,-62.0,-52.0,-46.0,-53.0,-66.0,-100.0,-51.0,-44.0,-55.0,-68.0,-100.0,-43.0,-42.0,-64.0,-63.0,-100.0,-62.0,-53.0,-46.0,-53.0,-100.0,-100.0,-51.0,-45.0,-51.0,-44.0,-49.0,-49.0
B1954,RP34,B,CTK45-dot-B,,17,,-23.0,52.0,train,-60.0,-67.0,-100.0,-100.0,-41.0,-100.0,-67.0,-100.0,-100.0,-67.0,-100.0,-63.0,-100.0,-78.0,-100.0,-50.0,-59.0,-67.0,-100.0,-100.0,-41.0,-100.0,-67.0,-100.0,-100.0,-63.0,-100.0,-63.0,-100.0,-100.0,-100.0,-50.0,-100.0,-100.0,-63.0,-63.0
B1955,RP34,B,CTK45-dot-B,,21,,-23.0,52.0,train,-100.0,-69.0,-100.0,-49.0,-44.0,-78.0,-63.0,-91.0,-56.0,-100.0,-100.0,-61.0,-100.0,-100.0,-100.0,-55.0,-100.0,-69.0,-100.0,-50.0,-45.0,-78.0,-63.0,-90.0,-57.0,-56.0,-100.0,-61.0,-100.0,-100.0,-100.0,-56.0,-100.0,-100.0,-64.0,-63.0
B1965,RP34,B,CTK45-dot-B,,19,,-23.0,52.0,train,-54.0,-72.0,-100.0,-54.0,-43.0,-100.0,-100.0,-100.0,-100.0,-72.0,-65.0,-69.0,-100.0,-100.0,-52.0,-64.0,-56.0,-72.0,-100.0,-56.0,-53.0,-100.0,-100.0,-100.0,-100.0,-72.0,-66.0,-69.0,-100.0,-100.0,-52.0,-64.0,-100.0,-100.0,-100.0,-100.0
B1977,RP34,B,CTK45-dot-B,,14,,-23.0,52.0,train,-100.0,-100.0,-100.0,-39.0,-42.0,-100.0,-100.0,-82.0,-100.0,-64.0,-100.0,-68.0,-100.0,-78.0,-100.0,-66.0,-100.0,-100.0,-100.0,-39.0,-41.0,-100.0,-100.0,-85.0,-100.0,-64.0,-100.0,-68.0,-100.0,-77.0,-100.0,-66.0,-100.0,-100.0,-100.0,-100.0
B1966,RP34,B,CTK45-dot-B,,23,,-23.0,52.0,train,-100.0,-100.0,-100.0,-100.0,-42.0,-68.0,-66.0,-90.0,-55.0,-51.0,-100.0,-64.0,-100.0,-79.0,-100.0,-56.0,-100.0,-100.0,-83.0,-100.0,-43.0,-69.0,-66.0,-100.0,-56.0,-53.0,-62.0,-65.0,-100.0,-80.0,-100.0,-56.0,-58.0,-58.0,-68.0,-67.0
2025:01:13:11:50:53,RP34,A,SM-S908E,2212343.0,24,171.95309690539415,-23.0,52.0,train,-51.0,-100.0,-66.0,-44.0,-43.0,-58.0,-57.0,-100.0,-100.0,-100.0,-53.0,-63.0,-71.0,-100.0,-55.0,-56.0,-51.0,-72.0,-100.0,-44.0,-42.0,-58.0,-57.0,-100.0,-100.0,-100.0,-53.0,-63.0,-71.0,-100.0,-55.0,-56.0,-100.0,-100.0,-52.0,-52.0
2025:01:13:11:47:15,RP34,A,SM-S908E,2212343.0,31,-111.84474206052796,-23.0,52.0,train,-58.0,-70.0,-67.0,-40.0,-43.0,-100.0,-70.0,-100.0,-60.0,-63.0,-61.0,-64.0,-71.0,-100.0,-64.0,-66.0,-59.0,-70.0,-67.0,-40.0,-43.0,-100.0,-70.0,-100.0,-60.0,-64.0,-62.0,-64.0,-72.0,-100.0,-64.0,-66.0,-55.0,-55.0,-55.0,-55.0
B1972,RP34,B,CTK45-dot-B,,27,,-23.0,52.0,train,-60.0,-69.0,-68.0,-49.0,-44.0,-64.0,-100.0,-100.0,-59.0,-55.0,-60.0,-63.0,-67.0,-77.0,-53.0,-58.0,-60.0,-70.0,-100.0,-49.0,-43.0,-64.0,-100.0,-100.0,-59.0,-56.0,-100.0,-62.0,-66.0,-77.0,-100.0,-58.0,-100.0,-100.0,-100.0,-100.0
B1982,RP34,B,CTK45-dot-B,,24,,-23.0,52.0,train,-61.0,-73.0,-76.0,-37.0,-41.0,-100.0,-100.0,-100.0,-100.0,-67.0,-58.0,-67.0,-100.0,-79.0,-53.0,-67.0,-59.0,-73.0,-76.0,-38.0,-41.0,-100.0,-100.0,-88.0,-100.0,-66.0,-58.0,-67.0,-100.0,-79.0,-53.0,-67.0,-100.0,-100.0,-100.0,-100.0
B1978,RP34,B,CTK45-dot-B,,28,,-23.0,52.0,train,-61.0,-74.0,-100.0,-39.0,-44.0,-100.0,-100.0,-82.0,-100.0,-49.0,-67.0,-51.0,-71.0,-70.0,-100.0,-53.0,-58.0,-73.0,-100.0,-39.0,-44.0,-100.0,-100.0,-85.0,-100.0,-49.0,-67.0,-51.0,-68.0,-70.0,-100.0,-54.0,-60.0,-61.0,-100.0,-100.0
B1973,RP34,B,CTK45-dot-B,,14,,-23.0,52.0,train,-61.0,-76.0,-100.0,-42.0,-100.0,-100.0,-100.0,-100.0,-56.0,-100.0,-61.0,-100.0,-75.0,-100.0,-100.0,-57.0,-61.0,-76.0,-100.0,-49.0,-100.0,-100.0,-100.0,-100.0,-58.0,-100.0,-57.0,-100.0,-81.0,-100.0,-100.0,-57.0,-100.0,-100.0,-100.0,-100.0
2025:01:13:11:48:21,RP34,A,SM-S908E,2212343.0,31,-113.0661104628304,-23.0,52.0,train,-61.0,-70.0,-100.0,-41.0,-43.0,-67.0,-64.0,-100.0,-59.0,-55.0,-66.0,-66.0,-69.0,-78.0,-69.0,-63.0,-61.0,-70.0,-100.0,-42.0,-42.0,-100.0,-64.0,-100.0,-60.0,-55.0,-66.0,-66.0,-70.0,-77.0,-69.0,-63.0,-56.0,-56.0,-56.0,-56.0
B1947,RP34,B,CTK45-dot-B,,27,,-23.0,52.0,train,-62.0,-75.0,-84.0,-53.0,-51.0,-100.0,-69.0,-100.0,-100.0,-60.0,-63.0,-66.0,-81.0,-83.0,-100.0,-54.0,-63.0,-76.0,-84.0,-53.0,-51.0,-100.0,-69.0,-100.0,-100.0,-59.0,-63.0,-66.0,-82.0,-82.0,-100.0,-54.0,-58.0,-100.0,-53.0,-52.0
B1962,RP34,B,CTK45-dot-B,,25,,-23.0,52.0,train,-53.0,-74.0,-73.0,-51.0,-43.0,-67.0,-100.0,-100.0,-100.0,-70.0,-100.0,-72.0,-100.0,-80.0,-51.0,-61.0,-53.0,-74.0,-100.0,-51.0,-55.0,-67.0,-100.0,-100.0,-100.0,-70.0,-100.0,-72.0,-100.0,-79.0,-51.0,-61.0,-73.0,-72.0,-100.0,-100.0
2025:01:13:11:45:45,RP34,A,SM-S908E,2212343.0,42,-91.22628284495016,-23.0,52.0,train,-57.0,-72.0,-100.0,-34.0,-48.0,-55.0,-58.0,-72.0,-42.0,-62.0,-46.0,-63.0,-59.0,-67.0,-46.0,-51.0,-57.0,-72.0,-100.0,-34.0,-47.0,-61.0,-58.0,-72.0,-50.0,-62.0,-46.0,-63.0,-58.0,-68.0,-47.0,-51.0,-50.0,-50.0,-80.0,-80.0
B1948,RP34,B,CTK45-dot-B,,21,,-23.0,52.0,train,-100.0,-76.0,-78.0,-100.0,-51.0,-100.0,-68.0,-100.0,-100.0,-71.0,-65.0,-66.0,-100.0,-84.0,-100.0,-54.0,-100.0,-76.0,-100.0,-100.0,-51.0,-100.0,-68.0,-100.0,-100.0,-67.0,-64.0,-67.0,-100.0,-83.0,-100.0,-54.0,-59.0,-59.0,-56.0,-56.0
2025:01:13:11:48:57,RP34,A,SM-S908E,2212343.0,27,-110.77149470742276,-23.0,52.0,train,-55.0,-68.0,-100.0,-35.0,-45.0,-59.0,-66.0,-100.0,-48.0,-60.0,-54.0,-100.0,-100.0,-74.0,-100.0,-62.0,-54.0,-68.0,-100.0,-35.0,-45.0,-100.0,-66.0,-100.0,-48.0,-60.0,-56.0,-100.0,-66.0,-74.0,-100.0,-62.0,-50.0,-54.0,-55.0,-55.0
B1943,RP34,B,CTK45-dot-B,,28,,-23.0,52.0,train,-100.0,-76.0,-100.0,-50.0,-43.0,-68.0,-65.0,-100.0,-57.0,-53.0,-62.0,-61.0,-77.0,-76.0,-100.0,-69.0,-100.0,-76.0,-82.0,-100.0,-43.0,-68.0,-65.0,-100.0,-58.0,-54.0,-62.0,-61.0,-100.0,-76.0,-100.0,-69.0,-65.0,-63.0,-60.0,-60.0
B1951,RP34,B,CTK45-dot-B,,29,,-23.0,52.0,train,-70.0,-75.0,-81.0,-39.0,-43.0,-100.0,-59.0,-100.0,-55.0,-50.0,-53.0,-55.0,-82.0,-71.0,-100.0,-57.0,-63.0,-75.0,-100.0,-40.0,-33.0,-100.0,-59.0,-100.0,-100.0,-50.0,-53.0,-52.0,-100.0,-71.0,-100.0,-57.0,-58.0,-57.0,-66.0,-66.0
B1936,RP34,B,CTK45-dot-B,,15,,-23.0,52.0,train,-63.0,-66.0,-100.0,-44.0,-100.0,-100.0,-100.0,-100.0,-49.0,-100.0,-100.0,-100.0,-80.0,-100.0,-54.0,-51.0,-62.0,-66.0,-100.0,-43.0,-100.0,-100.0,-100.0,-100.0,-49.0,-100.0,-100.0,-100.0,-100.0,-100.0,-51.0,-51.0,-60.0,-59.0,-100.0,-100.0
B1960,RP34,B,CTK45-dot-B,,24,,-23.0,52.0,train,-100.0,-100.0,-100.0,-45.0,-42.0,-69.0,-68.0,-100.0,-63.0,-54.0,-61.0,-65.0,-71.0,-100.0,-62.0,-61.0,-100.0,-100.0,-100.0,-45.0,-41.0,-70.0,-68.0,-100.0,-63.0,-54.0,-61.0,-65.0,-100.0,-100.0,-100.0,-60.0,-100.0,-66.0,-62.0,-61.0
B1980,RP34,B,CTK45-dot-B,,12,,-23.0,52.0,train,-100.0,-67.0,-100.0,-100.0,-40.0,-100.0,-100.0,-100.0,-100.0,-100.0,-55.0,-55.0,-100.0,-100.0,-100.0,-56.0,-100.0,-67.0,-100.0,-100.0,-40.0,-100.0,-100.0,-100.0,-100.0,-100.0,-55.0,-55.0,-70.0,-100.0,-100.0,-57.0,-100.0,-100.0,-100.0,-100.0
B1976,RP34,B,CTK45-dot-B,,32,,-23.0,52.0,train,-58.0,-73.0,-75.0,-39.0,-41.0,-100.0,-100.0,-92.0,-56.0,-58.0,-63.0,-68.0,-70.0,-80.0,-58.0,-64.0,-56.0,-74.0,-76.0,-39.0,-41.0,-100.0,-100.0,-100.0,-56.0,-57.0,-65.0,-68.0,-71.0,-79.0,-58.0,-64.0,-48.0,-48.0,-100.0,-100.0
B1984,RP34,B,CTK45-dot-B,,28,,-23.0,52.0,train,-61.0,-73.0,-76.0,-37.0,-41.0,-100.0,-100.0,-100.0,-100.0,-67.0,-58.0,-67.0,-68.0,-79.0,-53.0,-67.0,-59.0,-73.0,-76.0,-38.0,-41.0,-100.0,-100.0,-88.0,-100.0,-66.0,-58.0,-67.0,-69.0,-79.0,-53.0,-67.0,-100.0,-100.0,-100.0,-100.0
B1940,RP34,B,CTK45-dot-B,,29,,-23.0,52.0,train,-67.0,-73.0,-100.0,-44.0,-43.0,-57.0,-57.0,-88.0,-69.0,-64.0,-58.0,-63.0,-100.0,-82.0,-50.0,-100.0,-92.0,-100.0,-100.0,-44.0,-43.0,-59.0,-57.0,-87.0,-69.0,-64.0,-61.0,-62.0,-100.0,-83.0,-50.0,-100.0,-58.0,-58.0,-50.0,-50.0
B1964,RP34,B,CTK45-dot-B,,15,,-23.0,52.0,train,-54.0,-74.0,-100.0,-100.0,-50.0,-100.0,-100.0,-100.0,-100.0,-100.0,-65.0,-70.0,-75.0,-80.0,-100.0,-59.0,-54.0,-74.0,-100.0,-100.0,-50.0,-100.0,-100.0,-100.0,-100.0,-100.0,-66.0,-70.0,-75.0,-100.0,-100.0,-59.0,-100.0,-100.0,-100.0,-100.0
B1990,RP34,B,CTK45-dot-B,,16,,-23.0,52.0,train,-62.0,-77.0,-66.0,-40.0,-100.0,-100.0,-100.0,-100.0,-100.0,-100.0,-57.0,-100.0,-82.0,-100.0,-62.0,-70.0,-64.0,-77.0,-67.0,-41.0,-100.0,-100.0,-100.0,-100.0,-100.0,-100.0,-57.0,-100.0,-75.0,-100.0,-61.0,-70.0,-100.0,-100.0,-100.0,-100.0
2025:01:13:11:50:19,RP34,A,SM-S908E,2212343.0,29,178.42592143812402,-23.0,52.0,train,-53.0,-100.0,-76.0,-42.0,-41.0,-54.0,-62.0,-100.0,-62.0,-100.0,-53.0,-63.0,-76.0,-100.0,-54.0,-53.0,-53.0,-70.0,-76.0,-42.0,-40.0,-100.0,-62.0,-76.0,-100.0,-100.0,-54.0,-63.0,-77.0,-74.0,-55.0,-53.0,-54.0,-54.0,-50.0,-50.0
B1970,RP34,B,CTK45-dot-B,,28,,-23.0,52.0,train,-66.0,-71.0,-100.0,-50.0,-44.0,-62.0,-65.0,-100.0,-59.0,-63.0,-54.0,-59.0,-100.0,-100.0,-50.0,-56.0,-68.0,-70.0,-100.0,-49.0,-42.0,-64.0,-65.0,-100.0,-60.0,-55.0,-55.0,-59.0,-100.0,-100.0,-51.0,-56.0,-51.0,-52.0,-51.0,-51.0
B1985,RP34,B,CTK45-dot-B,,21,,-23.0,52.0,train,-100.0,-77.0,-100.0,-37.0,-45.0,-100.0,-66.0,-100.0,-100.0,-61.0,-53.0,-69.0,-100.0,-80.0,-100.0,-69.0,-100.0,-77.0,-100.0,-45.0,-46.0,-100.0,-66.0,-100.0,-100.0,-61.0,-53.0,-67.0,-100.0,-80.0,-61.0,-69.0,-100.0,-100.0,-53.0,-52.0
2025:01:13:11:49:31,RP34,A,SM-S908E,2212343.0,29,176.00504297340342,-23.0,52.0,train,-58.0,-70.0,-100.0,-43.0,-43.0,-85.0,-67.0,-100.0,-56.0,-58.0,-65.0,-68.0,-100.0,-81.0,-65.0,-61.0,-58.0,-70.0,-100.0,-100.0,-43.0,-70.0,-67.0,-100.0,-56.0,-59.0,-65.0,-69.0,-100.0,-100.0,-65.0,-61.0,-62.0,-62.0,-58.0,-57.0
B1941,RP34,B,CTK45-dot-B,,23,,-23.0,52.0,train,-60.0,-74.0,-100.0,-52.0,-44.0,-100.0,-100.0,-100.0,-100.0,-66.0,-57.0,-66.0,-100.0,-81.0,-49.0,-53.0,-61.0,-75.0,-85.0,-45.0,-45.0,-57.0,-100.0,-100.0,-100.0,-66.0,-58.0,-65.0,-100.0,-81.0,-52.0,-53.0,-100.0,-100.0,-100.0,-100.0
B1957,RP34,B,CTK45-dot-B,,24,,-23.0,52.0,train,-67.0,-100.0,-76.0,-100.0,-43.0,-66.0,-62.0,-100.0,-60.0,-59.0,-100.0,-66.0,-70.0,-77.0,-62.0,-62.0,-69.0,-100.0,-76.0,-100.0,-53.0,-100.0,-62.0,-100.0,-100.0,-51.0,-100.0,-66.0,-70.0,-77.0,-63.0,-62.0,-100.0,-100.0,-66.0,-66.0
2025:01:13:11:52:39,RP34,A,SM-S908E,2212343.0,32,82.31865124350004,-23.0,52.0,validation,-58.0,-69.0,-100.0,-38.0,-39.0,-56.0,-62.0,-100.0,-57.0,-51.0,-44.0,-54.0,-65.0,-100.0,-51.0,-44.0,-64.0,-69.0,-67.0,-38.0,-39.0,-56.0,-62.0,-100.0,-58.0,-51.0,-45.0,-54.0,-65.0,-100.0,-50.0,-44.0,-49.0,-49.0,-57.0,-56.0
B1937,RP34,B,CTK45-dot-B,,31,,-23.0,52.0,validation,-100.0,-69.0,-64.0,-39.0,-36.0,-62.0,-56.0,-100.0,-58.0,-52.0,-68.0,-53.0,-100.0,-66.0,-53.0,-51.0,-100.0,-70.0,-71.0,-38.0,-36.0,-62.0,-55.0,-100.0,-66.0,-51.0,-61.0,-55.0,-100.0,-65.0,-52.0,-51.0,-57.0,-55.0,-52.0,-51.0
B1963,RP34,B,CTK45-dot-B,,26,,-23.0,52.0,validation,-100.0,-66.0,-82.0,-52.0,-42.0,-100.0,-64.0,-100.0,-100.0,-56.0,-62.0,-65.0,-100.0,-79.0,-50.0,-51.0,-100.0,-64.0,-85.0,-51.0,-42.0,-100.0,-64.0,-100.0,-100.0,-54.0,-100.0,-65.0,-100.0,-80.0,-50.0,-51.0,-59.0,-61.0,-66.0,-65.0
B1944,RP34,B,CTK45-dot-B,,14,,-23.0,52.0,validation,-100.0,-74.0,-100.0,-100.0,-44.0,-100.0,-100.0,-100.0,-100.0,-58.0,-100.0,-58.0,-100.0,-76.0,-100.0,-59.0,-100.0,-74.0,-100.0,-100.0,-44.0,-100.0,-100.0,-100.0,-100.0,-57.0,-100.0,-58.0,-67.0,-100.0,-100.0,-59.0,-100.0,-100.0,-100.0,-100.0
B1989,RP34,B,CTK45-dot-B,,15,,-23.0,52.0,validation,-65.0,-78.0,-100.0,-41.0,-100.0,-64.0,-100.0,-100.0,-55.0,-100.0,-54.0,-100.0,-73.0,-100.0,-63.0,-67.0,-100.0,-78.0,-100.0,-47.0,-100.0,-100.0,-100.0,-100.0,-55.0,-100.0,-53.0,-100.0,-100.0,-100.0,-63.0,-67.0,-100.0,-100.0,-100.0,-100.0
2025:01:13:11:56:14,RP34,A,SM-S908E,2212343.0,36,-37.04860267832724,-23.0,52.0,validation,-65.0,-69.0,-75.0,-34.0,-40.0,-66.0,-62.0,-100.0,-49.0,-57.0,-55.0,-59.0,-69.0,-100.0,-49.0,-54.0,-65.0,-70.0,-76.0,-35.0,-40.0,-67.0,-62.0,-100.0,-49.0,-57.0,-55.0,-59.0,-69.0,-100.0,-100.0,-54.0,-61.0,-61.0,-64.0,-64.0
B1967,RP34,B,CTK45-dot-B,,24,,-23.0,52.0,validation,-100.0,-76.0,-100.0,-43.0,-34.0,-63.0,-61.0,-100.0,-54.0,-52.0,-54.0,-53.0,-100.0,-100.0,-100.0,-57.0,-100.0,-77.0,-100.0,-41.0,-34.0,-100.0,-61.0,-100.0,-54.0,-51.0,-53.0,-54.0,-100.0,-100.0,-65.0,-57.0,-60.0,-58.0,-62.0,-62.0
B1958,RP34,B,CTK45-dot-B,,24,,-23.0,52.0,validation,-100.0,-77.0,-100.0,-48.0,-44.0,-100.0,-68.0,-90.0,-55.0,-50.0,-63.0,-61.0,-100.0,-100.0,-68.0,-63.0,-100.0,-77.0,-100.0,-48.0,-44.0,-100.0,-67.0,-100.0,-100.0,-49.0,-65.0,-61.0,-100.0,-77.0,-68.0,-63.0,-59.0,-100.0,-100.0,-54.0
B1956,RP34,B,CTK45-dot-B,,22,,-23.0,52.0,validation,-68.0,-68.0,-100.0,-46.0,-43.0,-68.0,-69.0,-100.0,-68.0,-100.0,-100.0,-64.0,-73.0,-100.0,-100.0,-58.0,-69.0,-100.0,-100.0,-47.0,-43.0,-70.0,-69.0,-100.0,-69.0,-54.0,-100.0,-64.0,-72.0,-100.0,-100.0,-57.0,-100.0,-100.0,-56.0,-56.0
B1934,RP34,B,CTK45-dot-B,,20,,-23.0,52.0,validation,-61.0,-75.0,-100.0,-57.0,-42.0,-100.0,-100.0,-100.0,-100.0,-61.0,-57.0,-68.0,-100.0,-82.0,-54.0,-53.0,-61.0,-75.0,-100.0,-56.0,-43.0,-54.0,-100.0,-100.0,-100.0,-61.0,-100.0,-70.0,-100.0,-82.0,-53.0,-52.0,-100.0,-100.0,-100.0,-100.0
B1952,RP34,B,CTK45-dot-B,,25,,-23.0,52.0,validation,-66.0,-75.0,-100.0,-48.0,-39.0,-100.0,-59.0,-100.0,-60.0,-55.0,-59.0,-58.0,-73.0,-75.0,-100.0,-55.0,-100.0,-75.0,-100.0,-50.0,-39.0,-100.0,-59.0,-100.0,-59.0,-55.0,-58.0,-58.0,-73.0,-74.0,-100.0,-55.0,-100.0,-100.0,-53.0,-53.0
2025:01:13:11:52:02,RP34,A,SM-S908E,2212343.0,23,176.90238082424756,-23.0,52.0,validation,-54.0,-68.0,-100.0,-44.0,-43.0,-100.0,-62.0,-100.0,-100.0,-65.0,-100.0,-71.0,-100.0,-77.0,-100.0,-54.0,-54.0,-68.0,-100.0,-44.0,-43.0,-100.0,-62.0,-100.0,-100.0,-65.0,-100.0,-71.0,-100.0,-100.0,-100.0,-55.0,-50.0,-50.0,-52.0,-52.0
2025:01:13:11:56:53,RP34,A,SM-S908E,2212343.0,37,-41.59993646874137,-23.0,52.0,test,-60.0,-69.0,-100.0,-33.0,-39.0,-66.0,-62.0,-100.0,-50.0,-52.0,-57.0,-58.0,-71.0,-74.0,-50.0,-59.0,-59.0,-69.0,-79.0,-33.0,-39.0,-66.0,-63.0,-100.0,-50.0,-52.0,-57.0,-58.0,-64.0,-74.0,-50.0,-59.0,-66.0,-64.0,-64.0,-64.0
B1933,RP34,B,CTK45-dot-B,,14,,-23.0,52.0,test,-58.0,-73.0,-100.0,-53.0,-100.0,-60.0,-100.0,-100.0,-70.0,-100.0,-100.0,-100.0,-100.0,-100.0,-49.0,-55.0,-100.0,-73.0,-100.0,-100.0,-100.0,-61.0,-100.0,-100.0,-69.0,-100.0,-100.0,-100.0,-100.0,-100.0,-48.0,-55.0,-57.0,-58.0,-100.0,-100.0
B1988,RP34,B,CTK45-dot-B,,21,,-23.0,52.0,test,-63.0,-81.0,-79.0,-52.0,-100.0,-61.0,-100.0,-100.0,-51.0,-100.0,-59.0,-100.0,-74.0,-100.0,-58.0,-69.0,-62.0,-81.0,-81.0,-100.0,-100.0,-59.0,-100.0,-75.0,-52.0,-100.0,-60.0,-100.0,-100.0,-100.0,-59.0,-69.0,-58.0,-65.0,-100.0,-100.0
B1961,RP34,B,CTK45-dot-B,,27,,-23.0,52.0,test,-58.0,-65.0,-82.0,-100.0,-45.0,-72.0,-66.0,-100.0,-54.0,-61.0,-100.0,-60.0,-100.0,-79.0,-100.0,-53.0,-59.0,-65.0,-82.0,-100.0,-45.0,-71.0,-66.0,-100.0,-55.0,-61.0,-100.0,-60.0,-100.0,-100.0,-100.0,-53.0,-57.0,-56.0,-66.0,-65.0
B1975,RP34,B,CTK45-dot-B,,10,,-23.0,52.0,test,-59.0,-71.0,-100.0,-100.0,-39.0,-100.0,-100.0,-100.0,-100.0,-100.0,-100.0,-64.0,-100.0,-100.0,-100.0,-58.0,-59.0,-72.0,-100.0,-100.0,-42.0,-100.0,-100.0,-100.0,-100.0,-100.0,-100.0,-64.0,-100.0,-100.0,-100.0,-58.0,-100.0,-100.0,-100.0,-100.0
2025:01:13:11:58:09,RP34,A,SM-S908E,2212343.0,30,-41.56206338552543,-23.0,52.0,test,-59.0,-66.0,-100.0,-34.0,-40.0,-69.0,-66.0,-100.0,-49.0,-100.0,-62.0,-60.0,-64.0,-74.0,-48.0,-53.0,-100.0,-66.0,-100.0,-34.0,-40.0,-69.0,-66.0,-100.0,-49.0,-100.0,-61.0,-61.0,-100.0,-100.0,-49.0,-53.0,-59.0,-100.0,-68.0,-68.0
B1942,RP34,B,CTK45-dot-B,,15,,-23.0,52.0,test,-100.0,-74.0,-100.0,-49.0,-41.0,-100.0,-100.0,-100.0,-100.0,-57.0,-60.0,-55.0,-100.0,-100.0,-100.0,-57.0,-100.0,-74.0,-100.0,-49.0,-41.0,-100.0,-100.0,-100.0,-100.0,-57.0,-61.0,-55.0,-100.0,-76.0,-100.0,-57.0,-100.0,-100.0,-100.0,-100.0
B1991,RP34,B,CTK45-dot-B,,10,,-23.0,52.0,test,-67.0,-78.0,-100.0,-100.0,-100.0,-100.0,-100.0,-100.0,-52.0,-100.0,-100.0,-100.0,-100.0,-100.0,-100.0,-72.0,-67.0,-78.0,-100.0,-100.0,-100.0,-100.0,-100.0,-100.0,-52.0,-100.0,-100.0,-100.0,-100.0,-100.0,-100.0,-72.0,-59.0,-60.0,-100.0,-100.0
B1971,RP34,B,CTK45-dot-B,,12,,-23.0,52.0,test,-100.0,-74.0,-100.0,-100.0,-52.0,-100.0,-100.0,-100.0,-100.0,-70.0,-64.0,-68.0,-100.0,-100.0,-100.0,-62.0,-100.0,-74.0,-100.0,-100.0,-52.0,-100.0,-100.0,-100.0,-100.0,-70.0,-65.0,-69.0,-100.0,-100.0,-100.0,-62.0,-100.0,-100.0,-100.0,-100.0
B1968,RP34,B,CTK45-dot-B,,28,,-23.0,52.0,test,-62.0,-70.0,-100.0,-100.0,-43.0,-100.0,-65.0,-100.0,-65.0,-52.0,-54.0,-54.0,-77.0,-77.0,-67.0,-55.0,-63.0,-71.0,-100.0,-100.0,-42.0,-100.0,-66.0,-100.0,-66.0,-56.0,-54.0,-55.0,-100.0,-77.0,-67.0,-55.0,-52.0,-53.0,-55.0,-54.0
2025:01:13:11:55:35,RP34,A,SM-S908E,2212343.0,30,-39.47021452902562,-23.0,52.0,test,-59.0,-68.0,-100.0,-100.0,-43.0,-60.0,-62.0,-80.0,-61.0,-53.0,-46.0,-53.0,-100.0,-74.0,-49.0,-44.0,-60.0,-68.0,-100.0,-46.0,-43.0,-60.0,-62.0,-100.0,-61.0,-53.0,-43.0,-54.0,-100.0,-74.0,-100.0,-44.0,-53.0,-53.0,-54.0,-53.0
2025:01:13:11:55:01,RP34,A,SM-S908E,2212343.0,30,85.8477790530304,-23.0,52.0,test,-56.0,-69.0,-68.0,-43.0,-44.0,-58.0,-62.0,-100.0,-100.0,-52.0,-45.0,-56.0,-100.0,-74.0,-53.0,-43.0,-56.0,-69.0,-69.0,-42.0,-44.0,-100.0,-63.0,-100.0,-100.0,-52.0,-45.0,-56.0,-100.0,-75.0,-53.0,-43.0,-53.0,-53.0,-54.0,-54.0
B2046,RP35,B,CTK45-dot-B,,25,,-15.0,52.0,train,-67.0,-74.0,-100.0,-100.0,-54.0,-64.0,-68.0,-100.0,-59.0,-66.0,-52.0,-55.0,-100.0,-79.0,-56.0,-59.0,-100.0,-74.0,-100.0,-100.0,-50.0,-66.0,-68.0,-100.0,-59.0,-66.0,-100.0,-56.0,-100.0,-79.0,-56.0,-59.0,-100.0,-100.0,-72.0,-72.0
2025:01:13:10:34:42,RP35,A,SM-S908E,2212343.0,34,-115.87866860588039,-15.0,52.0,train,-58.0,-71.0,-68.0,-41.0,-42.0,-56.0,-52.0,-79.0,-51.0,-51.0,-58.0,-59.0,-71.0,-74.0,-61.0,-58.0,-64.0,-72.0,-68.0,-41.0,-42.0,-56.0,-53.0,-78.0,-51.0,-51.0,-58.0,-59.0,-100.0,-100.0,-62.0,-58.0,-100.0,-100.0,-68.0,-68.0
B2022,RP35,B,CTK45-dot-B,,20,,-15.0,52.0,train,-57.0,-68.0,-100.0,-35.0,-39.0,-100.0,-100.0,-76.0,-100.0,-50.0,-59.0,-52.0,-100.0,-100.0,-100.0,-47.0,-58.0,-68.0,-100.0,-35.0,-39.0,-100.0,-100.0,-73.0,-100.0,-50.0,-61.0,-53.0,-100.0,-100.0,-100.0,-47.0,-100.0,-100.0,-100.0,-100.0
B2020,RP35,B,CTK45-dot-B,,15,,-15.0,52.0,train,-57.0,-71.0,-100.0,-45.0,-35.0,-100.0,-100.0,-100.0,-100.0,-66.0,-56.0,-67.0,-100.0,-100.0,-100.0,-50.0,-60.0,-71.0,-100.0,-43.0,-35.0,-100.0,-100.0,-100.0,-100.0,-67.0,-100.0,-67.0,-100.0,-100.0,-100.0,-50.0,-100.0,-100.0,-100.0,-100.0
B2005,RP35,B,CTK45-dot-B,,33,,-15.0,52.0,train,-67.0,-76.0,-82.0,-48.0,-41.0,-64.0,-67.0,-100.0,-55.0,-45.0,-54.0,-53.0,-100.0,-70.0,-52.0,-57.0,-100.0,-76.0,-82.0,-48.0,-42.0,-66.0,-67.0,-95.0,-55.0,-45.0,-53.0,-53.0,-100.0,-75.0,-52.0,-58.0,-67.0,-67.0,-71.0,-72.0
B1996,RP35,B,CTK45-dot-B,,20,,-15.0,52.0,train,-65.0,-70.0,-100.0,-50.0,-46.0,-100.0,-70.0,-100.0,-100.0,-61.0,-100.0,-60.0,-74.0,-100.0,-100.0,-62.0,-66.0,-70.0,-100.0,-49.0,-45.0,-100.0,-71.0,-100.0,-100.0,-66.0,-100.0,-60.0,-75.0,-100.0,-100.0,-62.0,-100.0,-100.0,-68.0,-68.0
B1992,RP35,B,CTK45-dot-B,,10,,-15.0,52.0,train,-100.0,-72.0,-100.0,-44.0,-100.0,-100.0,-100.0,-100.0,-60.0,-100.0,-100.0,-100.0,-100.0,-100.0,-58.0,-64.0,-100.0,-72.0,-100.0,-44.0,-100.0,-100.0,-100.0,-100.0,-100.0,-100.0,-100.0,-100.0,-100.0,-100.0,-58.0,-63.0,-57.0,-100.0,-100.0,-100.0
B2044,RP35,B,CTK45-dot-B,,27,,-15.0,52.0,train,-100.0,-74.0,-68.0,-38.0,-42.0,-100.0,-57.0,-81.0,-100.0,-65.0,-62.0,-68.0,-100.0,-82.0,-51.0,-56.0,-100.0,-75.0,-75.0,-39.0,-42.0,-100.0,-57.0,-83.0,-100.0,-65.0,-62.0,-63.0,-100.0,-81.0,-50.0,-56.0,-100.0,-100.0,-55.0,-55.0
B1999,RP35,B,CTK45-dot-B,,22,,-15.0,52.0,train,-63.0,-81.0,-100.0,-45.0,-35.0,-61.0,-100.0,-100.0,-77.0,-51.0,-51.0,-64.0,-66.0,-100.0,-60.0,-62.0,-65.0,-81.0,-100.0,-38.0,-34.0,-62.0,-100.0,-100.0,-77.0,-51.0,-100.0,-65.0,-67.0,-100.0,-59.0,-100.0,-100.0,-100.0,-100.0,-100.0
2025:01:13:10:44:47,RP35,A,SM-S908E,2212343.0,29,-39.639122487030185,-15.0,52.0,train,-61.0,-69.0,-56.0,-45.0,-35.0,-65.0,-67.0,-100.0,-45.0,-48.0,-55.0,-60.0,-67.0,-76.0,-47.0,-47.0,-100.0,-69.0,-100.0,-45.0,-35.0,-100.0,-67.0,-100.0,-46.0,-48.0,-55.0,-60.0,-100.0,-76.0,-47.0,-47.0,-100.0,-100.0,-62.0,-62.0
B2003,RP35,B,CTK45-dot-B,,11,,-15.0,52.0,train,-100.0,-72.0,-100.0,-42.0,-100.0,-62.0,-100.0,-100.0,-56.0,-100.0,-100.0,-100.0,-100.0,-100.0,-57.0,-58.0,-100.0,-72.0,-100.0,-43.0,-100.0,-100.0,-100.0,-100.0,-56.0,-100.0,-100.0,-100.0,-100.0,-100.0,-58.0,-59.0,-100.0,-100.0,-100.0,-100.0
B2039,RP35,B,CTK45-dot-B,,20,,-15.0,52.0,train,-57.0,-69.0,-100.0,-35.0,-40.0,-100.0,-100.0,-76.0,-100.0,-47.0,-100.0,-49.0,-60.0,-73.0,-100.0,-48.0,-57.0,-69.0,-100.0,-100.0,-40.0,-100.0,-100.0,-74.0,-100.0,-48.0,-50.0,-49.0,-100.0,-73.0,-100.0,-49.0,-100.0,-100.0,-100.0,-100.0
B2007,RP35,B,CTK45-dot-B,,15,,-15.0,52.0,train,-59.0,-76.0,-63.0,-64.0,-100.0,-71.0,-100.0,-100.0,-52.0,-100.0,-100.0,-100.0,-100.0,-100.0,-100.0,-53.0,-100.0,-75.0,-77.0,-64.0,-100.0,-64.0,-100.0,-100.0,-52.0,-100.0,-100.0,-100.0,-100.0,-100.0,-100.0,-53.0,-61.0,-57.0,-100.0,-100.0
B2040,RP35,B,CTK45-dot-B,,17,,-15.0,52.0,train,-100.0,-71.0,-100.0,-50.0,-46.0,-100.0,-65.0,-100.0,-100.0,-100.0,-100.0,-52.0,-100.0,-100.0,-55.0,-65.0,-100.0,-71.0,-100.0,-50.0,-46.0,-100.0,-66.0,-100.0,-100.0,-100.0,-100.0,-53.0,-100.0,-100.0,-57.0,-65.0,-100.0,-100.0,-73.0,-73.0
B1994,RP35,B,CTK45-dot-B,,25,,-15.0,52.0,train,-53.0,-74.0,-100.0,-53.0,-42.0,-100.0,-65.0,-100.0,-53.0,-62.0,-100.0,-65.0,-76.0,-79.0,-100.0,-62.0,-100.0,-74.0,-100.0,-53.0,-41.0,-100.0,-65.0,-100.0,-54.0,-63.0,-100.0,-65.0,-100.0,-73.0,-100.0,-63.0,-100.0,-100.0,-68.0,-69.0
B2051,RP35,B,CTK45-dot-B,,27,,-15.0,52.0,train,-100.0,-78.0,-100.0,-39.0,-34.0,-100.0,-74.0,-100.0,-64.0,-51.0,-50.0,-72.0,-100.0,-77.0,-59.0,-70.0,-100.0,-78.0,-100.0,-40.0,-34.0,-100.0,-74.0,-81.0,-63.0,-52.0,-57.0,-71.0,-100.0,-77.0,-100.0,-71.0,-100.0,-100.0,-60.0,-59.0
B2043,RP35,B,CTK45-dot-B,,24,,-15.0,52.0,train,-59.0,-69.0,-71.0,-42.0,-41.0,-100.0,-60.0,-82.0,-100.0,-62.0,-100.0,-68.0,-100.0,-76.0,-100.0,-60.0,-59.0,-70.0,-71.0,-42.0,-41.0,-100.0,-60.0,-80.0,-100.0,-62.0,-100.0,-63.0,-100.0,-76.0,-100.0,-60.0,-100.0,-100.0,-64.0,-63.0
B2000,RP35,B,CTK45-dot-B,,20,,-15.0,52.0,train,-65.0,-74.0,-76.0,-49.0,-100.0,-70.0,-100.0,-81.0,-58.0,-100.0,-53.0,-100.0,-70.0,-100.0,-51.0,-69.0,-100.0,-74.0,-76.0,-49.0,-100.0,-69.0,-100.0,-83.0,-58.0,-100.0,-61.0,-100.0,-100.0,-100.0,-50.0,-69.0,-100.0,-100.0,-100.0,-100.0
2025:01:13:10:43:38,RP35,A,SM-S908E,2212343.0,30,1.084484315974869,-15.0,52.0,train,-61.0,-71.0,-66.0,-37.0,-38.0,-63.0,-64.0,-73.0,-47.0,-50.0,-55.0,-60.0,-67.0,-75.0,-100.0,-45.0,-61.0,-71.0,-100.0,-37.0,-38.0,-63.0,-65.0,-100.0,-47.0,-50.0,-55.0,-60.0,-100.0,-73.0,-100.0,-45.0,-100.0,-100.0,-63.0,-63.0
B2009,RP35,B,CTK45-dot-B,,29,,-15.0,52.0,train,-57.0,-71.0,-77.0,-50.0,-42.0,-75.0,-65.0,-100.0,-54.0,-63.0,-100.0,-64.0,-74.0,-100.0,-66.0,-64.0,-57.0,-71.0,-74.0,-50.0,-41.0,-100.0,-65.0,-100.0,-100.0,-63.0,-100.0,-65.0,-75.0,-100.0,-66.0,-64.0,-62.0,-62.0,-67.0,-67.0
2025:01:13:10:39:08,RP35,A,SM-S908E,2212343.0,21,176.28890345384508,-15.0,52.0,train,-54.0,-68.0,-100.0,-40.0,-39.0,-100.0,-66.0,-100.0,-100.0,-65.0,-100.0,-63.0,-100.0,-100.0,-46.0,-49.0,-55.0,-69.0,-100.0,-40.0,-39.0,-100.0,-66.0,-100.0,-100.0,-65.0,-100.0,-64.0,-100.0,-100.0,-46.0,-49.0,-100.0,-100.0,-59.0,-59.0
B2010,RP35,B,CTK45-dot-B,,19,,-15.0,52.0,train,-100.0,-73.0,-100.0,-100.0,-48.0,-64.0,-68.0,-100.0,-53.0,-62.0,-100.0,-55.0,-100.0,-100.0,-100.0,-64.0,-100.0,-73.0,-100.0,-100.0,-43.0,-65.0,-68.0,-100.0,-53.0,-62.0,-100.0,-55.0,-100.0,-100.0,-100.0,-65.0,-100.0,-100.0,-71.0,-71.0
B2015,RP35,B,CTK45-dot-B,,20,,-15.0,52.0,train,-68.0,-71.0,-100.0,-43.0,-39.0,-100.0,-100.0,-100.0,-100.0,-59.0,-62.0,-58.0,-73.0,-74.0,-100.0,-64.0,-65.0,-71.0,-100.0,-44.0,-39.0,-100.0,-100.0,-100.0,-100.0,-59.0,-60.0,-58.0,-75.0,-75.0,-100.0,-63.0,-100.0,-100.0,-100.0,-100.0
B2032,RP35,B,CTK45-dot-B,,16,,-15.0,52.0,train,-100.0,-100.0,-100.0,-100.0,-39.0,-100.0,-64.0,-100.0,-100.0,-64.0,-100.0,-65.0,-100.0,-81.0,-55.0,-51.0,-100.0,-100.0,-100.0,-100.0,-41.0,-100.0,-63.0,-100.0,-100.0,-65.0,-100.0,-65.0,-100.0,-81.0,-55.0,-52.0,-100.0,-100.0,-66.0,-66.0
B2035,RP35,B,CTK45-dot-B,,24,,-15.0,52.0,train,-59.0,-69.0,-100.0,-46.0,-100.0,-68.0,-63.0,-100.0,-56.0,-55.0,-100.0,-59.0,-100.0,-100.0,-51.0,-57.0,-59.0,-69.0,-100.0,-45.0,-39.0,-68.0,-64.0,-100.0,-56.0,-54.0,-100.0,-59.0,-100.0,-72.0,-100.0,-58.0,-100.0,-100.0,-64.0,-63.0
B2033,RP35,B,CTK45-dot-B,,17,,-15.0,52.0,train,-100.0,-100.0,-100.0,-100.0,-47.0,-66.0,-69.0,-100.0,-55.0,-54.0,-60.0,-52.0,-100.0,-100.0,-53.0,-100.0,-100.0,-100.0,-100.0,-100.0,-46.0,-100.0,-69.0,-100.0,-56.0,-55.0,-62.0,-52.0,-100.0,-100.0,-52.0,-100.0,-100.0,-100.0,-67.0,-66.0
B2038,RP35,B,CTK45-dot-B,,29,,-15.0,52.0,train,-69.0,-75.0,-77.0,-47.0,-42.0,-64.0,-64.0,-100.0,-71.0,-63.0,-70.0,-67.0,-77.0,-83.0,-100.0,-51.0,-68.0,-74.0,-100.0,-47.0,-42.0,-100.0,-64.0,-90.0,-100.0,-63.0,-100.0,-67.0,-78.0,-82.0,-100.0,-51.0,-100.0,-100.0,-65.0,-64.0
B2014,RP35,B,CTK45-dot-B,,32,,-15.0,52.0,train,-65.0,-76.0,-73.0,-50.0,-38.0,-56.0,-100.0,-82.0,-64.0,-61.0,-66.0,-61.0,-75.0,-78.0,-55.0,-61.0,-66.0,-75.0,-71.0,-49.0,-38.0,-100.0,-100.0,-82.0,-63.0,-59.0,-65.0,-61.0,-73.0,-78.0,-55.0,-62.0,-55.0,-55.0,-100.0,-100.0
B2045,RP35,B,CTK45-dot-B,,26,,-15.0,52.0,train,-60.0,-72.0,-100.0,-46.0,-48.0,-68.0,-70.0,-100.0,-100.0,-57.0,-100.0,-55.0,-100.0,-78.0,-53.0,-52.0,-60.0,-72.0,-100.0,-46.0,-48.0,-100.0,-68.0,-100.0,-100.0,-58.0,-100.0,-54.0,-100.0,-78.0,-53.0,-52.0,-100.0,-100.0,-65.0,-65.0
B2048,RP35,B,CTK45-dot-B,,12,,-15.0,52.0,train,-62.0,-73.0,-65.0,-42.0,-100.0,-100.0,-100.0,-100.0,-100.0,-100.0,-100.0,-100.0,-87.0,-100.0,-100.0,-59.0,-69.0,-73.0,-73.0,-34.0,-100.0,-100.0,-100.0,-100.0,-100.0,-100.0,-100.0,-100.0,-78.0,-100.0,-100.0,-59.0,-100.0,-100.0,-100.0,-100.0
B1993,RP35,B,CTK45-dot-B,,24,,-15.0,52.0,train,-100.0,-73.0,-100.0,-100.0,-47.0,-63.0,-69.0,-100.0,-52.0,-62.0,-100.0,-55.0,-72.0,-78.0,-100.0,-64.0,-100.0,-73.0,-100.0,-100.0,-48.0,-64.0,-69.0,-100.0,-53.0,-62.0,-100.0,-55.0,-100.0,-78.0,-54.0,-64.0,-100.0,-100.0,-69.0,-68.0
B2030,RP35,B,CTK45-dot-B,,13,,-15.0,52.0,train,-100.0,-100.0,-100.0,-100.0,-43.0,-100.0,-100.0,-100.0,-100.0,-51.0,-51.0,-59.0,-100.0,-70.0,-100.0,-57.0,-100.0,-76.0,-100.0,-100.0,-43.0,-100.0,-100.0,-100.0,-100.0,-51.0,-51.0,-60.0,-100.0,-70.0,-100.0,-57.0,-100.0,-100.0,-100.0,-100.0
B2037,RP35,B,CTK45-dot-B,,26,,-15.0,52.0,train,-69.0,-74.0,-76.0,-45.0,-41.0,-67.0,-65.0,-100.0,-69.0,-100.0,-70.0,-65.0,-81.0,-100.0,-100.0,-52.0,-71.0,-74.0,-77.0,-100.0,-40.0,-66.0,-65.0,-100.0,-68.0,-100.0,-100.0,-65.0,-81.0,-100.0,-100.0,-52.0,-63.0,-62.0,-65.0,-65.0
B2050,RP35,B,CTK45-dot-B,,27,,-15.0,52.0,train,-64.0,-100.0,-69.0,-48.0,-44.0,-100.0,-57.0,-100.0,-100.0,-47.0,-48.0,-48.0,-100.0,-74.0,-56.0,-51.0,-64.0,-100.0,-77.0,-49.0,-44.0,-100.0,-57.0,-87.0,-100.0,-47.0,-48.0,-49.0,-100.0,-75.0,-55.0,-52.0,-70.0,-68.0,-61.0,-61.0
B2008,RP35,B,CTK45-dot-B,,20,,-15.0,52.0,train,-62.0,-78.0,-69.0,-46.0,-100.0,-69.0,-100.0,-85.0,-55.0,-100.0,-49.0,-100.0,-76.0,-100.0,-100.0,-62.0,-68.0,-78.0,-68.0,-47.0,-100.0,-62.0,-100.0,-83.0,-55.0,-100.0,-49.0,-100.0,-75.0,-100.0,-100.0,-62.0,-100.0,-100.0,-100.0,-100.0
B2013,RP35,B,CTK45-dot-B,,14,,-15.0,52.0,train,-100.0,-67.0,-100.0,-47.0,-38.0,-100.0,-100.0,-100.0,-100.0,-55.0,-100.0,-61.0,-76.0,-100.0,-100.0,-63.0,-100.0,-67.0,-100.0,-47.0,-38.0,-100.0,-100.0,-100.0,-100.0,-55.0,-100.0,-61.0,-76.0,-100.0,-100.0,-64.0,-100.0,-100.0,-100.0,-100.0
B2026,RP35,B,CTK45-dot-B,,13,,-15.0,52.0,train,-60.0,-100.0,-100.0,-100.0,-38.0,-100.0,-100.0,-100.0,-100.0,-50.0,-100.0,-55.0,-100.0,-71.0,-100.0,-45.0,-100.0,-67.0,-100.0,-100.0,-38.0,-100.0,-100.0,-100.0,-100.0,-50.0,-56.0,-55.0,-100.0,-71.0,-100.0,-47.0,-100.0,-100.0,-100.0,-100.0
B2049,RP35,B,CTK45-dot-B,,23,,-15.0,52.0,train,-100.0,-71.0,-77.0,-48.0,-48.0,-100.0,-67.0,-100.0,-56.0,-60.0,-100.0,-55.0,-100.0,-74.0,-100.0,-62.0,-100.0,-71.0,-100.0,-48.0,-51.0,-100.0,-67.0,-100.0,-57.0,-60.0,-100.0,-55.0,-100.0,-75.0,-100.0,-62.0,-100.0,-100.0,-72.0,-72.0
B2012,RP35,B,CTK45-dot-B,,36,,-15.0,52.0,train,-62.0,-69.0,-69.0,-39.0,-43.0,-62.0,-61.0,-100.0,-62.0,-51.0,-47.0,-56.0,-78.0,-77.0,-49.0,-59.0,-69.0,-69.0,-71.0,-40.0,-44.0,-62.0,-61.0,-85.0,-61.0,-50.0,-47.0,-55.0,-100.0,-72.0,-49.0,-59.0,-61.0,-61.0,-64.0,-64.0
B1998,RP35,B,CTK45-dot-B,,18,,-15.0,52.0,train,-100.0,-100.0,-80.0,-52.0,-47.0,-100.0,-63.0,-100.0,-100.0,-63.0,-100.0,-54.0,-100.0,-71.0,-100.0,-61.0,-100.0,-100.0,-82.0,-51.0,-47.0,-100.0,-64.0,-100.0,-100.0,-59.0,-100.0,-54.0,-100.0,-70.0,-100.0,-62.0,-100.0,-100.0,-61.0,-61.0
B2029,RP35,B,CTK45-dot-B,,17,,-15.0,52.0,train,-56.0,-100.0,-100.0,-100.0,-44.0,-100.0,-100.0,-100.0,-100.0,-51.0,-52.0,-55.0,-100.0,-69.0,-100.0,-57.0,-56.0,-100.0,-100.0,-49.0,-44.0,-100.0,-100.0,-100.0,-100.0,-51.0,-52.0,-55.0,-63.0,-69.0,-100.0,-58.0,-100.0,-100.0,-100.0,-100.0
B2018,RP35,B,CTK45-dot-B,,11,,-15.0,52.0,train,-53.0,-65.0,-100.0,-100.0,-35.0,-100.0,-100.0,-100.0,-100.0,-100.0,-100.0,-67.0,-100.0,-100.0,-100.0,-51.0,-57.0,-65.0,-100.0,-100.0,-35.0,-100.0,-100.0,-100.0,-100.0,-73.0,-100.0,-66.0,-100.0,-100.0,-100.0,-51.0,-100.0,-100.0,-100.0,-100.0
2025:01:13:10:38:34,RP35,A,SM-S908E,2212343.0,23,175.6421143172337,-15.0,52.0,train,-100.0,-67.0,-100.0,-100.0,-42.0,-60.0,-65.0,-100.0,-64.0,-67.0,-54.0,-69.0,-100.0,-100.0,-44.0,-48.0,-100.0,-67.0,-69.0,-100.0,-42.0,-60.0,-65.0,-100.0,-65.0,-67.0,-55.0,-69.0,-100.0,-100.0,-45.0,-48.0,-100.0,-100.0,-62.0,-62.0
2025:01:13:10:45:58,RP35,A,SM-S908E,2212343.0,32,-35.31455164094176,-15.0,52.0,train,-100.0,-68.0,-100.0,-47.0,-52.0,-66.0,-64.0,-100.0,-49.0,-54.0,-100.0,-54.0,-100.0,-75.0,-50.0,-59.0,-100.0,-68.0,-100.0,-47.0,-53.0,-66.0,-64.0,-100.0,-48.0,-54.0,-100.0,-54.0,-100.0,-75.0,-51.0,-59.0,-62.0,-100.0,-69.0,-68.0
2025:01:13:10:37:11,RP35,A,SM-S908E,2212343.0,29,-120.91441758559698,-15.0,52.0,train,-100.0,-66.0,-100.0,-31.0,-42.0,-58.0,-73.0,-100.0,-55.0,-52.0,-54.0,-56.0,-100.0,-100.0,-54.0,-61.0,-52.0,-66.0,-100.0,-31.0,-42.0,-51.0,-74.0,-100.0,-58.0,-52.0,-100.0,-56.0,-100.0,-76.0,-50.0,-61.0,-100.0,-100.0,-63.0,-63.0
B2017,RP35,B,CTK45-dot-B,,18,,-15.0,52.0,train,-61.0,-73.0,-100.0,-41.0,-35.0,-56.0,-100.0,-100.0,-100.0,-66.0,-48.0,-64.0,-100.0,-100.0,-100.0,-51.0,-57.0,-72.0,-100.0,-39.0,-36.0,-100.0,-100.0,-100.0,-100.0,-69.0,-47.0,-64.0,-100.0,-78.0,-100.0,-51.0,-100.0,-100.0,-100.0,-100.0
2025:01:13:10:45:21,RP35,A,SM-S908E,2212343.0,34,-26.23562743114373,-15.0,52.0,train,-52.0,-69.0,-100.0,-100.0,-53.0,-67.0,-66.0,-100.0,-51.0,-54.0,-100.0,-52.0,-73.0,-71.0,-54.0,-58.0,-56.0,-68.0,-100.0,-100.0,-53.0,-67.0,-66.0,-100.0,-52.0,-54.0,-100.0,-52.0,-73.0,-71.0,-54.0,-58.0,-61.0,-61.0,-68.0,-68.0
B2041,RP35,B,CTK45-dot-B,,15,,-15.0,52.0,train,-100.0,-72.0,-84.0,-100.0,-49.0,-100.0,-71.0,-100.0,-100.0,-100.0,-100.0,-51.0,-100.0,-100.0,-100.0,-50.0,-100.0,-71.0,-83.0,-100.0,-47.0,-100.0,-71.0,-100.0,-100.0,-100.0,-61.0,-52.0,-100.0,-100.0,-100.0,-50.0,-100.0,-100.0,-65.0,-65.0
2025:01:13:10:37:56,RP35,A,SM-S908E,2212343.0,37,175.24023026057304,-15.0,52.0,train,-60.0,-74.0,-70.0,-42.0,-42.0,-57.0,-74.0,-74.0,-68.0,-62.0,-51.0,-61.0,-100.0,-74.0,-54.0,-47.0,-60.0,-74.0,-70.0,-43.0,-42.0,-59.0,-74.0,-74.0,-65.0,-61.0,-51.0,-61.0,-68.0,-74.0,-54.0,-48.0,-59.0,-59.0,-65.0,-65.0
B2019,RP35,B,CTK45-dot-B,,11,,-15.0,52.0,train,-100.0,-100.0,-100.0,-100.0,-36.0,-100.0,-100.0,-100.0,-100.0,-100.0,-51.0,-63.0,-77.0,-100.0,-100.0,-48.0,-100.0,-100.0,-100.0,-40.0,-36.0,-100.0,-100.0,-100.0,-100.0,-100.0,-51.0,-63.0,-76.0,-100.0,-100.0,-48.0,-100.0,-100.0,-100.0,-100.0
B2031,RP35,B,CTK45-dot-B,,21,,-15.0,52.0,train,-52.0,-71.0,-67.0,-39.0,-41.0,-100.0,-100.0,-100.0,-62.0,-100.0,-100.0,-58.0,-67.0,-74.0,-100.0,-60.0,-53.0,-71.0,-100.0,-40.0,-41.0,-100.0,-100.0,-100.0,-60.0,-100.0,-100.0,-58.0,-67.0,-75.0,-100.0,-60.0,-58.0,-57.0,-100.0,-100.0
B1995,RP35,B,CTK45-dot-B,,20,,-15.0,52.0,train,-61.0,-74.0,-100.0,-100.0,-100.0,-100.0,-66.0,-100.0,-54.0,-64.0,-100.0,-65.0,-100.0,-80.0,-100.0,-64.0,-60.0,-73.0,-100.0,-100.0,-48.0,-100.0,-66.0,-100.0,-100.0,-64.0,-100.0,-65.0,-100.0,-81.0,-100.0,-63.0,-56.0,-55.0,-64.0,-64.0
2025:01:13:10:35:16,RP35,A,SM-S908E,2212343.0,31,-115.06154484635455,-15.0,52.0,train,-58.0,-68.0,-63.0,-43.0,-42.0,-58.0,-71.0,-83.0,-56.0,-61.0,-61.0,-60.0,-100.0,-79.0,-49.0,-61.0,-59.0,-68.0,-63.0,-43.0,-42.0,-100.0,-71.0,-100.0,-56.0,-61.0,-100.0,-60.0,-100.0,-80.0,-49.0,-61.0,-60.0,-60.0,-62.0,-61.0
2025:01:13:10:35:50,RP35,A,SM-S908E,2212343.0,34,-120.4189523322576,-15.0,52.0,train,-100.0,-65.0,-69.0,-32.0,-40.0,-58.0,-74.0,-87.0,-63.0,-62.0,-53.0,-60.0,-100.0,-78.0,-53.0,-60.0,-100.0,-65.0,-62.0,-33.0,-40.0,-58.0,-74.0,-87.0,-62.0,-63.0,-53.0,-60.0,-100.0,-78.0,-54.0,-60.0,-58.0,-57.0,-66.0,-66.0
B2002,RP35,B,CTK45-dot-B,,22,,-15.0,52.0,train,-61.0,-100.0,-100.0,-37.0,-35.0,-100.0,-100.0,-100.0,-100.0,-50.0,-59.0,-73.0,-66.0,-78.0,-63.0,-73.0,-60.0,-100.0,-100.0,-37.0,-35.0,-100.0,-100.0,-100.0,-100.0,-49.0,-59.0,-67.0,-100.0,-78.0,-63.0,-73.0,-100.0,-100.0,-100.0,-100.0
B2042,RP35,B,CTK45-dot-B,,20,,-15.0,52.0,train,-60.0,-77.0,-100.0,-59.0,-43.0,-100.0,-100.0,-100.0,-100.0,-46.0,-100.0,-50.0,-100.0,-73.0,-100.0,-64.0,-63.0,-77.0,-100.0,-59.0,-43.0,-100.0,-100.0,-100.0,-100.0,-46.0,-100.0,-50.0,-100.0,-72.0,-100.0,-63.0,-100.0,-100.0,-100.0,-100.0
B2047,RP35,B,CTK45-dot-B,,29,,-15.0,52.0,train,-60.0,-72.0,-65.0,-43.0,-41.0,-100.0,-58.0,-85.0,-100.0,-66.0,-100.0,-63.0,-77.0,-87.0,-51.0,-59.0,-60.0,-71.0,-100.0,-37.0,-48.0,-100.0,-57.0,-93.0,-100.0,-65.0,-100.0,-66.0,-83.0,-86.0,-54.0,-58.0,-100.0,-100.0,-60.0,-59.0
B1997,RP35,B,CTK45-dot-B,,18,,-15.0,52.0,validation,-100.0,-67.0,-100.0,-49.0,-45.0,-100.0,-68.0,-88.0,-100.0,-100.0,-100.0,-65.0,-100.0,-100.0,-70.0,-65.0,-100.0,-67.0,-100.0,-48.0,-44.0,-100.0,-68.0,-100.0,-100.0,-61.0,-100.0,-65.0,-100.0,-100.0,-69.0,-65.0,-100.0,-100.0,-65.0,-65.0
2025:01:13:10:41:10,RP35,A,SM-S908E,2212343.0,36,69.86103043919884,-15.0,52.0,validation,-55.0,-66.0,-69.0,-37.0,-40.0,-67.0,-62.0,-100.0,-54.0,-54.0,-46.0,-54.0,-67.0,-72.0,-49.0,-47.0,-56.0,-66.0,-75.0,-38.0,-40.0,-67.0,-62.0,-100.0,-54.0,-54.0,-48.0,-54.0,-67.0,-72.0,-50.0,-47.0,-61.0,-61.0,-61.0,-61.0
2025:01:13:10:40:25,RP35,A,SM-S908E,2212343.0,32,176.64836571535426,-15.0,52.0,validation,-51.0,-69.0,-100.0,-36.0,-37.0,-69.0,-66.0,-100.0,-67.0,-64.0,-56.0,-68.0,-68.0,-81.0,-46.0,-47.0,-51.0,-69.0,-100.0,-36.0,-37.0,-69.0,-66.0,-100.0,-66.0,-64.0,-56.0,-68.0,-70.0,-100.0,-46.0,-47.0,-57.0,-57.0,-64.0,-64.0
2025:01:13:10:47:12,RP35,A,SM-S908E,2212343.0,30,-32.77516487770747,-15.0,52.0,validation,-52.0,-67.0,-100.0,-44.0,-49.0,-100.0,-63.0,-100.0,-48.0,-57.0,-46.0,-58.0,-100.0,-72.0,-47.0,-54.0,-100.0,-67.0,-100.0,-44.0,-49.0,-100.0,-63.0,-100.0,-48.0,-57.0,-50.0,-58.0,-100.0,-72.0,-100.0,-54.0,-58.0,-59.0,-70.0,-70.0
B2036,RP35,B,CTK45-dot-B,,19,,-15.0,52.0,validation,-100.0,-76.0,-76.0,-100.0,-40.0,-100.0,-63.0,-100.0,-100.0,-63.0,-100.0,-64.0,-100.0,-100.0,-56.0,-50.0,-100.0,-76.0,-100.0,-100.0,-41.0,-100.0,-63.0,-100.0,-100.0,-63.0,-100.0,-64.0,-100.0,-82.0,-56.0,-51.0,-64.0,-100.0,-66.0,-66.0
B2024,RP35,B,CTK45-dot-B,,15,,-15.0,52.0,validation,-58.0,-70.0,-100.0,-100.0,-40.0,-100.0,-100.0,-100.0,-100.0,-49.0,-100.0,-58.0,-60.0,-72.0,-100.0,-47.0,-57.0,-70.0,-100.0,-100.0,-39.0,-100.0,-100.0,-100.0,-100.0,-49.0,-100.0,-58.0,-100.0,-72.0,-100.0,-47.0,-100.0,-100.0,-100.0,-100.0
2025:01:13:10:46:33,RP35,A,SM-S908E,2212343.0,37,-28.14940043195908,-15.0,52.0,validation,-54.0,-69.0,-100.0,-46.0,-56.0,-67.0,-63.0,-100.0,-52.0,-53.0,-54.0,-51.0,-72.0,-75.0,-53.0,-57.0,-54.0,-69.0,-100.0,-45.0,-56.0,-66.0,-63.0,-100.0,-52.0,-53.0,-53.0,-51.0,-72.0,-75.0,-53.0,-57.0,-66.0,-65.0,-70.0,-70.0
B2023,RP35,B,CTK45-dot-B,,14,,-15.0,52.0,validation,-100.0,-100.0,-100.0,-100.0,-39.0,-100.0,-100.0,-100.0,-100.0,-50.0,-56.0,-51.0,-60.0,-73.0,-100.0,-48.0,-100.0,-100.0,-100.0,-100.0,-39.0,-100.0,-100.0,-100.0,-100.0,-50.0,-100.0,-51.0,-100.0,-73.0,-100.0,-48.0,-100.0,-100.0,-100.0,-100.0
B2021,RP35,B,CTK45-dot-B,,17,,-15.0,52.0,validation,-100.0,-70.0,-100.0,-100.0,-36.0,-58.0,-100.0,-100.0,-65.0,-100.0,-100.0,-69.0,-100.0,-80.0,-48.0,-50.0,-100.0,-70.0,-100.0,-100.0,-35.0,-58.0,-100.0,-100.0,-100.0,-100.0,-100.0,-69.0,-100.0,-79.0,-100.0,-49.0,-100.0,-100.0,-100.0,-100.0
B2011,RP35,B,CTK45-dot-B,,17,,-15.0,52.0,validation,-62.0,-71.0,-100.0,-46.0,-100.0,-74.0,-100.0,-100.0,-69.0,-100.0,-57.0,-100.0,-84.0,-100.0,-57.0,-59.0,-60.0,-71.0,-100.0,-46.0,-100.0,-74.0,-100.0,-100.0,-74.0,-100.0,-55.0,-100.0,-100.0,-100.0,-57.0,-59.0,-100.0,-100.0,-100.0,-100.0
2025:01:13:10:42:19,RP35,A,SM-S908E,2212343.0,32,86.30521709750693,-15.0,52.0,validation,-56.0,-68.0,-76.0,-42.0,-39.0,-64.0,-67.0,-100.0,-47.0,-50.0,-57.0,-61.0,-67.0,-72.0,-48.0,-47.0,-54.0,-68.0,-100.0,-42.0,-39.0,-65.0,-67.0,-100.0,-47.0,-50.0,-57.0,-61.0,-100.0,-72.0,-48.0,-47.0,-100.0,-100.0,-66.0,-66.0
B2001,RP35,B,CTK45-dot-B,,17,,-15.0,52.0,validation,-71.0,-80.0,-100.0,-38.0,-100.0,-100.0,-100.0,-83.0,-67.0,-100.0,-51.0,-100.0,-66.0,-100.0,-59.0,-71.0,-100.0,-80.0,-100.0,-38.0,-100.0,-100.0,-100.0,-100.0,-100.0,-100.0,-53.0,-100.0,-100.0,-100.0,-66.0,-72.0,-55.0,-54.0,-100.0,-100.0
B2016,RP35,B,CTK45-dot-B,,26,,-15.0,52.0,test,-58.0,-68.0,-68.0,-38.0,-37.0,-100.0,-100.0,-100.0,-100.0,-56.0,-50.0,-69.0,-100.0,-76.0,-48.0,-50.0,-57.0,-67.0,-68.0,-40.0,-36.0,-100.0,-100.0,-100.0,-100.0,-56.0,-50.0,-69.0,-100.0,-78.0,-48.0,-49.0,-57.0,-58.0,-100.0,-100.0
2025:01:13:10:44:16,RP35,A,SM-S908E,2212343.0,25,83.15225899879178,-15.0,52.0,test,-57.0,-75.0,-100.0,-100.0,-38.0,-100.0,-69.0,-100.0,-50.0,-51.0,-58.0,-65.0,-100.0,-77.0,-47.0,-57.0,-64.0,-75.0,-100.0,-100.0,-38.0,-100.0,-69.0,-100.0,-100.0,-51.0,-58.0,-65.0,-100.0,-77.0,-48.0,-57.0,-65.0,-64.0,-60.0,-59.0
2025:01:13:10:43:01,RP35,A,SM-S908E,2212343.0,24,67.86561897398649,-15.0,52.0,test,-58.0,-75.0,-76.0,-100.0,-46.0,-100.0,-68.0,-100.0,-63.0,-61.0,-100.0,-68.0,-100.0,-79.0,-54.0,-62.0,-59.0,-75.0,-75.0,-100.0,-46.0,-100.0,-68.0,-100.0,-63.0,-61.0,-100.0,-68.0,-100.0,-79.0,-55.0,-62.0,-100.0,-100.0,-60.0,-60.0
2025:01:13:10:36:36,RP35,A,SM-S908E,2212343.0,35,-119.77332057039239,-15.0,52.0,test,-19.0,-65.0,-100.0,-34.0,-42.0,-59.0,-68.0,-100.0,-62.0,-61.0,-59.0,-59.0,-100.0,-79.0,-55.0,-60.0,-33.0,-65.0,-71.0,-34.0,-42.0,-59.0,-68.0,-76.0,-62.0,-61.0,-59.0,-59.0,-100.0,-79.0,-55.0,-60.0,-59.0,-59.0,-62.0,-61.0
B2025,RP35,B,CTK45-dot-B,,17,,-15.0,52.0,test,-100.0,-68.0,-100.0,-47.0,-40.0,-100.0,-100.0,-79.0,-100.0,-58.0,-61.0,-64.0,-100.0,-81.0,-100.0,-61.0,-100.0,-70.0,-100.0,-47.0,-40.0,-100.0,-100.0,-100.0,-100.0,-58.0,-61.0,-64.0,-100.0,-81.0,-100.0,-61.0,-100.0,-100.0,-100.0,-100.0
B2028,RP35,B,CTK45-dot-B,,15,,-15.0,52.0,test,-100.0,-75.0,-100.0,-37.0,-43.0,-100.0,-100.0,-100.0,-100.0,-50.0,-59.0,-60.0,-64.0,-70.0,-100.0,-100.0,-100.0,-75.0,-100.0,-100.0,-43.0,-100.0,-100.0,-100.0,-100.0,-49.0,-61.0,-60.0,-62.0,-70.0,-100.0,-100.0,-100.0,-100.0,-100.0,-100.0
B2004,RP35,B,CTK45-dot-B,,31,,-15.0,52.0,test,-68.0,-76.0,-100.0,-47.0,-43.0,-64.0,-68.0,-100.0,-60.0,-47.0,-57.0,-53.0,-67.0,-74.0,-52.0,-60.0,-60.0,-76.0,-100.0,-100.0,-43.0,-64.0,-68.0,-100.0,-66.0,-48.0,-58.0,-50.0,-66.0,-74.0,-52.0,-60.0,-69.0,-68.0,-72.0,-71.0
2025:01:13:10:39:47,RP35,A,SM-S908E,2212343.0,28,178.306843619562,-15.0,52.0,test,-100.0,-66.0,-100.0,-38.0,-38.0,-65.0,-68.0,-75.0,-66.0,-65.0,-55.0,-66.0,-100.0,-81.0,-47.0,-47.0,-100.0,-66.0,-100.0,-38.0,-39.0,-100.0,-68.0,-100.0,-68.0,-65.0,-55.0,-66.0,-100.0,-82.0,-46.0,-47.0,-58.0,-59.0,-63.0,-63.0
B2006,RP35,B,CTK45-dot-B,,13,,-15.0,52.0,test,-63.0,-78.0,-100.0,-54.0,-100.0,-100.0,-100.0,-100.0,-100.0,-100.0,-100.0,-100.0,-100.0,-100.0,-50.0,-69.0,-63.0,-78.0,-100.0,-55.0,-100.0,-100.0,-100.0,-100.0,-100.0,-100.0,-100.0,-100.0,-100.0,-100.0,-52.0,-68.0,-100.0,-100.0,-100.0,-100.0
B2034,RP35,B,CTK45-dot-B,,30,,-15.0,52.0,test,-59.0,-71.0,-100.0,-44.0,-47.0,-100.0,-70.0,-91.0,-55.0,-53.0,-54.0,-53.0,-100.0,-78.0,-51.0,-50.0,-60.0,-72.0,-100.0,-45.0,-47.0,-100.0,-71.0,-92.0,-55.0,-54.0,-100.0,-53.0,-100.0,-78.0,-52.0,-49.0,-64.0,-65.0,-64.0,-64.0
2025:01:13:10:41:44,RP35,A,SM-S908E,2212343.0,32,85.29736714713796,-15.0,52.0,test,-51.0,-65.0,-100.0,-38.0,-42.0,-63.0,-66.0,-100.0,-48.0,-54.0,-47.0,-52.0,-67.0,-71.0,-52.0,-46.0,-51.0,-66.0,-100.0,-38.0,-42.0,-63.0,-66.0,-100.0,-48.0,-54.0,-47.0,-53.0,-67.0,-71.0,-52.0,-46.0,-64.0,-63.0,-63.0,-63.0
B2027,RP35,B,CTK45-dot-B,,19,,-15.0,52.0,test,-61.0,-73.0,-100.0,-39.0,-41.0,-100.0,-100.0,-100.0,-100.0,-52.0,-58.0,-56.0,-100.0,-69.0,-100.0,-58.0,-62.0,-73.0,-100.0,-42.0,-41.0,-100.0,-100.0,-100.0,-100.0,-52.0,-56.0,-56.0,-62.0,-69.0,-100.0,-58.0,-100.0,-100.0,-100.0,-100.0
B2096,RP36,B,CTK45-dot-B,,16,,0.0,52.0,train,-100.0,-79.0,-100.0,-37.0,-100.0,-65.0,-100.0,-100.0,-48.0,-100.0,-48.0,-100.0,-100.0,-100.0,-61.0,-63.0,-100.0,-79.0,-100.0,-38.0,-100.0,-59.0,-100.0,-100.0,-48.0,-100.0,-49.0,-100.0,-100.0,-100.0,-62.0,-63.0,-61.0,-60.0,-100.0,-100.0
B2052,RP36,B,CTK45-dot-B,,21,,0.0,52.0,train,-73.0,-81.0,-100.0,-35.0,-43.0,-100.0,-100.0,-81.0,-100.0,-59.0,-61.0,-67.0,-100.0,-64.0,-100.0,-63.0,-66.0,-82.0,-100.0,-32.0,-43.0,-100.0,-100.0,-100.0,-100.0,-59.0,-60.0,-67.0,-100.0,-64.0,-100.0,-63.0,-100.0,-100.0,-100.0,-100.0
B2093,RP36,B,CTK45-dot-B,,14,,0.0,52.0,train,-100.0,-85.0,-100.0,-100.0,-100.0,-64.0,-100.0,-100.0,-65.0,-100.0,-100.0,-100.0,-100.0,-100.0,-63.0,-75.0,-100.0,-85.0,-91.0,-100.0,-100.0,-100.0,-100.0,-100.0,-65.0,-100.0,-100.0,-100.0,-100.0,-100.0,-63.0,-75.0,-65.0,-64.0,-100.0,-100.0
B2072,RP36,B,CTK45-dot-B,,23,,0.0,52.0,train,-100.0,-80.0,-100.0,-100.0,-48.0,-65.0,-70.0,-83.0,-52.0,-48.0,-52.0,-60.0,-100.0,-65.0,-63.0,-61.0,-100.0,-80.0,-100.0,-100.0,-47.0,-100.0,-70.0,-100.0,-100.0,-51.0,-52.0,-61.0,-100.0,-65.0,-63.0,-61.0,-100.0,-100.0,-63.0,-64.0
2025:01:13:10:19:10,RP36,A,SM-S908E,2212343.0,33,-34.391839781182455,0.0,52.0,train,-67.0,-75.0,-100.0,-61.0,-61.0,-63.0,-64.0,-100.0,-47.0,-53.0,-60.0,-54.0,-59.0,-67.0,-59.0,-100.0,-67.0,-76.0,-100.0,-61.0,-61.0,-63.0,-65.0,-100.0,-55.0,-53.0,-60.0,-54.0,-57.0,-67.0,-59.0,-100.0,-71.0,-100.0,-77.0,-77.0
B2103,RP36,B,CTK45-dot-B,,26,,0.0,52.0,train,-67.0,-77.0,-100.0,-35.0,-36.0,-63.0,-100.0,-100.0,-60.0,-64.0,-100.0,-57.0,-80.0,-100.0,-100.0,-61.0,-67.0,-77.0,-100.0,-36.0,-39.0,-63.0,-100.0,-100.0,-60.0,-64.0,-100.0,-57.0,-100.0,-77.0,-100.0,-61.0,-100.0,-100.0,-61.0,-60.0
B2060,RP36,B,CTK45-dot-B,,13,,0.0,52.0,train,-100.0,-100.0,-100.0,-100.0,-43.0,-60.0,-100.0,-100.0,-100.0,-50.0,-100.0,-49.0,-100.0,-100.0,-100.0,-65.0,-100.0,-71.0,-100.0,-100.0,-43.0,-100.0,-100.0,-100.0,-100.0,-50.0,-100.0,-49.0,-100.0,-71.0,-100.0,-65.0,-100.0,-100.0,-100.0,-100.0
B2071,RP36,B,CTK45-dot-B,,16,,0.0,52.0,train,-100.0,-100.0,-80.0,-100.0,-49.0,-100.0,-69.0,-100.0,-47.0,-49.0,-100.0,-61.0,-100.0,-69.0,-100.0,-100.0,-100.0,-100.0,-100.0,-100.0,-48.0,-100.0,-69.0,-100.0,-100.0,-51.0,-100.0,-61.0,-100.0,-69.0,-100.0,-100.0,-100.0,-100.0,-68.0,-68.0
B2056,RP36,B,CTK45-dot-B,,14,,0.0,52.0,train,-100.0,-100.0,-100.0,-58.0,-54.0,-100.0,-100.0,-100.0,-100.0,-61.0,-53.0,-58.0,-100.0,-100.0,-100.0,-71.0,-70.0,-100.0,-100.0,-58.0,-54.0,-100.0,-100.0,-100.0,-100.0,-60.0,-53.0,-58.0,-100.0,-100.0,-100.0,-71.0,-100.0,-76.0,-100.0,-100.0
B2109,RP36,B,CTK45-dot-B,,23,,0.0,52.0,train,-59.0,-70.0,-100.0,-100.0,-46.0,-100.0,-100.0,-75.0,-44.0,-56.0,-53.0,-60.0,-63.0,-73.0,-66.0,-67.0,-65.0,-71.0,-100.0,-100.0,-47.0,-100.0,-100.0,-74.0,-46.0,-56.0,-52.0,-59.0,-100.0,-74.0,-70.0,-67.0,-100.0,-100.0,-100.0,-100.0
2025:01:13:10:11:34,RP36,A,SM-S908E,2212343.0,28,172.8264736612459,0.0,52.0,train,-67.0,-72.0,-75.0,-41.0,-40.0,-100.0,-70.0,-100.0,-57.0,-100.0,-51.0,-63.0,-100.0,-100.0,-54.0,-51.0,-67.0,-73.0,-76.0,-41.0,-40.0,-68.0,-70.0,-100.0,-57.0,-63.0,-100.0,-63.0,-100.0,-100.0,-55.0,-51.0,-55.0,-55.0,-66.0,-66.0
B2055,RP36,B,CTK45-dot-B,,27,,0.0,52.0,train,-65.0,-78.0,-100.0,-54.0,-57.0,-61.0,-100.0,-82.0,-69.0,-66.0,-58.0,-62.0,-70.0,-70.0,-68.0,-75.0,-65.0,-79.0,-100.0,-100.0,-58.0,-62.0,-100.0,-81.0,-68.0,-67.0,-61.0,-62.0,-65.0,-70.0,-68.0,-75.0,-100.0,-100.0,-100.0,-100.0
B2085,RP36,B,CTK45-dot-B,,20,,0.0,52.0,train,-100.0,-81.0,-100.0,-100.0,-49.0,-100.0,-68.0,-100.0,-100.0,-61.0,-55.0,-63.0,-100.0,-70.0,-100.0,-68.0,-100.0,-82.0,-100.0,-100.0,-50.0,-100.0,-68.0,-100.0,-100.0,-61.0,-55.0,-64.0,-100.0,-71.0,-100.0,-67.0,-64.0,-63.0,-68.0,-68.0
B2080,RP36,B,CTK45-dot-B,,19,,0.0,52.0,train,-100.0,-78.0,-100.0,-58.0,-51.0,-100.0,-65.0,-100.0,-100.0,-53.0,-100.0,-52.0,-100.0,-68.0,-100.0,-67.0,-100.0,-79.0,-100.0,-59.0,-49.0,-100.0,-64.0,-100.0,-100.0,-56.0,-100.0,-52.0,-75.0,-68.0,-100.0,-67.0,-100.0,-100.0,-60.0,-60.0
B2097,RP36,B,CTK45-dot-B,,28,,0.0,52.0,train,-73.0,-79.0,-100.0,-56.0,-46.0,-61.0,-100.0,-100.0,-46.0,-52.0,-100.0,-52.0,-55.0,-73.0,-62.0,-62.0,-66.0,-80.0,-100.0,-49.0,-52.0,-69.0,-100.0,-100.0,-46.0,-52.0,-100.0,-51.0,-62.0,-74.0,-61.0,-62.0,-58.0,-59.0,-63.0,-63.0
B2063,RP36,B,CTK45-dot-B,,16,,0.0,52.0,train,-71.0,-100.0,-100.0,-48.0,-46.0,-100.0,-100.0,-100.0,-100.0,-61.0,-100.0,-65.0,-67.0,-70.0,-100.0,-65.0,-75.0,-100.0,-100.0,-48.0,-46.0,-100.0,-100.0,-100.0,-100.0,-61.0,-100.0,-64.0,-67.0,-70.0,-100.0,-65.0,-100.0,-100.0,-100.0,-100.0
B2092,RP36,B,CTK45-dot-B,,16,,0.0,52.0,train,-68.0,-85.0,-87.0,-100.0,-100.0,-100.0,-100.0,-100.0,-60.0,-100.0,-100.0,-100.0,-62.0,-100.0,-59.0,-73.0,-61.0,-85.0,-100.0,-100.0,-100.0,-61.0,-100.0,-100.0,-67.0,-100.0,-100.0,-100.0,-60.0,-100.0,-61.0,-73.0,-64.0,-64.0,-100.0,-100.0
B2099,RP36,B,CTK45-dot-B,,22,,0.0,52.0,train,-78.0,-80.0,-100.0,-100.0,-41.0,-100.0,-66.0,-100.0,-51.0,-47.0,-49.0,-54.0,-55.0,-100.0,-64.0,-65.0,-100.0,-80.0,-100.0,-100.0,-49.0,-100.0,-67.0,-100.0,-50.0,-50.0,-100.0,-54.0,-56.0,-100.0,-63.0,-65.0,-100.0,-100.0,-56.0,-56.0
B2089,RP36,B,CTK45-dot-B,,13,,0.0,52.0,train,-100.0,-84.0,-100.0,-39.0,-100.0,-67.0,-100.0,-100.0,-48.0,-100.0,-56.0,-100.0,-100.0,-100.0,-69.0,-73.0,-100.0,-84.0,-100.0,-41.0,-100.0,-100.0,-100.0,-100.0,-41.0,-100.0,-56.0,-100.0,-100.0,-100.0,-69.0,-73.0,-100.0,-100.0,-100.0,-100.0
B2059,RP36,B,CTK45-dot-B,,31,,0.0,52.0,train,-65.0,-74.0,-66.0,-58.0,-41.0,-45.0,-100.0,-78.0,-56.0,-65.0,-60.0,-64.0,-61.0,-62.0,-56.0,-63.0,-65.0,-74.0,-100.0,-49.0,-40.0,-45.0,-100.0,-77.0,-43.0,-65.0,-55.0,-64.0,-51.0,-60.0,-56.0,-62.0,-56.0,-57.0,-100.0,-100.0
B2062,RP36,B,CTK45-dot-B,,19,,0.0,52.0,train,-100.0,-79.0,-100.0,-100.0,-50.0,-67.0,-67.0,-100.0,-63.0,-61.0,-100.0,-57.0,-100.0,-77.0,-100.0,-62.0,-100.0,-78.0,-100.0,-100.0,-50.0,-69.0,-67.0,-100.0,-100.0,-59.0,-100.0,-57.0,-100.0,-77.0,-100.0,-62.0,-100.0,-100.0,-66.0,-65.0
B2108,RP36,B,CTK45-dot-B,,15,,0.0,52.0,train,-68.0,-82.0,-100.0,-38.0,-100.0,-65.0,-100.0,-79.0,-56.0,-100.0,-100.0,-100.0,-100.0,-100.0,-68.0,-64.0,-100.0,-82.0,-100.0,-36.0,-100.0,-66.0,-100.0,-100.0,-51.0,-100.0,-57.0,-100.0,-100.0,-100.0,-100.0,-64.0,-57.0,-100.0,-100.0,-100.0
B2067,RP36,B,CTK45-dot-B,,32,,0.0,52.0,train,-61.0,-76.0,-100.0,-41.0,-44.0,-60.0,-100.0,-71.0,-55.0,-50.0,-48.0,-51.0,-100.0,-75.0,-61.0,-62.0,-62.0,-76.0,-76.0,-45.0,-45.0,-60.0,-100.0,-69.0,-55.0,-50.0,-48.0,-52.0,-100.0,-75.0,-61.0,-62.0,-58.0,-59.0,-100.0,-100.0
B2065,RP36,B,CTK45-dot-B,,15,,0.0,52.0,train,-64.0,-79.0,-100.0,-100.0,-100.0,-100.0,-100.0,-100.0,-100.0,-100.0,-100.0,-59.0,-61.0,-68.0,-100.0,-53.0,-60.0,-80.0,-100.0,-100.0,-44.0,-100.0,-100.0,-100.0,-100.0,-100.0,-100.0,-59.0,-66.0,-68.0,-100.0,-53.0,-100.0,-100.0,-100.0,-100.0
B2105,RP36,B,CTK45-dot-B,,19,,0.0,52.0,train,-67.0,-90.0,-100.0,-100.0,-43.0,-100.0,-71.0,-100.0,-100.0,-55.0,-60.0,-68.0,-100.0,-70.0,-100.0,-66.0,-66.0,-100.0,-100.0,-100.0,-42.0,-100.0,-71.0,-100.0,-100.0,-55.0,-62.0,-68.0,-100.0,-71.0,-100.0,-66.0,-100.0,-100.0,-65.0,-65.0
B2066,RP36,B,CTK45-dot-B,,18,,0.0,52.0,train,-100.0,-74.0,-100.0,-48.0,-43.0,-100.0,-100.0,-78.0,-100.0,-57.0,-46.0,-64.0,-100.0,-67.0,-100.0,-55.0,-100.0,-74.0,-100.0,-48.0,-44.0,-100.0,-100.0,-79.0,-100.0,-57.0,-47.0,-64.0,-100.0,-67.0,-100.0,-55.0,-100.0,-100.0,-100.0,-100.0
2025:01:13:10:09:13,RP36,A,SM-S908E,2212343.0,31,-123.19044086055264,0.0,52.0,train,-62.0,-79.0,-71.0,-33.0,-47.0,-60.0,-70.0,-73.0,-53.0,-54.0,-63.0,-58.0,-100.0,-65.0,-56.0,-65.0,-62.0,-79.0,-73.0,-34.0,-47.0,-61.0,-70.0,-74.0,-53.0,-54.0,-63.0,-58.0,-100.0,-100.0,-56.0,-65.0,-100.0,-100.0,-62.0,-62.0
B2084,RP36,B,CTK45-dot-B,,22,,0.0,52.0,train,-100.0,-80.0,-100.0,-45.0,-48.0,-63.0,-71.0,-83.0,-48.0,-55.0,-100.0,-52.0,-100.0,-100.0,-100.0,-65.0,-100.0,-80.0,-100.0,-46.0,-46.0,-64.0,-70.0,-100.0,-49.0,-56.0,-100.0,-53.0,-100.0,-100.0,-100.0,-65.0,-100.0,-100.0,-60.0,-59.0
B2104,RP36,B,CTK45-dot-B,,23,,0.0,52.0,train,-100.0,-83.0,-79.0,-100.0,-43.0,-71.0,-71.0,-100.0,-45.0,-61.0,-56.0,-65.0,-100.0,-66.0,-71.0,-70.0,-100.0,-83.0,-100.0,-100.0,-45.0,-75.0,-72.0,-100.0,-46.0,-61.0,-57.0,-65.0,-100.0,-65.0,-67.0,-70.0,-100.0,-100.0,-100.0,-100.0
B2054,RP36,B,CTK45-dot-B,,26,,0.0,52.0,train,-63.0,-82.0,-74.0,-43.0,-38.0,-100.0,-100.0,-100.0,-57.0,-64.0,-59.0,-66.0,-63.0,-64.0,-100.0,-68.0,-60.0,-100.0,-75.0,-43.0,-38.0,-100.0,-100.0,-83.0,-57.0,-64.0,-57.0,-66.0,-63.0,-65.0,-56.0,-69.0,-100.0,-68.0,-100.0,-100.0
2025:01:13:10:11:00,RP36,A,SM-S908E,2212343.0,33,172.35098744622275,0.0,52.0,train,-100.0,-72.0,-75.0,-33.0,-39.0,-61.0,-72.0,-77.0,-53.0,-60.0,-51.0,-62.0,-100.0,-75.0,-56.0,-51.0,-66.0,-72.0,-75.0,-29.0,-39.0,-61.0,-72.0,-73.0,-53.0,-61.0,-59.0,-63.0,-100.0,-75.0,-56.0,-51.0,-58.0,-57.0,-65.0,-65.0
B2053,RP36,B,CTK45-dot-B,,16,,0.0,52.0,train,-58.0,-80.0,-100.0,-39.0,-38.0,-100.0,-100.0,-100.0,-100.0,-100.0,-57.0,-61.0,-70.0,-100.0,-100.0,-73.0,-58.0,-81.0,-100.0,-39.0,-38.0,-100.0,-100.0,-100.0,-100.0,-100.0,-57.0,-62.0,-70.0,-100.0,-100.0,-73.0,-100.0,-100.0,-100.0,-100.0
B2087,RP36,B,CTK45-dot-B,,18,,0.0,52.0,train,-64.0,-81.0,-100.0,-53.0,-47.0,-100.0,-100.0,-100.0,-100.0,-58.0,-48.0,-57.0,-100.0,-100.0,-100.0,-56.0,-64.0,-80.0,-100.0,-53.0,-47.0,-100.0,-100.0,-100.0,-100.0,-58.0,-50.0,-57.0,-100.0,-70.0,-100.0,-56.0,-100.0,-62.0,-100.0,-100.0
B2068,RP36,B,CTK45-dot-B,,29,,0.0,52.0,train,-67.0,-83.0,-74.0,-41.0,-51.0,-61.0,-74.0,-100.0,-56.0,-62.0,-100.0,-65.0,-100.0,-77.0,-60.0,-72.0,-66.0,-83.0,-74.0,-43.0,-49.0,-61.0,-74.0,-100.0,-57.0,-62.0,-100.0,-65.0,-100.0,-77.0,-60.0,-72.0,-100.0,-100.0,-55.0,-55.0
2025:01:13:10:14:35,RP36,A,SM-S908E,2212343.0,29,91.19725107347088,0.0,52.0,train,-100.0,-75.0,-100.0,-38.0,-47.0,-100.0,-67.0,-100.0,-55.0,-45.0,-47.0,-56.0,-100.0,-100.0,-64.0,-56.0,-100.0,-76.0,-100.0,-38.0,-47.0,-100.0,-67.0,-100.0,-55.0,-45.0,-47.0,-56.0,-100.0,-100.0,-64.0,-56.0,-60.0,-63.0,-59.0,-59.0
B2074,RP36,B,CTK45-dot-B,,21,,0.0,52.0,train,-100.0,-100.0,-100.0,-100.0,-55.0,-100.0,-71.0,-100.0,-100.0,-48.0,-51.0,-59.0,-65.0,-64.0,-59.0,-61.0,-100.0,-100.0,-100.0,-100.0,-56.0,-100.0,-71.0,-100.0,-100.0,-49.0,-53.0,-58.0,-65.0,-65.0,-60.0,-61.0,-69.0,-100.0,-73.0,-73.0
B2061,RP36,B,CTK45-dot-B,,20,,0.0,52.0,train,-100.0,-78.0,-100.0,-100.0,-48.0,-67.0,-65.0,-100.0,-62.0,-59.0,-60.0,-55.0,-100.0,-71.0,-100.0,-61.0,-100.0,-78.0,-100.0,-100.0,-49.0,-100.0,-65.0,-100.0,-100.0,-59.0,-59.0,-55.0,-100.0,-70.0,-100.0,-61.0,-100.0,-100.0,-67.0,-67.0
B2102,RP36,B,CTK45-dot-B,,14,,0.0,52.0,train,-100.0,-78.0,-73.0,-48.0,-100.0,-64.0,-100.0,-100.0,-100.0,-100.0,-100.0,-100.0,-100.0,-100.0,-64.0,-61.0,-100.0,-78.0,-71.0,-43.0,-100.0,-65.0,-100.0,-100.0,-56.0,-100.0,-100.0,-100.0,-100.0,-100.0,-67.0,-62.0,-63.0,-100.0,-100.0,-100.0
B2075,RP36,B,CTK45-dot-B,,22,,0.0,52.0,train,-100.0,-81.0,-100.0,-57.0,-52.0,-100.0,-63.0,-81.0,-100.0,-48.0,-52.0,-55.0,-100.0,-69.0,-100.0,-67.0,-100.0,-81.0,-100.0,-57.0,-53.0,-100.0,-64.0,-100.0,-100.0,-50.0,-50.0,-55.0,-65.0,-69.0,-100.0,-67.0,-100.0,-100.0,-68.0,-67.0
B2069,RP36,B,CTK45-dot-B,,22,,0.0,52.0,train,-100.0,-78.0,-100.0,-100.0,-43.0,-58.0,-68.0,-100.0,-59.0,-60.0,-100.0,-53.0,-71.0,-75.0,-61.0,-62.0,-100.0,-77.0,-100.0,-100.0,-43.0,-60.0,-68.0,-100.0,-100.0,-61.0,-100.0,-54.0,-71.0,-76.0,-100.0,-63.0,-100.0,-100.0,-59.0,-59.0
B2077,RP36,B,CTK45-dot-B,,29,,0.0,52.0,train,-100.0,-100.0,-100.0,-100.0,-54.0,-58.0,-69.0,-84.0,-49.0,-53.0,-50.0,-54.0,-60.0,-67.0,-61.0,-69.0,-100.0,-100.0,-100.0,-59.0,-53.0,-59.0,-68.0,-84.0,-100.0,-55.0,-50.0,-52.0,-60.0,-66.0,-62.0,-69.0,-100.0,-100.0,-73.0,-72.0
B2073,RP36,B,CTK45-dot-B,,26,,0.0,52.0,train,-100.0,-80.0,-100.0,-100.0,-50.0,-100.0,-69.0,-76.0,-44.0,-49.0,-51.0,-56.0,-63.0,-68.0,-66.0,-65.0,-100.0,-80.0,-100.0,-100.0,-50.0,-100.0,-69.0,-100.0,-100.0,-50.0,-51.0,-56.0,-64.0,-69.0,-66.0,-65.0,-64.0,-64.0,-68.0,-68.0
2025:01:13:10:13:19,RP36,A,SM-S908E,2212343.0,30,173.18877779341892,0.0,52.0,train,-51.0,-73.0,-100.0,-45.0,-40.0,-67.0,-72.0,-80.0,-53.0,-65.0,-50.0,-58.0,-100.0,-100.0,-59.0,-54.0,-100.0,-73.0,-100.0,-47.0,-40.0,-68.0,-72.0,-76.0,-53.0,-65.0,-50.0,-58.0,-100.0,-100.0,-58.0,-54.0,-54.0,-53.0,-63.0,-63.0
B2110,RP36,B,CTK45-dot-B,,11,,0.0,52.0,train,-100.0,-76.0,-100.0,-60.0,-100.0,-100.0,-100.0,-100.0,-100.0,-100.0,-54.0,-62.0,-100.0,-68.0,-100.0,-100.0,-100.0,-76.0,-100.0,-56.0,-53.0,-100.0,-100.0,-100.0,-100.0,-100.0,-53.0,-64.0,-100.0,-68.0,-100.0,-100.0,-100.0,-100.0,-100.0,-100.0
B2100,RP36,B,CTK45-dot-B,,26,,0.0,52.0,train,-100.0,-79.0,-100.0,-43.0,-43.0,-100.0,-65.0,-100.0,-57.0,-62.0,-62.0,-59.0,-66.0,-100.0,-70.0,-60.0,-81.0,-80.0,-100.0,-44.0,-37.0,-66.0,-66.0,-100.0,-58.0,-63.0,-62.0,-59.0,-67.0,-100.0,-73.0,-60.0,-100.0,-100.0,-62.0,-62.0
2025:01:13:10:15:11,RP36,A,SM-S908E,2212343.0,32,98.53637060370473,0.0,52.0,train,-69.0,-75.0,-100.0,-36.0,-47.0,-56.0,-63.0,-100.0,-46.0,-54.0,-48.0,-55.0,-62.0,-73.0,-100.0,-60.0,-69.0,-75.0,-100.0,-36.0,-45.0,-56.0,-63.0,-100.0,-46.0,-54.0,-48.0,-55.0,-63.0,-74.0,-61.0,-60.0,-63.0,-63.0,-61.0,-61.0
B2081,RP36,B,CTK45-dot-B,,24,,0.0,52.0,train,-100.0,-100.0,-84.0,-43.0,-46.0,-100.0,-64.0,-100.0,-62.0,-58.0,-55.0,-59.0,-100.0,-77.0,-67.0,-61.0,-100.0,-100.0,-100.0,-44.0,-45.0,-100.0,-64.0,-100.0,-61.0,-58.0,-55.0,-59.0,-100.0,-76.0,-68.0,-62.0,-100.0,-100.0,-58.0,-57.0
B2095,RP36,B,CTK45-dot-B,,32,,0.0,52.0,train,-56.0,-80.0,-100.0,-41.0,-55.0,-60.0,-63.0,-100.0,-56.0,-50.0,-100.0,-51.0,-60.0,-74.0,-59.0,-61.0,-100.0,-82.0,-78.0,-41.0,-53.0,-59.0,-63.0,-100.0,-56.0,-50.0,-100.0,-51.0,-58.0,-74.0,-59.0,-61.0,-61.0,-64.0,-65.0,-64.0
B2082,RP36,B,CTK45-dot-B,,18,,0.0,52.0,train,-100.0,-100.0,-100.0,-100.0,-49.0,-66.0,-70.0,-100.0,-56.0,-58.0,-100.0,-51.0,-100.0,-78.0,-100.0,-63.0,-100.0,-100.0,-100.0,-100.0,-48.0,-66.0,-70.0,-100.0,-57.0,-60.0,-100.0,-51.0,-100.0,-77.0,-100.0,-63.0,-100.0,-100.0,-59.0,-59.0
B2079,RP36,B,CTK45-dot-B,,36,,0.0,52.0,train,-66.0,-83.0,-100.0,-61.0,-57.0,-62.0,-64.0,-100.0,-48.0,-52.0,-49.0,-52.0,-69.0,-69.0,-62.0,-70.0,-67.0,-82.0,-81.0,-61.0,-56.0,-59.0,-64.0,-83.0,-51.0,-52.0,-53.0,-52.0,-70.0,-68.0,-62.0,-70.0,-100.0,-100.0,-69.0,-70.0
2025:01:13:10:08:39,RP36,A,SM-S908E,2212343.0,32,-117.0722313663851,0.0,52.0,train,-70.0,-78.0,-74.0,-39.0,-42.0,-61.0,-73.0,-71.0,-43.0,-53.0,-55.0,-58.0,-56.0,-100.0,-54.0,-64.0,-68.0,-79.0,-74.0,-42.0,-42.0,-59.0,-73.0,-72.0,-43.0,-54.0,-100.0,-58.0,-100.0,-64.0,-54.0,-64.0,-100.0,-100.0,-64.0,-64.0
2025:01:13:10:08:06,RP36,A,SM-S908E,2212343.0,44,-117.21735584631378,0.0,52.0,train,-71.0,-75.0,-80.0,-53.0,-58.0,-62.0,-67.0,-69.0,-43.0,-38.0,-52.0,-54.0,-65.0,-63.0,-62.0,-67.0,-72.0,-75.0,-100.0,-56.0,-58.0,-62.0,-67.0,-70.0,-43.0,-38.0,-52.0,-54.0,-65.0,-63.0,-62.0,-67.0,-60.0,-60.0,-64.0,-64.0
B2090,RP36,B,CTK45-dot-B,,25,,0.0,52.0,train,-100.0,-83.0,-100.0,-36.0,-59.0,-69.0,-63.0,-77.0,-49.0,-54.0,-100.0,-66.0,-100.0,-100.0,-100.0,-70.0,-100.0,-84.0,-100.0,-36.0,-43.0,-100.0,-63.0,-100.0,-49.0,-53.0,-100.0,-66.0,-100.0,-70.0,-100.0,-70.0,-60.0,-60.0,-74.0,-74.0
2025:01:13:10:12:09,RP36,A,SM-S908E,2212343.0,26,169.44603985870788,0.0,52.0,train,-65.0,-75.0,-100.0,-42.0,-39.0,-66.0,-69.0,-73.0,-55.0,-100.0,-49.0,-56.0,-100.0,-100.0,-100.0,-54.0,-64.0,-76.0,-100.0,-43.0,-39.0,-66.0,-69.0,-75.0,-55.0,-61.0,-49.0,-56.0,-100.0,-100.0,-100.0,-54.0,-100.0,-100.0,-69.0,-69.0
B2058,RP36,B,CTK45-dot-B,,18,,0.0,52.0,train,-67.0,-100.0,-100.0,-100.0,-43.0,-100.0,-100.0,-78.0,-100.0,-51.0,-63.0,-69.0,-64.0,-62.0,-100.0,-65.0,-67.0,-100.0,-100.0,-100.0,-43.0,-100.0,-100.0,-78.0,-100.0,-52.0,-63.0,-69.0,-64.0,-62.0,-100.0,-65.0,-100.0,-100.0,-100.0,-100.0
2025:01:13:10:09:48,RP36,A,SM-S908E,2212343.0,26,-123.74681152751441,0.0,52.0,validation,-67.0,-77.0,-100.0,-33.0,-43.0,-100.0,-73.0,-100.0,-49.0,-57.0,-59.0,-64.0,-100.0,-65.0,-56.0,-63.0,-100.0,-78.0,-100.0,-33.0,-43.0,-100.0,-73.0,-100.0,-49.0,-57.0,-59.0,-64.0,-100.0,-100.0,-57.0,-63.0,-60.0,-60.0,-66.0,-66.0
B2076,RP36,B,CTK45-dot-B,,24,,0.0,52.0,validation,-100.0,-79.0,-100.0,-51.0,-53.0,-62.0,-71.0,-100.0,-51.0,-55.0,-53.0,-54.0,-100.0,-66.0,-100.0,-67.0,-100.0,-79.0,-100.0,-52.0,-54.0,-62.0,-71.0,-100.0,-51.0,-56.0,-52.0,-54.0,-100.0,-65.0,-100.0,-67.0,-100.0,-100.0,-73.0,-73.0
2025:01:13:10:10:24,RP36,A,SM-S908E,2212343.0,22,-123.15528989982135,0.0,52.0,validation,-100.0,-78.0,-74.0,-32.0,-44.0,-58.0,-73.0,-100.0,-100.0,-54.0,-100.0,-65.0,-100.0,-100.0,-100.0,-66.0,-100.0,-78.0,-100.0,-32.0,-44.0,-64.0,-73.0,-73.0,-55.0,-54.0,-62.0,-66.0,-100.0,-100.0,-100.0,-66.0,-100.0,-100.0,-67.0,-67.0
B2070,RP36,B,CTK45-dot-B,,22,,0.0,52.0,validation,-100.0,-100.0,-100.0,-100.0,-43.0,-67.0,-64.0,-100.0,-100.0,-65.0,-65.0,-71.0,-100.0,-79.0,-100.0,-50.0,-100.0,-74.0,-100.0,-55.0,-43.0,-66.0,-64.0,-100.0,-100.0,-53.0,-64.0,-71.0,-100.0,-80.0,-100.0,-51.0,-57.0,-56.0,-58.0,-59.0
2025:01:13:10:17:44,RP36,A,SM-S908E,2212343.0,31,-47.55366353091391,0.0,52.0,validation,-59.0,-77.0,-100.0,-57.0,-59.0,-61.0,-63.0,-100.0,-51.0,-50.0,-62.0,-53.0,-62.0,-68.0,-100.0,-65.0,-64.0,-77.0,-100.0,-56.0,-59.0,-60.0,-64.0,-79.0,-51.0,-50.0,-61.0,-54.0,-100.0,-68.0,-100.0,-65.0,-100.0,-100.0,-73.0,-74.0
B2098,RP36,B,CTK45-dot-B,,11,,0.0,52.0,validation,-66.0,-81.0,-100.0,-69.0,-100.0,-100.0,-100.0,-100.0,-58.0,-100.0,-49.0,-100.0,-100.0,-100.0,-100.0,-60.0,-66.0,-81.0,-100.0,-100.0,-100.0,-59.0,-100.0,-100.0,-47.0,-100.0,-100.0,-100.0,-100.0,-100.0,-100.0,-60.0,-100.0,-100.0,-100.0,-100.0
2025:01:13:10:16:27,RP36,A,SM-S908E,2212343.0,23,91.03095007343417,0.0,52.0,validation,-100.0,-74.0,-100.0,-100.0,-46.0,-60.0,-67.0,-100.0,-45.0,-53.0,-100.0,-54.0,-100.0,-73.0,-60.0,-57.0,-100.0,-74.0,-100.0,-100.0,-46.0,-100.0,-67.0,-100.0,-45.0,-52.0,-100.0,-54.0,-100.0,-73.0,-61.0,-57.0,-56.0,-56.0,-62.0,-61.0
B2078,RP36,B,CTK45-dot-B,,35,,0.0,52.0,validation,-70.0,-78.0,-80.0,-63.0,-53.0,-100.0,-70.0,-84.0,-53.0,-54.0,-50.0,-52.0,-70.0,-67.0,-61.0,-67.0,-71.0,-77.0,-81.0,-63.0,-53.0,-100.0,-70.0,-84.0,-53.0,-54.0,-51.0,-52.0,-100.0,-66.0,-62.0,-67.0,-100.0,-100.0,-72.0,-71.0
2025:01:13:10:17:07,RP36,A,SM-S908E,2212343.0,25,-48.40830685869608,0.0,52.0,validation,-100.0,-100.0,-100.0,-37.0,-45.0,-58.0,-64.0,-74.0,-44.0,-53.0,-100.0,-56.0,-100.0,-73.0,-62.0,-59.0,-100.0,-75.0,-100.0,-100.0,-45.0,-58.0,-64.0,-100.0,-44.0,-53.0,-100.0,-56.0,-100.0,-73.0,-100.0,-59.0,-62.0,-62.0,-61.0,-60.0
B2107,RP36,B,CTK45-dot-B,,30,,0.0,52.0,validation,-69.0,-68.0,-86.0,-100.0,-44.0,-58.0,-100.0,-75.0,-43.0,-55.0,-42.0,-51.0,-63.0,-74.0,-65.0,-65.0,-69.0,-69.0,-100.0,-100.0,-45.0,-100.0,-100.0,-74.0,-43.0,-55.0,-42.0,-51.0,-100.0,-74.0,-70.0,-65.0,-56.0,-57.0,-100.0,-100.0
2025:01:13:10:15:52,RP36,A,SM-S908E,2212343.0,34,92.46316694434472,0.0,52.0,validation,-67.0,-76.0,-79.0,-42.0,-46.0,-58.0,-66.0,-100.0,-46.0,-54.0,-48.0,-53.0,-61.0,-74.0,-59.0,-56.0,-67.0,-76.0,-100.0,-42.0,-46.0,-59.0,-66.0,-100.0,-45.0,-54.0,-47.0,-53.0,-61.0,-74.0,-59.0,-56.0,-100.0,-62.0,-62.0,-62.0
B2106,RP36,B,CTK45-dot-B,,16,,0.0,52.0,validation,-66.0,-71.0,-100.0,-40.0,-44.0,-100.0,-100.0,-100.0,-100.0,-100.0,-100.0,-54.0,-100.0,-78.0,-100.0,-67.0,-100.0,-72.0,-100.0,-100.0,-44.0,-100.0,-100.0,-100.0,-100.0,-100.0,-100.0,-54.0,-100.0,-78.0,-100.0,-67.0,-100.0,-100.0,-100.0,-100.0
B2088,RP36,B,CTK45-dot-B,,19,,0.0,52.0,test,-71.0,-83.0,-83.0,-100.0,-100.0,-60.0,-100.0,-81.0,-56.0,-100.0,-50.0,-100.0,-63.0,-100.0,-58.0,-63.0,-72.0,-83.0,-82.0,-100.0,-100.0,-59.0,-100.0,-100.0,-56.0,-100.0,-50.0,-100.0,-70.0,-100.0,-58.0,-63.0,-100.0,-100.0,-100.0,-100.0
B2064,RP36,B,CTK45-dot-B,,18,,0.0,52.0,test,-67.0,-70.0,-100.0,-42.0,-45.0,-100.0,-100.0,-69.0,-100.0,-49.0,-100.0,-50.0,-60.0,-100.0,-100.0,-65.0,-66.0,-70.0,-100.0,-41.0,-44.0,-100.0,-100.0,-68.0,-100.0,-48.0,-100.0,-51.0,-100.0,-70.0,-100.0,-65.0,-100.0,-100.0,-100.0,-100.0
B2091,RP36,B,CTK45-dot-B,,15,,0.0,52.0,test,-64.0,-84.0,-100.0,-44.0,-100.0,-100.0,-100.0,-100.0,-55.0,-100.0,-57.0,-100.0,-65.0,-100.0,-63.0,-70.0,-63.0,-84.0,-100.0,-100.0,-100.0,-100.0,-100.0,-100.0,-56.0,-100.0,-100.0,-100.0,-65.0,-100.0,-68.0,-70.0,-100.0,-100.0,-100.0,-100.0
2025:01:13:10:13:56,RP36,A,SM-S908E,2212343.0,32,95.35821955073764,0.0,52.0,test,-100.0,-75.0,-73.0,-39.0,-47.0,-100.0,-71.0,-100.0,-57.0,-46.0,-47.0,-56.0,-100.0,-74.0,-61.0,-57.0,-100.0,-76.0,-72.0,-39.0,-47.0,-66.0,-71.0,-100.0,-57.0,-46.0,-47.0,-56.0,-100.0,-72.0,-61.0,-57.0,-64.0,-56.0,-63.0,-63.0
B2086,RP36,B,CTK45-dot-B,,29,,0.0,52.0,test,-100.0,-78.0,-100.0,-45.0,-45.0,-68.0,-68.0,-100.0,-58.0,-62.0,-56.0,-55.0,-73.0,-75.0,-62.0,-61.0,-100.0,-78.0,-100.0,-45.0,-46.0,-67.0,-68.0,-100.0,-58.0,-65.0,-58.0,-55.0,-100.0,-75.0,-63.0,-61.0,-64.0,-65.0,-66.0,-66.0
B2101,RP36,B,CTK45-dot-B,,31,,0.0,52.0,test,-68.0,-80.0,-100.0,-42.0,-47.0,-65.0,-66.0,-89.0,-56.0,-64.0,-57.0,-57.0,-72.0,-77.0,-71.0,-63.0,-73.0,-80.0,-100.0,-37.0,-41.0,-64.0,-66.0,-100.0,-57.0,-65.0,-59.0,-58.0,-65.0,-80.0,-72.0,-63.0,-100.0,-100.0,-61.0,-61.0
B2057,RP36,B,CTK45-dot-B,,20,,0.0,52.0,test,-70.0,-77.0,-100.0,-54.0,-59.0,-100.0,-100.0,-85.0,-100.0,-58.0,-54.0,-57.0,-66.0,-70.0,-100.0,-70.0,-100.0,-77.0,-100.0,-100.0,-57.0,-100.0,-100.0,-85.0,-100.0,-59.0,-54.0,-57.0,-68.0,-70.0,-100.0,-69.0,-100.0,-100.0,-100.0,-100.0
2025:01:13:10:19:46,RP36,A,SM-S908E,2212343.0,30,-25.932411290466955,0.0,52.0,test,-100.0,-73.0,-78.0,-100.0,-57.0,-62.0,-71.0,-100.0,-49.0,-47.0,-57.0,-51.0,-67.0,-73.0,-67.0,-64.0,-100.0,-73.0,-78.0,-100.0,-57.0,-62.0,-71.0,-100.0,-49.0,-47.0,-58.0,-51.0,-67.0,-73.0,-68.0,-64.0,-60.0,-58.0,-72.0,-72.0
B2083,RP36,B,CTK45-dot-B,,23,,0.0,52.0,test,-100.0,-78.0,-83.0,-39.0,-48.0,-100.0,-67.0,-100.0,-53.0,-100.0,-100.0,-54.0,-73.0,-76.0,-100.0,-64.0,-100.0,-77.0,-83.0,-39.0,-49.0,-100.0,-67.0,-100.0,-55.0,-59.0,-100.0,-54.0,-100.0,-77.0,-100.0,-65.0,-62.0,-100.0,-61.0,-61.0
B2094,RP36,B,CTK45-dot-B,,37,,0.0,52.0,test,-64.0,-83.0,-100.0,-48.0,-54.0,-59.0,-62.0,-82.0,-51.0,-44.0,-57.0,-50.0,-62.0,-100.0,-61.0,-70.0,-64.0,-83.0,-100.0,-46.0,-52.0,-65.0,-62.0,-87.0,-60.0,-44.0,-64.0,-51.0,-100.0,-100.0,-61.0,-70.0,-61.0,-60.0,-68.0,-67.0
2025:01:13:10:12:44,RP36,A,SM-S908E,2212343.0,22,169.1312740347969,0.0,52.0,test,-100.0,-76.0,-100.0,-100.0,-39.0,-100.0,-71.0,-100.0,-47.0,-63.0,-45.0,-58.0,-61.0,-100.0,-50.0,-55.0,-100.0,-76.0,-100.0,-44.0,-39.0,-100.0,-71.0,-100.0,-46.0,-63.0,-100.0,-58.0,-100.0,-77.0,-49.0,-55.0,-100.0,-100.0,-66.0,-65.0
2025:01:13:10:18:34,RP36,A,SM-S908E,2212343.0,26,-49.62049991486728,0.0,52.0,test,-65.0,-76.0,-100.0,-100.0,-60.0,-100.0,-64.0,-77.0,-49.0,-51.0,-58.0,-53.0,-100.0,-67.0,-100.0,-63.0,-65.0,-76.0,-100.0,-100.0,-60.0,-100.0,-64.0,-78.0,-49.0,-53.0,-59.0,-53.0,-100.0,-67.0,-100.0,-64.0,-100.0,-100.0,-75.0,-75.0
B2121,RP37,B,CTK45-dot-B,,26,,9.0,52.0,train,-67.0,-75.0,-100.0,-100.0,-53.0,-100.0,-100.0,-88.0,-100.0,-59.0,-58.0,-66.0,-57.0,-75.0,-55.0,-63.0,-68.0,-75.0,-100.0,-100.0,-53.0,-100.0,-100.0,-86.0,-100.0,-59.0,-57.0,-66.0,-55.0,-74.0,-53.0,-63.0,-55.0,-58.0,-100.0,-100.0
B2157,RP37,B,CTK45-dot-B,,14,,9.0,52.0,train,-100.0,-76.0,-100.0,-48.0,-52.0,-100.0,-100.0,-100.0,-100.0,-100.0,-55.0,-66.0,-100.0,-74.0,-100.0,-64.0,-100.0,-76.0,-100.0,-48.0,-54.0,-100.0,-100.0,-100.0,-100.0,-100.0,-56.0,-67.0,-100.0,-73.0,-100.0,-64.0,-100.0,-100.0,-100.0,-100.0
B2113,RP37,B,CTK45-dot-B,,30,,9.0,52.0,train,-69.0,-81.0,-100.0,-48.0,-53.0,-65.0,-73.0,-77.0,-48.0,-54.0,-68.0,-61.0,-100.0,-68.0,-65.0,-100.0,-73.0,-80.0,-100.0,-48.0,-50.0,-64.0,-72.0,-75.0,-47.0,-54.0,-100.0,-61.0,-100.0,-68.0,-65.0,-72.0,-62.0,-62.0,-62.0,-62.0
B2159,RP37,B,CTK45-dot-B,,20,,9.0,52.0,train,-100.0,-77.0,-100.0,-100.0,-49.0,-63.0,-67.0,-100.0,-54.0,-100.0,-100.0,-61.0,-100.0,-77.0,-100.0,-67.0,-100.0,-77.0,-100.0,-100.0,-49.0,-61.0,-67.0,-100.0,-54.0,-56.0,-100.0,-61.0,-100.0,-76.0,-100.0,-67.0,-100.0,-100.0,-62.0,-62.0
B2151,RP37,B,CTK45-dot-B,,19,,9.0,52.0,train,-100.0,-100.0,-100.0,-100.0,-52.0,-64.0,-68.0,-77.0,-100.0,-50.0,-61.0,-61.0,-100.0,-70.0,-100.0,-68.0,-100.0,-100.0,-100.0,-100.0,-52.0,-100.0,-68.0,-77.0,-100.0,-51.0,-100.0,-62.0,-100.0,-70.0,-100.0,-67.0,-67.0,-100.0,-62.0,-63.0
2025:01:13:11:15:05,RP37,A,SM-S908E,2212343.0,24,-35.74437884927095,9.0,52.0,train,-100.0,-76.0,-100.0,-54.0,-57.0,-60.0,-69.0,-100.0,-39.0,-50.0,-57.0,-57.0,-100.0,-100.0,-52.0,-58.0,-100.0,-76.0,-100.0,-100.0,-57.0,-61.0,-69.0,-100.0,-39.0,-50.0,-57.0,-57.0,-100.0,-73.0,-53.0,-58.0,-100.0,-100.0,-72.0,-71.0
2025:01:13:11:08:58,RP37,A,SM-S908E,2212343.0,28,178.13581571771542,9.0,52.0,train,-100.0,-74.0,-75.0,-44.0,-51.0,-56.0,-68.0,-94.0,-51.0,-63.0,-100.0,-67.0,-100.0,-74.0,-51.0,-58.0,-100.0,-73.0,-75.0,-44.0,-50.0,-66.0,-68.0,-68.0,-51.0,-63.0,-100.0,-67.0,-100.0,-74.0,-51.0,-58.0,-100.0,-100.0,-59.0,-59.0
B2128,RP37,B,CTK45-dot-B,,23,,9.0,52.0,train,-100.0,-79.0,-100.0,-43.0,-50.0,-100.0,-64.0,-78.0,-100.0,-52.0,-100.0,-59.0,-100.0,-73.0,-59.0,-63.0,-100.0,-79.0,-100.0,-42.0,-50.0,-100.0,-64.0,-79.0,-100.0,-52.0,-100.0,-100.0,-100.0,-74.0,-100.0,-63.0,-61.0,-100.0,-67.0,-66.0
2025:01:13:11:14:27,RP37,A,SM-S908E,2212343.0,26,-43.85998797219993,9.0,52.0,train,-66.0,-74.0,-100.0,-46.0,-49.0,-100.0,-67.0,-100.0,-100.0,-51.0,-54.0,-62.0,-100.0,-76.0,-62.0,-55.0,-66.0,-74.0,-100.0,-46.0,-49.0,-100.0,-68.0,-100.0,-100.0,-51.0,-54.0,-62.0,-100.0,-76.0,-61.0,-55.0,-100.0,-100.0,-57.0,-57.0
B2143,RP37,B,CTK45-dot-B,,23,,9.0,52.0,train,-67.0,-79.0,-79.0,-100.0,-49.0,-100.0,-72.0,-77.0,-60.0,-58.0,-100.0,-60.0,-100.0,-79.0,-100.0,-64.0,-100.0,-79.0,-78.0,-100.0,-49.0,-100.0,-72.0,-78.0,-61.0,-58.0,-100.0,-60.0,-100.0,-77.0,-100.0,-64.0,-100.0,-100.0,-68.0,-67.0
B2120,RP37,B,CTK45-dot-B,,22,,9.0,52.0,train,-62.0,-78.0,-100.0,-51.0,-51.0,-100.0,-100.0,-69.0,-100.0,-55.0,-59.0,-64.0,-60.0,-74.0,-100.0,-64.0,-65.0,-79.0,-100.0,-51.0,-50.0,-100.0,-100.0,-69.0,-100.0,-55.0,-57.0,-64.0,-61.0,-74.0,-100.0,-64.0,-100.0,-100.0,-100.0,-100.0
2025:01:13:11:09:46,RP37,A,SM-S908E,2212343.0,28,175.65858685384373,9.0,52.0,train,-66.0,-74.0,-73.0,-51.0,-46.0,-60.0,-71.0,-100.0,-100.0,-62.0,-100.0,-66.0,-62.0,-76.0,-58.0,-57.0,-66.0,-74.0,-73.0,-51.0,-46.0,-100.0,-71.0,-100.0,-100.0,-62.0,-100.0,-66.0,-62.0,-76.0,-58.0,-57.0,-100.0,-100.0,-61.0,-61.0
2025:01:13:11:06:07,RP37,A,SM-S908E,2212343.0,32,-107.11450563633102,9.0,52.0,train,-58.0,-78.0,-71.0,-54.0,-65.0,-60.0,-72.0,-73.0,-42.0,-55.0,-58.0,-60.0,-100.0,-74.0,-59.0,-67.0,-58.0,-78.0,-100.0,-53.0,-51.5,-61.0,-72.0,-73.0,-42.0,-55.0,-60.0,-60.0,-55.0,-74.0,-58.0,-67.0,-100.0,-100.0,-63.0,-63.0
B2154,RP37,B,CTK45-dot-B,,22,,9.0,52.0,train,-66.0,-78.0,-81.0,-100.0,-46.0,-100.0,-72.0,-78.0,-100.0,-49.0,-68.0,-61.0,-100.0,-72.0,-100.0,-63.0,-100.0,-78.0,-100.0,-100.0,-46.0,-100.0,-72.0,-79.0,-100.0,-47.0,-68.0,-62.0,-100.0,-72.0,-100.0,-64.0,-100.0,-100.0,-66.0,-65.0
2025:01:13:11:15:43,RP37,A,SM-S908E,2212343.0,33,-45.03201095735451,9.0,52.0,train,-65.0,-75.0,-75.0,-55.0,-58.0,-60.0,-68.0,-69.0,-43.0,-49.0,-100.0,-57.0,-57.0,-72.0,-59.0,-56.0,-65.0,-75.0,-76.0,-55.0,-58.0,-100.0,-68.0,-69.0,-43.0,-49.0,-100.0,-57.0,-57.0,-72.0,-59.0,-56.0,-100.0,-100.0,-68.0,-68.0
B2115,RP37,B,CTK45-dot-B,,25,,9.0,52.0,train,-65.0,-85.0,-100.0,-100.0,-54.0,-74.0,-76.0,-100.0,-43.0,-51.0,-66.0,-100.0,-100.0,-69.0,-58.0,-72.0,-64.0,-83.0,-100.0,-100.0,-52.0,-74.0,-75.0,-100.0,-44.0,-50.0,-100.0,-100.0,-100.0,-69.0,-58.0,-73.0,-65.0,-64.0,-62.0,-62.0
B2165,RP37,B,CTK45-dot-B,,27,,9.0,52.0,train,-76.0,-80.0,-100.0,-49.0,-53.0,-63.0,-100.0,-79.0,-49.0,-58.0,-66.0,-67.0,-54.0,-70.0,-100.0,-73.0,-100.0,-80.0,-100.0,-52.0,-52.0,-64.0,-100.0,-79.0,-49.0,-58.0,-66.0,-67.0,-56.0,-71.0,-100.0,-73.0,-66.0,-100.0,-100.0,-100.0
B2142,RP37,B,CTK45-dot-B,,26,,9.0,52.0,train,-100.0,-80.0,-75.0,-100.0,-100.0,-62.0,-69.0,-78.0,-52.0,-51.0,-67.0,-58.0,-100.0,-100.0,-64.0,-63.0,-100.0,-81.0,-78.0,-100.0,-100.0,-63.0,-69.0,-77.0,-100.0,-52.0,-66.0,-58.0,-100.0,-100.0,-76.0,-64.0,-56.0,-55.0,-66.0,-66.0
B2125,RP37,B,CTK45-dot-B,,15,,9.0,52.0,train,-100.0,-87.0,-100.0,-47.0,-100.0,-66.0,-100.0,-100.0,-59.0,-100.0,-100.0,-100.0,-100.0,-100.0,-58.0,-66.0,-100.0,-87.0,-68.0,-47.0,-100.0,-100.0,-100.0,-85.0,-59.0,-100.0,-100.0,-100.0,-100.0,-100.0,-58.0,-66.0,-58.0,-57.0,-100.0,-100.0
2025:01:13:11:11:02,RP37,A,SM-S908E,2212343.0,33,71.8785065091017,9.0,52.0,train,-66.0,-75.0,-74.0,-47.0,-49.0,-61.0,-69.0,-100.0,-39.0,-50.0,-100.0,-64.0,-70.0,-72.0,-64.0,-64.0,-66.0,-75.0,-74.0,-47.0,-49.0,-56.0,-69.0,-72.0,-39.0,-50.0,-100.0,-64.0,-100.0,-72.0,-65.0,-64.0,-57.0,-57.0,-61.0,-61.0
B2150,RP37,B,CTK45-dot-B,,23,,9.0,52.0,train,-100.0,-100.0,-100.0,-55.0,-53.0,-67.0,-66.0,-79.0,-50.0,-50.0,-71.0,-65.0,-100.0,-67.0,-100.0,-69.0,-100.0,-100.0,-100.0,-56.0,-53.0,-100.0,-66.0,-80.0,-50.0,-62.0,-71.0,-65.0,-100.0,-67.0,-100.0,-69.0,-100.0,-100.0,-65.0,-65.0
B2137,RP37,B,CTK45-dot-B,,6,,9.0,52.0,train,-100.0,-84.0,-100.0,-100.0,-100.0,-100.0,-100.0,-100.0,-100.0,-100.0,-100.0,-100.0,-100.0,-100.0,-62.0,-73.0,-100.0,-84.0,-100.0,-100.0,-100.0,-100.0,-100.0,-100.0,-100.0,-100.0,-100.0,-100.0,-100.0,-100.0,-68.0,-73.0,-100.0,-100.0,-100.0,-100.0
B2153,RP37,B,CTK45-dot-B,,20,,9.0,52.0,train,-67.0,-80.0,-100.0,-100.0,-45.0,-68.0,-70.0,-100.0,-47.0,-48.0,-100.0,-57.0,-100.0,-100.0,-100.0,-64.0,-100.0,-80.0,-100.0,-100.0,-46.0,-68.0,-71.0,-100.0,-48.0,-49.0,-100.0,-57.0,-100.0,-100.0,-100.0,-65.0,-100.0,-100.0,-100.0,-66.0
B2131,RP37,B,CTK45-dot-B,,23,,9.0,52.0,train,-100.0,-79.0,-100.0,-100.0,-57.0,-64.0,-67.0,-100.0,-54.0,-51.0,-100.0,-60.0,-100.0,-77.0,-71.0,-64.0,-100.0,-79.0,-100.0,-100.0,-55.0,-64.0,-67.0,-100.0,-61.0,-50.0,-100.0,-60.0,-100.0,-100.0,-70.0,-64.0,-61.0,-61.0,-63.0,-64.0
B2118,RP37,B,CTK45-dot-B,,30,,9.0,52.0,train,-100.0,-76.0,-74.0,-49.0,-54.0,-100.0,-100.0,-82.0,-40.0,-50.0,-100.0,-57.0,-100.0,-70.0,-62.0,-64.0,-61.0,-76.0,-74.0,-49.0,-50.0,-64.0,-100.0,-82.0,-45.0,-50.0,-58.0,-57.0,-100.0,-70.0,-62.0,-65.0,-64.0,-64.0,-100.0,-100.0
B2117,RP37,B,CTK45-dot-B,,19,,9.0,52.0,train,-100.0,-77.0,-100.0,-49.0,-51.0,-100.0,-100.0,-82.0,-100.0,-51.0,-100.0,-65.0,-100.0,-75.0,-100.0,-69.0,-100.0,-77.0,-100.0,-49.0,-51.0,-64.0,-100.0,-82.0,-100.0,-51.0,-100.0,-65.0,-100.0,-75.0,-100.0,-69.0,-100.0,-100.0,-100.0,-100.0
2025:01:13:11:04:16,RP37,A,SM-S908E,2212343.0,31,-106.57087755073293,9.0,52.0,train,-100.0,-67.0,-100.0,-46.0,-51.0,-69.0,-61.0,-100.0,-54.0,-49.0,-58.0,-54.0,-72.0,-75.0,-56.0,-57.0,-100.0,-67.0,-67.0,-47.0,-50.0,-63.0,-61.0,-100.0,-55.0,-50.0,-53.0,-55.0,-100.0,-75.0,-56.0,-57.0,-58.0,-58.0,-76.0,-76.0
B2114,RP37,B,CTK45-dot-B,,14,,9.0,52.0,train,-100.0,-100.0,-100.0,-100.0,-49.0,-100.0,-100.0,-100.0,-100.0,-54.0,-61.0,-71.0,-68.0,-76.0,-100.0,-71.0,-100.0,-100.0,-100.0,-100.0,-49.0,-100.0,-100.0,-100.0,-100.0,-54.0,-62.0,-71.0,-66.0,-76.0,-100.0,-71.0,-100.0,-100.0,-100.0,-100.0
B2152,RP37,B,CTK45-dot-B,,27,,9.0,52.0,train,-71.0,-80.0,-82.0,-52.0,-50.0,-100.0,-69.0,-100.0,-51.0,-50.0,-61.0,-61.0,-65.0,-100.0,-66.0,-68.0,-100.0,-80.0,-100.0,-52.0,-49.0,-100.0,-69.0,-100.0,-100.0,-52.0,-61.0,-61.0,-63.0,-100.0,-67.0,-68.0,-68.0,-100.0,-64.0,-64.0
B2124,RP37,B,CTK45-dot-B,,22,,9.0,52.0,train,-100.0,-79.0,-82.0,-49.0,-59.0,-100.0,-72.0,-81.0,-100.0,-52.0,-100.0,-68.0,-100.0,-100.0,-62.0,-64.0,-100.0,-80.0,-80.0,-48.0,-59.0,-64.0,-72.0,-82.0,-100.0,-56.0,-100.0,-69.0,-100.0,-100.0,-100.0,-64.0,-100.0,-100.0,-67.0,-67.0
2025:01:13:11:07:41,RP37,A,SM-S908E,2212343.0,31,176.38313209283228,9.0,52.0,train,-59.0,-77.0,-69.0,-100.0,-47.0,-59.0,-71.0,-75.0,-51.0,-53.0,-57.0,-60.0,-55.0,-69.0,-58.0,-65.0,-58.0,-77.0,-69.0,-100.0,-47.0,-60.0,-71.0,-72.0,-51.0,-53.0,-63.0,-60.0,-100.0,-69.0,-100.0,-65.0,-100.0,-100.0,-64.0,-64.0
B2119,RP37,B,CTK45-dot-B,,14,,9.0,52.0,train,-100.0,-74.0,-100.0,-100.0,-50.0,-100.0,-100.0,-100.0,-100.0,-50.0,-100.0,-69.0,-100.0,-68.0,-100.0,-63.0,-100.0,-74.0,-100.0,-100.0,-51.0,-100.0,-100.0,-100.0,-100.0,-50.0,-100.0,-69.0,-100.0,-68.0,-100.0,-63.0,-100.0,-100.0,-100.0,-100.0
B2141,RP37,B,CTK45-dot-B,,11,,9.0,52.0,train,-100.0,-100.0,-100.0,-100.0,-62.0,-100.0,-100.0,-100.0,-100.0,-53.0,-100.0,-68.0,-100.0,-73.0,-100.0,-70.0,-100.0,-100.0,-100.0,-100.0,-61.0,-100.0,-100.0,-100.0,-100.0,-53.0,-100.0,-68.0,-100.0,-73.0,-100.0,-69.0,-100.0,-100.0,-100.0,-100.0
B2112,RP37,B,CTK45-dot-B,,32,,9.0,52.0,train,-68.0,-82.0,-89.0,-48.0,-39.0,-100.0,-65.0,-86.0,-100.0,-53.0,-69.0,-70.0,-70.0,-71.0,-61.0,-100.0,-69.0,-82.0,-90.0,-100.0,-52.0,-100.0,-64.0,-85.0,-100.0,-68.0,-68.0,-70.0,-71.0,-70.0,-62.0,-100.0,-51.0,-51.0,-60.0,-60.0
B2139,RP37,B,CTK45-dot-B,,28,,9.0,52.0,train,-100.0,-81.0,-78.0,-51.0,-55.0,-100.0,-68.0,-81.0,-59.0,-61.0,-78.0,-62.0,-100.0,-100.0,-60.0,-66.0,-100.0,-81.0,-69.0,-51.0,-55.0,-100.0,-68.0,-73.0,-59.0,-61.0,-79.0,-62.0,-100.0,-100.0,-60.0,-66.0,-60.0,-61.0,-58.0,-58.0
2025:01:13:11:16:19,RP37,A,SM-S908E,2212343.0,21,-38.31813620471954,9.0,52.0,train,-100.0,-80.0,-100.0,-100.0,-58.0,-56.0,-67.0,-100.0,-35.0,-53.0,-100.0,-57.0,-100.0,-100.0,-51.0,-58.0,-100.0,-80.0,-100.0,-100.0,-58.0,-100.0,-67.0,-100.0,-36.0,-53.0,-100.0,-57.0,-100.0,-74.0,-51.0,-58.0,-100.0,-62.0,-78.0,-78.0
2025:01:13:11:06:54,RP37,A,SM-S908E,2212343.0,31,-113.31721494612442,9.0,52.0,train,-62.0,-77.0,-100.0,-43.0,-50.0,-100.0,-73.0,-100.0,-50.0,-55.0,-68.0,-60.0,-61.0,-71.0,-57.0,-66.0,-62.0,-77.0,-73.0,-44.0,-50.0,-63.0,-73.0,-100.0,-100.0,-55.0,-68.0,-60.0,-62.0,-71.0,-57.0,-66.0,-61.0,-62.0,-66.0,-66.0
B2169,RP37,B,CTK45-dot-B,,34,,9.0,52.0,train,-70.0,-83.0,-78.0,-45.0,-47.0,-62.0,-69.0,-74.0,-51.0,-54.0,-100.0,-55.0,-62.0,-100.0,-67.0,-65.0,-70.0,-82.0,-80.0,-45.0,-47.0,-63.0,-69.0,-74.0,-51.0,-54.0,-100.0,-56.0,-63.0,-69.0,-67.0,-66.0,-56.0,-56.0,-67.0,-66.0
B2130,RP37,B,CTK45-dot-B,,10,,9.0,52.0,train,-100.0,-77.0,-100.0,-43.0,-100.0,-100.0,-100.0,-80.0,-43.0,-100.0,-61.0,-100.0,-100.0,-100.0,-100.0,-100.0,-100.0,-77.0,-100.0,-50.0,-100.0,-100.0,-100.0,-100.0,-43.0,-100.0,-100.0,-100.0,-100.0,-100.0,-100.0,-100.0,-63.0,-62.0,-100.0,-100.0
B2144,RP37,B,CTK45-dot-B,,25,,9.0,52.0,train,-100.0,-81.0,-100.0,-41.0,-45.0,-61.0,-68.0,-100.0,-49.0,-51.0,-100.0,-64.0,-100.0,-78.0,-100.0,-66.0,-100.0,-81.0,-100.0,-42.0,-45.0,-61.0,-68.0,-85.0,-50.0,-52.0,-100.0,-64.0,-100.0,-79.0,-100.0,-66.0,-54.0,-55.0,-62.0,-62.0
B2149,RP37,B,CTK45-dot-B,,30,,9.0,52.0,train,-100.0,-79.0,-80.0,-59.0,-53.0,-57.0,-66.0,-88.0,-50.0,-53.0,-100.0,-64.0,-100.0,-76.0,-100.0,-64.0,-100.0,-79.0,-100.0,-60.0,-53.0,-58.0,-66.0,-81.0,-50.0,-53.0,-59.0,-64.0,-100.0,-76.0,-100.0,-64.0,-60.0,-60.0,-63.0,-62.0
B2164,RP37,B,CTK45-dot-B,,20,,9.0,52.0,train,-68.0,-80.0,-100.0,-100.0,-56.0,-100.0,-100.0,-100.0,-55.0,-48.0,-60.0,-69.0,-54.0,-68.0,-100.0,-66.0,-100.0,-80.0,-100.0,-100.0,-60.0,-100.0,-100.0,-100.0,-56.0,-49.0,-100.0,-69.0,-56.0,-68.0,-100.0,-66.0,-100.0,-100.0,-100.0,-100.0
B2162,RP37,B,CTK45-dot-B,,14,,9.0,52.0,train,-100.0,-100.0,-100.0,-100.0,-55.0,-100.0,-100.0,-100.0,-100.0,-51.0,-69.0,-69.0,-62.0,-100.0,-100.0,-70.0,-73.0,-100.0,-100.0,-100.0,-56.0,-100.0,-100.0,-100.0,-100.0,-51.0,-69.0,-69.0,-63.0,-74.0,-100.0,-71.0,-100.0,-100.0,-100.0,-100.0
2025:01:13:11:11:53,RP37,A,SM-S908E,2212343.0,34,62.15926873169285,9.0,52.0,train,-65.0,-75.0,-68.0,-50.0,-49.0,-57.0,-66.0,-68.0,-43.0,-45.0,-49.0,-60.0,-100.0,-78.0,-55.0,-56.0,-66.0,-75.0,-69.0,-50.0,-49.0,-58.0,-66.0,-68.0,-44.0,-45.0,-49.0,-61.0,-100.0,-78.0,-56.0,-56.0,-61.0,-65.0,-60.0,-60.0
2025:01:13:11:10:21,RP37,A,SM-S908E,2212343.0,27,179.65065310268386,9.0,52.0,train,-100.0,-74.0,-100.0,-100.0,-45.0,-56.0,-69.0,-100.0,-61.0,-60.0,-100.0,-61.0,-100.0,-76.0,-52.0,-60.0,-64.0,-74.0,-100.0,-44.0,-45.0,-58.0,-69.0,-74.0,-61.0,-60.0,-100.0,-62.0,-100.0,-76.0,-52.0,-60.0,-54.0,-54.0,-59.0,-59.0
B2148,RP37,B,CTK45-dot-B,,27,,9.0,52.0,train,-72.0,-100.0,-100.0,-52.0,-50.0,-59.0,-66.0,-100.0,-49.0,-54.0,-63.0,-62.0,-61.0,-76.0,-58.0,-58.0,-71.0,-100.0,-100.0,-51.0,-50.0,-59.0,-66.0,-100.0,-100.0,-57.0,-64.0,-61.0,-61.0,-76.0,-100.0,-58.0,-60.0,-100.0,-65.0,-64.0
B2126,RP37,B,CTK45-dot-B,,17,,9.0,52.0,train,-70.0,-79.0,-68.0,-48.0,-100.0,-100.0,-100.0,-79.0,-59.0,-100.0,-71.0,-100.0,-100.0,-100.0,-60.0,-67.0,-70.0,-80.0,-69.0,-49.0,-100.0,-100.0,-100.0,-80.0,-59.0,-100.0,-100.0,-100.0,-100.0,-100.0,-60.0,-67.0,-100.0,-100.0,-100.0,-100.0
2025:01:13:11:04:51,RP37,A,SM-S908E,2212343.0,30,-116.36720106989868,9.0,52.0,train,-56.0,-76.0,-60.0,-36.0,-48.0,-100.0,-71.0,-68.0,-50.0,-55.0,-100.0,-64.0,-56.0,-71.0,-58.0,-63.0,-56.0,-76.0,-100.0,-100.0,-48.0,-100.0,-71.0,-68.0,-50.0,-55.0,-100.0,-64.0,-55.0,-71.0,-58.0,-63.0,-100.0,-100.0,-66.0,-66.0
B2170,RP37,B,CTK45-dot-B,,30,,9.0,52.0,train,-100.0,-78.0,-87.0,-54.0,-51.0,-67.0,-72.0,-87.0,-52.0,-53.0,-68.0,-67.0,-100.0,-72.0,-100.0,-63.0,-100.0,-78.0,-87.0,-54.0,-51.0,-67.0,-72.0,-84.0,-56.0,-53.0,-72.0,-68.0,-100.0,-72.0,-100.0,-63.0,-66.0,-65.0,-66.0,-67.0
B2145,RP37,B,CTK45-dot-B,,19,,9.0,52.0,train,-100.0,-82.0,-100.0,-100.0,-53.0,-100.0,-65.0,-100.0,-52.0,-58.0,-100.0,-67.0,-100.0,-75.0,-60.0,-63.0,-100.0,-82.0,-100.0,-100.0,-53.0,-100.0,-65.0,-100.0,-52.0,-59.0,-100.0,-67.0,-100.0,-75.0,-100.0,-64.0,-100.0,-100.0,-63.0,-62.0
B2133,RP37,B,CTK45-dot-B,,28,,9.0,52.0,train,-100.0,-85.0,-100.0,-57.0,-63.0,-65.0,-70.0,-100.0,-48.0,-53.0,-64.0,-59.0,-100.0,-73.0,-53.0,-73.0,-100.0,-85.0,-100.0,-100.0,-61.0,-66.0,-69.0,-100.0,-48.0,-52.0,-65.0,-59.0,-100.0,-72.0,-54.0,-73.0,-62.0,-63.0,-69.0,-69.0
B2129,RP37,B,CTK45-dot-B,,19,,9.0,52.0,train,-69.0,-78.0,-100.0,-41.0,-100.0,-62.0,-100.0,-100.0,-44.0,-100.0,-58.0,-100.0,-60.0,-100.0,-55.0,-61.0,-69.0,-78.0,-100.0,-41.0,-100.0,-56.0,-100.0,-100.0,-44.0,-100.0,-66.0,-100.0,-58.0,-100.0,-55.0,-61.0,-64.0,-100.0,-100.0,-100.0
2025:01:13:11:12:29,RP37,A,SM-S908E,2212343.0,26,64.5757182326571,9.0,52.0,train,-100.0,-71.0,-100.0,-45.0,-51.0,-100.0,-68.0,-100.0,-42.0,-52.0,-100.0,-61.0,-100.0,-75.0,-61.0,-55.0,-63.0,-71.0,-100.0,-45.0,-51.0,-57.0,-68.0,-100.0,-42.0,-52.0,-100.0,-61.0,-100.0,-75.0,-62.0,-55.0,-62.0,-61.0,-64.0,-64.0
2025:01:13:11:05:28,RP37,A,SM-S908E,2212343.0,34,-108.47707948724343,9.0,52.0,train,-58.0,-75.0,-65.0,-39.0,-44.0,-68.0,-69.0,-72.0,-47.0,-55.0,-100.0,-62.0,-100.0,-68.0,-61.0,-63.0,-58.0,-75.0,-100.0,-40.0,-44.0,-69.0,-69.0,-100.0,-48.0,-55.0,-100.0,-62.0,-59.0,-68.0,-61.0,-63.0,-52.0,-52.0,-68.0,-67.0
B2136,RP37,B,CTK45-dot-B,,15,,9.0,52.0,train,-63.0,-86.0,-100.0,-100.0,-100.0,-76.0,-100.0,-75.0,-41.0,-100.0,-100.0,-100.0,-51.0,-100.0,-63.0,-100.0,-63.0,-86.0,-80.0,-100.0,-100.0,-69.0,-100.0,-76.0,-41.0,-100.0,-100.0,-100.0,-100.0,-100.0,-100.0,-100.0,-65.0,-64.0,-100.0,-100.0
B2156,RP37,B,CTK45-dot-B,,23,,9.0,52.0,train,-67.0,-77.0,-100.0,-100.0,-53.0,-61.0,-100.0,-100.0,-53.0,-57.0,-100.0,-66.0,-56.0,-74.0,-53.0,-63.0,-68.0,-77.0,-100.0,-100.0,-53.0,-62.0,-100.0,-100.0,-100.0,-57.0,-100.0,-67.0,-56.0,-74.0,-53.0,-63.0,-100.0,-100.0,-100.0,-100.0
2025:01:13:11:13:09,RP37,A,SM-S908E,2212343.0,22,76.02704753179208,9.0,52.0,validation,-50.0,-74.0,-72.0,-43.0,-50.0,-54.0,-67.0,-100.0,-42.0,-51.0,-100.0,-66.0,-100.0,-100.0,-62.0,-53.0,-58.0,-74.0,-100.0,-100.0,-51.0,-100.0,-67.0,-100.0,-42.0,-51.0,-100.0,-66.0,-100.0,-100.0,-100.0,-53.0,-100.0,-100.0,-68.0,-68.0
B2116,RP37,B,CTK45-dot-B,,26,,9.0,52.0,validation,-100.0,-85.0,-100.0,-54.0,-60.0,-63.0,-65.0,-77.0,-52.0,-50.0,-100.0,-57.0,-55.0,-73.0,-58.0,-68.0,-100.0,-85.0,-100.0,-62.0,-100.0,-63.0,-65.0,-77.0,-54.0,-50.0,-100.0,-57.0,-100.0,-73.0,-65.0,-68.0,-100.0,-100.0,-66.0,-67.0
B2166,RP37,B,CTK45-dot-B,,19,,9.0,52.0,validation,-100.0,-85.0,-100.0,-58.0,-54.0,-100.0,-100.0,-78.0,-100.0,-61.0,-68.0,-70.0,-100.0,-70.0,-100.0,-75.0,-100.0,-85.0,-100.0,-53.0,-56.0,-100.0,-100.0,-79.0,-100.0,-61.0,-68.0,-72.0,-100.0,-70.0,-100.0,-75.0,-100.0,-100.0,-100.0,-100.0
B2134,RP37,B,CTK45-dot-B,,16,,9.0,52.0,validation,-79.0,-86.0,-80.0,-100.0,-100.0,-62.0,-100.0,-100.0,-100.0,-100.0,-66.0,-100.0,-100.0,-100.0,-60.0,-75.0,-80.0,-86.0,-100.0,-100.0,-100.0,-61.0,-100.0,-100.0,-55.0,-100.0,-67.0,-100.0,-100.0,-100.0,-55.0,-75.0,-63.0,-63.0,-100.0,-100.0
B2168,RP37,B,CTK45-dot-B,,22,,9.0,52.0,validation,-100.0,-82.0,-100.0,-48.0,-55.0,-100.0,-69.0,-86.0,-100.0,-53.0,-68.0,-64.0,-100.0,-100.0,-100.0,-65.0,-100.0,-81.0,-100.0,-47.0,-55.0,-100.0,-70.0,-87.0,-100.0,-55.0,-66.0,-63.0,-100.0,-100.0,-100.0,-65.0,-67.0,-65.0,-67.0,-67.0
2025:01:13:11:13:52,RP37,A,SM-S908E,2212343.0,32,77.04621339861488,9.0,52.0,validation,-59.0,-75.0,-100.0,-45.0,-49.0,-60.0,-68.0,-69.0,-45.0,-50.0,-100.0,-63.0,-51.0,-72.0,-51.0,-54.0,-59.0,-75.0,-100.0,-44.0,-49.0,-60.0,-68.0,-69.0,-46.0,-50.0,-100.0,-63.0,-100.0,-73.0,-58.0,-54.0,-56.0,-56.0,-63.0,-63.0
B2163,RP37,B,CTK45-dot-B,,17,,9.0,52.0,validation,-66.0,-100.0,-100.0,-53.0,-48.0,-100.0,-100.0,-100.0,-100.0,-58.0,-66.0,-70.0,-67.0,-70.0,-100.0,-75.0,-66.0,-100.0,-100.0,-52.0,-47.0,-60.0,-100.0,-100.0,-100.0,-57.0,-100.0,-71.0,-100.0,-70.0,-100.0,-75.0,-100.0,-100.0,-100.0,-100.0
B2155,RP37,B,CTK45-dot-B,,25,,9.0,52.0,validation,-100.0,-72.0,-100.0,-100.0,-48.0,-57.0,-59.0,-100.0,-66.0,-65.0,-100.0,-62.0,-100.0,-78.0,-67.0,-60.0,-100.0,-72.0,-100.0,-100.0,-49.0,-57.0,-58.0,-100.0,-67.0,-60.0,-100.0,-62.0,-100.0,-79.0,-67.0,-60.0,-51.0,-54.0,-50.0,-49.0
B2135,RP37,B,CTK45-dot-B,,16,,9.0,52.0,validation,-100.0,-87.0,-100.0,-100.0,-100.0,-59.0,-100.0,-88.0,-51.0,-100.0,-64.0,-100.0,-64.0,-100.0,-53.0,-73.0,-80.0,-88.0,-100.0,-100.0,-100.0,-59.0,-100.0,-90.0,-50.0,-100.0,-100.0,-100.0,-56.0,-100.0,-53.0,-73.0,-100.0,-100.0,-100.0,-100.0
B2147,RP37,B,CTK45-dot-B,,23,,9.0,52.0,validation,-69.0,-78.0,-100.0,-100.0,-48.0,-60.0,-67.0,-100.0,-45.0,-56.0,-100.0,-61.0,-65.0,-100.0,-100.0,-58.0,-67.0,-78.0,-100.0,-100.0,-48.0,-60.0,-67.0,-100.0,-48.0,-58.0,-100.0,-61.0,-100.0,-100.0,-100.0,-59.0,-100.0,-100.0,-64.0,-64.0
B2160,RP37,B,CTK45-dot-B,,22,,9.0,52.0,validation,-64.0,-80.0,-100.0,-42.0,-46.0,-100.0,-100.0,-100.0,-42.0,-60.0,-100.0,-61.0,-100.0,-73.0,-62.0,-68.0,-64.0,-80.0,-100.0,-42.0,-46.0,-100.0,-100.0,-100.0,-41.0,-60.0,-100.0,-61.0,-100.0,-73.0,-63.0,-67.0,-100.0,-100.0,-100.0,-100.0
B2158,RP37,B,CTK45-dot-B,,14,,9.0,52.0,validation,-100.0,-84.0,-100.0,-64.0,-60.0,-100.0,-100.0,-100.0,-100.0,-51.0,-100.0,-69.0,-100.0,-73.0,-100.0,-73.0,-100.0,-84.0,-100.0,-59.0,-60.0,-100.0,-100.0,-100.0,-100.0,-52.0,-100.0,-69.0,-100.0,-73.0,-100.0,-73.0,-100.0,-100.0,-100.0,-100.0
B2127,RP37,B,CTK45-dot-B,,26,,9.0,52.0,test,-100.0,-77.0,-100.0,-49.0,-55.0,-100.0,-63.0,-100.0,-51.0,-50.0,-55.0,-62.0,-57.0,-75.0,-61.0,-62.0,-69.0,-77.0,-100.0,-43.0,-56.0,-100.0,-63.0,-100.0,-51.0,-50.0,-100.0,-62.0,-63.0,-75.0,-62.0,-62.0,-100.0,-100.0,-66.0,-65.0
B2140,RP37,B,CTK45-dot-B,,28,,9.0,52.0,test,-100.0,-78.0,-71.0,-100.0,-53.0,-61.0,-69.0,-77.0,-61.0,-58.0,-100.0,-65.0,-100.0,-80.0,-57.0,-67.0,-100.0,-78.0,-72.0,-100.0,-55.0,-62.0,-70.0,-79.0,-62.0,-58.0,-100.0,-66.0,-100.0,-80.0,-58.0,-68.0,-56.0,-57.0,-56.0,-56.0
B2146,RP37,B,CTK45-dot-B,,21,,9.0,52.0,test,-75.0,-100.0,-100.0,-48.0,-50.0,-100.0,-65.0,-100.0,-46.0,-56.0,-70.0,-60.0,-100.0,-76.0,-61.0,-100.0,-100.0,-100.0,-100.0,-100.0,-50.0,-100.0,-66.0,-78.0,-46.0,-55.0,-69.0,-60.0,-100.0,-75.0,-100.0,-100.0,-100.0,-74.0,-62.0,-62.0
2025:01:13:11:08:17,RP37,A,SM-S908E,2212343.0,21,177.5195938794743,9.0,52.0,test,-100.0,-72.0,-100.0,-100.0,-47.0,-70.0,-69.0,-100.0,-57.0,-100.0,-100.0,-63.0,-100.0,-76.0,-54.0,-55.0,-100.0,-72.0,-100.0,-100.0,-47.0,-70.0,-69.0,-100.0,-57.0,-100.0,-100.0,-64.0,-63.0,-76.0,-54.0,-56.0,-100.0,-100.0,-59.0,-59.0
2025:01:13:11:16:56,RP37,A,SM-S908E,2212343.0,33,-40.964004882347716,9.0,52.0,test,-57.0,-76.0,-100.0,-50.0,-59.0,-100.0,-70.0,-70.0,-43.0,-49.0,-56.0,-56.0,-54.0,-73.0,-52.0,-61.0,-57.0,-76.0,-100.0,-50.0,-60.0,-100.0,-70.0,-66.0,-100.0,-49.0,-56.0,-56.0,-53.0,-70.0,-53.0,-61.0,-63.0,-63.0,-69.0,-68.0
B2132,RP37,B,CTK45-dot-B,,19,,9.0,52.0,test,-70.0,-79.0,-100.0,-56.0,-100.0,-60.0,-100.0,-82.0,-49.0,-100.0,-53.0,-100.0,-61.0,-100.0,-62.0,-65.0,-100.0,-80.0,-100.0,-100.0,-100.0,-61.0,-100.0,-82.0,-50.0,-100.0,-60.0,-100.0,-61.0,-100.0,-62.0,-65.0,-67.0,-100.0,-100.0,-100.0
B2138,RP37,B,CTK45-dot-B,,27,,9.0,52.0,test,-64.0,-79.0,-76.0,-58.0,-65.0,-100.0,-100.0,-70.0,-48.0,-50.0,-63.0,-67.0,-100.0,-75.0,-69.0,-70.0,-64.0,-79.0,-100.0,-58.0,-65.0,-100.0,-100.0,-71.0,-48.0,-50.0,-66.0,-66.0,-100.0,-75.0,-63.0,-70.0,-100.0,-100.0,-100.0,-100.0
B2167,RP37,B,CTK45-dot-B,,13,,9.0,52.0,test,-100.0,-100.0,-100.0,-100.0,-100.0,-100.0,-100.0,-84.0,-100.0,-49.0,-71.0,-66.0,-100.0,-72.0,-100.0,-72.0,-100.0,-100.0,-100.0,-100.0,-54.0,-100.0,-100.0,-84.0,-100.0,-49.0,-70.0,-66.0,-100.0,-72.0,-100.0,-72.0,-100.0,-100.0,-100.0,-100.0
B2111,RP37,B,CTK45-dot-B,,12,,9.0,52.0,test,-100.0,-85.0,-72.0,-100.0,-100.0,-100.0,-100.0,-79.0,-100.0,-100.0,-67.0,-100.0,-100.0,-100.0,-60.0,-74.0,-100.0,-85.0,-80.0,-100.0,-100.0,-100.0,-100.0,-79.0,-100.0,-100.0,-64.0,-100.0,-100.0,-100.0,-59.0,-75.0,-100.0,-100.0,-100.0,-100.0
B2122,RP37,B,CTK45-dot-B,,28,,9.0,52.0,test,-67.0,-77.0,-100.0,-100.0,-53.0,-61.0,-100.0,-88.0,-53.0,-57.0,-100.0,-66.0,-56.0,-74.0,-53.0,-63.0,-68.0,-77.0,-100.0,-100.0,-53.0,-62.0,-100.0,-86.0,-100.0,-57.0,-57.0,-67.0,-56.0,-74.0,-53.0,-63.0,-55.0,-58.0,-100.0,-100.0
B2161,RP37,B,CTK45-dot-B,,26,,9.0,52.0,test,-64.0,-80.0,-100.0,-42.0,-46.0,-100.0,-100.0,-100.0,-42.0,-60.0,-67.0,-61.0,-67.0,-73.0,-62.0,-68.0,-64.0,-80.0,-100.0,-42.0,-46.0,-100.0,-100.0,-100.0,-41.0,-60.0,-67.0,-61.0,-67.0,-73.0,-63.0,-67.0,-100.0,-100.0,-100.0,-100.0
B2123,RP37,B,CTK45-dot-B,,25,,9.0,52.0,test,-68.0,-77.0,-75.0,-100.0,-52.0,-100.0,-66.0,-83.0,-100.0,-63.0,-67.0,-65.0,-100.0,-77.0,-65.0,-63.0,-100.0,-77.0,-75.0,-100.0,-52.0,-100.0,-67.0,-100.0,-100.0,-63.0,-100.0,-65.0,-100.0,-76.0,-63.0,-63.0,-66.0,-100.0,-64.0,-63.0
2025:01:13:11:01:05,RP38,A,SM-S908E,2212343.0,31,-32.24024116693302,14.0,52.0,train,-74.0,-80.0,-100.0,-64.0,-62.0,-61.0,-62.0,-76.0,-49.0,-45.0,-49.0,-53.0,-100.0,-69.0,-75.0,-73.0,-100.0,-81.0,-100.0,-64.0,-62.0,-63.0,-62.0,-76.0,-49.0,-45.0,-49.0,-53.0,-100.0,-69.0,-68.0,-73.0,-100.0,-100.0,-77.0,-77.0
B2184,RP38,B,CTK45-dot-B,,28,,14.0,52.0,train,-73.0,-87.0,-100.0,-47.0,-51.0,-63.0,-70.0,-100.0,-41.0,-46.0,-68.0,-65.0,-58.0,-100.0,-53.0,-68.0,-72.0,-87.0,-100.0,-47.0,-56.0,-63.0,-70.0,-100.0,-41.0,-47.0,-68.0,-65.0,-58.0,-100.0,-53.0,-68.0,-100.0,-100.0,-72.0,-71.0
B2230,RP38,B,CTK45-dot-B,,22,,14.0,52.0,train,-75.0,-100.0,-100.0,-55.0,-53.0,-100.0,-64.0,-74.0,-100.0,-43.0,-54.0,-53.0,-74.0,-100.0,-100.0,-64.0,-75.0,-100.0,-90.0,-55.0,-53.0,-100.0,-64.0,-77.0,-100.0,-45.0,-48.0,-52.0,-74.0,-72.0,-100.0,-64.0,-100.0,-100.0,-100.0,-100.0
B2195,RP38,B,CTK45-dot-B,,25,,14.0,52.0,train,-68.0,-82.0,-100.0,-63.0,-61.0,-100.0,-65.0,-83.0,-53.0,-49.0,-71.0,-63.0,-100.0,-68.0,-70.0,-64.0,-100.0,-82.0,-100.0,-63.0,-63.0,-100.0,-65.0,-83.0,-54.0,-100.0,-70.0,-63.0,-100.0,-69.0,-100.0,-64.0,-100.0,-100.0,-69.0,-68.0
B2219,RP38,B,CTK45-dot-B,,26,,14.0,52.0,train,-84.0,-86.0,-79.0,-57.0,-60.0,-100.0,-63.0,-100.0,-43.0,-50.0,-62.0,-53.0,-74.0,-72.0,-100.0,-76.0,-83.0,-87.0,-78.0,-58.0,-60.0,-100.0,-64.0,-100.0,-100.0,-50.0,-71.0,-53.0,-100.0,-73.0,-100.0,-76.0,-100.0,-100.0,-62.0,-62.0
B2173,RP38,B,CTK45-dot-B,,30,,14.0,52.0,train,-68.0,-100.0,-70.0,-57.0,-48.0,-60.0,-76.0,-100.0,-42.0,-50.0,-61.0,-65.0,-68.0,-100.0,-60.0,-64.0,-68.0,-88.0,-70.0,-57.0,-47.0,-61.0,-75.0,-100.0,-42.0,-100.0,-59.0,-65.0,-68.0,-100.0,-61.0,-64.0,-60.0,-60.0,-60.0,-60.0
B2204,RP38,B,CTK45-dot-B,,20,,14.0,52.0,train,-100.0,-82.0,-100.0,-100.0,-68.0,-100.0,-64.0,-100.0,-54.0,-44.0,-100.0,-52.0,-100.0,-70.0,-72.0,-79.0,-100.0,-82.0,-100.0,-100.0,-69.0,-100.0,-64.0,-100.0,-54.0,-47.0,-100.0,-52.0,-100.0,-70.0,-72.0,-79.0,-100.0,-100.0,-82.0,-82.0
B2212,RP38,B,CTK45-dot-B,,24,,14.0,52.0,train,-73.0,-100.0,-100.0,-56.0,-52.0,-68.0,-100.0,-74.0,-50.0,-39.0,-61.0,-59.0,-62.0,-64.0,-100.0,-70.0,-75.0,-100.0,-100.0,-57.0,-52.0,-68.0,-100.0,-74.0,-50.0,-39.0,-61.0,-59.0,-62.0,-64.0,-100.0,-70.0,-100.0,-100.0,-100.0,-100.0
B2174,RP38,B,CTK45-dot-B,,19,,14.0,52.0,train,-68.0,-83.0,-100.0,-42.0,-100.0,-66.0,-100.0,-100.0,-53.0,-100.0,-54.0,-100.0,-72.0,-100.0,-100.0,-67.0,-70.0,-83.0,-100.0,-46.0,-100.0,-66.0,-100.0,-100.0,-61.0,-100.0,-54.0,-100.0,-71.0,-100.0,-100.0,-67.0,-61.0,-100.0,-100.0,-100.0
B2193,RP38,B,CTK45-dot-B,,21,,14.0,52.0,train,-100.0,-83.0,-100.0,-67.0,-100.0,-100.0,-67.0,-100.0,-58.0,-45.0,-52.0,-53.0,-100.0,-100.0,-100.0,-71.0,-100.0,-83.0,-100.0,-68.0,-62.0,-69.0,-67.0,-100.0,-59.0,-46.0,-52.0,-51.0,-100.0,-65.0,-100.0,-71.0,-100.0,-100.0,-81.0,-80.0
B2200,RP38,B,CTK45-dot-B,,14,,14.0,52.0,train,-81.0,-81.0,-100.0,-100.0,-100.0,-100.0,-100.0,-100.0,-100.0,-44.0,-53.0,-59.0,-56.0,-100.0,-100.0,-69.0,-81.0,-80.0,-100.0,-100.0,-53.0,-100.0,-100.0,-100.0,-100.0,-44.0,-53.0,-59.0,-100.0,-100.0,-100.0,-69.0,-100.0,-100.0,-100.0,-100.0
2025:01:13:10:57:12,RP38,A,SM-S908E,2212343.0,31,77.00450207112937,14.0,52.0,train,-100.0,-74.0,-100.0,-52.0,-51.0,-55.0,-64.0,-69.0,-45.0,-50.0,-53.0,-54.0,-100.0,-70.0,-60.0,-60.0,-67.0,-75.0,-100.0,-53.0,-51.0,-54.0,-64.0,-69.0,-45.0,-50.0,-53.0,-54.0,-100.0,-70.0,-60.0,-60.0,-100.0,-100.0,-67.0,-67.0
B2197,RP38,B,CTK45-dot-B,,20,,14.0,52.0,train,-79.0,-87.0,-100.0,-100.0,-57.0,-62.0,-66.0,-100.0,-53.0,-100.0,-100.0,-68.0,-60.0,-68.0,-100.0,-65.0,-79.0,-86.0,-100.0,-100.0,-59.0,-100.0,-67.0,-100.0,-100.0,-100.0,-100.0,-68.0,-60.0,-68.0,-100.0,-66.0,-100.0,-100.0,-66.0,-66.0
B2187,RP38,B,CTK45-dot-B,,33,,14.0,52.0,train,-70.0,-81.0,-89.0,-42.0,-46.0,-100.0,-64.0,-72.0,-100.0,-45.0,-62.0,-54.0,-74.0,-68.0,-58.0,-74.0,-73.0,-81.0,-84.0,-100.0,-55.0,-100.0,-64.0,-71.0,-100.0,-45.0,-61.0,-54.0,-100.0,-68.0,-66.0,-74.0,-61.0,-100.0,-71.0,-71.0
B2207,RP38,B,CTK45-dot-B,,15,,14.0,52.0,train,-77.0,-100.0,-100.0,-100.0,-100.0,-100.0,-100.0,-100.0,-100.0,-42.0,-70.0,-66.0,-63.0,-100.0,-100.0,-66.0,-77.0,-100.0,-100.0,-100.0,-56.0,-100.0,-100.0,-100.0,-100.0,-43.0,-70.0,-66.0,-64.0,-100.0,-100.0,-66.0,-75.0,-74.0,-100.0,-100.0
B2198,RP38,B,CTK45-dot-B,,15,,14.0,52.0,train,-100.0,-100.0,-100.0,-57.0,-47.0,-100.0,-72.0,-100.0,-100.0,-100.0,-100.0,-65.0,-100.0,-70.0,-67.0,-64.0,-100.0,-100.0,-100.0,-56.0,-53.0,-100.0,-72.0,-100.0,-100.0,-100.0,-100.0,-66.0,-100.0,-70.0,-100.0,-64.0,-100.0,-100.0,-65.0,-65.0
2025:01:13:10:52:26,RP38,A,SM-S908E,2212343.0,30,-93.05043149561997,14.0,52.0,train,-100.0,-79.0,-100.0,-47.0,-54.0,-65.0,-70.0,-72.0,-45.0,-45.0,-63.0,-64.0,-60.0,-68.0,-100.0,-63.0,-74.0,-79.0,-100.0,-47.0,-55.0,-64.0,-70.0,-71.0,-46.0,-45.0,-64.0,-64.0,-100.0,-69.0,-100.0,-63.0,-57.0,-57.0,-63.0,-62.0
B2226,RP38,B,CTK45-dot-B,,22,,14.0,52.0,train,-69.0,-77.0,-100.0,-100.0,-50.0,-100.0,-66.0,-78.0,-52.0,-42.0,-100.0,-52.0,-66.0,-70.0,-100.0,-65.0,-69.0,-77.0,-100.0,-100.0,-50.0,-100.0,-66.0,-78.0,-100.0,-44.0,-57.0,-53.0,-100.0,-100.0,-100.0,-65.0,-100.0,-100.0,-69.0,-69.0
2025:01:13:10:51:50,RP38,A,SM-S908E,2212343.0,32,-113.73848216499437,14.0,52.0,train,-60.0,-86.0,-100.0,-64.0,-60.0,-62.0,-69.0,-74.0,-56.0,-48.0,-71.0,-59.0,-100.0,-66.0,-65.0,-71.0,-67.0,-87.0,-100.0,-65.0,-60.0,-62.0,-69.0,-74.0,-57.0,-48.0,-70.0,-59.0,-100.0,-67.0,-65.0,-71.0,-67.0,-66.0,-60.0,-60.0
2025:01:13:10:53:02,RP38,A,SM-S908E,2212343.0,29,169.012648852893,14.0,52.0,train,-60.0,-76.0,-100.0,-100.0,-56.0,-62.0,-70.0,-74.0,-47.0,-54.0,-100.0,-67.0,-100.0,-65.0,-57.0,-58.0,-100.0,-76.0,-100.0,-53.0,-56.0,-62.0,-70.0,-76.0,-47.0,-54.0,-100.0,-68.0,-100.0,-100.0,-57.0,-58.0,-59.0,-59.0,-65.0,-66.0
B2220,RP38,B,CTK45-dot-B,,12,,14.0,52.0,train,-100.0,-84.0,-100.0,-100.0,-100.0,-100.0,-100.0,-100.0,-48.0,-100.0,-63.0,-100.0,-100.0,-100.0,-53.0,-58.0,-100.0,-85.0,-100.0,-100.0,-100.0,-67.0,-100.0,-100.0,-48.0,-100.0,-63.0,-100.0,-61.0,-100.0,-53.0,-58.0,-100.0,-100.0,-100.0,-100.0
B2225,RP38,B,CTK45-dot-B,,22,,14.0,52.0,train,-58.0,-75.0,-100.0,-46.0,-50.0,-100.0,-70.0,-100.0,-56.0,-45.0,-100.0,-59.0,-100.0,-100.0,-66.0,-62.0,-100.0,-75.0,-100.0,-47.0,-50.0,-100.0,-69.0,-100.0,-56.0,-42.0,-100.0,-59.0,-100.0,-100.0,-66.0,-62.0,-100.0,-100.0,-73.0,-73.0
B2228,RP38,B,CTK45-dot-B,,20,,14.0,52.0,train,-69.0,-78.0,-100.0,-100.0,-53.0,-100.0,-65.0,-100.0,-54.0,-43.0,-57.0,-52.0,-100.0,-71.0,-69.0,-66.0,-100.0,-100.0,-100.0,-100.0,-55.0,-100.0,-66.0,-100.0,-54.0,-46.0,-100.0,-51.0,-100.0,-100.0,-70.0,-65.0,-100.0,-100.0,-69.0,-69.0
B2172,RP38,B,CTK45-dot-B,,33,,14.0,52.0,train,-72.0,-84.0,-76.0,-43.0,-55.0,-69.0,-63.0,-100.0,-45.0,-43.0,-65.0,-54.0,-73.0,-64.0,-63.0,-63.0,-71.0,-84.0,-76.0,-44.0,-57.0,-71.0,-63.0,-100.0,-45.0,-43.0,-65.0,-54.0,-74.0,-64.0,-62.0,-63.0,-100.0,-100.0,-68.0,-68.0
2025:01:13:10:57:47,RP38,A,SM-S908E,2212343.0,30,51.88483485080224,14.0,52.0,train,-100.0,-73.0,-100.0,-54.0,-53.0,-100.0,-64.0,-69.0,-47.0,-44.0,-45.0,-57.0,-45.0,-67.0,-61.0,-61.0,-100.0,-73.0,-100.0,-55.0,-53.0,-100.0,-64.0,-70.0,-47.0,-44.0,-45.0,-57.0,-51.0,-67.0,-60.0,-61.0,-100.0,-100.0,-68.0,-68.0
B2201,RP38,B,CTK45-dot-B,,28,,14.0,52.0,train,-82.0,-79.0,-81.0,-66.0,-54.0,-65.0,-100.0,-100.0,-47.0,-43.0,-52.0,-59.0,-56.0,-100.0,-65.0,-67.0,-100.0,-79.0,-100.0,-69.0,-54.0,-66.0,-100.0,-74.0,-47.0,-43.0,-50.0,-60.0,-56.0,-100.0,-65.0,-66.0,-77.0,-76.0,-100.0,-100.0
2025:01:13:11:01:48,RP38,A,SM-S908E,2212343.0,28,-25.953971119339933,14.0,52.0,train,-100.0,-81.0,-100.0,-54.0,-61.0,-65.0,-62.0,-70.0,-44.0,-44.0,-50.0,-62.0,-100.0,-71.0,-100.0,-72.0,-100.0,-81.0,-100.0,-54.0,-61.0,-100.0,-62.0,-68.0,-44.0,-44.0,-51.0,-62.0,-100.0,-71.0,-100.0,-72.0,-100.0,-100.0,-73.0,-73.0
B2227,RP38,B,CTK45-dot-B,,27,,14.0,52.0,train,-68.0,-79.0,-100.0,-47.0,-49.0,-71.0,-65.0,-100.0,-48.0,-46.0,-59.0,-51.0,-70.0,-73.0,-66.0,-66.0,-100.0,-79.0,-100.0,-47.0,-48.0,-100.0,-64.0,-100.0,-48.0,-47.0,-58.0,-52.0,-100.0,-72.0,-66.0,-65.0,-100.0,-100.0,-69.0,-69.0
2025:01:13:10:54:57,RP38,A,SM-S908E,2212343.0,29,177.872169188286,14.0,52.0,train,-100.0,-72.0,-100.0,-50.0,-46.0,-61.0,-62.0,-68.0,-50.0,-48.0,-43.0,-54.0,-100.0,-70.0,-55.0,-54.0,-100.0,-72.0,-100.0,-50.0,-47.0,-62.0,-62.0,-71.0,-50.0,-48.0,-43.0,-54.0,-100.0,-70.0,-55.0,-54.0,-100.0,-100.0,-67.0,-67.0
B2196,RP38,B,CTK45-dot-B,,29,,14.0,52.0,train,-77.0,-87.0,-100.0,-58.0,-56.0,-100.0,-67.0,-100.0,-48.0,-49.0,-64.0,-64.0,-69.0,-67.0,-70.0,-68.0,-78.0,-87.0,-100.0,-57.0,-62.0,-67.0,-67.0,-100.0,-49.0,-48.0,-100.0,-64.0,-68.0,-68.0,-70.0,-68.0,-100.0,-100.0,-70.0,-69.0
B2223,RP38,B,CTK45-dot-B,,18,,14.0,52.0,train,-100.0,-83.0,-100.0,-100.0,-55.0,-100.0,-68.0,-100.0,-100.0,-39.0,-100.0,-63.0,-100.0,-69.0,-75.0,-60.0,-100.0,-83.0,-100.0,-100.0,-54.0,-100.0,-68.0,-100.0,-100.0,-43.0,-100.0,-63.0,-100.0,-70.0,-76.0,-60.0,-100.0,-100.0,-70.0,-70.0
B2181,RP38,B,CTK45-dot-B,,26,,14.0,52.0,train,-100.0,-100.0,-84.0,-100.0,-57.0,-66.0,-70.0,-70.0,-35.0,-47.0,-100.0,-69.0,-58.0,-70.0,-54.0,-69.0,-100.0,-100.0,-82.0,-100.0,-54.0,-100.0,-70.0,-71.0,-40.0,-45.0,-100.0,-68.0,-57.0,-71.0,-55.0,-69.0,-100.0,-100.0,-68.0,-68.0
2025:01:13:10:55:50,RP38,A,SM-S908E,2212343.0,27,179.27511364544333,14.0,52.0,train,-100.0,-74.0,-100.0,-49.0,-47.0,-65.0,-65.0,-75.0,-51.0,-45.0,-100.0,-55.0,-100.0,-70.0,-57.0,-54.0,-100.0,-75.0,-100.0,-49.0,-47.0,-100.0,-65.0,-76.0,-51.0,-45.0,-100.0,-55.0,-100.0,-70.0,-57.0,-54.0,-50.0,-50.0,-67.0,-67.0
B2180,RP38,B,CTK45-dot-B,,18,,14.0,52.0,train,-74.0,-87.0,-100.0,-62.0,-100.0,-62.0,-100.0,-100.0,-41.0,-100.0,-50.0,-100.0,-62.0,-100.0,-64.0,-76.0,-74.0,-100.0,-100.0,-63.0,-100.0,-62.0,-100.0,-100.0,-41.0,-100.0,-53.0,-100.0,-63.0,-100.0,-63.0,-76.0,-100.0,-100.0,-100.0,-100.0
2025:01:13:10:49:54,RP38,A,SM-S908E,2212343.0,34,-104.31025538131041,14.0,52.0,train,-49.0,-76.0,-100.0,-51.0,-59.0,-67.0,-63.0,-70.0,-41.0,-46.0,-57.0,-68.0,-62.0,-69.0,-66.0,-67.0,-58.0,-77.0,-100.0,-51.0,-59.0,-67.0,-63.0,-70.0,-41.0,-46.0,-58.0,-68.0,-72.0,-69.0,-66.0,-68.0,-68.0,-68.0,-100.0,-100.0
B2216,RP38,B,CTK45-dot-B,,19,,14.0,52.0,train,-100.0,-86.0,-100.0,-55.0,-50.0,-100.0,-100.0,-81.0,-100.0,-38.0,-64.0,-64.0,-100.0,-100.0,-100.0,-69.0,-100.0,-87.0,-100.0,-56.0,-50.0,-100.0,-100.0,-79.0,-100.0,-39.0,-63.0,-63.0,-100.0,-100.0,-100.0,-69.0,-65.0,-67.0,-100.0,-100.0
B2188,RP38,B,CTK45-dot-B,,24,,14.0,52.0,train,-100.0,-80.0,-100.0,-65.0,-53.0,-64.0,-100.0,-74.0,-50.0,-43.0,-54.0,-60.0,-56.0,-100.0,-100.0,-68.0,-100.0,-80.0,-100.0,-65.0,-53.0,-64.0,-100.0,-75.0,-50.0,-42.0,-54.0,-60.0,-57.0,-100.0,-100.0,-69.0,-78.0,-78.0,-100.0,-100.0
B2203,RP38,B,CTK45-dot-B,,29,,14.0,52.0,train,-70.0,-85.0,-79.0,-100.0,-62.0,-62.0,-62.0,-76.0,-40.0,-37.0,-57.0,-53.0,-62.0,-100.0,-100.0,-72.0,-72.0,-85.0,-81.0,-100.0,-60.0,-100.0,-62.0,-81.0,-41.0,-36.0,-57.0,-53.0,-62.0,-100.0,-100.0,-71.0,-72.0,-70.0,-72.0,-71.0
B2179,RP38,B,CTK45-dot-B,,27,,14.0,52.0,train,-66.0,-85.0,-100.0,-57.0,-46.0,-66.0,-67.0,-72.0,-48.0,-54.0,-50.0,-66.0,-60.0,-100.0,-71.0,-77.0,-68.0,-86.0,-100.0,-100.0,-53.0,-100.0,-67.0,-85.0,-44.0,-51.0,-51.0,-66.0,-100.0,-100.0,-70.0,-77.0,-100.0,-100.0,-78.0,-78.0
B2211,RP38,B,CTK45-dot-B,,19,,14.0,52.0,train,-75.0,-86.0,-100.0,-58.0,-49.0,-100.0,-100.0,-77.0,-100.0,-39.0,-75.0,-61.0,-68.0,-68.0,-100.0,-100.0,-75.0,-86.0,-100.0,-56.0,-49.0,-100.0,-100.0,-77.0,-100.0,-39.0,-76.0,-62.0,-100.0,-68.0,-100.0,-100.0,-100.0,-100.0,-100.0,-100.0
B2191,RP38,B,CTK45-dot-B,,14,,14.0,52.0,train,-100.0,-80.0,-100.0,-55.0,-57.0,-100.0,-100.0,-80.0,-100.0,-41.0,-100.0,-62.0,-100.0,-100.0,-100.0,-69.0,-100.0,-80.0,-100.0,-55.0,-57.0,-100.0,-100.0,-80.0,-100.0,-42.0,-100.0,-62.0,-100.0,-100.0,-100.0,-69.0,-100.0,-100.0,-100.0,-100.0
B2215,RP38,B,CTK45-dot-B,,18,,14.0,52.0,train,-100.0,-100.0,-100.0,-55.0,-51.0,-100.0,-100.0,-100.0,-100.0,-49.0,-100.0,-62.0,-73.0,-73.0,-62.0,-66.0,-100.0,-100.0,-100.0,-55.0,-51.0,-100.0,-100.0,-100.0,-100.0,-49.0,-100.0,-62.0,-73.0,-73.0,-62.0,-66.0,-61.0,-62.0,-100.0,-100.0
B2186,RP38,B,CTK45-dot-B,,26,,14.0,52.0,train,-73.0,-80.0,-100.0,-65.0,-53.0,-64.0,-100.0,-74.0,-50.0,-43.0,-54.0,-60.0,-56.0,-100.0,-100.0,-68.0,-100.0,-80.0,-74.0,-65.0,-53.0,-64.0,-100.0,-75.0,-50.0,-42.0,-54.0,-60.0,-57.0,-100.0,-100.0,-69.0,-78.0,-78.0,-100.0,-100.0
2025:01:13:10:59:56,RP38,A,SM-S908E,2212343.0,26,-27.742568884737466,14.0,52.0,train,-100.0,-77.0,-100.0,-52.0,-53.0,-59.0,-65.0,-68.0,-42.0,-45.0,-41.0,-58.0,-100.0,-67.0,-100.0,-63.0,-100.0,-77.0,-100.0,-53.0,-53.0,-59.0,-65.0,-70.0,-42.0,-45.0,-42.0,-58.0,-100.0,-67.0,-100.0,-63.0,-100.0,-100.0,-68.0,-68.0
B2221,RP38,B,CTK45-dot-B,,32,,14.0,52.0,train,-72.0,-83.0,-78.0,-52.0,-47.0,-100.0,-71.0,-100.0,-58.0,-45.0,-66.0,-64.0,-68.0,-75.0,-53.0,-58.0,-72.0,-82.0,-78.0,-53.0,-46.0,-100.0,-71.0,-100.0,-66.0,-45.0,-76.0,-64.0,-68.0,-76.0,-53.0,-58.0,-65.0,-67.0,-59.0,-58.0
B2209,RP38,B,CTK45-dot-B,,22,,14.0,52.0,train,-79.0,-88.0,-100.0,-56.0,-50.0,-100.0,-100.0,-100.0,-50.0,-37.0,-73.0,-72.0,-62.0,-66.0,-100.0,-71.0,-81.0,-88.0,-100.0,-57.0,-49.0,-100.0,-100.0,-100.0,-50.0,-38.0,-74.0,-73.0,-65.0,-67.0,-100.0,-71.0,-100.0,-100.0,-100.0,-100.0
B2217,RP38,B,CTK45-dot-B,,20,,14.0,52.0,train,-76.0,-100.0,-100.0,-63.0,-61.0,-100.0,-100.0,-70.0,-100.0,-50.0,-72.0,-70.0,-69.0,-82.0,-100.0,-67.0,-77.0,-100.0,-100.0,-62.0,-63.0,-100.0,-100.0,-70.0,-100.0,-50.0,-72.0,-70.0,-100.0,-66.0,-100.0,-67.0,-100.0,-100.0,-100.0,-100.0
2025:01:13:11:02:23,RP38,A,SM-S908E,2212343.0,24,-32.04647486202891,14.0,52.0,train,-100.0,-81.0,-100.0,-100.0,-59.0,-100.0,-60.0,-100.0,-42.0,-42.0,-52.0,-50.0,-58.0,-75.0,-66.0,-69.0,-100.0,-81.0,-100.0,-100.0,-60.0,-100.0,-60.0,-100.0,-42.0,-42.0,-52.0,-50.0,-100.0,-100.0,-66.0,-70.0,-100.0,-100.0,-78.0,-77.0
B2189,RP38,B,CTK45-dot-B,,33,,14.0,52.0,train,-100.0,-89.0,-77.0,-59.0,-59.0,-64.0,-65.0,-100.0,-41.0,-38.0,-53.0,-58.0,-67.0,-65.0,-65.0,-76.0,-100.0,-89.0,-77.0,-60.0,-60.0,-62.0,-65.0,-100.0,-41.0,-38.0,-53.0,-58.0,-69.0,-65.0,-66.0,-76.0,-100.0,-74.0,-75.0,-75.0
B2202,RP38,B,CTK45-dot-B,,20,,14.0,52.0,train,-100.0,-83.0,-100.0,-100.0,-66.0,-100.0,-70.0,-77.0,-100.0,-45.0,-100.0,-56.0,-62.0,-70.0,-100.0,-74.0,-100.0,-83.0,-100.0,-100.0,-66.0,-100.0,-69.0,-75.0,-100.0,-45.0,-100.0,-55.0,-64.0,-68.0,-100.0,-74.0,-100.0,-100.0,-80.0,-79.0
B2229,RP38,B,CTK45-dot-B,,18,,14.0,52.0,train,-71.0,-100.0,-100.0,-100.0,-50.0,-100.0,-66.0,-100.0,-100.0,-43.0,-100.0,-51.0,-100.0,-71.0,-63.0,-66.0,-71.0,-100.0,-100.0,-100.0,-50.0,-100.0,-66.0,-100.0,-100.0,-40.0,-100.0,-50.0,-100.0,-71.0,-63.0,-66.0,-100.0,-100.0,-68.0,-68.0
B2185,RP38,B,CTK45-dot-B,,12,,14.0,52.0,train,-100.0,-100.0,-100.0,-54.0,-58.0,-100.0,-100.0,-100.0,-100.0,-44.0,-100.0,-62.0,-69.0,-100.0,-100.0,-68.0,-100.0,-100.0,-100.0,-54.0,-58.0,-100.0,-100.0,-100.0,-100.0,-43.0,-100.0,-62.0,-69.0,-100.0,-100.0,-68.0,-100.0,-100.0,-100.0,-100.0
B2210,RP38,B,CTK45-dot-B,,18,,14.0,52.0,train,-100.0,-100.0,-100.0,-52.0,-51.0,-100.0,-100.0,-81.0,-100.0,-38.0,-68.0,-62.0,-68.0,-68.0,-100.0,-72.0,-100.0,-100.0,-100.0,-52.0,-51.0,-100.0,-100.0,-82.0,-100.0,-38.0,-69.0,-62.0,-70.0,-69.0,-100.0,-71.0,-100.0,-100.0,-100.0,-100.0
2025:01:13:10:56:25,RP38,A,SM-S908E,2212343.0,24,60.68524886004953,14.0,52.0,train,-100.0,-74.0,-100.0,-100.0,-48.0,-100.0,-63.0,-80.0,-54.0,-49.0,-43.0,-55.0,-60.0,-70.0,-59.0,-58.0,-100.0,-74.0,-100.0,-100.0,-48.0,-100.0,-63.0,-100.0,-54.0,-49.0,-100.0,-55.0,-100.0,-70.0,-59.0,-59.0,-47.0,-100.0,-62.0,-62.0
B2222,RP38,B,CTK45-dot-B,,28,,14.0,52.0,train,-74.0,-82.0,-85.0,-100.0,-56.0,-100.0,-67.0,-100.0,-100.0,-46.0,-48.0,-59.0,-66.0,-68.0,-71.0,-61.0,-74.0,-82.0,-100.0,-100.0,-56.0,-100.0,-67.0,-100.0,-100.0,-46.0,-53.0,-59.0,-65.0,-69.0,-71.0,-61.0,-65.0,-66.0,-69.0,-68.0
B2205,RP38,B,CTK45-dot-B,,17,,14.0,52.0,train,-100.0,-100.0,-100.0,-100.0,-100.0,-76.0,-66.0,-100.0,-51.0,-46.0,-100.0,-55.0,-63.0,-100.0,-100.0,-74.0,-100.0,-100.0,-100.0,-100.0,-100.0,-76.0,-66.0,-100.0,-50.0,-46.0,-100.0,-56.0,-54.0,-100.0,-100.0,-74.0,-100.0,-100.0,-77.0,-76.0
2025:01:13:10:50:29,RP38,A,SM-S908E,2212343.0,27,-116.17077967857193,14.0,52.0,validation,-65.0,-79.0,-100.0,-42.0,-52.0,-64.0,-75.0,-100.0,-44.0,-44.0,-100.0,-65.0,-100.0,-66.0,-61.0,-60.0,-66.0,-79.0,-100.0,-42.0,-52.0,-65.0,-75.0,-73.0,-44.0,-44.0,-100.0,-65.0,-100.0,-66.0,-61.0,-60.0,-100.0,-100.0,-74.0,-74.0
B2178,RP38,B,CTK45-dot-B,,19,,14.0,52.0,validation,-71.0,-85.0,-79.0,-61.0,-100.0,-67.0,-100.0,-100.0,-40.0,-100.0,-51.0,-100.0,-100.0,-100.0,-61.0,-72.0,-69.0,-85.0,-100.0,-63.0,-100.0,-61.0,-100.0,-100.0,-41.0,-100.0,-51.0,-100.0,-100.0,-100.0,-61.0,-72.0,-69.0,-69.0,-100.0,-100.0
B2183,RP38,B,CTK45-dot-B,,15,,14.0,52.0,validation,-69.0,-100.0,-100.0,-59.0,-100.0,-61.0,-100.0,-71.0,-41.0,-100.0,-48.0,-100.0,-100.0,-100.0,-63.0,-77.0,-100.0,-100.0,-100.0,-100.0,-100.0,-62.0,-100.0,-71.0,-42.0,-100.0,-48.0,-100.0,-100.0,-100.0,-64.0,-77.0,-100.0,-73.0,-100.0,-100.0
B2177,RP38,B,CTK45-dot-B,,33,,14.0,52.0,validation,-69.0,-87.0,-100.0,-61.0,-49.0,-61.0,-66.0,-100.0,-41.0,-37.0,-51.0,-56.0,-60.0,-70.0,-63.0,-78.0,-100.0,-86.0,-79.0,-100.0,-56.0,-60.0,-66.0,-100.0,-41.0,-37.0,-51.0,-55.0,-62.0,-70.0,-62.0,-78.0,-100.0,-100.0,-68.0,-67.0
B2176,RP38,B,CTK45-dot-B,,19,,14.0,52.0,validation,-74.0,-83.0,-80.0,-52.0,-100.0,-65.0,-100.0,-100.0,-61.0,-100.0,-58.0,-100.0,-62.0,-100.0,-53.0,-62.0,-75.0,-83.0,-82.0,-60.0,-100.0,-66.0,-100.0,-100.0,-61.0,-100.0,-51.0,-100.0,-62.0,-100.0,-100.0,-62.0,-100.0,-100.0,-100.0,-100.0
B2182,RP38,B,CTK45-dot-B,,14,,14.0,52.0,validation,-83.0,-88.0,-100.0,-53.0,-100.0,-68.0,-100.0,-100.0,-41.0,-100.0,-63.0,-100.0,-100.0,-100.0,-58.0,-69.0,-100.0,-87.0,-100.0,-53.0,-100.0,-100.0,-100.0,-100.0,-41.0,-100.0,-63.0,-100.0,-100.0,-100.0,-57.0,-69.0,-100.0,-100.0,-100.0,-100.0
2025:01:13:10:59:21,RP38,A,SM-S908E,2212343.0,28,56.66081450648906,14.0,52.0,validation,-100.0,-75.0,-100.0,-57.0,-50.0,-71.0,-67.0,-74.0,-44.0,-44.0,-46.0,-55.0,-100.0,-67.0,-66.0,-61.0,-100.0,-75.0,-100.0,-57.0,-51.0,-71.0,-67.0,-74.0,-45.0,-44.0,-46.0,-55.0,-100.0,-67.0,-66.0,-61.0,-100.0,-100.0,-66.0,-66.0
2025:01:13:11:02:57,RP38,A,SM-S908E,2212343.0,24,-29.3943391720376,14.0,52.0,validation,-100.0,-80.0,-100.0,-100.0,-59.0,-64.0,-61.0,-100.0,-40.0,-42.0,-48.0,-52.0,-100.0,-72.0,-100.0,-67.0,-100.0,-80.0,-100.0,-100.0,-58.0,-64.0,-61.0,-100.0,-39.0,-42.0,-48.0,-52.0,-100.0,-72.0,-100.0,-67.0,-100.0,-100.0,-74.0,-75.0
2025:01:13:10:54:22,RP38,A,SM-S908E,2212343.0,27,177.0744572388592,14.0,52.0,validation,-100.0,-76.0,-100.0,-45.0,-48.0,-66.0,-64.0,-74.0,-59.0,-48.0,-44.0,-55.0,-100.0,-70.0,-100.0,-59.0,-100.0,-76.0,-100.0,-45.0,-48.0,-66.0,-64.0,-74.0,-59.0,-48.0,-44.0,-55.0,-100.0,-70.0,-100.0,-59.0,-100.0,-100.0,-64.0,-64.0
B2194,RP38,B,CTK45-dot-B,,22,,14.0,52.0,validation,-76.0,-85.0,-100.0,-100.0,-100.0,-100.0,-66.0,-83.0,-53.0,-49.0,-100.0,-66.0,-66.0,-70.0,-100.0,-69.0,-76.0,-86.0,-100.0,-100.0,-61.0,-100.0,-66.0,-100.0,-54.0,-49.0,-100.0,-67.0,-62.0,-70.0,-100.0,-69.0,-100.0,-100.0,-66.0,-66.0
B2190,RP38,B,CTK45-dot-B,,29,,14.0,52.0,validation,-77.0,-87.0,-84.0,-66.0,-49.0,-100.0,-64.0,-100.0,-61.0,-44.0,-60.0,-53.0,-59.0,-74.0,-56.0,-71.0,-74.0,-87.0,-100.0,-67.0,-52.0,-100.0,-64.0,-100.0,-63.0,-44.0,-58.0,-53.0,-59.0,-73.0,-56.0,-72.0,-100.0,-100.0,-58.0,-57.0
B2214,RP38,B,CTK45-dot-B,,27,,14.0,52.0,validation,-75.0,-83.0,-100.0,-55.0,-52.0,-65.0,-100.0,-78.0,-49.0,-54.0,-59.0,-60.0,-74.0,-100.0,-59.0,-64.0,-76.0,-84.0,-100.0,-55.0,-52.0,-66.0,-100.0,-78.0,-49.0,-54.0,-59.0,-60.0,-75.0,-73.0,-61.0,-64.0,-100.0,-100.0,-100.0,-100.0
B2224,RP38,B,CTK45-dot-B,,21,,14.0,52.0,test,-100.0,-81.0,-100.0,-56.0,-56.0,-100.0,-66.0,-100.0,-100.0,-100.0,-52.0,-57.0,-100.0,-71.0,-71.0,-62.0,-100.0,-81.0,-100.0,-100.0,-56.0,-100.0,-66.0,-100.0,-100.0,-47.0,-52.0,-58.0,-100.0,-72.0,-100.0,-62.0,-100.0,-100.0,-67.0,-67.0
2025:01:13:10:53:39,RP38,A,SM-S908E,2212343.0,30,176.26327505166887,14.0,52.0,test,-100.0,-77.0,-100.0,-47.0,-47.0,-69.0,-63.0,-73.0,-57.0,-45.0,-45.0,-60.0,-100.0,-65.0,-52.0,-60.0,-100.0,-77.0,-100.0,-44.0,-47.0,-69.0,-63.0,-72.0,-58.0,-45.0,-45.0,-60.0,-100.0,-65.0,-57.0,-60.0,-54.0,-54.0,-65.0,-65.0
B2171,RP38,B,CTK45-dot-B,,17,,14.0,52.0,test,-71.0,-79.0,-100.0,-45.0,-100.0,-67.0,-100.0,-100.0,-49.0,-100.0,-56.0,-100.0,-67.0,-100.0,-66.0,-62.0,-100.0,-79.0,-100.0,-44.0,-100.0,-67.0,-100.0,-70.0,-49.0,-100.0,-56.0,-100.0,-100.0,-100.0,-69.0,-62.0,-100.0,-100.0,-100.0,-100.0
B2218,RP38,B,CTK45-dot-B,,17,,14.0,52.0,test,-100.0,-84.0,-100.0,-100.0,-64.0,-100.0,-65.0,-74.0,-52.0,-47.0,-100.0,-100.0,-100.0,-68.0,-100.0,-81.0,-100.0,-84.0,-100.0,-100.0,-64.0,-100.0,-65.0,-75.0,-100.0,-47.0,-100.0,-100.0,-100.0,-88.0,-100.0,-80.0,-100.0,-100.0,-83.0,-83.0
2025:01:13:10:51:09,RP38,A,SM-S908E,2212343.0,30,-105.98782996882986,14.0,52.0,test,-62.0,-100.0,-100.0,-44.0,-55.0,-58.0,-66.0,-69.0,-43.0,-53.0,-59.0,-63.0,-60.0,-66.0,-100.0,-61.0,-61.0,-100.0,-100.0,-45.0,-55.0,-59.0,-65.0,-69.0,-44.0,-53.0,-59.0,-63.0,-60.0,-66.0,-100.0,-61.0,-62.0,-61.0,-62.0,-62.0
B2206,RP38,B,CTK45-dot-B,,27,,14.0,52.0,test,-73.0,-81.0,-100.0,-53.0,-57.0,-65.0,-100.0,-82.0,-42.0,-41.0,-65.0,-62.0,-63.0,-68.0,-100.0,-68.0,-76.0,-81.0,-100.0,-53.0,-56.0,-100.0,-100.0,-80.0,-42.0,-42.0,-65.0,-62.0,-100.0,-68.0,-100.0,-68.0,-78.0,-78.0,-100.0,-100.0
B2199,RP38,B,CTK45-dot-B,,17,,14.0,52.0,test,-74.0,-85.0,-100.0,-56.0,-49.0,-100.0,-100.0,-79.0,-100.0,-40.0,-100.0,-64.0,-64.0,-100.0,-100.0,-67.0,-74.0,-85.0,-100.0,-56.0,-50.0,-100.0,-100.0,-100.0,-100.0,-41.0,-100.0,-65.0,-65.0,-100.0,-100.0,-67.0,-100.0,-100.0,-100.0,-100.0
B2213,RP38,B,CTK45-dot-B,,17,,14.0,52.0,test,-100.0,-100.0,-100.0,-62.0,-50.0,-100.0,-100.0,-100.0,-100.0,-46.0,-55.0,-65.0,-73.0,-71.0,-100.0,-69.0,-100.0,-100.0,-74.0,-62.0,-50.0,-100.0,-100.0,-100.0,-100.0,-47.0,-56.0,-66.0,-76.0,-71.0,-100.0,-70.0,-100.0,-100.0,-100.0,-100.0
2025:01:13:10:58:38,RP38,A,SM-S908E,2212343.0,29,77.30276098096266,14.0,52.0,test,-68.0,-75.0,-100.0,-100.0,-100.0,-74.0,-65.0,-62.0,-44.0,-45.0,-47.0,-52.0,-100.0,-67.0,-62.0,-55.0,-67.0,-75.0,-100.0,-100.0,-50.0,-73.0,-65.0,-100.0,-44.0,-45.0,-46.0,-52.0,-100.0,-67.0,-62.0,-55.0,-57.0,-56.0,-68.0,-67.0
B2192,RP38,B,CTK45-dot-B,,26,,14.0,52.0,test,-74.0,-100.0,-100.0,-52.0,-58.0,-63.0,-100.0,-82.0,-43.0,-43.0,-72.0,-63.0,-100.0,-67.0,-74.0,-68.0,-73.0,-100.0,-100.0,-53.0,-56.0,-62.0,-100.0,-80.0,-43.0,-43.0,-71.0,-63.0,-64.0,-67.0,-72.0,-68.0,-100.0,-100.0,-100.0,-100.0
B2208,RP38,B,CTK45-dot-B,,19,,14.0,52.0,test,-63.0,-100.0,-100.0,-55.0,-51.0,-100.0,-100.0,-100.0,-100.0,-49.0,-100.0,-62.0,-73.0,-73.0,-62.0,-66.0,-100.0,-100.0,-100.0,-55.0,-51.0,-100.0,-100.0,-100.0,-100.0,-49.0,-100.0,-62.0,-73.0,-73.0,-62.0,-66.0,-61.0,-62.0,-100.0,-100.0
B2175,RP38,B,CTK45-dot-B,,20,,14.0,52.0,test,-74.0,-82.0,-100.0,-43.0,-100.0,-72.0,-100.0,-79.0,-47.0,-100.0,-66.0,-100.0,-70.0,-100.0,-100.0,-64.0,-74.0,-83.0,-100.0,-43.0,-100.0,-70.0,-100.0,-77.0,-47.0,-100.0,-63.0,-100.0,-70.0,-100.0,-100.0,-63.0,-61.0,-63.0,-100.0,-100.0
B2268,RP39,B,CTK45-dot-B,,33,,22.0,52.0,train,-84.0,-80.0,-100.0,-53.0,-59.0,-64.0,-53.0,-75.0,-42.0,-40.0,-70.0,-53.0,-78.0,-72.0,-68.0,-68.0,-82.0,-80.0,-100.0,-52.0,-59.0,-65.0,-53.0,-77.0,-43.0,-36.0,-69.0,-54.0,-78.0,-71.0,-100.0,-68.0,-100.0,-100.0,-70.0,-70.0
B2246,RP39,B,CTK45-dot-B,,13,,22.0,52.0,train,-100.0,-86.0,-84.0,-48.0,-100.0,-63.0,-100.0,-100.0,-43.0,-100.0,-100.0,-100.0,-61.0,-100.0,-100.0,-61.0,-100.0,-86.0,-84.0,-48.0,-100.0,-100.0,-100.0,-100.0,-43.0,-100.0,-100.0,-100.0,-100.0,-100.0,-100.0,-61.0,-100.0,-100.0,-100.0,-100.0
2025:01:13:11:35:17,RP39,A,SM-S908E,2212343.0,16,177.12605208831073,22.0,52.0,train,-100.0,-100.0,-100.0,-100.0,-61.0,-100.0,-67.0,-100.0,-41.0,-43.0,-100.0,-61.0,-100.0,-100.0,-100.0,-63.0,-100.0,-100.0,-100.0,-100.0,-61.0,-100.0,-67.0,-100.0,-41.0,-44.0,-100.0,-62.0,-100.0,-100.0,-59.0,-64.0,-64.0,-100.0,-73.0,-73.0
B2267,RP39,B,CTK45-dot-B,,20,,22.0,52.0,train,-73.0,-100.0,-100.0,-100.0,-100.0,-100.0,-68.0,-100.0,-100.0,-50.0,-45.0,-50.0,-100.0,-68.0,-65.0,-74.0,-73.0,-100.0,-100.0,-100.0,-100.0,-100.0,-67.0,-100.0,-52.0,-50.0,-45.0,-48.0,-100.0,-68.0,-65.0,-74.0,-100.0,-100.0,-77.0,-77.0
B2232,RP39,B,CTK45-dot-B,,13,,22.0,52.0,train,-100.0,-100.0,-100.0,-56.0,-56.0,-100.0,-100.0,-100.0,-100.0,-42.0,-38.0,-53.0,-65.0,-100.0,-100.0,-62.0,-100.0,-100.0,-100.0,-55.0,-56.0,-100.0,-100.0,-100.0,-100.0,-43.0,-38.0,-55.0,-100.0,-100.0,-100.0,-62.0,-100.0,-100.0,-100.0,-100.0
B2281,RP39,B,CTK45-dot-B,,16,,22.0,52.0,train,-100.0,-77.0,-100.0,-100.0,-100.0,-100.0,-70.0,-73.0,-51.0,-100.0,-59.0,-64.0,-100.0,-100.0,-100.0,-100.0,-100.0,-77.0,-100.0,-100.0,-100.0,-100.0,-70.0,-73.0,-52.0,-56.0,-100.0,-64.0,-100.0,-100.0,-100.0,-100.0,-100.0,-100.0,-81.0,-80.0
B2242,RP39,B,CTK45-dot-B,,11,,22.0,52.0,train,-100.0,-86.0,-87.0,-58.0,-100.0,-100.0,-100.0,-100.0,-100.0,-100.0,-49.0,-100.0,-100.0,-100.0,-100.0,-66.0,-100.0,-86.0,-100.0,-59.0,-100.0,-100.0,-100.0,-100.0,-49.0,-100.0,-49.0,-100.0,-100.0,-100.0,-79.0,-66.0,-100.0,-100.0,-100.0,-100.0
B2252,RP39,B,CTK45-dot-B,,15,,22.0,52.0,train,-72.0,-86.0,-100.0,-51.0,-100.0,-100.0,-100.0,-75.0,-44.0,-100.0,-50.0,-100.0,-67.0,-100.0,-63.0,-67.0,-73.0,-87.0,-100.0,-50.0,-100.0,-100.0,-100.0,-100.0,-100.0,-100.0,-50.0,-100.0,-100.0,-100.0,-61.0,-67.0,-100.0,-100.0,-100.0,-100.0
B2270,RP39,B,CTK45-dot-B,,17,,22.0,52.0,train,-100.0,-79.0,-100.0,-74.0,-100.0,-100.0,-65.0,-100.0,-100.0,-100.0,-45.0,-51.0,-100.0,-67.0,-100.0,-77.0,-100.0,-79.0,-100.0,-75.0,-100.0,-100.0,-65.0,-100.0,-100.0,-100.0,-100.0,-51.0,-100.0,-68.0,-100.0,-76.0,-100.0,-100.0,-81.0,-81.0
B2261,RP39,B,CTK45-dot-B,,23,,22.0,52.0,train,-85.0,-100.0,-100.0,-100.0,-57.0,-62.0,-100.0,-78.0,-52.0,-38.0,-57.0,-58.0,-100.0,-67.0,-62.0,-64.0,-85.0,-100.0,-100.0,-100.0,-57.0,-100.0,-100.0,-85.0,-53.0,-39.0,-64.0,-57.0,-100.0,-67.0,-100.0,-63.0,-70.0,-100.0,-100.0,-100.0
B2266,RP39,B,CTK45-dot-B,,12,,22.0,52.0,train,-100.0,-83.0,-100.0,-48.0,-100.0,-100.0,-100.0,-100.0,-44.0,-100.0,-54.0,-100.0,-100.0,-100.0,-65.0,-63.0,-100.0,-83.0,-100.0,-47.0,-100.0,-100.0,-100.0,-100.0,-44.0,-100.0,-55.0,-100.0,-100.0,-100.0,-66.0,-64.0,-100.0,-100.0,-100.0,-100.0
B2255,RP39,B,CTK45-dot-B,,24,,22.0,52.0,train,-100.0,-86.0,-100.0,-58.0,-56.0,-60.0,-100.0,-69.0,-39.0,-47.0,-47.0,-53.0,-100.0,-67.0,-64.0,-100.0,-100.0,-85.0,-100.0,-58.0,-56.0,-63.0,-100.0,-100.0,-46.0,-45.0,-47.0,-53.0,-100.0,-67.0,-100.0,-100.0,-100.0,-100.0,-100.0,-100.0
B2274,RP39,B,CTK45-dot-B,,28,,22.0,52.0,train,-88.0,-82.0,-100.0,-66.0,-57.0,-71.0,-63.0,-84.0,-52.0,-43.0,-53.0,-58.0,-73.0,-70.0,-100.0,-74.0,-78.0,-83.0,-100.0,-65.0,-57.0,-100.0,-63.0,-100.0,-53.0,-44.0,-52.0,-59.0,-100.0,-100.0,-100.0,-74.0,-73.0,-71.0,-70.0,-70.0
B2234,RP39,B,CTK45-dot-B,,15,,22.0,52.0,train,-100.0,-89.0,-100.0,-100.0,-61.0,-100.0,-100.0,-100.0,-100.0,-48.0,-68.0,-65.0,-77.0,-100.0,-100.0,-75.0,-100.0,-89.0,-100.0,-100.0,-61.0,-100.0,-100.0,-100.0,-100.0,-48.0,-69.0,-65.0,-78.0,-68.0,-100.0,-75.0,-100.0,-100.0,-100.0,-100.0
B2283,RP39,B,CTK45-dot-B,,23,,22.0,52.0,train,-100.0,-78.0,-100.0,-74.0,-100.0,-67.0,-68.0,-78.0,-55.0,-53.0,-100.0,-49.0,-70.0,-64.0,-100.0,-79.0,-100.0,-78.0,-100.0,-100.0,-100.0,-67.0,-67.0,-100.0,-54.0,-50.0,-100.0,-49.0,-72.0,-64.0,-100.0,-79.0,-100.0,-100.0,-81.0,-80.0
B2256,RP39,B,CTK45-dot-B,,11,,22.0,52.0,train,-100.0,-100.0,-100.0,-100.0,-100.0,-100.0,-100.0,-100.0,-47.0,-100.0,-100.0,-100.0,-60.0,-100.0,-69.0,-73.0,-72.0,-100.0,-100.0,-100.0,-100.0,-72.0,-100.0,-100.0,-48.0,-100.0,-57.0,-100.0,-58.0,-100.0,-66.0,-73.0,-100.0,-100.0,-100.0,-100.0
B2287,RP39,B,CTK45-dot-B,,27,,22.0,52.0,train,-100.0,-88.0,-100.0,-55.0,-54.0,-65.0,-63.0,-100.0,-45.0,-39.0,-74.0,-65.0,-100.0,-100.0,-61.0,-74.0,-100.0,-88.0,-100.0,-55.0,-51.0,-64.0,-63.0,-100.0,-37.0,-40.0,-74.0,-65.0,-100.0,-100.0,-61.0,-73.0,-63.0,-63.0,-72.0,-72.0
2025:01:13:11:41:28,RP39,A,SM-S908E,2212343.0,32,-39.31381080194198,22.0,52.0,train,-72.0,-73.0,-100.0,-49.0,-53.0,-69.0,-61.0,-71.0,-40.0,-49.0,-49.0,-53.0,-60.0,-100.0,-67.0,-55.0,-72.0,-73.0,-100.0,-49.0,-53.0,-69.0,-61.0,-71.0,-40.0,-49.0,-49.0,-53.0,-60.0,-100.0,-67.0,-55.0,-100.0,-100.0,-70.0,-70.0
B2254,RP39,B,CTK45-dot-B,,30,,22.0,52.0,train,-75.0,-87.0,-100.0,-60.0,-70.0,-73.0,-68.0,-100.0,-54.0,-49.0,-49.0,-55.0,-63.0,-71.0,-53.0,-63.0,-68.0,-87.0,-100.0,-60.0,-53.0,-73.0,-67.0,-100.0,-53.0,-49.0,-47.0,-55.0,-65.0,-71.0,-51.0,-63.0,-100.0,-100.0,-56.0,-56.0
B2277,RP39,B,CTK45-dot-B,,19,,22.0,52.0,train,-100.0,-100.0,-100.0,-70.0,-100.0,-77.0,-75.0,-75.0,-58.0,-100.0,-100.0,-66.0,-100.0,-100.0,-100.0,-84.0,-100.0,-100.0,-100.0,-70.0,-100.0,-100.0,-76.0,-75.0,-58.0,-52.0,-100.0,-66.0,-100.0,-79.0,-100.0,-83.0,-100.0,-100.0,-85.0,-85.0
B2289,RP39,B,CTK45-dot-B,,35,,22.0,52.0,train,-80.0,-100.0,-100.0,-53.0,-63.0,-61.0,-71.0,-68.0,-43.0,-53.0,-64.0,-63.0,-64.0,-68.0,-66.0,-81.0,-82.0,-100.0,-82.0,-53.0,-53.0,-61.0,-73.0,-100.0,-42.0,-53.0,-62.0,-63.0,-62.0,-67.0,-64.0,-81.0,-100.0,-100.0,-79.0,-79.0
B2276,RP39,B,CTK45-dot-B,,21,,22.0,52.0,train,-81.0,-86.0,-100.0,-59.0,-56.0,-100.0,-62.0,-100.0,-53.0,-44.0,-55.0,-56.0,-100.0,-100.0,-100.0,-68.0,-100.0,-87.0,-100.0,-59.0,-56.0,-100.0,-62.0,-100.0,-53.0,-44.0,-57.0,-57.0,-100.0,-100.0,-100.0,-68.0,-100.0,-100.0,-71.0,-71.0
B2271,RP39,B,CTK45-dot-B,,24,,22.0,52.0,train,-100.0,-80.0,-100.0,-68.0,-100.0,-100.0,-65.0,-100.0,-55.0,-56.0,-45.0,-52.0,-66.0,-69.0,-65.0,-79.0,-100.0,-80.0,-100.0,-68.0,-100.0,-100.0,-65.0,-100.0,-55.0,-57.0,-46.0,-50.0,-100.0,-69.0,-64.0,-79.0,-100.0,-100.0,-80.0,-80.0
B2263,RP39,B,CTK45-dot-B,,13,,22.0,52.0,train,-77.0,-100.0,-100.0,-100.0,-100.0,-100.0,-100.0,-78.0,-100.0,-41.0,-100.0,-56.0,-100.0,-60.0,-100.0,-65.0,-78.0,-100.0,-100.0,-100.0,-61.0,-100.0,-100.0,-78.0,-100.0,-41.0,-100.0,-56.0,-100.0,-60.0,-100.0,-65.0,-100.0,-100.0,-100.0,-100.0
B2286,RP39,B,CTK45-dot-B,,18,,22.0,52.0,train,-100.0,-100.0,-100.0,-100.0,-68.0,-74.0,-71.0,-100.0,-55.0,-46.0,-100.0,-63.0,-100.0,-100.0,-100.0,-80.0,-100.0,-100.0,-100.0,-100.0,-68.0,-100.0,-72.0,-100.0,-55.0,-46.0,-100.0,-63.0,-100.0,-75.0,-100.0,-80.0,-100.0,-100.0,-77.0,-76.0
2025:01:13:11:42:05,RP39,A,SM-S908E,2212343.0,31,-34.725321844429224,22.0,52.0,train,-100.0,-73.0,-100.0,-65.0,-63.0,-65.0,-63.0,-72.0,-45.0,-44.0,-50.0,-53.0,-59.0,-100.0,-70.0,-67.0,-100.0,-73.0,-100.0,-100.0,-63.0,-65.0,-63.0,-72.0,-45.0,-44.0,-50.0,-53.0,-59.0,-100.0,-70.0,-67.0,-100.0,-100.0,-83.0,-83.0
2025:01:13:11:38:17,RP39,A,SM-S908E,2212343.0,31,79.5639446490244,22.0,52.0,train,-72.0,-76.0,-100.0,-49.0,-50.0,-54.0,-61.0,-75.0,-40.0,-44.0,-45.0,-54.0,-100.0,-68.0,-64.0,-64.0,-68.0,-77.0,-100.0,-49.0,-50.0,-54.0,-61.0,-76.0,-40.0,-44.0,-45.0,-54.0,-100.0,-68.0,-100.0,-64.0,-100.0,-100.0,-67.0,-67.0
B2288,RP39,B,CTK45-dot-B,,12,,22.0,52.0,train,-83.0,-89.0,-100.0,-100.0,-100.0,-100.0,-100.0,-72.0,-100.0,-100.0,-66.0,-100.0,-71.0,-100.0,-100.0,-72.0,-100.0,-90.0,-100.0,-100.0,-100.0,-100.0,-100.0,-100.0,-100.0,-100.0,-66.0,-100.0,-100.0,-100.0,-100.0,-73.0,-65.0,-63.0,-100.0,-100.0
2025:01:13:11:32:46,RP39,A,SM-S908E,2212343.0,34,-110.38676500714833,22.0,52.0,train,-71.0,-80.0,-100.0,-58.0,-59.0,-69.0,-70.0,-74.0,-50.0,-52.0,-100.0,-65.0,-73.0,-71.0,-64.0,-63.0,-78.0,-79.0,-100.0,-58.0,-59.0,-69.0,-70.0,-75.0,-51.0,-52.0,-58.0,-65.0,-73.0,-71.0,-65.0,-62.0,-74.0,-77.0,-74.0,-74.0
2025:01:13:11:36:28,RP39,A,SM-S908E,2212343.0,20,179.20544770713337,22.0,52.0,train,-100.0,-76.0,-100.0,-55.0,-52.0,-100.0,-60.0,-100.0,-41.0,-42.0,-42.0,-55.0,-100.0,-100.0,-100.0,-60.0,-100.0,-76.0,-100.0,-55.0,-51.0,-100.0,-60.0,-100.0,-100.0,-43.0,-100.0,-55.0,-58.0,-100.0,-65.0,-61.0,-100.0,-100.0,-71.0,-71.0
B2253,RP39,B,CTK45-dot-B,,8,,22.0,52.0,train,-100.0,-90.0,-100.0,-100.0,-100.0,-100.0,-100.0,-100.0,-39.0,-100.0,-100.0,-100.0,-65.0,-100.0,-64.0,-100.0,-100.0,-89.0,-100.0,-100.0,-100.0,-100.0,-100.0,-100.0,-38.0,-100.0,-100.0,-100.0,-100.0,-100.0,-70.0,-100.0,-100.0,-100.0,-100.0,-100.0
B2275,RP39,B,CTK45-dot-B,,30,,22.0,52.0,train,-80.0,-82.0,-100.0,-61.0,-58.0,-70.0,-62.0,-100.0,-53.0,-41.0,-53.0,-59.0,-69.0,-100.0,-68.0,-67.0,-81.0,-82.0,-100.0,-59.0,-58.0,-70.0,-62.0,-100.0,-52.0,-40.0,-53.0,-58.0,-69.0,-72.0,-68.0,-67.0,-100.0,-100.0,-70.0,-70.0
2025:01:13:11:42:39,RP39,A,SM-S908E,2212343.0,33,-45.89493352527632,22.0,52.0,train,-100.0,-71.0,-100.0,-64.0,-61.0,-68.0,-61.0,-65.0,-53.0,-52.0,-52.0,-57.0,-64.0,-100.0,-78.0,-72.0,-100.0,-71.0,-100.0,-63.0,-61.0,-64.0,-61.0,-65.0,-53.0,-52.0,-52.0,-57.0,-64.0,-100.0,-68.0,-71.0,-100.0,-100.0,-83.0,-83.0
B2265,RP39,B,CTK45-dot-B,,23,,22.0,52.0,train,-78.0,-100.0,-100.0,-55.0,-55.0,-58.0,-100.0,-86.0,-46.0,-42.0,-47.0,-59.0,-63.0,-65.0,-100.0,-67.0,-100.0,-100.0,-100.0,-56.0,-56.0,-61.0,-100.0,-84.0,-49.0,-42.0,-50.0,-59.0,-100.0,-65.0,-72.0,-66.0,-100.0,-100.0,-100.0,-100.0
B2257,RP39,B,CTK45-dot-B,,21,,22.0,52.0,train,-69.0,-88.0,-100.0,-62.0,-100.0,-72.0,-100.0,-100.0,-48.0,-100.0,-54.0,-100.0,-62.0,-100.0,-69.0,-75.0,-55.0,-87.0,-100.0,-62.0,-100.0,-67.0,-100.0,-100.0,-48.0,-100.0,-54.0,-100.0,-64.0,-100.0,-70.0,-75.0,-72.0,-69.0,-100.0,-100.0
B2280,RP39,B,CTK45-dot-B,,19,,22.0,52.0,train,-100.0,-100.0,-100.0,-100.0,-65.0,-78.0,-71.0,-100.0,-53.0,-100.0,-100.0,-62.0,-100.0,-71.0,-78.0,-77.0,-100.0,-100.0,-100.0,-100.0,-66.0,-100.0,-71.0,-100.0,-54.0,-51.0,-100.0,-62.0,-100.0,-71.0,-78.0,-77.0,-100.0,-100.0,-81.0,-81.0
B2259,RP39,B,CTK45-dot-B,,14,,22.0,52.0,train,-100.0,-100.0,-100.0,-58.0,-100.0,-100.0,-100.0,-70.0,-100.0,-50.0,-67.0,-69.0,-100.0,-68.0,-100.0,-73.0,-100.0,-100.0,-100.0,-58.0,-66.0,-100.0,-100.0,-72.0,-100.0,-50.0,-68.0,-69.0,-100.0,-100.0,-100.0,-73.0,-100.0,-100.0,-100.0,-100.0
2025:01:13:11:37:41,RP39,A,SM-S908E,2212343.0,35,-179.9337859267257,22.0,52.0,train,-79.0,-74.0,-100.0,-45.0,-49.0,-57.0,-63.0,-73.0,-47.0,-43.0,-47.0,-53.0,-59.0,-100.0,-65.0,-66.0,-100.0,-74.0,-100.0,-46.0,-49.0,-63.0,-64.0,-73.0,-48.0,-43.0,-48.0,-53.0,-53.0,-69.0,-61.0,-66.0,-59.0,-100.0,-63.0,-63.0
B2241,RP39,B,CTK45-dot-B,,35,,22.0,52.0,train,-100.0,-89.0,-100.0,-55.0,-59.0,-60.0,-61.0,-100.0,-50.0,-43.0,-51.0,-53.0,-68.0,-68.0,-68.0,-67.0,-100.0,-88.0,-100.0,-56.0,-58.0,-60.0,-61.0,-72.0,-58.0,-43.0,-50.0,-54.0,-68.0,-68.0,-69.0,-66.0,-100.0,-100.0,-73.0,-73.0
B2233,RP39,B,CTK45-dot-B,,10,,22.0,52.0,train,-100.0,-100.0,-100.0,-53.0,-55.0,-100.0,-100.0,-100.0,-100.0,-45.0,-100.0,-52.0,-100.0,-100.0,-100.0,-66.0,-100.0,-100.0,-100.0,-53.0,-56.0,-100.0,-100.0,-100.0,-100.0,-46.0,-100.0,-52.0,-100.0,-100.0,-100.0,-66.0,-100.0,-100.0,-100.0,-100.0
B2260,RP39,B,CTK45-dot-B,,23,,22.0,52.0,train,-100.0,-100.0,-80.0,-64.0,-59.0,-54.0,-100.0,-100.0,-100.0,-47.0,-50.0,-60.0,-67.0,-63.0,-100.0,-63.0,-77.0,-100.0,-100.0,-65.0,-60.0,-59.0,-100.0,-100.0,-100.0,-47.0,-53.0,-60.0,-100.0,-64.0,-100.0,-63.0,-78.0,-78.0,-100.0,-100.0
2025:01:13:11:35:52,RP39,A,SM-S908E,2212343.0,33,176.26256458400292,22.0,52.0,train,-71.0,-77.0,-100.0,-48.0,-56.0,-56.0,-63.0,-70.0,-41.0,-46.0,-45.0,-51.0,-100.0,-66.0,-58.0,-61.0,-71.0,-77.0,-100.0,-48.0,-56.0,-56.0,-63.0,-70.0,-41.0,-46.0,-45.0,-52.0,-100.0,-66.0,-59.0,-61.0,-100.0,-60.0,-66.0,-66.0
B2285,RP39,B,CTK45-dot-B,,23,,22.0,52.0,train,-74.0,-81.0,-100.0,-70.0,-63.0,-100.0,-66.0,-100.0,-100.0,-49.0,-100.0,-56.0,-100.0,-65.0,-69.0,-76.0,-74.0,-81.0,-100.0,-71.0,-64.0,-100.0,-66.0,-100.0,-100.0,-49.0,-100.0,-50.0,-100.0,-65.0,-69.0,-75.0,-100.0,-100.0,-79.0,-78.0
B2264,RP39,B,CTK45-dot-B,,12,,22.0,52.0,train,-100.0,-79.0,-100.0,-100.0,-61.0,-100.0,-100.0,-100.0,-100.0,-42.0,-100.0,-57.0,-100.0,-61.0,-100.0,-65.0,-100.0,-80.0,-100.0,-100.0,-61.0,-100.0,-100.0,-100.0,-100.0,-42.0,-100.0,-57.0,-100.0,-62.0,-100.0,-65.0,-100.0,-100.0,-100.0,-100.0
2025:01:13:11:40:46,RP39,A,SM-S908E,2212343.0,38,98.18246030323036,22.0,52.0,train,-75.0,-78.0,-100.0,-50.0,-58.0,-68.0,-58.0,-74.0,-42.0,-49.0,-47.0,-52.0,-59.0,-67.0,-62.0,-58.0,-100.0,-78.0,-100.0,-51.0,-57.0,-68.0,-58.0,-74.0,-38.0,-49.0,-47.0,-52.0,-59.0,-100.0,-64.0,-58.0,-100.0,-72.0,-69.0,-69.0
B2248,RP39,B,CTK45-dot-B,,30,,22.0,52.0,train,-75.0,-83.0,-100.0,-50.0,-53.0,-61.0,-58.0,-100.0,-42.0,-41.0,-57.0,-49.0,-63.0,-62.0,-71.0,-62.0,-100.0,-83.0,-100.0,-51.0,-52.0,-59.0,-58.0,-100.0,-42.0,-42.0,-57.0,-49.0,-66.0,-62.0,-100.0,-62.0,-100.0,-100.0,-73.0,-72.0
B2251,RP39,B,CTK45-dot-B,,24,,22.0,52.0,train,-77.0,-88.0,-100.0,-100.0,-54.0,-63.0,-66.0,-100.0,-38.0,-42.0,-100.0,-63.0,-68.0,-100.0,-66.0,-76.0,-77.0,-89.0,-100.0,-100.0,-50.0,-70.0,-66.0,-100.0,-38.0,-42.0,-100.0,-62.0,-71.0,-100.0,-59.0,-76.0,-100.0,-100.0,-71.0,-72.0
2025:01:13:11:43:18,RP39,A,SM-S908E,2212343.0,31,-48.9927730840999,22.0,52.0,train,-78.0,-73.0,-100.0,-100.0,-62.0,-67.0,-63.0,-65.0,-51.0,-51.0,-52.0,-58.0,-100.0,-68.0,-75.0,-66.0,-78.0,-73.0,-100.0,-100.0,-62.0,-67.0,-63.0,-65.0,-51.0,-51.0,-52.0,-59.0,-100.0,-68.0,-76.0,-66.0,-71.0,-71.0,-80.0,-79.0
B2249,RP39,B,CTK45-dot-B,,10,,22.0,52.0,train,-100.0,-100.0,-100.0,-100.0,-100.0,-100.0,-100.0,-100.0,-100.0,-44.0,-49.0,-60.0,-100.0,-100.0,-100.0,-71.0,-100.0,-100.0,-100.0,-56.0,-57.0,-100.0,-100.0,-100.0,-100.0,-44.0,-49.0,-60.0,-100.0,-100.0,-100.0,-71.0,-100.0,-100.0,-100.0,-100.0
B2247,RP39,B,CTK45-dot-B,,11,,22.0,52.0,train,-100.0,-100.0,-100.0,-100.0,-58.0,-100.0,-100.0,-100.0,-100.0,-41.0,-50.0,-61.0,-100.0,-100.0,-100.0,-68.0,-100.0,-100.0,-100.0,-100.0,-58.0,-100.0,-100.0,-100.0,-100.0,-42.0,-50.0,-61.0,-100.0,-100.0,-100.0,-69.0,-100.0,-75.0,-100.0,-100.0
2025:01:13:11:40:11,RP39,A,SM-S908E,2212343.0,35,98.75840893805177,22.0,52.0,train,-100.0,-73.0,-100.0,-57.0,-51.0,-65.0,-60.0,-70.0,-42.0,-39.0,-59.0,-53.0,-64.0,-100.0,-66.0,-58.0,-100.0,-73.0,-100.0,-56.0,-51.0,-66.0,-60.0,-70.0,-42.0,-39.0,-59.0,-53.0,-59.0,-100.0,-64.0,-58.0,-100.0,-100.0,-74.0,-74.0
2025:01:13:11:38:52,RP39,A,SM-S908E,2212343.0,36,82.44127567081394,22.0,52.0,train,-77.0,-72.0,-100.0,-45.0,-54.0,-61.0,-62.0,-70.0,-35.0,-42.0,-54.0,-54.0,-62.0,-66.0,-65.0,-57.0,-100.0,-72.0,-100.0,-46.0,-54.0,-61.0,-62.0,-70.0,-35.0,-42.0,-54.0,-54.0,-57.0,-66.0,-64.0,-58.0,-100.0,-100.0,-70.0,-69.0
B2243,RP39,B,CTK45-dot-B,,14,,22.0,52.0,train,-100.0,-86.0,-100.0,-58.0,-100.0,-100.0,-100.0,-100.0,-100.0,-100.0,-50.0,-100.0,-68.0,-100.0,-74.0,-69.0,-74.0,-86.0,-100.0,-59.0,-100.0,-100.0,-100.0,-100.0,-100.0,-100.0,-48.0,-100.0,-69.0,-100.0,-73.0,-68.0,-100.0,-100.0,-100.0,-100.0
B2258,RP39,B,CTK45-dot-B,,27,,22.0,52.0,train,-71.0,-92.0,-100.0,-100.0,-62.0,-66.0,-67.0,-100.0,-48.0,-44.0,-53.0,-53.0,-53.0,-100.0,-100.0,-74.0,-71.0,-92.0,-100.0,-100.0,-63.0,-100.0,-67.0,-100.0,-48.0,-44.0,-53.0,-53.0,-59.0,-66.0,-100.0,-74.0,-100.0,-100.0,-79.0,-79.0
B2250,RP39,B,CTK45-dot-B,,20,,22.0,52.0,train,-78.0,-100.0,-100.0,-55.0,-55.0,-58.0,-100.0,-86.0,-46.0,-42.0,-100.0,-59.0,-63.0,-65.0,-100.0,-67.0,-100.0,-100.0,-100.0,-56.0,-56.0,-61.0,-100.0,-84.0,-100.0,-42.0,-100.0,-59.0,-100.0,-65.0,-72.0,-66.0,-100.0,-100.0,-100.0,-100.0
B2235,RP39,B,CTK45-dot-B,,17,,22.0,52.0,validation,-75.0,-100.0,-100.0,-100.0,-64.0,-100.0,-100.0,-100.0,-54.0,-50.0,-100.0,-69.0,-78.0,-71.0,-67.0,-72.0,-75.0,-100.0,-100.0,-100.0,-64.0,-100.0,-100.0,-100.0,-100.0,-50.0,-100.0,-69.0,-79.0,-71.0,-67.0,-72.0,-100.0,-100.0,-100.0,-100.0
B2272,RP39,B,CTK45-dot-B,,21,,22.0,52.0,validation,-73.0,-80.0,-100.0,-100.0,-68.0,-65.0,-70.0,-100.0,-48.0,-100.0,-45.0,-52.0,-67.0,-100.0,-100.0,-70.0,-74.0,-80.0,-100.0,-100.0,-68.0,-65.0,-69.0,-100.0,-49.0,-100.0,-100.0,-51.0,-67.0,-100.0,-100.0,-70.0,-100.0,-100.0,-80.0,-80.0
B2236,RP39,B,CTK45-dot-B,,32,,22.0,52.0,validation,-76.0,-91.0,-100.0,-63.0,-62.0,-67.0,-65.0,-100.0,-49.0,-45.0,-51.0,-54.0,-65.0,-70.0,-78.0,-78.0,-75.0,-94.0,-100.0,-62.0,-63.0,-64.0,-65.0,-100.0,-50.0,-45.0,-58.0,-54.0,-100.0,-70.0,-75.0,-79.0,-100.0,-100.0,-81.0,-80.0
B2278,RP39,B,CTK45-dot-B,,32,,22.0,52.0,validation,-81.0,-88.0,-100.0,-70.0,-70.0,-74.0,-72.0,-75.0,-55.0,-47.0,-73.0,-65.0,-78.0,-74.0,-100.0,-80.0,-81.0,-87.0,-100.0,-71.0,-70.0,-74.0,-72.0,-75.0,-57.0,-46.0,-100.0,-65.0,-76.0,-75.0,-100.0,-80.0,-100.0,-78.0,-78.0,-77.0
2025:01:13:11:34:34,RP39,A,SM-S908E,2212343.0,28,-116.23128402173775,22.0,52.0,validation,-65.0,-75.0,-100.0,-100.0,-53.0,-100.0,-64.0,-72.0,-39.0,-49.0,-64.0,-64.0,-68.0,-100.0,-60.0,-65.0,-71.0,-75.0,-100.0,-100.0,-53.0,-100.0,-64.0,-67.0,-39.0,-49.0,-64.0,-64.0,-100.0,-100.0,-61.0,-65.0,-64.0,-67.0,-72.0,-71.0
B2282,RP39,B,CTK45-dot-B,,27,,22.0,52.0,validation,-100.0,-82.0,-100.0,-72.0,-69.0,-65.0,-67.0,-80.0,-55.0,-100.0,-46.0,-53.0,-100.0,-66.0,-100.0,-74.0,-100.0,-83.0,-100.0,-71.0,-66.0,-100.0,-67.0,-81.0,-100.0,-47.0,-47.0,-52.0,-100.0,-66.0,-100.0,-74.0,-100.0,-100.0,-82.0,-81.0
B2262,RP39,B,CTK45-dot-B,,25,,22.0,52.0,validation,-100.0,-82.0,-100.0,-54.0,-56.0,-100.0,-100.0,-78.0,-51.0,-39.0,-64.0,-57.0,-100.0,-66.0,-62.0,-65.0,-100.0,-82.0,-100.0,-56.0,-56.0,-100.0,-100.0,-78.0,-100.0,-39.0,-64.0,-57.0,-100.0,-69.0,-62.0,-65.0,-100.0,-100.0,-100.0,-100.0
2025:01:13:11:32:07,RP39,A,SM-S908E,2212343.0,35,-111.6510995145076,22.0,52.0,validation,-100.0,-80.0,-100.0,-66.0,-63.0,-61.0,-58.0,-75.0,-51.0,-55.0,-66.0,-61.0,-100.0,-72.0,-65.0,-68.0,-71.0,-80.0,-100.0,-66.0,-61.0,-61.0,-58.0,-76.0,-51.0,-55.0,-66.0,-61.0,-100.0,-71.0,-72.0,-68.0,-70.0,-100.0,-80.0,-80.0
2025:01:13:11:37:05,RP39,A,SM-S908E,2212343.0,29,-179.5172341505097,22.0,52.0,validation,-100.0,-77.0,-100.0,-43.0,-51.0,-56.0,-62.0,-72.0,-37.0,-42.0,-44.0,-53.0,-60.0,-66.0,-48.0,-63.0,-100.0,-78.0,-100.0,-43.0,-51.0,-56.0,-62.0,-68.0,-36.0,-42.0,-44.0,-53.0,-100.0,-100.0,-54.0,-63.0,-100.0,-100.0,-64.0,-64.0
B2269,RP39,B,CTK45-dot-B,,23,,22.0,52.0,validation,-100.0,-100.0,-100.0,-59.0,-100.0,-71.0,-62.0,-100.0,-53.0,-40.0,-56.0,-54.0,-69.0,-100.0,-66.0,-66.0,-100.0,-100.0,-100.0,-59.0,-100.0,-71.0,-62.0,-100.0,-52.0,-40.0,-55.0,-54.0,-69.0,-100.0,-66.0,-66.0,-100.0,-100.0,-72.0,-71.0
B2284,RP39,B,CTK45-dot-B,,24,,22.0,52.0,validation,-75.0,-100.0,-100.0,-70.0,-70.0,-100.0,-70.0,-100.0,-100.0,-55.0,-44.0,-53.0,-71.0,-65.0,-100.0,-75.0,-100.0,-100.0,-86.0,-70.0,-70.0,-100.0,-70.0,-100.0,-100.0,-54.0,-45.0,-53.0,-72.0,-65.0,-100.0,-75.0,-100.0,-100.0,-80.0,-79.0
B2279,RP39,B,CTK45-dot-B,,23,,22.0,52.0,validation,-100.0,-87.0,-100.0,-100.0,-73.0,-74.0,-71.0,-76.0,-57.0,-46.0,-100.0,-65.0,-100.0,-74.0,-100.0,-77.0,-100.0,-85.0,-100.0,-100.0,-72.0,-74.0,-71.0,-75.0,-56.0,-46.0,-100.0,-66.0,-100.0,-74.0,-100.0,-78.0,-100.0,-100.0,-76.0,-75.0
B2238,RP39,B,CTK45-dot-B,,25,,22.0,52.0,test,-69.0,-77.0,-100.0,-51.0,-46.0,-100.0,-100.0,-91.0,-58.0,-49.0,-42.0,-56.0,-100.0,-68.0,-58.0,-62.0,-100.0,-77.0,-100.0,-51.0,-46.0,-100.0,-100.0,-91.0,-59.0,-49.0,-48.0,-56.0,-100.0,-68.0,-59.0,-62.0,-59.0,-59.0,-100.0,-100.0
2025:01:13:11:39:33,RP39,A,SM-S908E,2212343.0,33,92.48928809022475,22.0,52.0,test,-100.0,-76.0,-100.0,-53.0,-51.0,-62.0,-55.0,-100.0,-41.0,-40.0,-52.0,-52.0,-62.0,-66.0,-67.0,-60.0,-71.0,-77.0,-100.0,-53.0,-51.0,-63.0,-55.0,-100.0,-41.0,-41.0,-53.0,-52.0,-62.0,-100.0,-67.0,-60.0,-67.0,-67.0,-75.0,-75.0
2025:01:13:11:33:20,RP39,A,SM-S908E,2212343.0,31,-109.52826223565813,22.0,52.0,test,-77.0,-78.0,-100.0,-43.0,-57.0,-62.0,-69.0,-72.0,-37.0,-43.0,-100.0,-63.0,-65.0,-100.0,-62.0,-66.0,-77.0,-78.0,-75.0,-43.0,-57.0,-63.0,-69.0,-75.0,-37.0,-42.0,-100.0,-63.0,-63.0,-76.0,-62.0,-66.0,-100.0,-100.0,-76.0,-76.0
2025:01:13:11:34:00,RP39,A,SM-S908E,2212343.0,31,-109.79051074806748,22.0,52.0,test,-62.0,-78.0,-100.0,-43.0,-53.0,-61.0,-64.0,-73.0,-37.0,-47.0,-61.0,-66.0,-70.0,-70.0,-61.0,-64.0,-62.0,-78.0,-100.0,-43.0,-53.0,-100.0,-64.0,-74.0,-37.0,-47.0,-61.0,-66.0,-71.0,-70.0,-100.0,-64.0,-66.0,-100.0,-70.0,-70.0
B2273,RP39,B,CTK45-dot-B,,27,,22.0,52.0,test,-82.0,-81.0,-100.0,-100.0,-100.0,-71.0,-70.0,-80.0,-62.0,-48.0,-68.0,-63.0,-100.0,-75.0,-100.0,-74.0,-81.0,-81.0,-100.0,-100.0,-100.0,-71.0,-70.0,-80.0,-63.0,-47.0,-70.0,-63.0,-100.0,-75.0,-100.0,-74.0,-100.0,-100.0,-80.0,-79.0
B2245,RP39,B,CTK45-dot-B,,19,,22.0,52.0,test,-77.0,-86.0,-100.0,-47.0,-100.0,-59.0,-100.0,-71.0,-47.0,-100.0,-59.0,-100.0,-64.0,-100.0,-100.0,-61.0,-74.0,-85.0,-100.0,-48.0,-100.0,-59.0,-100.0,-71.0,-47.0,-100.0,-66.0,-100.0,-63.0,-100.0,-100.0,-61.0,-100.0,-100.0,-100.0,-100.0
B2239,RP39,B,CTK45-dot-B,,14,,22.0,52.0,test,-100.0,-100.0,-100.0,-64.0,-55.0,-100.0,-100.0,-70.0,-100.0,-47.0,-100.0,-54.0,-100.0,-63.0,-100.0,-62.0,-100.0,-100.0,-100.0,-100.0,-55.0,-100.0,-100.0,-72.0,-100.0,-47.0,-55.0,-55.0,-100.0,-64.0,-100.0,-62.0,-100.0,-100.0,-100.0,-100.0
B2240,RP39,B,CTK45-dot-B,,26,,22.0,52.0,test,-76.0,-83.0,-80.0,-63.0,-58.0,-100.0,-100.0,-70.0,-52.0,-50.0,-52.0,-59.0,-69.0,-69.0,-68.0,-67.0,-77.0,-83.0,-100.0,-62.0,-58.0,-100.0,-100.0,-70.0,-51.0,-50.0,-55.0,-59.0,-100.0,-66.0,-69.0,-67.0,-100.0,-100.0,-100.0,-100.0
B2231,RP39,B,CTK45-dot-B,,17,,22.0,52.0,test,-100.0,-80.0,-100.0,-70.0,-58.0,-100.0,-100.0,-73.0,-51.0,-45.0,-53.0,-55.0,-100.0,-100.0,-100.0,-66.0,-100.0,-80.0,-100.0,-72.0,-58.0,-100.0,-100.0,-100.0,-100.0,-46.0,-56.0,-56.0,-100.0,-65.0,-100.0,-66.0,-100.0,-100.0,-100.0,-100.0
2025:01:13:11:44:02,RP39,A,SM-S908E,2212343.0,33,-46.91011160584502,22.0,52.0,test,-82.0,-73.0,-100.0,-100.0,-63.0,-78.0,-62.0,-100.0,-52.0,-50.0,-55.0,-53.0,-100.0,-67.0,-70.0,-70.0,-82.0,-73.0,-100.0,-59.0,-63.0,-70.0,-62.0,-100.0,-54.0,-50.0,-100.0,-53.0,-70.0,-67.0,-73.0,-70.0,-100.0,-100.0,-82.0,-82.0
B2244,RP39,B,CTK45-dot-B,,29,,22.0,52.0,test,-73.0,-83.0,-100.0,-50.0,-54.0,-65.0,-57.0,-77.0,-49.0,-43.0,-56.0,-50.0,-66.0,-100.0,-72.0,-58.0,-73.0,-83.0,-100.0,-49.0,-54.0,-65.0,-57.0,-70.0,-42.0,-43.0,-100.0,-50.0,-65.0,-100.0,-72.0,-58.0,-100.0,-100.0,-74.0,-74.0
B2237,RP39,B,CTK45-dot-B,,17,,22.0,52.0,test,-100.0,-91.0,-100.0,-61.0,-61.0,-100.0,-100.0,-72.0,-100.0,-53.0,-100.0,-74.0,-100.0,-69.0,-100.0,-73.0,-100.0,-91.0,-100.0,-61.0,-59.0,-100.0,-100.0,-71.0,-100.0,-53.0,-100.0,-72.0,-100.0,-100.0,-100.0,-73.0,-100.0,-100.0,-100.0,-100.0
B2299,RP40,B,CTK45-dot-B,,30,,29.0,52.0,train,-74.0,-80.0,-100.0,-49.0,-56.0,-61.0,-66.0,-100.0,-100.0,-44.0,-50.0,-47.0,-66.0,-66.0,-68.0,-65.0,-100.0,-80.0,-100.0,-63.0,-56.0,-100.0,-66.0,-100.0,-100.0,-44.0,-50.0,-68.0,-66.0,-100.0,-69.0,-65.0,-100.0,-63.0,-67.0,-67.0
B2301,RP40,B,CTK45-dot-B,,21,,29.0,52.0,train,-78.0,-82.0,-100.0,-100.0,-55.0,-58.0,-100.0,-100.0,-100.0,-51.0,-69.0,-72.0,-74.0,-76.0,-76.0,-76.0,-85.0,-82.0,-100.0,-100.0,-55.0,-100.0,-100.0,-100.0,-100.0,-51.0,-71.0,-74.0,-74.0,-76.0,-76.0,-77.0,-100.0,-100.0,-100.0,-100.0
B2339,RP40,B,CTK45-dot-B,,13,,29.0,52.0,train,-100.0,-100.0,-100.0,-100.0,-51.0,-100.0,-100.0,-71.0,-100.0,-44.0,-59.0,-63.0,-100.0,-69.0,-100.0,-62.0,-100.0,-100.0,-100.0,-100.0,-52.0,-100.0,-100.0,-100.0,-100.0,-44.0,-59.0,-63.0,-100.0,-69.0,-100.0,-61.0,-100.0,-100.0,-100.0,-100.0
2025:01:13:11:31:15,RP40,A,SM-S908E,2212343.0,34,-44.20773324679869,29.0,52.0,train,-79.0,-78.0,-100.0,-63.0,-65.0,-56.0,-58.0,-100.0,-55.0,-52.0,-59.0,-60.0,-60.0,-69.0,-66.0,-68.0,-79.0,-78.0,-100.0,-63.0,-65.0,-57.0,-58.0,-100.0,-56.0,-52.0,-59.0,-60.0,-65.0,-70.0,-67.0,-69.0,-100.0,-72.0,-79.0,-78.0
B2343,RP40,B,CTK45-dot-B,,21,,29.0,52.0,train,-100.0,-82.0,-100.0,-100.0,-59.0,-58.0,-60.0,-82.0,-45.0,-48.0,-61.0,-65.0,-100.0,-100.0,-100.0,-68.0,-100.0,-82.0,-100.0,-100.0,-59.0,-100.0,-60.0,-78.0,-46.0,-49.0,-63.0,-65.0,-100.0,-100.0,-100.0,-68.0,-100.0,-100.0,-67.0,-67.0
B2303,RP40,B,CTK45-dot-B,,15,,29.0,52.0,train,-100.0,-90.0,-100.0,-100.0,-58.0,-100.0,-100.0,-100.0,-100.0,-61.0,-68.0,-73.0,-80.0,-100.0,-100.0,-80.0,-100.0,-90.0,-100.0,-100.0,-58.0,-100.0,-100.0,-100.0,-100.0,-49.0,-69.0,-72.0,-100.0,-100.0,-100.0,-81.0,-100.0,-100.0,-100.0,-100.0
2025:01:13:11:18:56,RP40,A,SM-S908E,2212343.0,31,-114.34955884223524,29.0,52.0,train,-100.0,-79.0,-100.0,-46.0,-54.0,-63.0,-100.0,-78.0,-42.0,-53.0,-60.0,-62.0,-62.0,-73.0,-59.0,-65.0,-75.0,-80.0,-100.0,-46.0,-54.0,-63.0,-100.0,-79.0,-42.0,-53.0,-61.0,-63.0,-100.0,-73.0,-59.0,-65.0,-100.0,-67.0,-79.0,-79.0
B2319,RP40,B,CTK45-dot-B,,23,,29.0,52.0,train,-100.0,-87.0,-100.0,-72.0,-64.0,-63.0,-65.0,-80.0,-46.0,-56.0,-100.0,-79.0,-100.0,-100.0,-100.0,-82.0,-100.0,-86.0,-100.0,-74.0,-64.0,-63.0,-65.0,-80.0,-47.0,-54.0,-100.0,-79.0,-100.0,-100.0,-100.0,-82.0,-100.0,-100.0,-86.0,-86.0
2025:01:13:11:22:55,RP40,A,SM-S908E,2212343.0,29,175.7301779303453,29.0,52.0,train,-59.0,-76.0,-100.0,-52.0,-56.0,-48.0,-59.0,-100.0,-35.0,-49.0,-58.0,-58.0,-100.0,-73.0,-100.0,-62.0,-100.0,-76.0,-100.0,-52.0,-57.0,-47.0,-59.0,-71.0,-35.0,-49.0,-58.0,-58.0,-100.0,-73.0,-100.0,-62.0,-100.0,-100.0,-74.0,-74.0
B2298,RP40,B,CTK45-dot-B,,16,,29.0,52.0,train,-100.0,-100.0,-100.0,-100.0,-64.0,-100.0,-59.0,-83.0,-100.0,-51.0,-100.0,-100.0,-100.0,-100.0,-100.0,-79.0,-100.0,-100.0,-100.0,-100.0,-64.0,-100.0,-57.0,-85.0,-100.0,-51.0,-100.0,-66.0,-100.0,-100.0,-100.0,-78.0,-69.0,-76.0,-72.0,-72.0
2025:01:13:11:24:42,RP40,A,SM-S908E,2212343.0,32,178.95806171992973,29.0,52.0,train,-100.0,-78.0,-100.0,-100.0,-50.0,-52.0,-56.0,-100.0,-38.0,-47.0,-100.0,-59.0,-60.0,-69.0,-51.0,-61.0,-100.0,-100.0,-100.0,-58.0,-50.0,-52.0,-56.0,-100.0,-37.0,-47.0,-100.0,-59.0,-60.0,-69.0,-58.0,-62.0,-69.0,-71.0,-70.0,-69.0
B2314,RP40,B,CTK45-dot-B,,19,,29.0,52.0,train,-79.0,-87.0,-100.0,-69.0,-72.0,-63.0,-66.0,-100.0,-100.0,-49.0,-100.0,-76.0,-72.0,-82.0,-100.0,-86.0,-100.0,-87.0,-100.0,-69.0,-73.0,-100.0,-66.0,-100.0,-100.0,-51.0,-100.0,-76.0,-100.0,-81.0,-100.0,-85.0,-100.0,-100.0,-100.0,-100.0
B2321,RP40,B,CTK45-dot-B,,16,,29.0,52.0,train,-100.0,-89.0,-100.0,-100.0,-65.0,-100.0,-73.0,-100.0,-100.0,-55.0,-100.0,-100.0,-78.0,-100.0,-100.0,-84.0,-100.0,-89.0,-100.0,-100.0,-65.0,-100.0,-72.0,-100.0,-51.0,-51.0,-100.0,-100.0,-76.0,-81.0,-100.0,-84.0,-100.0,-100.0,-84.0,-84.0
B2324,RP40,B,CTK45-dot-B,,25,,29.0,52.0,train,-81.0,-87.0,-91.0,-63.0,-65.0,-100.0,-70.0,-100.0,-100.0,-56.0,-77.0,-82.0,-76.0,-82.0,-100.0,-82.0,-78.0,-90.0,-100.0,-62.0,-66.0,-100.0,-70.0,-100.0,-100.0,-56.0,-76.0,-83.0,-76.0,-83.0,-100.0,-82.0,-100.0,-100.0,-86.0,-85.0
B2342,RP40,B,CTK45-dot-B,,14,,29.0,52.0,train,-71.0,-100.0,-100.0,-47.0,-50.0,-100.0,-100.0,-73.0,-100.0,-45.0,-100.0,-60.0,-100.0,-100.0,-100.0,-63.0,-100.0,-100.0,-100.0,-47.0,-50.0,-100.0,-100.0,-73.0,-100.0,-45.0,-100.0,-61.0,-100.0,-67.0,-100.0,-63.0,-100.0,-100.0,-100.0,-100.0
B2291,RP40,B,CTK45-dot-B,,16,,29.0,52.0,train,-100.0,-100.0,-100.0,-100.0,-100.0,-61.0,-61.0,-83.0,-53.0,-100.0,-100.0,-70.0,-100.0,-100.0,-100.0,-100.0,-100.0,-100.0,-100.0,-100.0,-100.0,-62.0,-61.0,-100.0,-52.0,-49.0,-100.0,-70.0,-78.0,-100.0,-100.0,-69.0,-100.0,-100.0,-74.0,-73.0
B2310,RP40,B,CTK45-dot-B,,22,,29.0,52.0,train,-78.0,-74.0,-100.0,-65.0,-61.0,-100.0,-58.0,-100.0,-100.0,-52.0,-100.0,-68.0,-100.0,-70.0,-70.0,-65.0,-77.0,-74.0,-100.0,-65.0,-64.0,-100.0,-58.0,-100.0,-100.0,-52.0,-100.0,-68.0,-100.0,-70.0,-100.0,-65.0,-100.0,-100.0,-100.0,-84.0
B2295,RP40,B,CTK45-dot-B,,23,,29.0,52.0,train,-100.0,-79.0,-100.0,-100.0,-51.0,-60.0,-57.0,-77.0,-51.0,-46.0,-100.0,-68.0,-100.0,-69.0,-100.0,-70.0,-100.0,-80.0,-100.0,-100.0,-51.0,-60.0,-57.0,-80.0,-51.0,-47.0,-100.0,-68.0,-100.0,-100.0,-70.0,-70.0,-100.0,-100.0,-75.0,-74.0
B2317,RP40,B,CTK45-dot-B,,17,,29.0,52.0,train,-79.0,-89.0,-100.0,-76.0,-100.0,-100.0,-61.0,-100.0,-52.0,-59.0,-100.0,-79.0,-100.0,-100.0,-100.0,-79.0,-80.0,-90.0,-100.0,-100.0,-100.0,-100.0,-61.0,-100.0,-53.0,-49.0,-100.0,-79.0,-100.0,-100.0,-100.0,-80.0,-100.0,-100.0,-83.0,-82.0
2025:01:13:11:23:30,RP40,A,SM-S908E,2212343.0,26,173.4922678079218,29.0,52.0,train,-60.0,-100.0,-100.0,-100.0,-56.0,-100.0,-62.0,-100.0,-34.0,-49.0,-100.0,-60.0,-67.0,-67.0,-61.0,-61.0,-61.0,-77.0,-100.0,-100.0,-56.0,-100.0,-62.0,-100.0,-34.0,-49.0,-100.0,-60.0,-100.0,-67.0,-61.0,-61.0,-100.0,-100.0,-71.0,-71.0
2025:01:13:11:22:16,RP40,A,SM-S908E,2212343.0,33,174.68825990947784,29.0,52.0,train,-100.0,-77.0,-100.0,-52.0,-53.0,-58.0,-64.0,-71.0,-31.0,-50.0,-59.0,-64.0,-69.0,-69.0,-64.0,-64.0,-100.0,-100.0,-100.0,-53.0,-52.0,-58.0,-64.0,-72.0,-31.0,-50.0,-61.0,-64.0,-61.0,-68.0,-63.0,-64.0,-100.0,-100.0,-77.0,-77.0
B2300,RP40,B,CTK45-dot-B,,31,,29.0,52.0,train,-76.0,-83.0,-83.0,-61.0,-54.0,-53.0,-100.0,-76.0,-49.0,-50.0,-68.0,-69.0,-100.0,-79.0,-79.0,-76.0,-75.0,-82.0,-84.0,-61.0,-54.0,-52.0,-100.0,-82.0,-49.0,-51.0,-68.0,-69.0,-100.0,-72.0,-80.0,-76.0,-100.0,-100.0,-100.0,-100.0
B2293,RP40,B,CTK45-dot-B,,20,,29.0,52.0,train,-100.0,-100.0,-100.0,-100.0,-57.0,-59.0,-53.0,-84.0,-100.0,-49.0,-71.0,-66.0,-100.0,-100.0,-100.0,-71.0,-100.0,-83.0,-100.0,-100.0,-56.0,-100.0,-53.0,-84.0,-100.0,-49.0,-71.0,-66.0,-100.0,-100.0,-100.0,-71.0,-100.0,-100.0,-76.0,-76.0
2025:01:13:11:25:18,RP40,A,SM-S908E,2212343.0,35,77.00612927126753,29.0,52.0,train,-68.0,-76.0,-100.0,-57.0,-58.0,-56.0,-60.0,-75.0,-42.0,-46.0,-59.0,-59.0,-61.0,-100.0,-61.0,-59.0,-100.0,-76.0,-100.0,-63.0,-58.0,-56.0,-60.0,-69.0,-43.0,-46.0,-59.0,-59.0,-61.0,-100.0,-63.0,-59.0,-100.0,-100.0,-69.0,-69.0
B2331,RP40,B,CTK45-dot-B,,23,,29.0,52.0,train,-86.0,-81.0,-100.0,-65.0,-59.0,-57.0,-60.0,-100.0,-45.0,-49.0,-73.0,-65.0,-100.0,-100.0,-100.0,-71.0,-100.0,-81.0,-100.0,-66.0,-59.0,-56.0,-60.0,-100.0,-46.0,-49.0,-100.0,-66.0,-100.0,-100.0,-100.0,-71.0,-100.0,-100.0,-68.0,-67.0
B2346,RP40,B,CTK45-dot-B,,19,,29.0,52.0,train,-100.0,-87.0,-100.0,-63.0,-62.0,-100.0,-64.0,-100.0,-100.0,-55.0,-82.0,-70.0,-74.0,-100.0,-100.0,-79.0,-100.0,-88.0,-100.0,-65.0,-62.0,-100.0,-64.0,-100.0,-100.0,-48.0,-100.0,-70.0,-100.0,-78.0,-100.0,-79.0,-100.0,-100.0,-83.0,-84.0
B2328,RP40,B,CTK45-dot-B,,23,,29.0,52.0,train,-100.0,-83.0,-100.0,-100.0,-60.0,-55.0,-60.0,-81.0,-43.0,-48.0,-62.0,-67.0,-100.0,-100.0,-74.0,-70.0,-100.0,-83.0,-100.0,-100.0,-60.0,-55.0,-60.0,-81.0,-43.0,-52.0,-100.0,-67.0,-100.0,-100.0,-100.0,-70.0,-100.0,-100.0,-68.0,-68.0
B2330,RP40,B,CTK45-dot-B,,17,,29.0,52.0,train,-77.0,-100.0,-100.0,-63.0,-59.0,-100.0,-100.0,-75.0,-44.0,-45.0,-100.0,-60.0,-63.0,-67.0,-100.0,-70.0,-100.0,-100.0,-100.0,-63.0,-59.0,-100.0,-100.0,-75.0,-100.0,-44.0,-100.0,-59.0,-100.0,-67.0,-100.0,-71.0,-100.0,-100.0,-100.0,-100.0
B2347,RP40,B,CTK45-dot-B,,21,,29.0,52.0,train,-100.0,-87.0,-100.0,-63.0,-60.0,-100.0,-64.0,-100.0,-100.0,-50.0,-80.0,-76.0,-100.0,-74.0,-78.0,-81.0,-100.0,-88.0,-100.0,-62.0,-60.0,-100.0,-64.0,-100.0,-100.0,-48.0,-80.0,-77.0,-100.0,-74.0,-100.0,-80.0,-100.0,-100.0,-82.0,-82.0
B2344,RP40,B,CTK45-dot-B,,12,,29.0,52.0,train,-100.0,-100.0,-100.0,-61.0,-100.0,-100.0,-100.0,-100.0,-100.0,-43.0,-100.0,-69.0,-68.0,-100.0,-100.0,-69.0,-100.0,-100.0,-100.0,-62.0,-65.0,-100.0,-100.0,-100.0,-100.0,-43.0,-100.0,-70.0,-69.0,-72.0,-100.0,-69.0,-100.0,-100.0,-100.0,-100.0
2025:01:13:11:19:42,RP40,A,SM-S908E,2212343.0,23,-107.63347934800461,29.0,52.0,train,-100.0,-75.0,-100.0,-52.0,-50.0,-58.0,-61.0,-100.0,-34.0,-47.0,-100.0,-64.0,-100.0,-72.0,-65.0,-59.0,-100.0,-76.0,-100.0,-100.0,-50.0,-100.0,-61.0,-100.0,-29.0,-47.0,-57.0,-64.0,-100.0,-100.0,-65.0,-59.0,-100.0,-100.0,-73.0,-73.0
2025:01:13:11:18:15,RP40,A,SM-S908E,2212343.0,36,-115.6860974909369,29.0,52.0,train,-65.0,-76.0,-100.0,-50.0,-52.0,-45.0,-69.0,-69.0,-37.0,-42.0,-52.0,-63.0,-65.0,-73.0,-54.0,-60.0,-65.0,-76.0,-100.0,-50.0,-52.0,-100.0,-69.0,-69.0,-36.0,-43.0,-53.0,-63.0,-65.0,-73.0,-54.0,-60.0,-65.0,-100.0,-75.0,-75.0
B2313,RP40,B,CTK45-dot-B,,16,,29.0,52.0,train,-100.0,-89.0,-100.0,-100.0,-100.0,-100.0,-65.0,-100.0,-45.0,-52.0,-69.0,-68.0,-100.0,-100.0,-100.0,-79.0,-100.0,-89.0,-100.0,-100.0,-100.0,-100.0,-65.0,-100.0,-47.0,-100.0,-71.0,-69.0,-100.0,-100.0,-100.0,-78.0,-100.0,-100.0,-89.0,-87.0
B2333,RP40,B,CTK45-dot-B,,12,,29.0,52.0,train,-77.0,-100.0,-100.0,-65.0,-61.0,-100.0,-100.0,-100.0,-100.0,-44.0,-100.0,-60.0,-100.0,-100.0,-100.0,-75.0,-77.0,-100.0,-100.0,-100.0,-62.0,-100.0,-100.0,-100.0,-100.0,-44.0,-100.0,-60.0,-100.0,-67.0,-100.0,-75.0,-100.0,-100.0,-100.0,-100.0
B2311,RP40,B,CTK45-dot-B,,21,,29.0,52.0,train,-100.0,-82.0,-100.0,-100.0,-56.0,-100.0,-64.0,-100.0,-43.0,-53.0,-68.0,-69.0,-70.0,-100.0,-100.0,-63.0,-100.0,-82.0,-100.0,-100.0,-58.0,-100.0,-64.0,-100.0,-100.0,-53.0,-69.0,-69.0,-71.0,-100.0,-100.0,-63.0,-100.0,-100.0,-82.0,-82.0
2025:01:13:11:26:08,RP40,A,SM-S908E,2212343.0,38,76.9293300084082,29.0,52.0,train,-63.0,-75.0,-100.0,-61.0,-60.0,-59.0,-63.0,-75.0,-40.0,-48.0,-57.0,-60.0,-69.0,-69.0,-63.0,-55.0,-70.0,-75.0,-100.0,-61.0,-59.0,-59.0,-63.0,-73.0,-42.0,-48.0,-57.0,-60.0,-100.0,-69.0,-63.0,-55.0,-72.0,-70.0,-70.0,-70.0
B2335,RP40,B,CTK45-dot-B,,26,,29.0,52.0,train,-100.0,-80.0,-100.0,-58.0,-58.0,-58.0,-60.0,-86.0,-49.0,-47.0,-100.0,-68.0,-81.0,-100.0,-100.0,-69.0,-100.0,-81.0,-100.0,-58.0,-57.0,-57.0,-60.0,-88.0,-49.0,-49.0,-100.0,-68.0,-100.0,-100.0,-100.0,-69.0,-71.0,-71.0,-70.0,-69.0
2025:01:13:11:21:22,RP40,A,SM-S908E,2212343.0,35,-106.86749780127217,29.0,52.0,train,-61.0,-76.0,-100.0,-55.0,-54.0,-62.0,-61.0,-76.0,-40.0,-49.0,-59.0,-68.0,-65.0,-74.0,-68.0,-57.0,-72.0,-76.0,-100.0,-55.0,-54.0,-62.0,-61.0,-75.0,-40.0,-49.0,-59.0,-69.0,-66.0,-74.0,-68.0,-57.0,-100.0,-100.0,-72.0,-72.0
B2345,RP40,B,CTK45-dot-B,,14,,29.0,52.0,train,-80.0,-100.0,-100.0,-100.0,-100.0,-100.0,-100.0,-87.0,-100.0,-45.0,-100.0,-71.0,-100.0,-68.0,-100.0,-76.0,-79.0,-100.0,-100.0,-100.0,-61.0,-100.0,-100.0,-87.0,-100.0,-45.0,-100.0,-73.0,-100.0,-67.0,-100.0,-76.0,-100.0,-100.0,-100.0,-100.0
2025:01:13:11:28:46,RP40,A,SM-S908E,2212343.0,29,-52.795161654862,29.0,52.0,train,-72.0,-79.0,-100.0,-100.0,-60.0,-63.0,-62.0,-78.0,-36.0,-49.0,-59.0,-58.0,-72.0,-70.0,-64.0,-58.0,-100.0,-79.0,-100.0,-100.0,-56.0,-100.0,-62.0,-79.0,-36.0,-49.0,-59.0,-58.0,-72.0,-71.0,-100.0,-58.0,-100.0,-100.0,-71.0,-71.0
B2325,RP40,B,CTK45-dot-B,,20,,29.0,52.0,train,-77.0,-83.0,-100.0,-63.0,-69.0,-100.0,-100.0,-100.0,-100.0,-47.0,-75.0,-71.0,-78.0,-67.0,-100.0,-75.0,-100.0,-83.0,-100.0,-63.0,-71.0,-100.0,-100.0,-100.0,-100.0,-47.0,-74.0,-72.0,-78.0,-67.0,-100.0,-75.0,-100.0,-100.0,-100.0,-100.0
B2306,RP40,B,CTK45-dot-B,,14,,29.0,52.0,train,-100.0,-100.0,-100.0,-100.0,-58.0,-63.0,-58.0,-100.0,-58.0,-57.0,-100.0,-69.0,-100.0,-100.0,-100.0,-100.0,-100.0,-100.0,-100.0,-100.0,-58.0,-100.0,-58.0,-100.0,-57.0,-49.0,-100.0,-69.0,-100.0,-100.0,-100.0,-100.0,-100.0,-71.0,-100.0,-100.0
B2334,RP40,B,CTK45-dot-B,,25,,29.0,52.0,train,-100.0,-82.0,-100.0,-61.0,-58.0,-64.0,-62.0,-87.0,-48.0,-49.0,-100.0,-69.0,-100.0,-100.0,-100.0,-73.0,-100.0,-83.0,-100.0,-61.0,-58.0,-64.0,-62.0,-86.0,-48.0,-47.0,-100.0,-70.0,-100.0,-100.0,-100.0,-73.0,-71.0,-71.0,-70.0,-70.0
B2305,RP40,B,CTK45-dot-B,,20,,29.0,52.0,train,-79.0,-100.0,-100.0,-63.0,-69.0,-100.0,-100.0,-87.0,-51.0,-45.0,-100.0,-75.0,-100.0,-69.0,-82.0,-74.0,-100.0,-100.0,-92.0,-63.0,-69.0,-100.0,-100.0,-100.0,-51.0,-45.0,-100.0,-74.0,-77.0,-68.0,-80.0,-75.0,-100.0,-100.0,-100.0,-100.0
B2309,RP40,B,CTK45-dot-B,,21,,29.0,52.0,train,-100.0,-87.0,-100.0,-66.0,-66.0,-100.0,-64.0,-100.0,-100.0,-48.0,-73.0,-74.0,-100.0,-74.0,-100.0,-82.0,-100.0,-87.0,-100.0,-66.0,-66.0,-100.0,-65.0,-100.0,-47.0,-48.0,-75.0,-74.0,-100.0,-75.0,-100.0,-82.0,-100.0,-100.0,-82.0,-81.0
B2337,RP40,B,CTK45-dot-B,,22,,29.0,52.0,train,-83.0,-82.0,-100.0,-100.0,-65.0,-100.0,-63.0,-100.0,-48.0,-46.0,-100.0,-69.0,-73.0,-100.0,-77.0,-72.0,-84.0,-81.0,-100.0,-100.0,-65.0,-100.0,-63.0,-100.0,-100.0,-49.0,-100.0,-69.0,-75.0,-100.0,-77.0,-73.0,-100.0,-100.0,-74.0,-74.0
B2297,RP40,B,CTK45-dot-B,,24,,29.0,52.0,train,-100.0,-80.0,-100.0,-100.0,-55.0,-100.0,-55.0,-81.0,-55.0,-48.0,-100.0,-66.0,-100.0,-69.0,-74.0,-70.0,-100.0,-80.0,-100.0,-66.0,-55.0,-100.0,-55.0,-81.0,-100.0,-48.0,-100.0,-66.0,-100.0,-70.0,-100.0,-70.0,-100.0,-69.0,-72.0,-72.0
B2318,RP40,B,CTK45-dot-B,,15,,29.0,52.0,train,-100.0,-100.0,-100.0,-100.0,-73.0,-63.0,-64.0,-91.0,-43.0,-49.0,-69.0,-76.0,-100.0,-100.0,-100.0,-100.0,-100.0,-100.0,-100.0,-100.0,-73.0,-100.0,-65.0,-100.0,-100.0,-50.0,-69.0,-76.0,-100.0,-100.0,-100.0,-100.0,-100.0,-100.0,-87.0,-87.0
B2292,RP40,B,CTK45-dot-B,,25,,29.0,52.0,train,-79.0,-82.0,-100.0,-53.0,-57.0,-100.0,-58.0,-84.0,-57.0,-100.0,-100.0,-67.0,-70.0,-73.0,-100.0,-69.0,-81.0,-82.0,-100.0,-52.0,-57.0,-100.0,-58.0,-84.0,-100.0,-49.0,-100.0,-67.0,-71.0,-100.0,-100.0,-69.0,-100.0,-100.0,-79.0,-79.0
B2296,RP40,B,CTK45-dot-B,,27,,29.0,52.0,train,-100.0,-81.0,-100.0,-67.0,-61.0,-56.0,-53.0,-81.0,-52.0,-44.0,-100.0,-64.0,-100.0,-69.0,-100.0,-70.0,-100.0,-82.0,-100.0,-66.0,-61.0,-57.0,-53.0,-82.0,-52.0,-44.0,-100.0,-64.0,-100.0,-70.0,-100.0,-70.0,-100.0,-100.0,-78.0,-78.0
B2340,RP40,B,CTK45-dot-B,,21,,29.0,52.0,train,-79.0,-82.0,-82.0,-64.0,-61.0,-100.0,-100.0,-100.0,-100.0,-43.0,-100.0,-68.0,-72.0,-75.0,-69.0,-73.0,-76.0,-82.0,-100.0,-64.0,-61.0,-100.0,-100.0,-100.0,-100.0,-43.0,-100.0,-67.0,-72.0,-76.0,-69.0,-73.0,-100.0,-100.0,-100.0,-100.0
B2338,RP40,B,CTK45-dot-B,,28,,29.0,52.0,train,-75.0,-78.0,-100.0,-63.0,-60.0,-57.0,-100.0,-74.0,-46.0,-45.0,-67.0,-59.0,-62.0,-68.0,-74.0,-71.0,-75.0,-85.0,-100.0,-60.0,-62.0,-57.0,-100.0,-75.0,-46.0,-45.0,-68.0,-59.0,-62.0,-100.0,-74.0,-72.0,-100.0,-100.0,-100.0,-100.0
B2323,RP40,B,CTK45-dot-B,,22,,29.0,52.0,train,-88.0,-90.0,-100.0,-100.0,-65.0,-60.0,-63.0,-100.0,-48.0,-49.0,-100.0,-76.0,-100.0,-76.0,-100.0,-80.0,-100.0,-87.0,-100.0,-100.0,-65.0,-60.0,-63.0,-79.0,-48.0,-49.0,-100.0,-76.0,-100.0,-77.0,-100.0,-80.0,-100.0,-100.0,-81.0,-80.0
B2312,RP40,B,CTK45-dot-B,,21,,29.0,52.0,train,-100.0,-81.0,-100.0,-76.0,-77.0,-62.0,-69.0,-100.0,-51.0,-49.0,-100.0,-75.0,-73.0,-81.0,-85.0,-82.0,-100.0,-100.0,-100.0,-100.0,-78.0,-63.0,-69.0,-100.0,-45.0,-49.0,-100.0,-75.0,-71.0,-82.0,-100.0,-82.0,-100.0,-100.0,-100.0,-100.0
2025:01:13:11:30:39,RP40,A,SM-S908E,2212343.0,36,-33.66923457728819,29.0,52.0,train,-100.0,-84.0,-100.0,-60.0,-65.0,-57.0,-61.0,-75.0,-47.0,-54.0,-100.0,-60.0,-77.0,-72.0,-67.0,-72.0,-72.0,-84.0,-100.0,-60.0,-65.0,-57.0,-61.0,-75.0,-47.0,-54.0,-100.0,-60.0,-78.0,-72.0,-61.0,-73.0,-100.0,-76.0,-79.0,-79.0
B2341,RP40,B,CTK45-dot-B,,10,,29.0,52.0,validation,-100.0,-82.0,-100.0,-100.0,-62.0,-100.0,-100.0,-100.0,-100.0,-100.0,-100.0,-67.0,-100.0,-74.0,-100.0,-76.0,-100.0,-82.0,-100.0,-100.0,-61.0,-100.0,-100.0,-100.0,-100.0,-100.0,-100.0,-67.0,-100.0,-73.0,-100.0,-76.0,-100.0,-100.0,-100.0,-100.0
B2308,RP40,B,CTK45-dot-B,,23,,29.0,52.0,validation,-100.0,-82.0,-100.0,-55.0,-59.0,-69.0,-63.0,-100.0,-65.0,-61.0,-100.0,-66.0,-77.0,-100.0,-100.0,-71.0,-100.0,-83.0,-100.0,-55.0,-59.0,-69.0,-63.0,-100.0,-65.0,-53.0,-100.0,-66.0,-100.0,-100.0,-100.0,-71.0,-73.0,-73.0,-84.0,-85.0
B2348,RP40,B,CTK45-dot-B,,13,,29.0,52.0,validation,-76.0,-100.0,-100.0,-65.0,-100.0,-100.0,-100.0,-100.0,-100.0,-43.0,-100.0,-58.0,-63.0,-100.0,-100.0,-75.0,-76.0,-100.0,-100.0,-65.0,-60.0,-100.0,-100.0,-100.0,-100.0,-44.0,-100.0,-58.0,-63.0,-100.0,-100.0,-75.0,-100.0,-100.0,-100.0,-100.0
B2315,RP40,B,CTK45-dot-B,,16,,29.0,52.0,validation,-100.0,-85.0,-100.0,-100.0,-67.0,-59.0,-67.0,-100.0,-58.0,-50.0,-100.0,-100.0,-100.0,-100.0,-78.0,-81.0,-100.0,-86.0,-100.0,-100.0,-67.0,-59.0,-67.0,-100.0,-59.0,-52.0,-100.0,-100.0,-100.0,-100.0,-80.0,-81.0,-100.0,-100.0,-100.0,-100.0
B2336,RP40,B,CTK45-dot-B,,20,,29.0,52.0,validation,-100.0,-86.0,-100.0,-100.0,-65.0,-58.0,-62.0,-100.0,-46.0,-100.0,-56.0,-66.0,-78.0,-100.0,-100.0,-78.0,-100.0,-85.0,-100.0,-100.0,-65.0,-58.0,-61.0,-100.0,-48.0,-49.0,-55.0,-66.0,-100.0,-100.0,-100.0,-78.0,-100.0,-100.0,-78.0,-77.0
B2322,RP40,B,CTK45-dot-B,,19,,29.0,52.0,validation,-81.0,-100.0,-100.0,-67.0,-65.0,-61.0,-58.0,-100.0,-100.0,-50.0,-100.0,-82.0,-76.0,-100.0,-100.0,-87.0,-81.0,-100.0,-100.0,-67.0,-65.0,-100.0,-58.0,-100.0,-100.0,-53.0,-100.0,-82.0,-75.0,-100.0,-100.0,-85.0,-100.0,-100.0,-83.0,-83.0
B2327,RP40,B,CTK45-dot-B,,13,,29.0,52.0,validation,-100.0,-100.0,-100.0,-100.0,-62.0,-100.0,-100.0,-100.0,-100.0,-43.0,-64.0,-74.0,-69.0,-100.0,-100.0,-80.0,-100.0,-100.0,-100.0,-62.0,-65.0,-100.0,-100.0,-100.0,-100.0,-43.0,-64.0,-74.0,-68.0,-100.0,-100.0,-80.0,-100.0,-100.0,-100.0,-100.0
B2332,RP40,B,CTK45-dot-B,,21,,29.0,52.0,validation,-77.0,-80.0,-100.0,-64.0,-60.0,-61.0,-100.0,-100.0,-50.0,-44.0,-73.0,-58.0,-64.0,-100.0,-100.0,-75.0,-78.0,-80.0,-100.0,-64.0,-61.0,-100.0,-100.0,-100.0,-49.0,-45.0,-73.0,-58.0,-64.0,-100.0,-100.0,-75.0,-100.0,-100.0,-100.0,-100.0
2025:01:13:11:20:30,RP40,A,SM-S908E,2212343.0,33,-105.41790885001323,29.0,52.0,validation,-100.0,-72.0,-100.0,-65.0,-60.0,-56.0,-64.0,-69.0,-49.0,-45.0,-52.0,-61.0,-100.0,-74.0,-67.0,-64.0,-79.0,-72.0,-100.0,-65.0,-60.0,-55.0,-64.0,-71.0,-49.0,-45.0,-52.0,-61.0,-61.0,-74.0,-100.0,-64.0,-100.0,-100.0,-73.0,-73.0
B2302,RP40,B,CTK45-dot-B,,24,,29.0,52.0,validation,-80.0,-83.0,-100.0,-59.0,-54.0,-53.0,-100.0,-81.0,-44.0,-48.0,-66.0,-69.0,-100.0,-75.0,-76.0,-78.0,-79.0,-83.0,-100.0,-61.0,-54.0,-100.0,-100.0,-100.0,-45.0,-48.0,-64.0,-69.0,-100.0,-100.0,-100.0,-78.0,-100.0,-100.0,-100.0,-100.0
B2290,RP40,B,CTK45-dot-B,,18,,29.0,52.0,validation,-100.0,-88.0,-100.0,-100.0,-100.0,-60.0,-70.0,-100.0,-54.0,-56.0,-100.0,-77.0,-100.0,-81.0,-100.0,-84.0,-100.0,-88.0,-100.0,-100.0,-100.0,-61.0,-70.0,-100.0,-52.0,-54.0,-100.0,-77.0,-100.0,-81.0,-100.0,-83.0,-100.0,-100.0,-81.0,-82.0
B2316,RP40,B,CTK45-dot-B,,27,,29.0,52.0,validation,-79.0,-85.0,-100.0,-63.0,-69.0,-100.0,-100.0,-87.0,-51.0,-45.0,-74.0,-75.0,-77.0,-69.0,-82.0,-74.0,-75.0,-84.0,-92.0,-63.0,-69.0,-100.0,-100.0,-86.0,-51.0,-45.0,-73.0,-74.0,-77.0,-68.0,-80.0,-75.0,-100.0,-100.0,-100.0,-100.0
B2320,RP40,B,CTK45-dot-B,,26,,29.0,52.0,test,-79.0,-90.0,-100.0,-100.0,-66.0,-60.0,-68.0,-79.0,-46.0,-54.0,-78.0,-78.0,-74.0,-84.0,-100.0,-85.0,-73.0,-90.0,-100.0,-100.0,-66.0,-60.0,-68.0,-100.0,-46.0,-52.0,-100.0,-78.0,-72.0,-85.0,-100.0,-85.0,-100.0,-100.0,-85.0,-87.0
2025:01:13:11:29:21,RP40,A,SM-S908E,2212343.0,30,-41.84941260598164,29.0,52.0,test,-100.0,-80.0,-100.0,-100.0,-58.0,-55.0,-59.0,-100.0,-50.0,-57.0,-57.0,-60.0,-70.0,-69.0,-73.0,-67.0,-100.0,-80.0,-100.0,-100.0,-59.0,-55.0,-59.0,-100.0,-50.0,-57.0,-100.0,-60.0,-100.0,-69.0,-73.0,-67.0,-100.0,-73.0,-77.0,-77.0
2025:01:13:11:26:54,RP40,A,SM-S908E,2212343.0,31,88.30290320516596,29.0,52.0,test,-100.0,-78.0,-100.0,-54.0,-51.0,-60.0,-60.0,-79.0,-41.0,-47.0,-59.0,-64.0,-67.0,-71.0,-100.0,-57.0,-100.0,-78.0,-100.0,-54.0,-50.0,-60.0,-60.0,-79.0,-41.0,-47.0,-59.0,-64.0,-67.0,-71.0,-100.0,-57.0,-100.0,-100.0,-69.0,-69.0
B2329,RP40,B,CTK45-dot-B,,17,,29.0,52.0,test,-100.0,-100.0,-100.0,-80.0,-100.0,-62.0,-68.0,-90.0,-57.0,-66.0,-71.0,-100.0,-100.0,-100.0,-100.0,-100.0,-100.0,-100.0,-100.0,-80.0,-100.0,-62.0,-69.0,-91.0,-64.0,-65.0,-71.0,-100.0,-100.0,-100.0,-86.0,-100.0,-100.0,-100.0,-100.0,-100.0
B2326,RP40,B,CTK45-dot-B,,19,,29.0,52.0,test,-100.0,-84.0,-100.0,-100.0,-63.0,-57.0,-61.0,-100.0,-46.0,-100.0,-61.0,-65.0,-100.0,-100.0,-100.0,-68.0,-100.0,-84.0,-100.0,-100.0,-63.0,-57.0,-61.0,-100.0,-100.0,-52.0,-100.0,-66.0,-100.0,-100.0,-100.0,-68.0,-100.0,-100.0,-68.0,-68.0
B2304,RP40,B,CTK45-dot-B,,15,,29.0,52.0,test,-79.0,-100.0,-100.0,-65.0,-63.0,-100.0,-100.0,-100.0,-100.0,-46.0,-74.0,-74.0,-79.0,-100.0,-100.0,-73.0,-79.0,-100.0,-100.0,-100.0,-63.0,-100.0,-100.0,-100.0,-100.0,-46.0,-74.0,-74.0,-77.0,-100.0,-100.0,-73.0,-100.0,-100.0,-100.0,-100.0
B2307,RP40,B,CTK45-dot-B,,22,,29.0,52.0,test,-100.0,-86.0,-100.0,-100.0,-69.0,-60.0,-65.0,-100.0,-52.0,-54.0,-75.0,-80.0,-100.0,-83.0,-80.0,-75.0,-100.0,-86.0,-100.0,-100.0,-69.0,-59.0,-66.0,-100.0,-52.0,-58.0,-100.0,-79.0,-100.0,-83.0,-100.0,-75.0,-100.0,-100.0,-82.0,-82.0
2025:01:13:11:28:08,RP40,A,SM-S908E,2212343.0,42,74.45047967397625,29.0,52.0,test,-74.0,-78.0,-100.0,-65.0,-56.0,-55.0,-63.0,-83.0,-47.0,-45.0,-65.0,-56.0,-70.0,-66.0,-69.0,-60.0,-74.0,-78.0,-100.0,-64.0,-56.0,-55.0,-63.0,-83.0,-47.0,-45.0,-66.0,-56.0,-100.0,-65.0,-69.0,-60.0,-69.0,-70.0,-72.0,-72.0
B2294,RP40,B,CTK45-dot-B,,22,,29.0,52.0,test,-79.0,-100.0,-100.0,-100.0,-57.0,-57.0,-53.0,-83.0,-48.0,-43.0,-100.0,-66.0,-100.0,-100.0,-75.0,-70.0,-100.0,-100.0,-100.0,-100.0,-58.0,-57.0,-53.0,-82.0,-50.0,-47.0,-100.0,-66.0,-100.0,-100.0,-100.0,-70.0,-100.0,-100.0,-78.0,-78.0
2025:01:13:11:27:34,RP40,A,SM-S908E,2212343.0,26,85.6516326814453,29.0,52.0,test,-100.0,-76.0,-100.0,-100.0,-55.0,-64.0,-59.0,-100.0,-36.0,-47.0,-100.0,-58.0,-100.0,-100.0,-63.0,-60.0,-100.0,-76.0,-100.0,-100.0,-55.0,-100.0,-59.0,-100.0,-37.0,-47.0,-100.0,-59.0,-100.0,-100.0,-63.0,-60.0,-100.0,-71.0,-75.0,-74.0
2025:01:13:11:29:57,RP40,A,SM-S908E,2212343.0,31,-42.87374426028534,29.0,52.0,test,-100.0,-80.0,-100.0,-100.0,-65.0,-62.0,-59.0,-100.0,-58.0,-57.0,-100.0,-61.0,-100.0,-66.0,-76.0,-64.0,-70.0,-80.0,-100.0,-100.0,-67.0,-100.0,-59.0,-80.0,-61.0,-57.0,-100.0,-61.0,-100.0,-67.0,-77.0,-64.0,-74.0,-100.0,-80.0,-79.0
2025:01:13:11:24:06,RP40,A,SM-S908E,2212343.0,26,177.09944392830485,29.0,52.0,test,-100.0,-76.0,-100.0,-100.0,-54.0,-100.0,-61.0,-70.0,-39.0,-47.0,-53.0,-58.0,-68.0,-70.0,-100.0,-59.0,-100.0,-76.0,-100.0,-100.0,-53.0,-100.0,-61.0,-70.0,-39.0,-47.0,-53.0,-58.0,-100.0,-70.0,-100.0,-59.0,-100.0,-100.0,-72.0,-71.0
