scan_id,rp_id,device_id,collector_id,total_ap_scanned,azimuth_deg,x,y,split,88:dc:97:12:62:c6,88:dc:97:12:62:c7,88:dc:97:12:62:cc,88:dc:97:12:62:cf,88:dc:97:12:62:d0,88:dc:97:12:64:82,88:dc:97:12:64:83,88:dc:97:12:64:c4,88:dc:97:12:65:21,88:dc:97:12:65:22,88:dc:97:12:65:2a,88:dc:97:12:65:2b,88:dc:97:12:65:57,88:dc:97:12:65:58,88:dc:97:12:65:63,88:dc:97:12:65:64,8e:dc:97:12:62:c6,8e:dc:97:12:62:c7,8e:dc:97:12:62:cc,8e:dc:97:12:62:cf,8e:dc:97:12:62:d0,8e:dc:97:12:64:82,8e:dc:97:12:64:83,8e:dc:97:12:64:c4,8e:dc:97:12:65:21,8e:dc:97:12:65:22,8e:dc:97:12:65:2a,8e:dc:97:12:65:2b,8e:dc:97:12:65:57,8e:dc:97:12:65:58,8e:dc:97:12:65:63,8e:dc:97:12:65:64,b4:5d:50:d7:e9:40,b4:5d:50:d7:e9:41,b4:5d:50:d7:e9:50,b4:5d:50:d7:e9:51
2025:01:24:07:49:12,RP01,SM-S908E,2212343,26,-91.48767192066678,-41.0,0.0,train,0.5869565217391304,0.7714285714285716,0.0,0.453125,0.5254237288135595,0.48979591836734704,0.23809523809523814,0.0,0.467741935483871,0.0,0.5172413793103448,0.5,0.0,0.0,0.8928571428571428,0.7735849056603774,0.4888888888888887,0.7714285714285716,0.0,0.4328358208955223,0.5254237288135595,0.48979591836734704,0.23809523809523814,0.0,0.3870967741935485,0.0,0.5172413793103448,0.5,0.0,0.0,0.8928571428571428,0.7735849056603774,0.6666666666666665,0.6491228070175439,0.574074074074074,0.574074074074074
2025:01:24:07:53:58,RP01,SM-S908E,2212343,25,-31.922797911245357,-41.0,0.0,train,0.6086956521739131,0.9428571428571428,0.0,0.4375,0.42372881355932224,0.22448979591836737,0.0,0.0,0.32258064516129026,0.30508474576271194,0.4655172413793103,0.4642857142857142,0.0,0.0,0.8928571428571428,0.8113207547169812,0.5777777777777777,0.9428571428571428,0.0,0.4179104477611939,0.42372881355932224,0.0,0.0,0.0,0.403225806451613,0.30508474576271194,0.4655172413793103,0.4642857142857142,0.0,0.0,0.875,0.8113207547169812,0.631578947368421,0.6140350877192982,0.5,0.5
2025:01:24:07:51:56,RP01,SM-S908E,2212343,27,-33.94167027929494,-41.0,0.0,train,0.5434782608695652,0.9142857142857144,0.0,0.40625,0.4406779661016951,0.2857142857142858,0.0,0.0,0.32258064516129026,0.33898305084745783,0.4137931034482758,0.5,0.2142857142857144,0.0,0.8392857142857142,0.7735849056603774,0.5555555555555554,0.9142857142857144,0.0,0.3880597014925373,0.42372881355932224,0.30612244897959195,0.0,0.0,0.32258064516129026,0.33898305084745783,0.4137931034482758,0.5,0.0,0.0,0.8392857142857142,0.7924528301886793,0.5964912280701755,0.6140350877192982,0.5,0.5
2025:01:24:07:58:23,RP01,SM-S908E,2212343,26,-166.54080579229552,-41.0,0.0,train,0.3913043478260869,0.6285714285714286,0.0,0.375,0.2881355932203391,0.34693877551020424,0.0,0.0,0.32258064516129026,0.30508474576271194,0.4137931034482758,0.3928571428571428,0.0,0.0,0.9107142857142857,0.7169811320754718,0.3999999999999999,0.6285714285714286,0.0,0.3582089552238805,0.2881355932203391,0.34693877551020424,0.0,0.0,0.32258064516129026,0.30508474576271194,0.4137931034482758,0.3928571428571428,0.0,0.0,0.9107142857142857,0.7169811320754718,0.49122807017543857,0.49122807017543857,0.5,0.38888888888888884
2025:01:24:07:57:49,RP01,SM-S908E,2212343,28,39.004293844392166,-41.0,0.0,train,0.36956521739130443,0.6285714285714286,0.16216216216216228,0.421875,0.30508474576271194,0.3265306122448981,0.2142857142857144,0.0,0.32258064516129026,0.35593220338983067,0.4137931034482758,0.4285714285714286,0.0,0.0,0.8928571428571428,0.7358490566037736,0.37777777777777777,0.6285714285714286,0.16216216216216228,0.4029850746268655,0.30508474576271194,0.34693877551020424,0.2142857142857144,0.0,0.32258064516129026,0.35593220338983067,0.4137931034482758,0.4107142857142856,0.0,0.0,0.8928571428571428,0.7358490566037736,0.0,0.0,0.462962962962963,0.462962962962963
2025:01:24:07:54:44,RP01,SM-S908E,2212343,28,38.425471826228176,-41.0,0.0,train,0.4347826086956521,0.657142857142857,0.0,0.453125,0.38983050847457634,0.24489795918367352,0.26190476190476186,0.0,0.29032258064516125,0.2881355932203391,0.31034482758620685,0.5178571428571428,0.0,0.0,0.8928571428571428,0.6037735849056605,0.42222222222222205,0.657142857142857,0.0,0.4328358208955223,0.3728813559322035,0.22448979591836737,0.26190476190476186,0.0,0.29032258064516125,0.2881355932203391,0.31034482758620685,0.5,0.0,0.0,0.7678571428571428,0.6415094339622642,0.3157894736842106,0.3157894736842106,0.5,0.5
2025:01:24:07:47:57,RP01,SM-S908E,2212343,32,-90.44700867737068,-41.0,0.0,train,0.4565217391304348,0.7714285714285716,0.0,0.4296875,0.47457627118644075,0.44897959183673475,0.2857142857142856,0.0,0.403225806451613,0.3220338983050848,0.48275862068965525,0.6071428571428572,0.1904761904761907,0.36363636363636376,0.8928571428571428,0.7735849056603774,0.4888888888888887,0.7428571428571429,0.0,0.4104477611940298,0.47457627118644075,0.44897959183673475,0.30952380952380953,0.0,0.37096774193548376,0.3220338983050848,0.48275862068965525,0.6071428571428572,0.20930232558139528,0.34285714285714297,0.8928571428571428,0.7735849056603774,0.5964912280701755,0.6140350877192982,0.5,0.5185185185185186
2025:01:24:08:01:21,RP01,SM-S908E,2212343,31,-163.8554041727189,-41.0,0.0,train,0.4130434782608696,0.6000000000000001,0.0,0.46875,0.4406779661016951,0.4693877551020409,0.3571428571428572,0.0,0.37096774193548376,0.30508474576271194,0.4310344827586208,0.3571428571428572,0.26190476190476186,0.3030303030303032,0.8928571428571428,0.679245283018868,0.42222222222222205,0.5714285714285716,0.0,0.4328358208955223,0.4406779661016951,0.4693877551020409,0.3571428571428572,0.0,0.37096774193548376,0.30508474576271194,0.4482758620689655,0.3571428571428572,0.30232558139534893,0.0,0.8035714285714285,0.679245283018868,0.5614035087719298,0.5614035087719298,0.4259259259259258,0.4259259259259258
2025:01:24:07:47:13,RP01,SM-S908E,2212343,29,-90.29791359992173,-41.0,0.0,train,0.5869565217391304,0.8285714285714287,0.0,0.421875,0.4576271186440679,0.4285714285714286,0.26190476190476186,0.0,0.32258064516129026,0.35593220338983067,0.5172413793103448,0.5178571428571428,0.0,0.48484848484848486,0.9107142857142857,0.7358490566037736,0.4888888888888887,0.8285714285714287,0.0,0.4029850746268655,0.4576271186440679,0.0,0.26190476190476186,0.0,0.30645161290322576,0.35593220338983067,0.5,0.5,0.0,0.4285714285714288,0.9107142857142857,0.7358490566037736,0.6491228070175439,0.6491228070175439,0.5,0.5
2025:01:24:07:46:22,RP01,SM-S908E,2212343,34,-90.8202448442748,-41.0,0.0,train,0.6086956521739131,0.8285714285714287,0.0,0.4296875,0.6949152542372883,0.4693877551020409,0.3571428571428572,0.28571428571428603,0.33870967741935476,0.4067796610169492,0.603448275862069,0.5178571428571428,0.4285714285714286,0.4242424242424243,0.8214285714285714,0.7358490566037736,0.6222222222222222,0.8285714285714287,0.0,0.4104477611940298,0.6949152542372883,0.44897959183673475,0.3571428571428572,0.38235294117647056,0.35483870967741926,0.4067796610169492,0.603448275862069,0.5178571428571428,0.39534883720930236,0.3999999999999999,0.8392857142857142,0.7358490566037736,0.7368421052631579,0.7368421052631579,0.5,0.5
2025:01:24:07:59:08,RP01,SM-S908E,2212343,28,-166.81473691414755,-41.0,0.0,train,0.5217391304347827,0.6000000000000001,0.0,0.4375,0.42372881355932224,0.48979591836734704,0.38095238095238093,0.0,0.435483870967742,0.3220338983050848,0.48275862068965525,0.4464285714285714,0.23809523809523814,0.0,0.8571428571428571,0.0,0.5999999999999999,0.5714285714285716,0.0,0.4179104477611939,0.42372881355932224,0.48979591836734704,0.3571428571428572,0.0,0.435483870967742,0.3220338983050848,0.48275862068965525,0.4464285714285714,0.34883720930232553,0.0,0.8392857142857142,0.0,0.5438596491228069,0.5438596491228069,0.4444444444444444,0.4444444444444444
2025:01:24:07:57:14,RP01,SM-S908E,2212343,27,38.70432236370922,-41.0,0.0,train,0.6304347826086956,0.6285714285714286,0.0,0.375,0.33898305084745783,0.34693877551020424,0.0,0.0,0.37096774193548376,0.2881355932203391,0.48275862068965525,0.3392857142857142,0.33333333333333326,0.0,0.8928571428571428,0.7169811320754718,0.5999999999999999,0.6285714285714286,0.0,0.3582089552238805,0.33898305084745783,0.34693877551020424,0.0,0.0,0.37096774193548376,0.2881355932203391,0.4655172413793103,0.3392857142857142,0.0,0.0,0.8928571428571428,0.7169811320754718,0.4736842105263157,0.4736842105263157,0.5185185185185186,0.5185185185185186
2025:01:24:07:56:15,RP01,SM-S908E,2212343,28,36.4381218771933,-41.0,0.0,train,0.34782608695652173,0.5428571428571431,0.0,0.3125,0.30508474576271194,0.3673469387755104,0.0,0.0,0.29032258064516125,0.3220338983050848,0.4310344827586208,0.5,0.2142857142857144,0.0,0.9285714285714285,0.7169811320754718,0.37777777777777777,0.5428571428571431,0.0,0.4104477611940298,0.30508474576271194,0.34693877551020424,0.0,0.0,0.29032258064516125,0.30508474576271194,0.4137931034482758,0.5,0.16279069767441845,0.0,0.9285714285714285,0.7169811320754718,0.4385964912280702,0.4385964912280702,0.4814814814814814,0.4814814814814814
2025:01:24:07:49:55,RP01,SM-S908E,2212343,30,-33.57115852670667,-41.0,0.0,train,0.5652173913043479,0.8571428571428572,0.0,0.46875,0.33898305084745783,0.34693877551020424,0.30952380952380953,0.0,0.35483870967741926,0.35593220338983067,0.4655172413793103,0.5535714285714286,0.26190476190476186,0.0,0.875,0.7735849056603774,0.5777777777777777,0.8571428571428572,0.0,0.4477611940298507,0.33898305084745783,0.34693877551020424,0.30952380952380953,0.0,0.33870967741935476,0.35593220338983067,0.4655172413793103,0.5535714285714286,0.30232558139534893,0.0,0.8571428571428571,0.8113207547169812,0.6666666666666665,0.6666666666666665,0.574074074074074,0.574074074074074
2025:01:24:07:48:33,RP01,SM-S908E,2212343,30,-90.82552178556796,-41.0,0.0,validation,0.4347826086956521,0.7428571428571429,0.0,0.375,0.4576271186440679,0.4693877551020409,0.2857142857142856,0.0,0.30645161290322576,0.35593220338983067,0.4482758620689655,0.5178571428571428,0.30952380952380953,0.0,0.9107142857142857,0.7924528301886793,0.42222222222222205,0.7428571428571429,0.0,0.3582089552238805,0.4406779661016951,0.40816326530612246,0.26190476190476186,0.0,0.30645161290322576,0.35593220338983067,0.4310344827586208,0.5178571428571428,0.20930232558139528,0.0,0.9107142857142857,0.8113207547169812,0.631578947368421,0.631578947368421,0.537037037037037,0.537037037037037
2025:01:24:08:00:41,RP01,SM-S908E,2212343,31,-163.77883982255557,-41.0,0.0,validation,0.4782608695652173,0.6000000000000001,0.0,0.421875,0.4406779661016951,0.4285714285714286,0.38095238095238093,0.0,0.37096774193548376,0.3220338983050848,0.4655172413793103,0.4107142857142856,0.33333333333333326,0.0,0.8035714285714285,0.6981132075471699,0.4888888888888887,0.6000000000000001,0.24324324324324342,0.4029850746268655,0.4406779661016951,0.4285714285714286,0.3571428571428572,0.0,0.3870967741935485,0.3220338983050848,0.4655172413793103,0.3928571428571428,0.3255813953488371,0.0,0.8035714285714285,0.6981132075471699,0.5263157894736841,0.5263157894736841,0.38888888888888884,0.38888888888888884
2025:01:24:08:02:07,RP01,SM-S908E,2212343,31,-163.96370465515452,-41.0,0.0,validation,0.4565217391304348,0.6285714285714286,0.10810810810810789,0.484375,0.4067796610169492,0.3877551020408163,0.30952380952380953,0.0,0.4193548387096775,0.3220338983050848,0.5172413793103448,0.3392857142857142,0.33333333333333326,0.0,0.8392857142857142,0.7169811320754718,0.5777777777777777,0.6285714285714286,0.0,0.462686567164179,0.4067796610169492,0.3877551020408163,0.30952380952380953,0.0,0.435483870967742,0.33898305084745783,0.5,0.3392857142857142,0.30232558139534893,0.0,0.8214285714285714,0.6981132075471699,0.5438596491228069,0.5438596491228069,0.5,0.5
2025:01:24:07:51:13,RP01,SM-S908E,2212343,31,-34.11428813902298,-41.0,0.0,test,0.5217391304347827,0.8857142857142859,0.18918918918918903,0.421875,0.4576271186440679,0.2857142857142858,0.2857142857142856,0.0,0.33870967741935476,0.2881355932203391,0.4655172413793103,0.4821428571428572,0.26190476190476186,0.0,0.875,0.7547169811320755,0.5333333333333332,0.8857142857142859,0.0,0.4029850746268655,0.4576271186440679,0.30612244897959195,0.2857142857142856,0.0,0.33870967741935476,0.2881355932203391,0.4655172413793103,0.4821428571428572,0.2558139534883721,0.0,0.8571428571428571,0.7735849056603774,0.6140350877192982,0.631578947368421,0.4814814814814814,0.4814814814814814
2025:01:24:07:52:52,RP01,SM-S908E,2212343,30,-33.45817697908482,-41.0,0.0,test,0.5217391304347827,0.9142857142857144,0.0,0.421875,0.4406779661016951,0.3265306122448981,0.26190476190476186,0.0,0.403225806451613,0.3220338983050848,0.4482758620689655,0.4642857142857142,0.2142857142857144,0.0,0.8928571428571428,0.7735849056603774,0.5333333333333332,0.9142857142857144,0.0,0.3880597014925373,0.4406779661016951,0.0,0.26190476190476186,0.0,0.35483870967741926,0.3220338983050848,0.4482758620689655,0.4464285714285714,0.20930232558139528,0.0,0.875,0.7735849056603774,0.6140350877192982,0.6140350877192982,0.4259259259259258,0.4444444444444444
2025:01:24:07:55:34,RP01,SM-S908E,2212343,29,39.52057408147085,-41.0,0.0,test,0.4347826086956521,0.6000000000000001,0.0,0.34375,0.33898305084745783,0.40816326530612246,0.2142857142857144,0.0,0.35483870967741926,0.33898305084745783,0.3448275862068966,0.4107142857142856,0.16666666666666652,0.0,0.9107142857142857,0.7358490566037736,0.4444444444444444,0.6000000000000001,0.0,0.3283582089552237,0.33898305084745783,0.40816326530612246,0.2142857142857144,0.0,0.33870967741935476,0.33898305084745783,0.3620689655172413,0.4107142857142856,0.0,0.0,0.9107142857142857,0.7358490566037736,0.4035087719298245,0.4035087719298245,0.5185185185185186,0.5185185185185186
2025:01:24:08:15:44,RP02,SM-S908E,2212343,32,-43.37882947500497,0.0,0.0,train,0.326086956521739,0.37142857142857144,0.0,0.34375,0.4067796610169492,0.5918367346938775,0.38095238095238093,0.20000000000000018,0.435483870967742,0.42372881355932224,0.6206896551724137,0.5535714285714286,0.45238095238095233,0.0,0.4107142857142856,0.39622641509433976,0.0,0.37142857142857144,0.0,0.3283582089552237,0.4067796610169492,0.5918367346938775,0.38095238095238093,0.17647058823529393,0.435483870967742,0.42372881355932224,0.6206896551724137,0.5535714285714286,0.44186046511627897,0.0,0.4107142857142856,0.39622641509433976,0.29824561403508776,0.29824561403508776,0.33333333333333326,0.35185185185185186
2025:01:24:08:07:13,RP02,SM-S908E,2212343,29,20.23385155531372,0.0,0.0,train,0.0,0.0,0.0,0.359375,0.3220338983050848,0.6122448979591837,0.3571428571428572,0.0,0.33870967741935476,0.3728813559322035,0.6379310344827587,0.4642857142857142,0.5,0.3333333333333335,0.3928571428571428,0.49056603773584917,0.0,0.0,0.0,0.3432835820895521,0.3220338983050848,0.6122448979591837,0.3571428571428572,0.0,0.33870967741935476,0.3728813559322035,0.6379310344827587,0.4642857142857142,0.4651162790697674,0.3142857142857145,0.3928571428571428,0.49056603773584917,0.368421052631579,0.368421052631579,0.38888888888888884,0.38888888888888884
2025:01:24:08:11:50,RP02,SM-S908E,2212343,30,-94.58116845940329,0.0,0.0,train,0.0,0.34285714285714297,0.0,0.375,0.42372881355932224,0.5102040816326532,0.38095238095238093,0.0,0.33870967741935476,0.3728813559322035,0.5344827586206897,0.5178571428571428,0.45238095238095233,0.36363636363636376,0.5178571428571428,0.4716981132075473,0.0,0.3142857142857145,0.0,0.3582089552238805,0.4067796610169492,0.48979591836734704,0.38095238095238093,0.0,0.33870967741935476,0.3728813559322035,0.5172413793103448,0.5178571428571428,0.4186046511627908,0.34285714285714297,0.5,0.4528301886792454,0.368421052631579,0.368421052631579,0.2777777777777777,0.2777777777777777
2025:01:24:08:11:12,RP02,SM-S908E,2212343,26,-159.8776962462247,0.0,0.0,train,0.28260869565217384,0.0,0.0,0.0,0.3220338983050848,0.4285714285714286,0.40476190476190466,0.0,0.3870967741935485,0.3728813559322035,0.5344827586206897,0.5535714285714286,0.0,0.36363636363636376,0.5535714285714286,0.4528301886792454,0.3111111111111111,0.0,0.0,0.0,0.33898305084745783,0.4285714285714286,0.40476190476190466,0.0,0.3870967741935485,0.35593220338983067,0.5344827586206897,0.5535714285714286,0.0,0.34285714285714297,0.5357142857142856,0.4528301886792454,0.3859649122807016,0.3859649122807016,0.33333333333333326,0.33333333333333326
2025:01:24:08:17:45,RP02,SM-S908E,2212343,36,-43.120511453070236,0.0,0.0,train,0.34782608695652173,0.3999999999999999,0.0,0.484375,0.38983050847457634,0.6326530612244898,0.4761904761904763,0.1714285714285717,0.5,0.4576271186440679,0.5862068965517242,0.6428571428571428,0.5476190476190477,0.5454545454545454,0.4464285714285714,0.39622641509433976,0.37777777777777777,0.3999999999999999,0.0,0.462686567164179,0.38983050847457634,0.6326530612244898,0.4761904761904763,0.1470588235294117,0.5,0.4576271186440679,0.5862068965517242,0.6428571428571428,0.5348837209302326,0.5142857142857142,0.4464285714285714,0.39622641509433976,0.4385964912280702,0.4385964912280702,0.38888888888888884,0.38888888888888884
2025:01:24:08:10:37,RP02,SM-S908E,2212343,27,-159.49960139721787,0.0,0.0,train,0.0,0.0,0.0,0.375,0.3728813559322035,0.4285714285714286,0.38095238095238093,0.0,0.37096774193548376,0.33898305084745783,0.5,0.5535714285714286,0.0,0.39393939393939403,0.5535714285714286,0.4716981132075473,0.0,0.0,0.0,0.3582089552238805,0.3728813559322035,0.40816326530612246,0.38095238095238093,0.0,0.37096774193548376,0.33898305084745783,0.5,0.5535714285714286,0.0,0.3999999999999999,0.5357142857142856,0.4716981132075473,0.3859649122807016,0.4035087719298245,0.3148148148148149,0.3148148148148149
2025:01:24:08:16:59,RP02,SM-S908E,2212343,32,-43.57022602646842,0.0,0.0,train,0.30434782608695654,0.37142857142857144,0.0,0.515625,0.3728813559322035,0.6938775510204083,0.45238095238095233,0.0,0.5,0.4576271186440679,0.6379310344827587,0.6428571428571428,0.5952380952380951,0.5151515151515151,0.5,0.4716981132075473,0.3111111111111111,0.37142857142857144,0.0,0.4925373134328358,0.3728813559322035,0.7142857142857144,0.45238095238095233,0.0,0.5,0.4576271186440679,0.6379310344827587,0.6428571428571428,0.5813953488372092,0.48571428571428577,0.5,0.4716981132075473,0.3508771929824561,0.3508771929824561,0.35185185185185186,0.35185185185185186
2025:01:24:08:09:02,RP02,SM-S908E,2212343,33,-159.54049912463432,0.0,0.0,train,0.326086956521739,0.37142857142857144,0.0,0.328125,0.47457627118644075,0.5102040816326532,0.40476190476190466,0.0,0.403225806451613,0.4406779661016951,0.5172413793103448,0.6428571428571428,0.2857142857142856,0.48484848484848486,0.5714285714285714,0.4339622641509435,0.3555555555555554,0.37142857142857144,0.0,0.31343283582089554,0.47457627118644075,0.5102040816326532,0.40476190476190466,0.0,0.403225806451613,0.4406779661016951,0.5172413793103448,0.6428571428571428,0.2790697674418605,0.4571428571428573,0.5714285714285714,0.4339622641509435,0.33333333333333326,0.33333333333333326,0.2962962962962963,0.2962962962962963
2025:01:24:08:13:39,RP02,SM-S908E,2212343,28,-95.19250869722991,0.0,0.0,train,0.26086956521739135,0.0,0.0,0.265625,0.3220338983050848,0.4693877551020409,0.33333333333333326,0.0,0.20967741935483875,0.33898305084745783,0.603448275862069,0.5714285714285714,0.40476190476190466,0.3333333333333335,0.4285714285714286,0.39622641509433976,0.0,0.0,0.0,0.25373134328358193,0.3220338983050848,0.4693877551020409,0.33333333333333326,0.0,0.22580645161290325,0.33898305084745783,0.6206896551724137,0.5714285714285714,0.39534883720930236,0.3142857142857145,0.4285714285714286,0.39622641509433976,0.0,0.0,0.33333333333333326,0.35185185185185186
2025:01:24:08:12:41,RP02,SM-S908E,2212343,34,-94.26021469130485,0.0,0.0,train,0.28260869565217384,0.28571428571428603,0.0,0.359375,0.4067796610169492,0.44897959183673475,0.38095238095238093,0.0,0.25806451612903225,0.30508474576271194,0.5517241379310345,0.5357142857142856,0.40476190476190466,0.3333333333333335,0.4642857142857142,0.3773584905660379,0.3111111111111111,0.28571428571428603,0.0,0.3432835820895521,0.4067796610169492,0.44897959183673475,0.3571428571428572,0.0,0.25806451612903225,0.30508474576271194,0.5517241379310345,0.5357142857142856,0.39534883720930236,0.28571428571428603,0.4642857142857142,0.3773584905660379,0.33333333333333326,0.33333333333333326,0.37037037037037024,0.37037037037037024
2025:01:24:08:07:50,RP02,SM-S908E,2212343,34,-158.9233089877194,0.0,0.0,train,0.28260869565217384,0.34285714285714297,0.0,0.3125,0.4915254237288136,0.5714285714285714,0.33333333333333326,0.0,0.403225806451613,0.4406779661016951,0.5,0.6071428571428572,0.3571428571428572,0.48484848484848486,0.5178571428571428,0.4339622641509435,0.28888888888888875,0.34285714285714297,0.0,0.29850746268656714,0.4915254237288136,0.5714285714285714,0.30952380952380953,0.0,0.403225806451613,0.4406779661016951,0.48275862068965525,0.6071428571428572,0.3255813953488371,0.4571428571428573,0.5178571428571428,0.4339622641509435,0.33333333333333326,0.3508771929824561,0.38888888888888884,0.38888888888888884
2025:01:24:08:03:03,RP02,SM-S908E,2212343,35,22.270863767157145,0.0,0.0,train,0.4347826086956521,0.4285714285714288,0.0,0.5,0.47457627118644075,0.48979591836734704,0.38095238095238093,0.0,0.32258064516129026,0.38983050847457634,0.5344827586206897,0.5535714285714286,0.33333333333333326,0.3030303030303032,0.4642857142857142,0.44339622641509435,0.46666666666666656,0.4285714285714288,0.0,0.4776119402985074,0.47457627118644075,0.4693877551020409,0.38095238095238093,0.0,0.30645161290322576,0.38983050847457634,0.5344827586206897,0.5535714285714286,0.30232558139534893,0.28571428571428603,0.4642857142857142,0.44339622641509435,0.35964912280701755,0.35964912280701755,0.4814814814814814,0.4814814814814814
2025:01:24:08:09:44,RP02,SM-S908E,2212343,29,-157.25014617522245,0.0,0.0,train,0.0,0.0,0.0,0.34375,0.35593220338983067,0.3673469387755104,0.38095238095238093,0.0,0.33870967741935476,0.30508474576271194,0.5344827586206897,0.5357142857142856,0.2857142857142856,0.4242424242424243,0.5357142857142856,0.4528301886792454,0.0,0.0,0.08108108108108114,0.3283582089552237,0.35593220338983067,0.34693877551020424,0.38095238095238093,0.0,0.33870967741935476,0.30508474576271194,0.5344827586206897,0.5357142857142856,0.2790697674418605,0.3999999999999999,0.5357142857142856,0.4528301886792454,0.33333333333333326,0.33333333333333326,0.3148148148148149,0.3148148148148149
2025:01:24:08:18:37,RP02,SM-S908E,2212343,30,-43.223030791353,0.0,0.0,train,0.0,0.37142857142857144,0.0,0.5,0.35593220338983067,0.653061224489796,0.4761904761904763,0.0,0.4838709677419355,0.4576271186440679,0.5517241379310345,0.6071428571428572,0.5476190476190477,0.5151515151515151,0.4464285714285714,0.41509433962264164,0.0,0.37142857142857144,0.0,0.462686567164179,0.35593220338983067,0.6326530612244898,0.4761904761904763,0.0,0.4838709677419355,0.4576271186440679,0.5517241379310345,0.6071428571428572,0.5348837209302326,0.48571428571428577,0.4285714285714286,0.41509433962264164,0.4035087719298245,0.4035087719298245,0.38888888888888884,0.38888888888888884
2025:01:24:08:14:29,RP02,SM-S908E,2212343,27,-95.01189521147083,0.0,0.0,validation,0.0,0.2571428571428571,0.0,0.0,0.38983050847457634,0.0,0.3571428571428572,0.0,0.37096774193548376,0.38983050847457634,0.5862068965517242,0.5535714285714286,0.38095238095238093,0.39393939393939403,0.4285714285714286,0.49056603773584917,0.0,0.2571428571428571,0.0,0.3731343283582089,0.38983050847457634,0.48979591836734704,0.3571428571428572,0.0,0.37096774193548376,0.38983050847457634,0.5862068965517242,0.5535714285714286,0.37209302325581395,0.37142857142857144,0.4285714285714286,0.49056603773584917,0.0,0.0,0.3148148148148149,0.3148148148148149
2025:01:24:08:15:04,RP02,SM-S908E,2212343,31,-94.75400690788244,0.0,0.0,validation,0.0,0.3999999999999999,0.0,0.40625,0.42372881355932224,0.5102040816326532,0.2857142857142856,0.0,0.35483870967741926,0.3728813559322035,0.6551724137931034,0.5357142857142856,0.40476190476190466,0.3030303030303032,0.5,0.41509433962264164,0.0,0.3999999999999999,0.0,0.3880597014925373,0.42372881355932224,0.5102040816326532,0.30952380952380953,0.0,0.35483870967741926,0.35593220338983067,0.6551724137931034,0.5357142857142856,0.37209302325581395,0.2571428571428571,0.5,0.41509433962264164,0.26315789473684204,0.24561403508771917,0.4259259259259258,0.0
2025:01:24:08:05:40,RP02,SM-S908E,2212343,28,24.282197729496197,0.0,0.0,validation,0.0,0.0,0.0,0.359375,0.3220338983050848,0.5510204081632655,0.30952380952380953,0.0,0.3870967741935485,0.3220338983050848,0.6379310344827587,0.5,0.4761904761904763,0.39393939393939403,0.4464285714285714,0.4716981132075473,0.0,0.0,0.0,0.3432835820895521,0.3220338983050848,0.5510204081632655,0.30952380952380953,0.0,0.3870967741935485,0.3220338983050848,0.6379310344827587,0.5,0.4651162790697674,0.34285714285714297,0.4464285714285714,0.4528301886792454,0.4035087719298245,0.4035087719298245,0.38888888888888884,0.38888888888888884
2025:01:24:08:04:26,RP02,SM-S908E,2212343,33,22.231142322094115,0.0,0.0,test,0.26086956521739135,0.3142857142857145,0.0,0.40625,0.38983050847457634,0.6122448979591837,0.23809523809523814,0.0,0.3870967741935485,0.35593220338983067,0.5862068965517242,0.5178571428571428,0.4761904761904763,0.3333333333333335,0.4642857142857142,0.49056603773584917,0.2666666666666666,0.3142857142857145,0.0,0.3880597014925373,0.38983050847457634,0.6122448979591837,0.23809523809523814,0.0,0.3870967741935485,0.35593220338983067,0.5862068965517242,0.5178571428571428,0.4651162790697674,0.34285714285714297,0.4464285714285714,0.49056603773584917,0.4385964912280702,0.4385964912280702,0.38888888888888884,0.38888888888888884
2025:01:24:08:06:35,RP02,SM-S908E,2212343,35,24.179715060512326,0.0,0.0,test,0.23913043478260865,0.2571428571428571,0.0,0.3125,0.30508474576271194,0.6122448979591837,0.33333333333333326,0.0,0.3870967741935485,0.38983050847457634,0.6379310344827587,0.5,0.4761904761904763,0.39393939393939403,0.4285714285714286,0.49056603773584917,0.24444444444444424,0.0,0.0,0.29850746268656714,0.30508474576271194,0.5918367346938775,0.33333333333333326,0.0,0.3870967741935485,0.38983050847457634,0.6379310344827587,0.5,0.4651162790697674,0.37142857142857144,0.4285714285714286,0.4716981132075473,0.33333333333333326,0.33333333333333326,0.38888888888888884,0.40740740740740744
2025:01:24:08:16:24,RP02,SM-S908E,2212343,27,-42.792924552577574,0.0,0.0,test,0.30434782608695654,0.3999999999999999,0.0,0.484375,0.4067796610169492,0.653061224489796,0.4761904761904763,0.0,0.5161290322580645,0.4406779661016951,0.603448275862069,0.6428571428571428,0.5476190476190477,0.0,0.4464285714285714,0.4528301886792454,0.37777777777777777,0.4285714285714288,0.0,0.462686567164179,0.4067796610169492,0.653061224489796,0.4761904761904763,0.0,0.5,0.4406779661016951,0.603448275862069,0.6428571428571428,0.5348837209302326,0.0,0.4464285714285714,0.4528301886792454,0.0,0.0,0.37037037037037024,0.0
2025:01:24:08:19:20,RP03,SM-S908E,2212343,30,-92.24173594526053,41.0,0.0,train,0.0,0.7142857142857144,0.0,0.453125,0.38983050847457634,0.5714285714285714,0.5714285714285714,0.1428571428571428,0.4838709677419355,0.4067796610169492,0.8017241379310345,0.7321428571428571,0.0,0.5151515151515151,0.4285714285714286,0.4528301886792454,0.0,0.7142857142857144,0.10810810810810789,0.4179104477611939,0.38983050847457634,0.5714285714285714,0.5714285714285714,0.0,0.4838709677419355,0.4067796610169492,0.8017241379310345,0.7321428571428571,0.0,0.48571428571428577,0.4285714285714286,0.4528301886792454,0.42105263157894735,0.42105263157894735,0.33333333333333326,0.35185185185185186
2025:01:24:08:20:38,RP03,SM-S908E,2212343,28,-91.98430600790824,41.0,0.0,train,0.0,0.0,0.0,0.0,0.35593220338983067,0.3673469387755104,0.33333333333333326,0.1428571428571428,0.4838709677419355,0.35593220338983067,0.8103448275862069,0.7321428571428571,0.6190476190476191,0.6969696969696968,0.4285714285714286,0.5283018867924529,0.0,0.0,0.0,0.0,0.35593220338983067,0.3673469387755104,0.33333333333333326,0.0,0.4838709677419355,0.35593220338983067,0.8103448275862069,0.7321428571428571,0.6046511627906976,0.6285714285714286,0.4285714285714286,0.5283018867924529,0.368421052631579,0.368421052631579,0.2777777777777777,0.2777777777777777
2025:01:24:08:34:19,RP03,SM-S908E,2212343,31,-154.78325919955287,41.0,0.0,train,0.13043478260869557,0.0,0.0,0.375,0.2881355932203391,0.2857142857142858,0.0,0.0,0.35483870967741926,0.33898305084745783,0.8017241379310345,0.7321428571428571,0.40476190476190466,0.6969696969696968,0.3571428571428572,0.49056603773584917,0.1777777777777776,0.0,0.0,0.3582089552238805,0.2881355932203391,0.2857142857142858,0.0,0.0,0.35483870967741926,0.33898305084745783,0.8017241379310345,0.7321428571428571,0.39534883720930236,0.657142857142857,0.3571428571428572,0.49056603773584917,0.26315789473684204,0.24561403508771917,0.3148148148148149,0.3148148148148149
2025:01:24:08:28:02,RP03,SM-S908E,2212343,33,30.791035524439028,41.0,0.0,train,0.4130434782608696,0.0,0.0,0.421875,0.4576271186440679,0.5918367346938775,0.23809523809523814,0.37142857142857144,0.467741935483871,0.35593220338983067,0.8620689655172413,0.75,0.45238095238095233,0.6969696969696968,0.4107142857142856,0.509433962264151,0.42222222222222205,0.0,0.0,0.4029850746268655,0.4576271186440679,0.5918367346938775,0.26190476190476186,0.3235294117647056,0.467741935483871,0.35593220338983067,0.8448275862068966,0.75,0.44186046511627897,0.657142857142857,0.4107142857142856,0.509433962264151,0.2807017543859649,0.2807017543859649,0.33333333333333326,0.33333333333333326
2025:01:24:08:23:01,RP03,SM-S908E,2212343,27,-37.63246958987735,41.0,0.0,train,0.0,0.0,0.0,0.0,0.3728813559322035,0.5102040816326532,0.38095238095238093,0.0,0.3870967741935485,0.4406779661016951,0.8103448275862069,0.75,0.5714285714285714,0.6666666666666665,0.2678571428571428,0.5283018867924529,0.0,0.0,0.0,0.0,0.3728813559322035,0.5102040816326532,0.3571428571428572,0.0,0.37096774193548376,0.4406779661016951,0.8103448275862069,0.75,0.558139534883721,0.6285714285714286,0.25,0.5283018867924529,0.3859649122807016,0.3859649122807016,0.2592592592592593,0.2777777777777777
2025:01:24:08:19:57,RP03,SM-S908E,2212343,31,-91.24139174200776,41.0,0.0,train,0.17391304347826075,0.0,0.0,0.359375,0.35593220338983067,0.4693877551020409,0.38095238095238093,0.20000000000000018,0.435483870967742,0.42372881355932224,0.7931034482758621,0.7321428571428571,0.5714285714285714,0.6969696969696968,0.3571428571428572,0.3773584905660379,0.0,0.0,0.0,0.33582089552238803,0.35593220338983067,0.4693877551020409,0.38095238095238093,0.38235294117647056,0.435483870967742,0.42372881355932224,0.7931034482758621,0.7321428571428571,0.558139534883721,0.657142857142857,0.3392857142857142,0.3773584905660379,0.4385964912280702,0.4385964912280702,0.3148148148148149,0.33333333333333326
2025:01:24:08:26:32,RP03,SM-S908E,2212343,30,-38.00321682811943,41.0,0.0,train,0.326086956521739,0.1714285714285717,0.0,0.375,0.3220338983050848,0.5102040816326532,0.4285714285714286,0.0,0.4516129032258065,0.42372881355932224,0.7758620689655172,0.7857142857142857,0.4285714285714286,0.7272727272727275,0.3035714285714286,0.39622641509433976,0.0,0.0,0.0,0.3582089552238805,0.3220338983050848,0.5102040816326532,0.4285714285714286,0.35294117647058787,0.4516129032258065,0.4067796610169492,0.7758620689655172,0.7857142857142857,0.44186046511627897,0.657142857142857,0.3214285714285714,0.39622641509433976,0.29824561403508776,0.0,0.2592592592592593,0.2592592592592593
2025:01:24:08:22:25,RP03,SM-S908E,2212343,29,-91.82027965031818,41.0,0.0,train,0.23913043478260865,0.0,0.0,0.28125,0.38983050847457634,0.5510204081632655,0.38095238095238093,0.0,0.467741935483871,0.4406779661016951,0.8620689655172413,0.6964285714285714,0.5952380952380951,0.6969696969696968,0.3928571428571428,0.49056603773584917,0.24444444444444424,0.0,0.0,0.25373134328358193,0.38983050847457634,0.5510204081632655,0.38095238095238093,0.0,0.467741935483871,0.4406779661016951,0.8620689655172413,0.7142857142857142,0.5813953488372092,0.657142857142857,0.3928571428571428,0.49056603773584917,0.42105263157894735,0.4385964912280702,0.0,0.0
2025:01:24:08:32:04,RP03,SM-S908E,2212343,22,-154.3555691237995,41.0,0.0,train,0.17391304347826075,0.0,0.0,0.359375,0.22033898305084754,0.0,0.0,0.0,0.4516129032258065,0.3220338983050848,0.8017241379310345,0.6964285714285714,0.4285714285714286,0.7575757575757578,0.3214285714285714,0.41509433962264164,0.0,0.0,0.0,0.3283582089552237,0.22033898305084754,0.0,0.0,0.0,0.4516129032258065,0.3220338983050848,0.8017241379310345,0.7142857142857142,0.39534883720930236,0.7142857142857144,0.3214285714285714,0.4339622641509435,0.0,0.0,0.0,0.0
2025:01:24:08:25:52,RP03,SM-S908E,2212343,37,-38.63915070634426,41.0,0.0,train,0.30434782608695654,0.20000000000000018,0.0,0.375,0.33898305084745783,0.5306122448979593,0.45238095238095233,0.2571428571428571,0.4516129032258065,0.3728813559322035,0.8103448275862069,0.75,0.4761904761904763,0.6666666666666665,0.4107142857142856,0.358490566037736,0.3111111111111111,0.1714285714285717,0.0,0.3582089552238805,0.3220338983050848,0.5306122448979593,0.45238095238095233,0.23529411764705843,0.4516129032258065,0.3728813559322035,0.8103448275862069,0.7321428571428571,0.4651162790697674,0.657142857142857,0.4107142857142856,0.358490566037736,0.3157894736842106,0.3157894736842106,0.20370370370370372,0.20370370370370372
2025:01:24:08:27:08,RP03,SM-S908E,2212343,21,29.342864643723043,41.0,0.0,train,0.0,0.0,0.0,0.359375,0.25423728813559343,0.4693877551020409,0.2857142857142856,0.0,0.5,0.4576271186440679,0.7758620689655172,0.6785714285714286,0.0,0.6969696969696968,0.3392857142857142,0.3773584905660379,0.0,0.0,0.0,0.3432835820895521,0.25423728813559343,0.4693877551020409,0.2857142857142856,0.0,0.5,0.4576271186440679,0.7586206896551724,0.6785714285714286,0.0,0.657142857142857,0.0,0.3773584905660379,0.0,0.0,0.0,0.0
2025:01:24:08:23:37,RP03,SM-S908E,2212343,29,-38.940463481225606,41.0,0.0,train,0.34782608695652173,0.0,0.0,0.390625,0.2881355932203391,0.5306122448979593,0.4285714285714286,0.28571428571428603,0.37096774193548376,0.35593220338983067,0.8448275862068966,0.8035714285714285,0.4285714285714286,0.7575757575757578,0.3214285714285714,0.3773584905660379,0.3555555555555554,0.0,0.0,0.3582089552238805,0.2881355932203391,0.5306122448979593,0.4285714285714286,0.35294117647058787,0.35483870967741926,0.35593220338983067,0.8448275862068966,0.8035714285714285,0.44186046511627897,0.7142857142857144,0.3392857142857142,0.3773584905660379,0.26315789473684204,0.0,0.0,0.0
2025:01:24:08:28:40,RP03,SM-S908E,2212343,32,30.761337976001812,41.0,0.0,train,0.0,0.0,0.0,0.34375,0.25423728813559343,0.4285714285714286,0.0,0.1714285714285717,0.5161290322580645,0.3728813559322035,0.8448275862068966,0.7321428571428571,0.33333333333333326,0.7878787878787881,0.2678571428571428,0.358490566037736,0.0,0.0,0.0,0.3283582089552237,0.25423728813559343,0.44897959183673475,0.0,0.20588235294117618,0.5161290322580645,0.3728813559322035,0.8448275862068966,0.7321428571428571,0.34883720930232553,0.7428571428571429,0.2678571428571428,0.358490566037736,0.29824561403508776,0.29824561403508776,0.2592592592592593,0.2592592592592593
2025:01:24:08:33:07,RP03,SM-S908E,2212343,27,-153.90200427401803,41.0,0.0,train,0.0,0.0,0.0,0.359375,0.2881355932203391,0.24489795918367352,0.0,0.08571428571428585,0.4516129032258065,0.35593220338983067,0.7413793103448276,0.7678571428571428,0.5476190476190477,0.6363636363636362,0.3928571428571428,0.3773584905660379,0.0,0.0,0.0,0.3283582089552237,0.27118644067796627,0.48979591836734704,0.0,0.0,0.4516129032258065,0.35593220338983067,0.7413793103448276,0.7678571428571428,0.5116279069767442,0.6000000000000001,0.3928571428571428,0.3773584905660379,0.2807017543859649,0.0,0.2592592592592593,0.2592592592592593
2025:01:24:08:30:18,RP03,SM-S908E,2212343,31,31.63535472571074,41.0,0.0,validation,0.13043478260869557,0.0,0.0,0.296875,0.27118644067796627,0.5102040816326532,0.33333333333333326,0.28571428571428603,0.403225806451613,0.4067796610169492,0.8275862068965517,0.6785714285714286,0.38095238095238093,0.6666666666666665,0.3392857142857142,0.41509433962264164,0.11111111111111116,0.0,0.0,0.28358208955223874,0.27118644067796627,0.48979591836734704,0.33333333333333326,0.35294117647058787,0.403225806451613,0.38983050847457634,0.8275862068965517,0.6785714285714286,0.37209302325581395,0.6285714285714286,0.3392857142857142,0.41509433962264164,0.3157894736842106,0.3157894736842106,0.0,0.0
2025:01:24:08:31:11,RP03,SM-S908E,2212343,29,-155.28445403084353,41.0,0.0,validation,0.0,0.0,0.0,0.25,0.22033898305084754,0.5306122448979593,0.26190476190476186,0.22857142857142865,0.4838709677419355,0.2881355932203391,0.8275862068965517,0.6607142857142856,0.40476190476190466,0.6363636363636362,0.3392857142857142,0.3773584905660379,0.0,0.0,0.0,0.23880597014925375,0.22033898305084754,0.5102040816326532,0.26190476190476186,0.23529411764705843,0.5161290322580645,0.2881355932203391,0.8103448275862069,0.6607142857142856,0.39534883720930236,0.6000000000000001,0.3214285714285714,0.3773584905660379,0.2807017543859649,0.2807017543859649,0.0,0.0
2025:01:24:08:24:15,RP03,SM-S908E,2212343,27,-38.41350273788789,41.0,0.0,validation,0.0,0.0,0.0,0.34375,0.30508474576271194,0.6326530612244898,0.4285714285714286,0.0,0.5,0.4406779661016951,0.8103448275862069,0.8035714285714285,0.4761904761904763,0.0,0.3571428571428572,0.4528301886792454,0.0,0.0,0.0,0.3283582089552237,0.30508474576271194,0.5306122448979593,0.4285714285714286,0.0,0.5,0.4406779661016951,0.7931034482758621,0.7857142857142857,0.4883720930232558,0.6857142857142859,0.3392857142857142,0.4528301886792454,0.0,0.26315789473684204,0.2592592592592593,0.2777777777777777
2025:01:24:08:33:42,RP03,SM-S908E,2212343,24,-154.1514013430826,41.0,0.0,test,0.17391304347826075,0.0,0.0,0.3125,0.23728813559322037,0.24489795918367352,0.0,0.0,0.4516129032258065,0.33898305084745783,0.5862068965517242,0.6428571428571428,0.4285714285714286,0.6666666666666665,0.3392857142857142,0.41509433962264164,0.11111111111111116,0.0,0.0,0.29850746268656714,0.23728813559322037,0.0,0.0,0.0,0.4516129032258065,0.33898305084745783,0.5862068965517242,0.6607142857142856,0.4186046511627908,0.6285714285714286,0.3214285714285714,0.41509433962264164,0.0,0.0,0.0,0.0
2025:01:24:08:29:18,RP03,SM-S908E,2212343,29,31.927970001262,41.0,0.0,test,0.13043478260869557,0.0,0.0,0.328125,0.27118644067796627,0.48979591836734704,0.33333333333333326,0.2571428571428571,0.4193548387096775,0.0,0.8275862068965517,0.6785714285714286,0.4285714285714286,0.6363636363636362,0.2678571428571428,0.3773584905660379,0.19999999999999996,0.0,0.0,0.31343283582089554,0.25423728813559343,0.5102040816326532,0.33333333333333326,0.35294117647058787,0.4193548387096775,0.38983050847457634,0.8103448275862069,0.6785714285714286,0.44186046511627897,0.6000000000000001,0.2678571428571428,0.3773584905660379,0.0,0.0,0.0,0.0
2025:01:24:08:21:50,RP03,SM-S908E,2212343,33,-92.11361112311337,41.0,0.0,test,0.17391304347826075,0.0,0.0,0.296875,0.3728813559322035,0.5306122448979593,0.38095238095238093,0.20000000000000018,0.467741935483871,0.4067796610169492,0.8275862068965517,0.6964285714285714,0.5952380952380951,0.606060606060606,0.375,0.509433962264151,0.19999999999999996,0.0,0.0,0.28358208955223874,0.35593220338983067,0.5102040816326532,0.38095238095238093,0.2647058823529411,0.4838709677419355,0.4067796610169492,0.8275862068965517,0.6964285714285714,0.5813953488372092,0.5714285714285716,0.375,0.509433962264151,0.4035087719298245,0.4035087719298245,0.3148148148148149,0.33333333333333326
2025:01:24:08:52:40,RP04,SM-S908E,2212343,33,-89.51742476181659,-30.0,10.0,train,0.5,0.37142857142857144,0.21621621621621623,0.359375,0.3728813559322035,0.22448979591836737,0.0,0.0,0.37096774193548376,0.3220338983050848,0.3620689655172413,0.4821428571428572,0.0,0.0,0.7321428571428571,0.5849056603773586,0.5111111111111111,0.37142857142857144,0.0,0.31343283582089554,0.3728813559322035,0.2857142857142858,0.0,0.0,0.37096774193548376,0.3220338983050848,0.3620689655172413,0.4821428571428572,0.0,0.0,0.7142857142857142,0.5849056603773586,0.4385964912280702,0.4736842105263157,0.40740740740740744,0.40740740740740744
2025:01:24:08:51:05,RP04,SM-S908E,2212343,32,-89.56795390976917,-30.0,10.0,train,0.4782608695652173,0.37142857142857144,0.18918918918918903,0.359375,0.3728813559322035,0.20408163265306123,0.0,0.0,0.30645161290322576,0.2881355932203391,0.4310344827586208,0.4821428571428572,0.2857142857142856,0.0,0.7321428571428571,0.6037735849056605,0.0,0.37142857142857144,0.0,0.0,0.3728813559322035,0.1836734693877553,0.0,0.0,0.29032258064516125,0.2881355932203391,0.0,0.4821428571428572,0.3255813953488371,0.0,0.7321428571428571,0.6037735849056605,0.4736842105263157,0.49122807017543857,0.33333333333333326,0.35185185185185186
2025:01:24:08:50:21,RP04,SM-S908E,2212343,25,-90.18420439590007,-30.0,10.0,train,0.5434782608695652,0.0,0.0,0.328125,0.35593220338983067,0.0,0.0,0.0,0.35483870967741926,0.3728813559322035,0.4655172413793103,0.4642857142857142,0.0,0.0,0.7142857142857142,0.6037735849056605,0.42222222222222205,0.0,0.0,0.31343283582089554,0.35593220338983067,0.0,0.0,0.0,0.35483870967741926,0.35593220338983067,0.4655172413793103,0.4464285714285714,0.0,0.0,0.7142857142857142,0.6037735849056605,0.49122807017543857,0.5087719298245614,0.37037037037037024,0.37037037037037024
2025:01:24:09:04:59,RP04,SM-S908E,2212343,32,-148.3609580851976,-30.0,10.0,train,0.5434782608695652,0.0,0.24324324324324342,0.375,0.3728813559322035,0.26530612244897966,0.2142857142857144,0.0,0.32258064516129026,0.27118644067796627,0.3448275862068966,0.4642857142857142,0.0,0.0,0.6785714285714286,0.4716981132075473,0.5555555555555554,0.0,0.24324324324324342,0.3582089552238805,0.35593220338983067,0.2857142857142858,0.2142857142857144,0.0,0.30645161290322576,0.27118644067796627,0.3448275862068966,0.4642857142857142,0.2558139534883721,0.0,0.6785714285714286,0.4716981132075473,0.49122807017543857,0.49122807017543857,0.574074074074074,0.574074074074074
2025:01:24:08:58:27,RP04,SM-S908E,2212343,21,22.451557467007557,-30.0,10.0,train,0.0,0.3142857142857145,0.0,0.390625,0.3644067796610171,0.3265306122448981,0.0,0.0,0.4193548387096775,0.27118644067796627,0.5689655172413792,0.5357142857142856,0.0,0.0,0.6071428571428572,0.5283018867924529,0.5111111111111111,0.3142857142857145,0.0,0.3731343283582089,0.2881355932203391,0.3265306122448981,0.0,0.0,0.4193548387096775,0.27118644067796627,0.5862068965517242,0.5535714285714286,0.0,0.0,0.5892857142857142,0.5283018867924529,0.0,0.0,0.0,0.0
2025:01:24:08:57:46,RP04,SM-S908E,2212343,31,-39.144894822528286,-30.0,10.0,train,0.30434782608695654,0.3142857142857145,0.0,0.328125,0.3644067796610171,0.2857142857142858,0.0,0.0,0.33870967741935476,0.30508474576271194,0.5,0.5,0.2857142857142856,0.0,0.5357142857142856,0.49056603773584917,0.3111111111111111,0.3142857142857145,0.0,0.0,0.35593220338983067,0.22448979591836737,0.0,0.0,0.32258064516129026,0.30508474576271194,0.5,0.5,0.3255813953488371,0.0,0.5535714285714286,0.49056603773584917,0.4385964912280702,0.4385964912280702,0.5,0.5
2025:01:24:08:59:33,RP04,SM-S908E,2212343,24,25.849562739206633,-30.0,10.0,train,0.3913043478260869,0.2571428571428571,0.0,0.375,0.3728813559322035,0.0,0.0,0.0,0.0,0.2881355932203391,0.3448275862068966,0.5178571428571428,0.2142857142857144,0.0,0.5357142857142856,0.49056603773584917,0.3999999999999999,0.22857142857142865,0.0,0.3432835820895521,0.3728813559322035,0.0,0.0,0.0,0.0,0.2881355932203391,0.3620689655172413,0.5178571428571428,0.0,0.0,0.5357142857142856,0.49056603773584917,0.368421052631579,0.368421052631579,0.40740740740740744,0.40740740740740744
2025:01:24:09:02:36,RP04,SM-S908E,2212343,23,-151.12902032587772,-30.0,10.0,train,0.5217391304347827,0.0,0.0,0.359375,0.3728813559322035,0.0,0.0,0.0,0.25806451612903225,0.23728813559322037,0.3275862068965518,0.4821428571428572,0.0,0.0,0.6607142857142856,0.6037735849056605,0.5333333333333332,0.0,0.0,0.3283582089552237,0.3728813559322035,0.0,0.0,0.0,0.25806451612903225,0.23728813559322037,0.3275862068965518,0.4821428571428572,0.0,0.0,0.6607142857142856,0.6037735849056605,0.33333333333333326,0.4649122807017543,0.574074074074074,0.574074074074074
2025:01:24:09:03:42,RP04,SM-S908E,2212343,37,-147.9188122842731,-30.0,10.0,train,0.5434782608695652,0.0,0.24324324324324342,0.34375,0.35593220338983067,0.2857142857142858,0.1904761904761907,0.0,0.17741935483870974,0.25423728813559343,0.5172413793103448,0.5357142857142856,0.26190476190476186,0.0,0.7142857142857142,0.5471698113207548,0.5555555555555554,0.0,0.21621621621621623,0.3283582089552237,0.35593220338983067,0.3265306122448981,0.1904761904761907,0.0,0.19354838709677424,0.25423728813559343,0.5,0.5357142857142856,0.2325581395348837,0.0,0.7142857142857142,0.5471698113207548,0.4736842105263157,0.4736842105263157,0.537037037037037,0.5555555555555556
2025:01:24:09:01:59,RP04,SM-S908E,2212343,22,-149.77536742783548,-30.0,10.0,train,0.0,0.0,0.0,0.28125,0.35593220338983067,0.1836734693877553,0.0,0.0,0.30645161290322576,0.30508474576271194,0.0,0.5357142857142856,0.0,0.0,0.5535714285714286,0.5283018867924529,0.0,0.0,0.0,0.26865671641791034,0.35593220338983067,0.16326530612244916,0.0,0.0,0.30645161290322576,0.30508474576271194,0.0,0.5357142857142856,0.0,0.0,0.5357142857142856,0.5283018867924529,0.3859649122807016,0.3859649122807016,0.5,0.5
2025:01:24:08:53:17,RP04,SM-S908E,2212343,35,-37.76257913782684,-30.0,10.0,train,0.326086956521739,0.3999999999999999,0.16216216216216228,0.34375,0.3644067796610171,0.3265306122448981,0.0,0.0,0.3870967741935485,0.22033898305084754,0.39655172413793105,0.4821428571428572,0.2857142857142856,0.0,0.5892857142857142,0.49056603773584917,0.3111111111111111,0.3999999999999999,0.0,0.3283582089552237,0.3220338983050848,0.34693877551020424,0.0,0.0,0.3870967741935485,0.22033898305084754,0.39655172413793105,0.4821428571428572,0.2790697674418605,0.0,0.5892857142857142,0.49056603773584917,0.49122807017543857,0.49122807017543857,0.462962962962963,0.4814814814814814
2025:01:24:09:00:44,RP04,SM-S908E,2212343,30,21.779319836967645,-30.0,10.0,train,0.36956521739130443,0.37142857142857144,0.10810810810810789,0.4375,0.3644067796610171,0.22448979591836737,0.0,0.0,0.4193548387096775,0.33898305084745783,0.5,0.5714285714285714,0.16666666666666652,0.0,0.625,0.509433962264151,0.37777777777777777,0.37142857142857144,0.1351351351351351,0.4179104477611939,0.4067796610169492,0.20408163265306123,0.0,0.0,0.403225806451613,0.3220338983050848,0.5,0.5714285714285714,0.18604651162790686,0.0,0.625,0.509433962264151,0.29824561403508776,0.4649122807017543,0.4444444444444444,0.4444444444444444
2025:01:24:08:52:04,RP04,SM-S908E,2212343,32,-89.85969255989387,-30.0,10.0,train,0.4782608695652173,0.37142857142857144,0.0,0.296875,0.33898305084745783,0.24489795918367352,0.0,0.0,0.33870967741935476,0.35593220338983067,0.3275862068965518,0.4642857142857142,0.1904761904761907,0.0,0.6964285714285714,0.5660377358490567,0.46666666666666656,0.37142857142857144,0.0,0.26865671641791034,0.33898305084745783,0.0,0.0,0.0,0.33870967741935476,0.33898305084745783,0.3620689655172413,0.4642857142857142,0.18604651162790686,0.0,0.6964285714285714,0.5660377358490567,0.49122807017543857,0.49122807017543857,0.4259259259259258,0.4259259259259258
2025:01:24:09:04:18,RP04,SM-S908E,2212343,33,-147.84507261603974,-30.0,10.0,train,0.5217391304347827,0.0,0.21621621621621623,0.40625,0.3728813559322035,0.30612244897959195,0.2142857142857144,0.0,0.24193548387096775,0.25423728813559343,0.4137931034482758,0.5,0.23809523809523814,0.0,0.6964285714285714,0.49056603773584917,0.5333333333333332,0.0,0.24324324324324342,0.3432835820895521,0.3728813559322035,0.2857142857142858,0.2142857142857144,0.0,0.24193548387096775,0.25423728813559343,0.4137931034482758,0.5,0.2558139534883721,0.0,0.6964285714285714,0.49056603773584917,0.45614035087719307,0.45614035087719307,0.574074074074074,0.574074074074074
2025:01:24:08:57:05,RP04,SM-S908E,2212343,37,-37.23574616407744,-30.0,10.0,validation,0.36956521739130443,0.3142857142857145,0.08108108108108114,0.40625,0.2881355932203391,0.3265306122448981,0.0,0.0,0.32258064516129026,0.2881355932203391,0.4137931034482758,0.4821428571428572,0.2857142857142856,0.0,0.5178571428571428,0.4716981132075473,0.37777777777777777,0.3142857142857145,0.054054054054053946,0.3731343283582089,0.2881355932203391,0.3265306122448981,0.0,0.0,0.32258064516129026,0.27118644067796627,0.4137931034482758,0.4821428571428572,0.30232558139534893,0.0,0.5,0.4716981132075473,0.368421052631579,0.3859649122807016,0.5185185185185186,0.5185185185185186
2025:01:24:08:49:45,RP04,SM-S908E,2212343,29,-90.14103775561492,-30.0,10.0,validation,0.30434782608695654,0.0,0.0,0.390625,0.3220338983050848,0.6326530612244898,0.5714285714285714,0.0,0.5161290322580645,0.576271186440678,0.5,0.5,0.38095238095238093,0.48484848484848486,0.5357142857142856,0.5283018867924529,0.33333333333333326,0.0,0.0,0.3582089552238805,0.3220338983050848,0.6326530612244898,0.5952380952380951,0.0588235294117645,0.5161290322580645,0.593220338983051,0.5,0.5,0.34883720930232553,0.4571428571428573,0.5357142857142856,0.5283018867924529,0.0,0.0,0.3148148148148149,0.3148148148148149
2025:01:24:08:54:33,RP04,SM-S908E,2212343,36,-38.00024947969845,-30.0,10.0,validation,0.3913043478260869,0.3142857142857145,0.1351351351351351,0.3125,0.25423728813559343,0.3673469387755104,0.0,0.0,0.29032258064516125,0.25423728813559343,0.2586206896551724,0.4821428571428572,0.33333333333333326,0.0,0.625,0.49056603773584917,0.3999999999999999,0.34285714285714297,0.08108108108108114,0.31343283582089554,0.25423728813559343,0.3265306122448981,0.0,0.0,0.29032258064516125,0.25423728813559343,0.31034482758620685,0.4642857142857142,0.2558139534883721,0.0,0.625,0.49056603773584917,0.4035087719298245,0.3859649122807016,0.4814814814814814,0.4814814814814814
2025:01:24:08:55:27,RP04,SM-S908E,2212343,25,-38.19494798693524,-30.0,10.0,test,0.28260869565217384,0.3142857142857145,0.0,0.359375,0.3220338983050848,0.0,0.0,0.0,0.27419354838709675,0.27118644067796627,0.3275862068965518,0.5178571428571428,0.26190476190476186,0.0,0.5357142857142856,0.49056603773584917,0.28888888888888875,0.3142857142857145,0.0,0.3432835820895521,0.3220338983050848,0.0,0.0,0.0,0.27419354838709675,0.27118644067796627,0.31034482758620685,0.5178571428571428,0.2325581395348837,0.0,0.5357142857142856,0.49056603773584917,0.0,0.0,0.4814814814814814,0.4814814814814814
2025:01:24:09:01:24,RP04,SM-S908E,2212343,24,21.004973106426288,-30.0,10.0,test,0.326086956521739,0.0,0.0,0.328125,0.30508474576271194,0.20408163265306123,0.0,0.0,0.19354838709677424,0.3220338983050848,0.39655172413793105,0.5,0.1904761904761907,0.0,0.5714285714285714,0.5283018867924529,0.33333333333333326,0.0,0.0,0.31343283582089554,0.30508474576271194,0.0,0.0,0.0,0.20967741935483875,0.3220338983050848,0.3793103448275863,0.5,0.0,0.0,0.5535714285714286,0.509433962264151,0.3508771929824561,0.3508771929824561,0.5,0.5
2025:01:24:09:00:08,RP04,SM-S908E,2212343,23,23.16316245419311,-30.0,10.0,test,0.326086956521739,0.0,0.0,0.34375,0.35593220338983067,0.0,0.0,0.0,0.33870967741935476,0.30508474576271194,0.4137931034482758,0.6071428571428572,0.0,0.0,0.625,0.5660377358490567,0.3111111111111111,0.0,0.0,0.3283582089552237,0.35593220338983067,0.0,0.0,0.0,0.33870967741935476,0.30508474576271194,0.4137931034482758,0.6071428571428572,0.0,0.0,0.6071428571428572,0.5660377358490567,0.3508771929824561,0.3508771929824561,0.5,0.5
2025:01:24:08:46:07,RP05,SM-S908E,2212343,30,-159.05338759594795,-8.0,10.0,train,0.34782608695652173,0.0,0.0,0.5,0.3728813559322035,0.5510204081632655,0.2857142857142856,0.0,0.532258064516129,0.576271186440678,0.5344827586206897,0.5178571428571428,0.4761904761904763,0.5454545454545454,0.5714285714285714,0.509433962264151,0.3555555555555554,0.0,0.0,0.4776119402985074,0.3728813559322035,0.5510204081632655,0.2857142857142856,0.0,0.532258064516129,0.5593220338983051,0.5344827586206897,0.5178571428571428,0.4651162790697674,0.5142857142857142,0.5714285714285714,0.509433962264151,0.0,0.0,0.2962962962962963,0.3148148148148149
2025:01:24:08:36:47,RP05,SM-S908E,2212343,37,-94.67838793808107,-8.0,10.0,train,0.4565217391304348,0.5142857142857142,0.0,0.375,0.35593220338983067,0.7142857142857144,0.5,0.37142857142857144,0.4838709677419355,0.5593220338983051,0.5344827586206897,0.5178571428571428,0.5238095238095237,0.7575757575757578,0.5178571428571428,0.41509433962264164,0.46666666666666656,0.5142857142857142,0.2702702702702702,0.3731343283582089,0.35593220338983067,0.7142857142857144,0.5,0.35294117647058787,0.4838709677419355,0.5423728813559323,0.5172413793103448,0.5178571428571428,0.5116279069767442,0.7142857142857144,0.5,0.41509433962264164,0.4385964912280702,0.4385964912280702,0.35185185185185186,0.35185185185185186
2025:01:24:08:42:38,RP05,SM-S908E,2212343,37,25.515028725448005,-8.0,10.0,train,0.4130434782608696,0.22857142857142865,0.0,0.53125,0.2881355932203391,0.4693877551020409,0.3571428571428572,0.3999999999999999,0.564516129032258,0.6271186440677967,0.6724137931034483,0.5178571428571428,0.6428571428571428,0.6969696969696968,0.6071428571428572,0.5471698113207548,0.3999999999999999,0.28571428571428603,0.24324324324324342,0.5074626865671641,0.2881355932203391,0.4693877551020409,0.3571428571428572,0.38235294117647056,0.564516129032258,0.6271186440677967,0.6724137931034483,0.5178571428571428,0.627906976744186,0.657142857142857,0.6071428571428572,0.5471698113207548,0.4035087719298245,0.4035087719298245,0.3148148148148149,0.33333333333333326
2025:01:24:08:44:11,RP05,SM-S908E,2212343,33,26.354763691400873,-8.0,10.0,train,0.0,0.0,0.29729729729729737,0.5,0.2881355932203391,0.4285714285714286,0.3571428571428572,0.0,0.532258064516129,0.5593220338983051,0.5,0.5714285714285714,0.4761904761904763,0.5151515151515151,0.6607142857142856,0.5283018867924529,0.0,0.0,0.16216216216216228,0.4776119402985074,0.30508474576271194,0.4285714285714286,0.3571428571428572,0.23529411764705843,0.532258064516129,0.5593220338983051,0.5,0.5714285714285714,0.4651162790697674,0.48571428571428577,0.6607142857142856,0.5283018867924529,0.3859649122807016,0.3859649122807016,0.2777777777777777,0.2777777777777777
2025:01:24:08:38:30,RP05,SM-S908E,2212343,36,-92.48641184209319,-8.0,10.0,train,0.4565217391304348,0.0,0.3513513513513513,0.3125,0.38983050847457634,0.6938775510204083,0.4761904761904763,0.3142857142857145,0.532258064516129,0.5593220338983051,0.5172413793103448,0.5,0.5476190476190477,0.6666666666666665,0.5535714285714286,0.4339622641509435,0.5777777777777777,0.0,0.2702702702702702,0.29850746268656714,0.38983050847457634,0.6938775510204083,0.4761904761904763,0.3235294117647056,0.532258064516129,0.5593220338983051,0.5172413793103448,0.5,0.5348837209302326,0.6285714285714286,0.5535714285714286,0.4339622641509435,0.4035087719298245,0.4035087719298245,0.2777777777777777,0.2777777777777777
2025:01:24:08:44:47,RP05,SM-S908E,2212343,30,24.032223691931954,-8.0,10.0,train,0.0,0.4285714285714288,0.0,0.515625,0.3220338983050848,0.5510204081632655,0.4285714285714286,0.22857142857142865,0.5161290322580645,0.5423728813559323,0.4655172413793103,0.5357142857142856,0.0,0.48484848484848486,0.5892857142857142,0.5283018867924529,0.0,0.4285714285714288,0.21621621621621623,0.0,0.3220338983050848,0.5510204081632655,0.4285714285714286,0.20588235294117618,0.5,0.5423728813559323,0.4655172413793103,0.5357142857142856,0.0,0.4571428571428573,0.5892857142857142,0.5283018867924529,0.4035087719298245,0.4035087719298245,0.37037037037037024,0.3148148148148149
2025:01:24:08:37:49,RP05,SM-S908E,2212343,37,-94.87565157736667,-8.0,10.0,train,0.5869565217391304,0.34285714285714297,0.32432432432432456,0.328125,0.4067796610169492,0.6938775510204083,0.4761904761904763,0.2571428571428571,0.5483870967741935,0.5593220338983051,0.5172413793103448,0.5,0.5476190476190477,0.7575757575757578,0.5535714285714286,0.4716981132075473,0.46666666666666656,0.37142857142857144,0.0,0.31343283582089554,0.4067796610169492,0.6938775510204083,0.4761904761904763,0.35294117647058787,0.532258064516129,0.576271186440678,0.5172413793103448,0.5,0.558139534883721,0.7142857142857144,0.5535714285714286,0.4716981132075473,0.3859649122807016,0.4035087719298245,0.3148148148148149,0.3148148148148149
2025:01:24:08:46:53,RP05,SM-S908E,2212343,31,-156.6795833436753,-8.0,10.0,train,0.26086956521739135,0.37142857142857144,0.0,0.0,0.3220338983050848,0.653061224489796,0.5714285714285714,0.0,0.435483870967742,0.5254237288135595,0.5689655172413792,0.5178571428571428,0.40476190476190466,0.48484848484848486,0.6071428571428572,0.509433962264151,0.24444444444444424,0.37142857142857144,0.16216216216216228,0.0,0.3220338983050848,0.653061224489796,0.5714285714285714,0.0,0.5161290322580645,0.5254237288135595,0.5689655172413792,0.5178571428571428,0.44186046511627897,0.4571428571428573,0.6071428571428572,0.509433962264151,0.3859649122807016,0.3859649122807016,0.2777777777777777,0.2962962962962963
2025:01:24:08:39:07,RP05,SM-S908E,2212343,34,-40.25571674783817,-8.0,10.0,train,0.3913043478260869,0.28571428571428603,0.0,0.0,0.38983050847457634,0.6938775510204083,0.4285714285714286,0.3142857142857145,0.5161290322580645,0.4915254237288136,0.5,0.5,0.5476190476190477,0.6666666666666665,0.5357142857142856,0.41509433962264164,0.42222222222222205,0.22857142857142865,0.0,0.3283582089552237,0.38983050847457634,0.6938775510204083,0.4285714285714286,0.4117647058823528,0.5,0.4915254237288136,0.48275862068965525,0.5,0.5348837209302326,0.6285714285714286,0.5357142857142856,0.41509433962264164,0.3859649122807016,0.3859649122807016,0.2592592592592593,0.2592592592592593
2025:01:24:08:36:00,RP05,SM-S908E,2212343,32,-93.65036987332351,-8.0,10.0,train,0.4782608695652173,0.34285714285714297,0.0,0.390625,0.3220338983050848,0.7551020408163265,0.45238095238095233,0.0,0.5,0.4915254237288136,0.5862068965517242,0.5535714285714286,0.5,0.6969696969696968,0.4642857142857142,0.4528301886792454,0.4888888888888887,0.34285714285714297,0.0,0.3731343283582089,0.3220338983050848,0.7551020408163265,0.45238095238095233,0.0,0.5,0.5084745762711866,0.5862068965517242,0.5535714285714286,0.4883720930232558,0.657142857142857,0.4642857142857142,0.4528301886792454,0.3508771929824561,0.3508771929824561,0.2777777777777777,0.2777777777777777
2025:01:24:08:45:23,RP05,SM-S908E,2212343,30,24.935475613137434,-8.0,10.0,train,0.4347826086956521,0.34285714285714297,0.0,0.53125,0.2881355932203391,0.5102040816326532,0.4285714285714286,0.0,0.532258064516129,0.576271186440678,0.4310344827586208,0.5714285714285714,0.5476190476190477,0.5151515151515151,0.5357142857142856,0.5471698113207548,0.5777777777777777,0.34285714285714297,0.0,0.4925373134328358,0.2881355932203391,0.5102040816326532,0.40476190476190466,0.0,0.532258064516129,0.593220338983051,0.4310344827586208,0.5714285714285714,0.5348837209302326,0.4571428571428573,0.5357142857142856,0.5471698113207548,0.0,0.0,0.2962962962962963,0.2962962962962963
2025:01:24:08:47:42,RP05,SM-S908E,2212343,26,-157.86669459940683,-8.0,10.0,train,0.326086956521739,0.0,0.0,0.0,0.30508474576271194,0.653061224489796,0.5476190476190477,0.0,0.4193548387096775,0.5254237288135595,0.5,0.5178571428571428,0.4761904761904763,0.5454545454545454,0.5714285714285714,0.5849056603773586,0.33333333333333326,0.0,0.0,0.0,0.30508474576271194,0.6326530612244898,0.5476190476190477,0.0,0.5161290322580645,0.5254237288135595,0.5,0.5178571428571428,0.4651162790697674,0.5142857142857142,0.5714285714285714,0.5849056603773586,0.3859649122807016,0.3859649122807016,0.0,0.0
2025:01:24:08:41:42,RP05,SM-S908E,2212343,32,-39.844980493242744,-8.0,10.0,train,0.5,0.3999999999999999,0.0,0.34375,0.35593220338983067,0.6938775510204083,0.45238095238095233,0.34285714285714297,0.5483870967741935,0.4406779661016951,0.5862068965517242,0.4642857142857142,0.5952380952380951,0.5757575757575757,0.5714285714285714,0.49056603773584917,0.5111111111111111,0.3999999999999999,0.0,0.3283582089552237,0.35593220338983067,0.6938775510204083,0.45238095238095233,0.35294117647058787,0.532258064516129,0.5423728813559323,0.5862068965517242,0.4642857142857142,0.558139534883721,0.5428571428571431,0.5714285714285714,0.49056603773584917,0.0,0.0,0.35185185185185186,0.35185185185185186
2025:01:24:08:35:13,RP05,SM-S908E,2212343,24,-92.69557581478364,-8.0,10.0,train,0.4130434782608696,0.0,0.0,0.0,0.30508474576271194,0.48979591836734704,0.38095238095238093,0.0,0.4838709677419355,0.5508474576271187,0.6206896551724137,0.5714285714285714,0.0,0.7272727272727275,0.4642857142857142,0.6037735849056605,0.3999999999999999,0.0,0.0,0.0,0.30508474576271194,0.48979591836734704,0.38095238095238093,0.0,0.4838709677419355,0.5423728813559323,0.6206896551724137,0.5535714285714286,0.0,0.657142857142857,0.4642857142857142,0.6037735849056605,0.0,0.0,0.2962962962962963,0.40740740740740744
2025:01:24:08:49:01,RP05,SM-S908E,2212343,26,-156.8903172207244,-8.0,10.0,validation,0.19565217391304346,0.3999999999999999,0.0,0.0,0.3220338983050848,0.6122448979591837,0.5476190476190477,0.0,0.4516129032258065,0.5593220338983051,0.5,0.0,0.4761904761904763,0.5757575757575757,0.5892857142857142,0.5660377358490567,0.19999999999999996,0.3999999999999999,0.0,0.0,0.3220338983050848,0.5918367346938775,0.5476190476190477,0.0,0.4516129032258065,0.5593220338983051,0.5,0.0,0.44186046511627897,0.5428571428571431,0.5892857142857142,0.5660377358490567,0.0,0.0,0.0,0.0
2025:01:24:08:41:06,RP05,SM-S908E,2212343,30,-39.92683897343308,-8.0,10.0,validation,0.3913043478260869,0.37142857142857144,0.0,0.4375,0.3220338983050848,0.48979591836734704,0.3571428571428572,0.0,0.5161290322580645,0.4576271186440679,0.603448275862069,0.5357142857142856,0.6428571428571428,0.5454545454545454,0.6428571428571428,0.49056603773584917,0.3999999999999999,0.37142857142857144,0.0,0.4029850746268655,0.3220338983050848,0.48979591836734704,0.33333333333333326,0.0,0.4838709677419355,0.4576271186440679,0.603448275862069,0.5178571428571428,0.627906976744186,0.5142857142857142,0.6428571428571428,0.49056603773584917,0.0,0.0,0.2777777777777777,0.2777777777777777
2025:01:24:08:40:25,RP05,SM-S908E,2212343,34,-40.776999479426145,-8.0,10.0,validation,0.6739130434782608,0.34285714285714297,0.0,0.34375,0.27118644067796627,0.6938775510204083,0.3571428571428572,0.2571428571428571,0.532258064516129,0.47457627118644075,0.5,0.5178571428571428,0.4761904761904763,0.5151515151515151,0.625,0.5471698113207548,0.6222222222222222,0.34285714285714297,0.0,0.31343283582089554,0.27118644067796627,0.6938775510204083,0.3571428571428572,0.2647058823529411,0.532258064516129,0.47457627118644075,0.5,0.5,0.4651162790697674,0.48571428571428577,0.625,0.5471698113207548,0.4035087719298245,0.42105263157894735,0.3148148148148149,0.3148148148148149
2025:01:24:08:39:44,RP05,SM-S908E,2212343,28,-39.32133431074985,-8.0,10.0,test,0.6086956521739131,0.0,0.0,0.3125,0.35593220338983067,0.6734693877551021,0.4285714285714286,0.0,0.467741935483871,0.5254237288135595,0.5172413793103448,0.5535714285714286,0.5714285714285714,0.5151515151515151,0.6428571428571428,0.4339622641509435,0.6222222222222222,0.0,0.0,0.29850746268656714,0.35593220338983067,0.653061224489796,0.4285714285714286,0.0,0.467741935483871,0.5254237288135595,0.5172413793103448,0.5535714285714286,0.558139534883721,0.48571428571428577,0.6428571428571428,0.4339622641509435,0.0,0.0,0.33333333333333326,0.33333333333333326
2025:01:24:08:48:25,RP05,SM-S908E,2212343,34,-157.45154084021095,-8.0,10.0,test,0.36956521739130443,0.0,0.10810810810810789,0.265625,0.3220338983050848,0.7142857142857144,0.5476190476190477,0.28571428571428603,0.467741935483871,0.593220338983051,0.4482758620689655,0.4821428571428572,0.4761904761904763,0.5454545454545454,0.5535714285714286,0.49056603773584917,0.3555555555555554,0.0,0.1351351351351351,0.23880597014925375,0.3220338983050848,0.7142857142857144,0.5476190476190477,0.17647058823529393,0.467741935483871,0.593220338983051,0.4482758620689655,0.4821428571428572,0.4883720930232558,0.5142857142857142,0.5535714285714286,0.49056603773584917,0.368421052631579,0.368421052631579,0.35185185185185186,0.35185185185185186
2025:01:24:08:43:32,RP05,SM-S908E,2212343,37,25.72425457758034,-8.0,10.0,test,0.6304347826086956,0.3999999999999999,0.16216216216216228,0.5,0.2881355932203391,0.5510204081632655,0.3571428571428572,0.22857142857142865,0.564516129032258,0.5423728813559323,0.48275862068965525,0.5892857142857142,0.5714285714285714,0.5757575757575757,0.625,0.5660377358490567,0.46666666666666656,0.37142857142857144,0.1351351351351351,0.4776119402985074,0.27118644067796627,0.5510204081632655,0.3571428571428572,0.20588235294117618,0.5483870967741935,0.5254237288135595,0.4655172413793103,0.5892857142857142,0.5813953488372092,0.5142857142857142,0.625,0.5660377358490567,0.3859649122807016,0.3859649122807016,0.2777777777777777,0.2962962962962963
2025:01:24:09:25:47,RP06,SM-S908E,2212343,35,-42.17485377953154,8.0,10.0,train,0.3913043478260869,0.3999999999999999,0.0,0.484375,0.4576271186440679,0.5714285714285714,0.5,0.28571428571428603,0.4516129032258065,0.38983050847457634,0.6896551724137931,0.5714285714285714,0.45238095238095233,0.5151515151515151,0.4464285714285714,0.4339622641509435,0.3999999999999999,0.3999999999999999,0.0,0.462686567164179,0.4406779661016951,0.5714285714285714,0.5,0.2941176470588234,0.4516129032258065,0.38983050847457634,0.6724137931034483,0.5714285714285714,0.44186046511627897,0.48571428571428577,0.4464285714285714,0.4339622641509435,0.3508771929824561,0.3508771929824561,0.40740740740740744,0.40740740740740744
2025:01:24:09:26:33,RP06,SM-S908E,2212343,31,-42.294635190266,8.0,10.0,train,0.4130434782608696,0.4285714285714288,0.0,0.5,0.4576271186440679,0.5918367346938775,0.4761904761904763,0.48571428571428577,0.403225806451613,0.0,0.7068965517241379,0.6071428571428572,0.3571428571428572,0.48484848484848486,0.4642857142857142,0.39622641509433976,0.42222222222222205,0.4571428571428573,0.0,0.462686567164179,0.4576271186440679,0.5714285714285714,0.4761904761904763,0.38235294117647056,0.403225806451613,0.0,0.7068965517241379,0.6071428571428572,0.34883720930232553,0.4571428571428573,0.4642857142857142,0.39622641509433976,0.3157894736842106,0.0,0.37037037037037024,0.38888888888888884
2025:01:24:09:32:21,RP06,SM-S908E,2212343,33,-159.16029006136347,8.0,10.0,train,0.4347826086956521,0.5142857142857142,0.0,0.484375,0.4067796610169492,0.7959183673469388,0.5714285714285714,0.28571428571428603,0.435483870967742,0.2881355932203391,0.5689655172413792,0.6071428571428572,0.38095238095238093,0.39393939393939403,0.5178571428571428,0.39622641509433976,0.4444444444444444,0.5428571428571431,0.027027027027027195,0.462686567164179,0.4067796610169492,0.7959183673469388,0.5714285714285714,0.17647058823529393,0.435483870967742,0.27118644067796627,0.5689655172413792,0.6071428571428572,0.39534883720930236,0.34285714285714297,0.5178571428571428,0.3773584905660379,0.0,0.0,0.3148148148148149,0.3148148148148149
2025:01:24:09:24:07,RP06,SM-S908E,2212343,33,-42.854876760091685,8.0,10.0,train,0.4347826086956521,0.4285714285714288,0.0,0.5,0.47457627118644075,0.7142857142857144,0.5476190476190477,0.22857142857142865,0.3870967741935485,0.4067796610169492,0.5689655172413792,0.6071428571428572,0.5476190476190477,0.3030303030303032,0.6071428571428572,0.6603773584905661,0.4444444444444444,0.4285714285714288,0.0,0.462686567164179,0.47457627118644075,0.6938775510204083,0.5476190476190477,0.0,0.3870967741935485,0.4067796610169492,0.5517241379310345,0.6071428571428572,0.5348837209302326,0.28571428571428603,0.5892857142857142,0.6603773584905661,0.45614035087719307,0.45614035087719307,0.35185185185185186,0.35185185185185186
2025:01:24:09:29:24,RP06,SM-S908E,2212343,30,21.281715159221246,8.0,10.0,train,0.4347826086956521,0.3999999999999999,0.0,0.5625,0.0,0.8163265306122449,0.5476190476190477,0.0,0.4516129032258065,0.33898305084745783,0.7068965517241379,0.6071428571428572,0.6666666666666665,0.39393939393939403,0.5714285714285714,0.4716981132075473,0.4888888888888887,0.3999999999999999,0.0,0.5373134328358208,0.0,0.8163265306122449,0.5476190476190477,0.0,0.4516129032258065,0.33898305084745783,0.7241379310344828,0.6071428571428572,0.627906976744186,0.34285714285714297,0.5714285714285714,0.4716981132075473,0.3157894736842106,0.33333333333333326,0.2777777777777777,0.2777777777777777
2025:01:24:09:33:16,RP06,SM-S908E,2212343,36,-161.3053810209758,8.0,10.0,train,0.4130434782608696,0.48571428571428577,0.054054054054053946,0.4375,0.42372881355932224,0.6938775510204083,0.5476190476190477,0.08571428571428585,0.4193548387096775,0.4067796610169492,0.5862068965517242,0.5714285714285714,0.4761904761904763,0.4545454545454546,0.5178571428571428,0.5849056603773586,0.3999999999999999,0.4571428571428573,0.10810810810810789,0.4179104477611939,0.42372881355932224,0.6734693877551021,0.5476190476190477,0.0,0.4193548387096775,0.4067796610169492,0.5862068965517242,0.5714285714285714,0.4883720930232558,0.4285714285714288,0.5178571428571428,0.5849056603773586,0.4385964912280702,0.4385964912280702,0.35185185185185186,0.35185185185185186
2025:01:24:09:34:06,RP06,SM-S908E,2212343,37,-161.13261705700998,8.0,10.0,train,0.4347826086956521,0.4285714285714288,0.027027027027027195,0.375,0.42372881355932224,0.653061224489796,0.5238095238095237,0.08571428571428585,0.435483870967742,0.33898305084745783,0.6551724137931034,0.6071428571428572,0.33333333333333326,0.4545454545454546,0.4642857142857142,0.4528301886792454,0.4444444444444444,0.4285714285714288,0.21621621621621623,0.3582089552238805,0.42372881355932224,0.6122448979591837,0.5238095238095237,0.08823529411764675,0.435483870967742,0.3220338983050848,0.3793103448275863,0.6071428571428572,0.3255813953488371,0.4285714285714288,0.4642857142857142,0.4528301886792454,0.3859649122807016,0.3859649122807016,0.2592592592592593,0.2592592592592593
2025:01:24:09:31:37,RP06,SM-S908E,2212343,30,-159.37066297500164,8.0,10.0,train,0.4347826086956521,0.3999999999999999,0.0,0.578125,0.4406779661016951,0.7755102040816326,0.5238095238095237,0.34285714285714297,0.467741935483871,0.2881355932203391,0.0,0.6071428571428572,0.5952380952380951,0.27272727272727293,0.4107142857142856,0.49056603773584917,0.0,0.3999999999999999,0.0,0.5522388059701492,0.4406779661016951,0.7755102040816326,0.5238095238095237,0.35294117647058787,0.467741935483871,0.2881355932203391,0.0,0.6071428571428572,0.5813953488372092,0.0,0.4107142857142856,0.49056603773584917,0.3508771929824561,0.33333333333333326,0.37037037037037024,0.38888888888888884
2025:01:24:09:27:14,RP06,SM-S908E,2212343,31,-42.291739461569406,8.0,10.0,train,0.4565217391304348,0.4285714285714288,0.027027027027027195,0.46875,0.5084745762711866,0.0,0.4761904761904763,0.0,0.403225806451613,0.35593220338983067,0.6896551724137931,0.6071428571428572,0.40476190476190466,0.5151515151515151,0.5178571428571428,0.41509433962264164,0.46666666666666656,0.4285714285714288,0.1351351351351351,0.4477611940298507,0.5084745762711866,0.0,0.4761904761904763,0.4705882352941173,0.3870967741935485,0.35593220338983067,0.6896551724137931,0.6071428571428572,0.39534883720930236,0.4571428571428573,0.5178571428571428,0.41509433962264164,0.0,0.0,0.38888888888888884,0.38888888888888884
2025:01:24:09:22:28,RP06,SM-S908E,2212343,33,-95.6224791450079,8.0,10.0,train,0.4565217391304348,0.48571428571428577,0.027027027027027195,0.484375,0.5254237288135595,0.653061224489796,0.5714285714285714,0.0,0.4193548387096775,0.4067796610169492,0.6896551724137931,0.6071428571428572,0.5476190476190477,0.0,0.6071428571428572,0.6037735849056605,0.46666666666666656,0.48571428571428577,0.21621621621621623,0.462686567164179,0.5254237288135595,0.653061224489796,0.5714285714285714,0.2941176470588234,0.4193548387096775,0.4067796610169492,0.5862068965517242,0.6071428571428572,0.5348837209302326,0.0,0.6071428571428572,0.6037735849056605,0.3859649122807016,0.3859649122807016,0.40740740740740744,0.40740740740740744
2025:01:24:09:24:59,RP06,SM-S908E,2212343,39,-41.29913591812887,8.0,10.0,train,0.4347826086956521,0.4285714285714288,0.027027027027027195,0.4375,0.4067796610169492,0.5918367346938775,0.45238095238095233,0.3142857142857145,0.37096774193548376,0.4067796610169492,0.6724137931034483,0.6071428571428572,0.40476190476190466,0.4545454545454546,0.4464285714285714,0.49056603773584917,0.37777777777777777,0.4285714285714288,0.21621621621621623,0.4029850746268655,0.4067796610169492,0.5918367346938775,0.45238095238095233,0.35294117647058787,0.37096774193548376,0.4067796610169492,0.6551724137931034,0.6071428571428572,0.39534883720930236,0.4285714285714288,0.4464285714285714,0.49056603773584917,0.368421052631579,0.368421052631579,0.4259259259259258,0.4259259259259258
2025:01:24:09:20:58,RP06,SM-S908E,2212343,29,-95.63290124730132,8.0,10.0,train,0.4347826086956521,0.4571428571428573,0.0,0.484375,0.4576271186440679,0.6122448979591837,0.5714285714285714,0.0,0.403225806451613,0.38983050847457634,0.5517241379310345,0.5892857142857142,0.0,0.0,0.5892857142857142,0.6037735849056605,0.4444444444444444,0.4571428571428573,0.21621621621621623,0.462686567164179,0.4576271186440679,0.6122448979591837,0.5714285714285714,0.0,0.3870967741935485,0.38983050847457634,0.5344827586206897,0.5892857142857142,0.0,0.0,0.5892857142857142,0.6037735849056605,0.3859649122807016,0.3859649122807016,0.38888888888888884,0.38888888888888884
2025:01:24:09:28:48,RP06,SM-S908E,2212343,34,23.35006529766935,8.0,10.0,train,0.4347826086956521,0.4285714285714288,0.027027027027027195,0.578125,0.4915254237288136,0.7755102040816326,0.5714285714285714,0.20000000000000018,0.4838709677419355,0.3728813559322035,0.6724137931034483,0.6071428571428572,0.5952380952380951,0.4242424242424243,0.5178571428571428,0.5471698113207548,0.46666666666666656,0.4285714285714288,0.24324324324324342,0.5522388059701492,0.4915254237288136,0.7551020408163265,0.5714285714285714,0.20588235294117618,0.467741935483871,0.3728813559322035,0.6551724137931034,0.6071428571428572,0.5813953488372092,0.37142857142857144,0.5,0.5471698113207548,0.0,0.0,0.2407407407407407,0.2592592592592593
2025:01:24:09:27:57,RP06,SM-S908E,2212343,35,21.685879587906527,8.0,10.0,train,0.4565217391304348,0.3999999999999999,0.027027027027027195,0.53125,0.5254237288135595,0.7755102040816326,0.4761904761904763,0.3142857142857145,0.435483870967742,0.35593220338983067,0.6379310344827587,0.5892857142857142,0.5714285714285714,0.4545454545454546,0.5178571428571428,0.5660377358490567,0.46666666666666656,0.3999999999999999,0.21621621621621623,0.5074626865671641,0.5254237288135595,0.7755102040816326,0.4761904761904763,0.0,0.435483870967742,0.35593220338983067,0.6379310344827587,0.5892857142857142,0.5348837209302326,0.4285714285714288,0.5,0.5660377358490567,0.33333333333333326,0.3508771929824561,0.2592592592592593,0.2592592592592593
2025:01:24:09:23:27,RP06,SM-S908E,2212343,26,-96.26061661891279,8.0,10.0,validation,0.4347826086956521,0.3999999999999999,0.0,0.0,0.42372881355932224,0.6734693877551021,0.5952380952380951,0.0,0.4516129032258065,0.3728813559322035,0.5862068965517242,0.5535714285714286,0.5238095238095237,0.0,0.5892857142857142,0.679245283018868,0.4444444444444444,0.3999999999999999,0.0,0.0,0.42372881355932224,0.6734693877551021,0.5952380952380951,0.0,0.4516129032258065,0.3728813559322035,0.5689655172413792,0.5535714285714286,0.558139534883721,0.0,0.5892857142857142,0.679245283018868,0.0,0.0,0.33333333333333326,0.33333333333333326
2025:01:24:09:34:44,RP06,SM-S908E,2212343,29,-162.33353086602625,8.0,10.0,validation,0.3913043478260869,0.5714285714285716,0.0,0.34375,0.4576271186440679,0.30612244897959195,0.5714285714285714,0.0,0.35483870967741926,0.3220338983050848,0.4310344827586208,0.5535714285714286,0.26190476190476186,0.5151515151515151,0.0,0.39622641509433976,0.3999999999999999,0.5714285714285716,0.0,0.31343283582089554,0.4576271186440679,0.30612244897959195,0.5714285714285714,0.1470588235294117,0.33870967741935476,0.3220338983050848,0.4137931034482758,0.5535714285714286,0.0,0.4571428571428573,0.4285714285714286,0.39622641509433976,0.0,0.0,0.3148148148148149,0.33333333333333326
2025:01:24:09:20:13,RP06,SM-S908E,2212343,27,-96.04174101159487,8.0,10.0,validation,0.0,0.0,0.0,0.3125,0.27118644067796627,0.3673469387755104,0.0,0.1714285714285717,0.403225806451613,0.3728813559322035,0.6896551724137931,0.6071428571428572,0.45238095238095233,0.6969696969696968,0.0,0.3396226415094341,0.0,0.0,0.0,0.29850746268656714,0.25423728813559343,0.2857142857142858,0.0,0.0,0.403225806451613,0.3728813559322035,0.6896551724137931,0.6071428571428572,0.44186046511627897,0.657142857142857,0.0,0.3396226415094341,0.0,0.0,0.2407407407407407,0.2592592592592593
2025:01:24:09:21:42,RP06,SM-S908E,2212343,34,-97.37555238119172,8.0,10.0,test,0.4565217391304348,0.3999999999999999,0.0,0.53125,0.4406779661016951,0.6734693877551021,0.5714285714285714,0.1714285714285717,0.467741935483871,0.42372881355932224,0.5862068965517242,0.6428571428571428,0.5714285714285714,0.3333333333333335,0.625,0.6037735849056605,0.46666666666666656,0.3999999999999999,0.0,0.5074626865671641,0.4406779661016951,0.6734693877551021,0.5714285714285714,0.17647058823529393,0.467741935483871,0.42372881355932224,0.5862068965517242,0.6428571428571428,0.558139534883721,0.3142857142857145,0.6071428571428572,0.6037735849056605,0.4385964912280702,0.45614035087719307,0.38888888888888884,0.37037037037037024
2025:01:24:09:30:03,RP06,SM-S908E,2212343,31,23.868070710669176,8.0,10.0,test,0.4347826086956521,0.4285714285714288,0.0,0.546875,0.47457627118644075,0.7959183673469388,0.5476190476190477,0.0,0.403225806451613,0.0,0.6206896551724137,0.5,0.5714285714285714,0.39393939393939403,0.5535714285714286,0.5660377358490567,0.4444444444444444,0.4285714285714288,0.0,0.5223880597014925,0.47457627118644075,0.7959183673469388,0.5476190476190477,0.0,0.403225806451613,0.27118644067796627,0.6206896551724137,0.5,0.558139534883721,0.3999999999999999,0.5535714285714286,0.5660377358490567,0.3157894736842106,0.29824561403508776,0.22222222222222232,0.22222222222222232
2025:01:24:09:30:37,RP06,SM-S908E,2212343,35,24.79157439810135,8.0,10.0,test,0.4347826086956521,0.4571428571428573,0.1351351351351351,0.53125,0.4576271186440679,0.7755102040816326,0.5238095238095237,0.28571428571428603,0.3870967741935485,0.33898305084745783,0.6206896551724137,0.5,0.5714285714285714,0.0,0.5357142857142856,0.49056603773584917,0.4444444444444444,0.4571428571428573,0.1351351351351351,0.5074626865671641,0.4576271186440679,0.7755102040816326,0.5238095238095237,0.2647058823529411,0.3870967741935485,0.33898305084745783,0.6206896551724137,0.5,0.558139534883721,0.3999999999999999,0.5178571428571428,0.49056603773584917,0.0,0.0,0.2777777777777777,0.2777777777777777
2025:01:24:09:18:15,RP07,SM-S908E,2212343,34,-44.135750267165214,30.0,10.0,train,0.0,0.0,0.0,0.3125,0.2881355932203391,0.30612244897959195,0.2142857142857144,0.1428571428571428,0.4516129032258065,0.42372881355932224,0.6896551724137931,0.6785714285714286,0.6666666666666665,0.6666666666666665,0.4464285714285714,0.3396226415094341,0.0,0.0,0.0,0.31343283582089554,0.2881355932203391,0.3265306122448981,0.2142857142857144,0.17647058823529393,0.4516129032258065,0.42372881355932224,0.6896551724137931,0.6785714285714286,0.4883720930232558,0.6285714285714286,0.4464285714285714,0.3396226415094341,0.0,0.0,0.0,0.0
2025:01:24:09:17:30,RP07,SM-S908E,2212343,28,-43.5340683788911,30.0,10.0,train,0.0,0.0,0.0,0.1875,0.23728813559322037,0.24489795918367352,0.0,0.20000000000000018,0.4516129032258065,0.47457627118644075,0.6551724137931034,0.6964285714285714,0.6666666666666665,0.0,0.4285714285714286,0.39622641509433976,0.0,0.0,0.0,0.0,0.23728813559322037,0.24489795918367352,0.0,0.0,0.4516129032258065,0.47457627118644075,0.6551724137931034,0.6964285714285714,0.5348837209302326,0.7142857142857144,0.0,0.39622641509433976,0.22807017543859653,0.24561403508771917,0.0,0.0
2025:01:24:09:10:56,RP07,SM-S908E,2212343,25,-161.03165616393,30.0,10.0,train,0.0,0.0,0.0,0.0,0.27118644067796627,0.20408163265306123,0.2857142857142856,0.0,0.4516129032258065,0.42372881355932224,0.6724137931034483,0.7142857142857142,0.6666666666666665,0.7878787878787881,0.5,0.3396226415094341,0.0,0.0,0.0,0.0,0.25423728813559343,0.30612244897959195,0.26190476190476186,0.0,0.4516129032258065,0.42372881355932224,0.6551724137931034,0.7142857142857142,0.6511627906976745,0.7428571428571429,0.5,0.3396226415094341,0.0,0.0,0.0,0.0
2025:01:24:09:15:21,RP07,SM-S908E,2212343,28,-96.25833624688818,30.0,10.0,train,0.0,0.0,0.0,0.34375,0.2881355932203391,0.22448979591836737,0.23809523809523814,0.0,0.435483870967742,0.38983050847457634,0.6896551724137931,0.75,0.6904761904761905,0.6969696969696968,0.4285714285714286,0.5471698113207548,0.0,0.0,0.0,0.3283582089552237,0.2881355932203391,0.0,0.23809523809523814,0.0,0.435483870967742,0.38983050847457634,0.6724137931034483,0.75,0.6511627906976745,0.657142857142857,0.0,0.5471698113207548,0.0,0.0,0.33333333333333326,0.33333333333333326
2025:01:24:09:08:53,RP07,SM-S908E,2212343,29,17.995099757889143,30.0,10.0,train,0.0,0.0,0.0,0.0,0.4067796610169492,0.22448979591836737,0.2857142857142856,0.0,0.4516129032258065,0.38983050847457634,0.7413793103448276,0.75,0.7142857142857142,0.6969696969696968,0.3928571428571428,0.509433962264151,0.0,0.0,0.0,0.0,0.4067796610169492,0.24489795918367352,0.2857142857142856,0.0,0.4516129032258065,0.38983050847457634,0.7413793103448276,0.75,0.6976744186046511,0.657142857142857,0.375,0.509433962264151,0.0,0.0,0.37037037037037024,0.37037037037037024
2025:01:24:09:11:31,RP07,SM-S908E,2212343,30,-157.74984558666787,30.0,10.0,train,0.17391304347826075,0.0,0.0,0.296875,0.27118644067796627,0.24489795918367352,0.30952380952380953,0.0,0.4516129032258065,0.4576271186440679,0.7068965517241379,0.75,0.6904761904761905,0.7575757575757578,0.4821428571428572,0.3773584905660379,0.0,0.0,0.0,0.28358208955223874,0.27118644067796627,0.22448979591836737,0.2857142857142856,0.0,0.4516129032258065,0.0,0.6896551724137931,0.75,0.6511627906976745,0.7142857142857144,0.4821428571428572,0.3773584905660379,0.3157894736842106,0.29824561403508776,0.2962962962962963,0.0
2025:01:24:09:19:33,RP07,SM-S908E,2212343,26,-43.22235470115475,30.0,10.0,train,0.0,0.0,0.0,0.0,0.23728813559322037,0.3265306122448981,0.23809523809523814,0.0,0.3870967741935485,0.38983050847457634,0.6896551724137931,0.6428571428571428,0.6666666666666665,0.6363636363636362,0.375,0.3773584905660379,0.0,0.0,0.0,0.0,0.23728813559322037,0.0,0.23809523809523814,0.0,0.3870967741935485,0.38983050847457634,0.6896551724137931,0.6428571428571428,0.4883720930232558,0.6285714285714286,0.375,0.3773584905660379,0.0,0.0,0.0,0.0
2025:01:24:09:06:25,RP07,SM-S908E,2212343,40,17.776341033961423,30.0,10.0,train,0.23913043478260865,0.34285714285714297,0.0,0.34375,0.2796610169491527,0.24489795918367352,0.0,0.37142857142857144,0.4516129032258065,0.4152542372881356,0.6896551724137931,0.8392857142857142,0.6666666666666665,0.8181818181818183,0.3392857142857142,0.4716981132075473,0.5555555555555554,0.3142857142857145,0.0,0.31343283582089554,0.4576271186440679,0.40816326530612246,0.1904761904761907,0.35294117647058787,0.4516129032258065,0.4067796610169492,0.6896551724137931,0.8392857142857142,0.6511627906976745,0.7428571428571429,0.3392857142857142,0.4716981132075473,0.368421052631579,0.368421052631579,0.2777777777777777,0.33333333333333326
2025:01:24:09:12:16,RP07,SM-S908E,2212343,32,-159.75432697377713,30.0,10.0,train,0.0,0.0,0.0,0.28125,0.23728813559322037,0.24489795918367352,0.0,0.28571428571428603,0.4516129032258065,0.4915254237288136,0.6896551724137931,0.6964285714285714,0.6666666666666665,0.606060606060606,0.4821428571428572,0.3773584905660379,0.0,0.0,0.1351351351351351,0.26865671641791034,0.22033898305084754,0.24489795918367352,0.0,0.20588235294117618,0.4516129032258065,0.4915254237288136,0.6896551724137931,0.6964285714285714,0.6511627906976745,0.5714285714285716,0.4821428571428572,0.3773584905660379,0.3157894736842106,0.3508771929824561,0.0,0.0
2025:01:24:09:09:39,RP07,SM-S908E,2212343,31,-161.3616741243474,30.0,10.0,train,0.23913043478260865,0.0,0.0,0.28125,0.23728813559322037,0.26530612244897966,0.0,0.22857142857142865,0.4193548387096775,0.42372881355932224,0.7068965517241379,0.7678571428571428,0.6666666666666665,0.7575757575757578,0.5178571428571428,0.3396226415094341,0.0,0.0,0.0,0.26865671641791034,0.23728813559322037,0.24489795918367352,0.0,0.2941176470588234,0.403225806451613,0.42372881355932224,0.6896551724137931,0.7678571428571428,0.6511627906976745,0.7142857142857144,0.5178571428571428,0.3396226415094341,0.0,0.0,0.2962962962962963,0.2962962962962963
2025:01:24:09:13:28,RP07,SM-S908E,2212343,27,-96.44990468569017,30.0,10.0,train,0.19565217391304346,0.0,0.0,0.3125,0.27118644067796627,0.0,0.2142857142857144,0.0,0.435483870967742,0.3728813559322035,0.6551724137931034,0.7678571428571428,0.6666666666666665,0.6666666666666665,0.4107142857142856,0.49056603773584917,0.28888888888888875,0.0,0.0,0.29850746268656714,0.2881355932203391,0.0,0.1904761904761907,0.0,0.435483870967742,0.3728813559322035,0.6551724137931034,0.7678571428571428,0.6511627906976745,0.6285714285714286,0.4107142857142856,0.49056603773584917,0.0,0.0,0.0,0.0
2025:01:24:09:06:59,RP07,SM-S908E,2212343,31,19.900620447581225,30.0,10.0,train,0.0,0.0,0.0,0.265625,0.2881355932203391,0.22448979591836737,0.2857142857142856,0.37142857142857144,0.435483870967742,0.3728813559322035,0.6896551724137931,0.6964285714285714,0.7380952380952381,0.6666666666666665,0.5,0.5283018867924529,0.0,0.0,0.0,0.22388059701492535,0.2881355932203391,0.20408163265306123,0.30952380952380953,0.38235294117647056,0.4193548387096775,0.3728813559322035,0.6896551724137931,0.7142857142857142,0.0,0.6285714285714286,0.5,0.5283018867924529,0.0,0.0,0.35185185185185186,0.35185185185185186
2025:01:24:09:07:41,RP07,SM-S908E,2212343,28,19.47950678140038,30.0,10.0,train,0.0,0.0,0.0,0.265625,0.38983050847457634,0.1836734693877553,0.0,0.0,0.5,0.4067796610169492,0.7586206896551724,0.75,0.6904761904761905,0.7272727272727275,0.3928571428571428,0.49056603773584917,0.0,0.0,0.0,0.3283582089552237,0.38983050847457634,0.16326530612244916,0.0,0.0,0.5,0.42372881355932224,0.7586206896551724,0.75,0.6511627906976745,0.6857142857142859,0.3928571428571428,0.49056603773584917,0.0,0.0,0.37037037037037024,0.37037037037037024
2025:01:24:09:16:52,RP07,SM-S908E,2212343,27,-43.419683084671185,30.0,10.0,train,0.0,0.0,0.0,0.328125,0.30508474576271194,0.24489795918367352,0.0,0.0,0.467741935483871,0.35593220338983067,0.7068965517241379,0.75,0.6666666666666665,0.5454545454545454,0.4285714285714286,0.5283018867924529,0.0,0.0,0.0,0.31343283582089554,0.30508474576271194,0.22448979591836737,0.0,0.0,0.4516129032258065,0.35593220338983067,0.7068965517241379,0.75,0.6511627906976745,0.5142857142857142,0.4285714285714286,0.5283018867924529,0.0,0.0,0.2962962962962963,0.2962962962962963
2025:01:24:09:18:56,RP07,SM-S908E,2212343,29,-43.32662557141722,30.0,10.0,validation,0.0,0.0,0.0,0.328125,0.25423728813559343,0.30612244897959195,0.0,0.3142857142857145,0.3870967741935485,0.4067796610169492,0.6896551724137931,0.625,0.4285714285714286,0.6666666666666665,0.375,0.30188679245283034,0.0,0.0,0.0,0.31343283582089554,0.25423728813559343,0.30612244897959195,0.23809523809523814,0.17647058823529393,0.3870967741935485,0.4067796610169492,0.6724137931034483,0.625,0.4186046511627908,0.6285714285714286,0.375,0.30188679245283034,0.0,0.0,0.0,0.0
2025:01:24:09:12:54,RP07,SM-S908E,2212343,28,-97.03789689336523,30.0,10.0,validation,0.21739130434782616,0.0,0.0,0.296875,0.22033898305084754,0.30612244897959195,0.0,0.3142857142857145,0.0,0.4406779661016951,0.6724137931034483,0.7321428571428571,0.6666666666666665,0.5757575757575757,0.4821428571428572,0.358490566037736,0.0,0.0,0.0,0.28358208955223874,0.22033898305084754,0.2857142857142858,0.0,0.35294117647058787,0.0,0.4406779661016951,0.6896551724137931,0.7321428571428571,0.6511627906976745,0.5142857142857142,0.4821428571428572,0.358490566037736,0.29824561403508776,0.0,0.0,0.0
2025:01:24:09:08:16,RP07,SM-S908E,2212343,28,15.43080078972257,30.0,10.0,validation,0.0,0.0,0.0,0.0,0.38983050847457634,0.16326530612244916,0.2857142857142856,0.0,0.5,0.4576271186440679,0.7586206896551724,0.7678571428571428,0.7380952380952381,0.6969696969696968,0.4285714285714286,0.49056603773584917,0.0,0.0,0.0,0.0,0.38983050847457634,0.20408163265306123,0.30952380952380953,0.0,0.5,0.4406779661016951,0.7586206896551724,0.7678571428571428,0.7209302325581395,0.657142857142857,0.4285714285714286,0.49056603773584917,0.2807017543859649,0.0,0.38888888888888884,0.38888888888888884
2025:01:24:09:14:17,RP07,SM-S908E,2212343,27,-97.7144225395439,30.0,10.0,test,0.0,0.0,0.0,0.359375,0.3220338983050848,0.24489795918367352,0.0,0.1714285714285717,0.4838709677419355,0.33898305084745783,0.6724137931034483,0.7678571428571428,0.6666666666666665,0.606060606060606,0.4285714285714286,0.509433962264151,0.0,0.0,0.0,0.3432835820895521,0.3220338983050848,0.24489795918367352,0.0,0.17647058823529393,0.4838709677419355,0.33898305084745783,0.6724137931034483,0.7678571428571428,0.6511627906976745,0.5714285714285716,0.4285714285714286,0.509433962264151,0.0,0.0,0.0,0.0
2025:01:24:09:16:12,RP07,SM-S908E,2212343,26,-97.05741183586737,30.0,10.0,test,0.0,0.0,0.0,0.3125,0.2881355932203391,0.20408163265306123,0.0,0.0,0.435483870967742,0.35593220338983067,0.6379310344827587,0.75,0.7142857142857142,0.5454545454545454,0.0,0.5471698113207548,0.0,0.0,0.0,0.29850746268656714,0.2881355932203391,0.22448979591836737,0.0,0.0,0.4193548387096775,0.35593220338983067,0.6379310344827587,0.75,0.6976744186046511,0.5428571428571431,0.3928571428571428,0.5471698113207548,0.2807017543859649,0.0,0.0,0.0
2025:01:24:09:10:21,RP07,SM-S908E,2212343,30,-161.06217189609865,30.0,10.0,test,0.0,0.0,0.0,0.296875,0.23728813559322037,0.26530612244897966,0.0,0.0,0.435483870967742,0.4576271186440679,0.7068965517241379,0.75,0.6666666666666665,0.7878787878787881,0.5357142857142856,0.3207547169811322,0.0,0.0,0.0,0.28358208955223874,0.23728813559322037,0.26530612244897966,0.26190476190476186,0.0,0.435483870967742,0.4576271186440679,0.7068965517241379,0.75,0.6511627906976745,0.7142857142857144,0.5357142857142856,0.3207547169811322,0.2807017543859649,0.29824561403508776,0.2592592592592593,0.2592592592592593
2025:01:21:12:57:32,RP08,SM-S908E,2212343,31,-164.1717227122547,-30.0,14.0,train,0.6304347826086956,0.6000000000000001,0.0,0.0,0.47457627118644075,0.40816326530612246,0.40476190476190466,0.0,0.5161290322580645,0.5084745762711866,0.48275862068965525,0.4285714285714286,0.0,0.27272727272727293,0.7857142857142857,0.0,0.6222222222222222,0.5714285714285716,0.0,0.3880597014925373,0.47457627118644075,0.40816326530612246,0.40476190476190466,0.0,0.5161290322580645,0.5084745762711866,0.48275862068965525,0.4285714285714286,0.0,0.0,0.7857142857142857,0.8301886792452831,0.5438596491228069,0.5438596491228069,0.574074074074074,0.574074074074074
2025:01:21:12:49:22,RP08,SM-S908E,2212343,38,-94.4621651253546,-30.0,14.0,train,0.7173913043478262,0.5428571428571431,0.3783783783783785,0.609375,0.5084745762711866,0.40816326530612246,0.5,0.0,0.6451612903225806,0.5423728813559323,0.5689655172413792,0.4285714285714286,0.6428571428571428,0.5151515151515151,0.9821428571428571,0.9245283018867926,0.7333333333333332,0.5428571428571431,0.43243243243243246,0.5820895522388059,0.5084745762711866,0.3877551020408163,0.5,0.0,0.6451612903225806,0.5423728813559323,0.5689655172413792,0.4107142857142856,0.6046511627906976,0.48571428571428577,1.0,0.9245283018867926,0.6491228070175439,0.6491228070175439,0.5925925925925926,0.5925925925925926
2025:01:21:12:51:58,RP08,SM-S908E,2212343,38,-39.15319869985312,-30.0,14.0,train,0.7173913043478262,0.6000000000000001,0.40540540540540526,0.546875,0.6440677966101696,0.3877551020408163,0.4285714285714286,0.0,0.435483870967742,0.5423728813559323,0.48275862068965525,0.4285714285714286,0.5476190476190477,0.48484848484848486,0.875,0.8490566037735849,0.7333333333333332,0.6000000000000001,0.0,0.5074626865671641,0.6440677966101696,0.3673469387755104,0.40476190476190466,0.0,0.435483870967742,0.5423728813559323,0.48275862068965525,0.4285714285714286,0.5348837209302326,0.4571428571428573,0.8571428571428571,0.8490566037735849,0.6666666666666665,0.6666666666666665,0.5555555555555556,0.574074074074074
2025:01:21:12:58:12,RP08,SM-S908E,2212343,35,-163.05979497840022,-30.0,14.0,train,0.6521739130434783,0.6285714285714286,0.0,0.453125,0.5593220338983051,0.34693877551020424,0.3571428571428572,0.2571428571428571,0.6935483870967741,0.5338983050847459,0.4655172413793103,0.4285714285714286,0.45238095238095233,0.4242424242424243,0.9107142857142857,0.8301886792452831,0.6444444444444444,0.6000000000000001,0.0,0.4328358208955223,0.5593220338983051,0.34693877551020424,0.3571428571428572,0.2941176470588234,0.6935483870967741,0.6610169491525425,0.4655172413793103,0.4285714285714286,0.44186046511627897,0.3999999999999999,0.8928571428571428,0.8301886792452831,0.7543859649122806,0.7543859649122806,0.5555555555555556,0.574074074074074
2025:01:21:12:48:21,RP08,SM-S908E,2212343,35,-96.72193931724033,-30.0,14.0,train,0.6956521739130435,0.6000000000000001,0.24324324324324342,0.546875,0.576271186440678,0.40816326530612246,0.5238095238095237,0.0,0.5967741935483871,0.593220338983051,0.39655172413793105,0.4285714285714286,0.6428571428571428,0.5454545454545454,0.9821428571428571,0.8867924528301887,0.6666666666666665,0.6000000000000001,0.29729729729729737,0.5223880597014925,0.576271186440678,0.40816326530612246,0.5238095238095237,0.0,0.5806451612903225,0.593220338983051,0.39655172413793105,0.4285714285714286,0.627906976744186,0.5142857142857142,0.9821428571428571,0.8867924528301887,0.631578947368421,0.631578947368421,0.6111111111111112,0.6111111111111112
2025:01:21:12:58:46,RP08,SM-S908E,2212343,32,-163.40177629757997,-30.0,14.0,train,0.5434782608695652,0.6000000000000001,0.0,0.53125,0.5593220338983051,0.30612244897959195,0.3571428571428572,0.0,0.5967741935483871,0.5084745762711866,0.5172413793103448,0.3928571428571428,0.26190476190476186,0.0,0.9285714285714285,0.7358490566037736,0.6444444444444444,0.6000000000000001,0.0,0.4925373134328358,0.5593220338983051,0.3877551020408163,0.3571428571428572,0.0,0.5967741935483871,0.5254237288135595,0.5172413793103448,0.3928571428571428,0.0,0.0,0.9107142857142857,0.7358490566037736,0.7017543859649122,0.7017543859649122,0.5555555555555556,0.5555555555555556
2025:01:21:12:53:31,RP08,SM-S908E,2212343,34,-39.26606794774712,-30.0,14.0,train,0.7391304347826086,0.6000000000000001,0.0,0.625,0.6440677966101696,0.3673469387755104,0.4761904761904763,0.0,0.37096774193548376,0.5423728813559323,0.5517241379310345,0.375,0.5714285714285714,0.4242424242424243,0.875,0.8679245283018868,0.7555555555555555,0.6000000000000001,0.0,0.5970149253731343,0.6440677966101696,0.34693877551020424,0.4761904761904763,0.0,0.37096774193548376,0.5423728813559323,0.5517241379310345,0.4285714285714286,0.558139534883721,0.37142857142857144,0.875,0.8679245283018868,0.7017543859649122,0.7192982456140351,0.6296296296296295,0.6296296296296295
2025:01:21:12:50:04,RP08,SM-S908E,2212343,38,-37.48834033763882,-30.0,14.0,train,0.6739130434782608,0.5428571428571431,0.32432432432432456,0.53125,0.5254237288135595,0.3877551020408163,0.4761904761904763,0.0,0.6129032258064516,0.5423728813559323,0.4655172413793103,0.4464285714285714,0.6428571428571428,0.39393939393939403,1.0,0.9622641509433963,0.6666666666666665,0.5428571428571431,0.3783783783783785,0.5074626865671641,0.5084745762711866,0.3877551020408163,0.4761904761904763,0.0,0.6129032258064516,0.5423728813559323,0.4655172413793103,0.4464285714285714,0.0,0.37142857142857144,0.9821428571428571,0.9811320754716982,0.631578947368421,0.631578947368421,0.5925925925925926,0.5925925925925926
2025:01:21:12:56:45,RP08,SM-S908E,2212343,29,32.04677852966033,-30.0,14.0,train,0.5652173913043479,0.6000000000000001,0.29729729729729737,0.40625,0.4406779661016951,0.3877551020408163,0.45238095238095233,0.0,0.467741935483871,0.4406779661016951,0.4655172413793103,0.4285714285714286,0.4761904761904763,0.0,0.7142857142857142,0.0,0.6222222222222222,0.6000000000000001,0.0,0.3880597014925373,0.4406779661016951,0.40816326530612246,0.45238095238095233,0.0,0.467741935483871,0.4406779661016951,0.4655172413793103,0.4285714285714286,0.0,0.0,0.7142857142857142,0.0,0.5614035087719298,0.0,0.5555555555555556,0.5555555555555556
2025:01:21:12:46:45,RP08,SM-S908E,2212343,34,-96.43535155769385,-30.0,14.0,train,0.6956521739130435,0.5428571428571431,0.0,0.515625,0.5423728813559323,0.3877551020408163,0.5,0.0,0.5483870967741935,0.5254237288135595,0.5344827586206897,0.4464285714285714,0.6190476190476191,0.48484848484848486,0.8571428571428571,0.9056603773584906,0.6888888888888889,0.5142857142857142,0.0,0.4776119402985074,0.5423728813559323,0.3673469387755104,0.5,0.0,0.5483870967741935,0.5254237288135595,0.5172413793103448,0.4464285714285714,0.6046511627906976,0.48571428571428577,0.8571428571428571,0.9056603773584906,0.6140350877192982,0.6140350877192982,0.574074074074074,0.574074074074074
2025:01:21:12:55:32,RP08,SM-S908E,2212343,32,38.08280582248325,-30.0,14.0,train,0.6521739130434783,0.5714285714285716,0.0,0.484375,0.4576271186440679,0.4285714285714286,0.45238095238095233,0.0,0.5,0.4915254237288136,0.5,0.4285714285714286,0.5476190476190477,0.0,0.8035714285714285,0.0,0.6666666666666665,0.5714285714285716,0.0,0.462686567164179,0.4576271186440679,0.4285714285714286,0.4285714285714286,0.0,0.5,0.4915254237288136,0.5,0.4285714285714286,0.5116279069767442,0.0,0.8035714285714285,0.8113207547169812,0.5438596491228069,0.5438596491228069,0.574074074074074,0.5925925925925926
2025:01:21:12:59:21,RP08,SM-S908E,2212343,32,-162.56178006287251,-30.0,14.0,train,0.5869565217391304,0.6285714285714286,0.0,0.46875,0.4915254237288136,0.3265306122448981,0.0,0.0,0.6129032258064516,0.4915254237288136,0.5,0.3928571428571428,0.26190476190476186,0.0,0.9285714285714285,0.7924528301886793,0.5999999999999999,0.6285714285714286,0.0,0.4477611940298507,0.4915254237288136,0.30612244897959195,0.0,0.0,0.6129032258064516,0.4915254237288136,0.48275862068965525,0.3928571428571428,0.2558139534883721,0.28571428571428603,0.9285714285714285,0.7924528301886793,0.7192982456140351,0.7192982456140351,0.574074074074074,0.574074074074074
2025:01:21:12:52:45,RP08,SM-S908E,2212343,30,-39.398193734177674,-30.0,14.0,train,0.7173913043478262,0.6000000000000001,0.0,0.5625,0.6610169491525425,0.40816326530612246,0.4285714285714286,0.0,0.4838709677419355,0.42372881355932224,0.5344827586206897,0.4821428571428572,0.5714285714285714,0.0,0.8928571428571428,0.8679245283018868,0.7333333333333332,0.6000000000000001,0.0,0.5373134328358208,0.6610169491525425,0.3877551020408163,0.45238095238095233,0.0,0.4838709677419355,0.42372881355932224,0.5689655172413792,0.4821428571428572,0.558139534883721,0.0,0.8928571428571428,0.8679245283018868,0.5263157894736841,0.5263157894736841,0.6481481481481481,0.6481481481481481
2025:01:21:12:47:33,RP08,SM-S908E,2212343,40,-95.94016132409612,-30.0,14.0,train,0.6304347826086956,0.5714285714285716,0.24324324324324342,0.5625,0.4915254237288136,0.40816326530612246,0.5238095238095237,0.1714285714285717,0.564516129032258,0.5593220338983051,0.5344827586206897,0.375,0.6190476190476191,0.5151515151515151,0.9642857142857142,0.9622641509433963,0.6888888888888889,0.5714285714285716,0.24324324324324342,0.5373134328358208,0.4915254237288136,0.3877551020408163,0.5238095238095237,0.20588235294117618,0.564516129032258,0.576271186440678,0.5344827586206897,0.375,0.6046511627906976,0.4571428571428573,0.9642857142857142,0.9622641509433963,0.5614035087719298,0.5614035087719298,0.5185185185185186,0.5185185185185186
2025:01:21:12:45:55,RP08,SM-S908E,2212343,33,-95.56244462723409,-30.0,14.0,validation,0.5652173913043479,0.6000000000000001,0.0,0.59375,0.5084745762711866,0.5306122448979593,0.4761904761904763,0.0,0.30645161290322576,0.18644067796610186,0.5,0.4107142857142856,0.4761904761904763,0.4545454545454546,0.6964285714285714,0.7358490566037736,0.5111111111111111,0.6000000000000001,0.0,0.5671641791044776,0.5084745762711866,0.5306122448979593,0.4761904761904763,0.0,0.30645161290322576,0.18644067796610186,0.5172413793103448,0.4107142857142856,0.4651162790697674,0.3999999999999999,0.6785714285714286,0.7358490566037736,0.6842105263157894,0.6842105263157894,0.5555555555555556,0.5555555555555556
2025:01:21:12:54:09,RP08,SM-S908E,2212343,38,34.41489502990073,-30.0,14.0,validation,0.7826086956521738,0.6000000000000001,0.29729729729729737,0.578125,0.6271186440677967,0.3877551020408163,0.4285714285714286,0.0,0.5483870967741935,0.4406779661016951,0.4655172413793103,0.5714285714285714,0.5476190476190477,0.4242424242424243,0.9107142857142857,0.7547169811320755,0.7999999999999998,0.6000000000000001,0.32432432432432456,0.5522388059701492,0.6101694915254239,0.3877551020408163,0.40476190476190466,0.0,0.5483870967741935,0.4406779661016951,0.4655172413793103,0.5714285714285714,0.5348837209302326,0.3999999999999999,0.9107142857142857,0.8113207547169812,0.6666666666666665,0.6666666666666665,0.6296296296296295,0.6296296296296295
2025:01:21:13:00:04,RP08,SM-S908E,2212343,37,-162.94446430381834,-30.0,14.0,validation,0.6521739130434783,0.6000000000000001,0.24324324324324342,0.46875,0.5254237288135595,0.3265306122448981,0.33333333333333326,0.2571428571428571,0.6935483870967741,0.6610169491525425,0.4655172413793103,0.4464285714285714,0.45238095238095233,0.4545454545454546,0.9107142857142857,0.8679245283018868,0.7999999999999998,0.6000000000000001,0.0,0.4477611940298507,0.5254237288135595,0.3265306122448981,0.33333333333333326,0.0,0.6935483870967741,0.6610169491525425,0.4655172413793103,0.4285714285714286,0.4186046511627908,0.4285714285714288,0.9107142857142857,0.8679245283018868,0.7017543859649122,0.7017543859649122,0.574074074074074,0.574074074074074
2025:01:21:12:51:09,RP08,SM-S908E,2212343,34,-37.777422182467504,-30.0,14.0,test,0.7391304347826086,0.8,0.32432432432432456,0.5,0.6271186440677967,0.30612244897959195,0.4285714285714286,0.0,0.5483870967741935,0.5254237288135595,0.5517241379310345,0.4285714285714286,0.5714285714285714,0.4545454545454546,0.875,0.8867924528301887,0.7555555555555555,0.8,0.3783783783783785,0.4776119402985074,0.6101694915254239,0.30612244897959195,0.4285714285714286,0.0,0.5483870967741935,0.5254237288135595,0.5517241379310345,0.4285714285714286,0.5348837209302326,0.4285714285714288,0.875,0.8867924528301887,0.5964912280701755,0.5964912280701755,0.6296296296296295,0.6296296296296295
2025:01:21:12:56:08,RP08,SM-S908E,2212343,38,35.19015677404091,-30.0,14.0,test,0.5869565217391304,0.5428571428571431,0.32432432432432456,0.484375,0.4406779661016951,0.3673469387755104,0.40476190476190466,0.0,0.6129032258064516,0.5084745762711866,0.5172413793103448,0.5892857142857142,0.5238095238095237,0.3030303030303032,0.7857142857142857,0.0,0.5999999999999999,0.5142857142857142,0.29729729729729737,0.462686567164179,0.4406779661016951,0.3673469387755104,0.40476190476190466,0.0,0.6129032258064516,0.5084745762711866,0.5172413793103448,0.5892857142857142,0.5116279069767442,0.2571428571428571,0.7678571428571428,0.8113207547169812,0.5263157894736841,0.5263157894736841,0.537037037037037,0.537037037037037
2025:01:21:12:54:55,RP08,SM-S908E,2212343,32,32.24750283402851,-30.0,14.0,test,0.6521739130434783,0.5428571428571431,0.0,0.453125,0.4576271186440679,0.4285714285714286,0.38095238095238093,0.0,0.5,0.4576271186440679,0.5172413793103448,0.5714285714285714,0.5476190476190477,0.0,0.6964285714285714,0.0,0.6666666666666665,0.5428571428571431,0.0,0.4328358208955223,0.4406779661016951,0.40816326530612246,0.38095238095238093,0.0,0.5,0.4576271186440679,0.5,0.5714285714285714,0.5348837209302326,0.0,0.6964285714285714,0.8113207547169812,0.5964912280701755,0.5964912280701755,0.5555555555555556,0.5555555555555556
2025:01:24:09:38:27,RP09,SM-S908E,2212343,41,21.075523691571924,38.0,7.0,train,0.326086956521739,0.20000000000000018,0.32432432432432456,0.3125,0.5593220338983051,0.34693877551020424,0.5,0.37142857142857144,0.564516129032258,0.4576271186440679,0.9655172413793103,0.9821428571428571,0.8095238095238095,0.5151515151515151,0.5178571428571428,0.3396226415094341,0.33333333333333326,0.20000000000000018,0.2702702702702702,0.29850746268656714,0.5593220338983051,0.3265306122448981,0.5,0.38235294117647056,0.564516129032258,0.42372881355932224,0.9655172413793103,0.9821428571428571,0.7674418604651163,0.48571428571428577,0.5178571428571428,0.3396226415094341,0.26315789473684204,0.29824561403508776,0.37037037037037024,0.37037037037037024
2025:01:24:09:46:14,RP09,SM-S908E,2212343,36,-39.50135764997996,38.0,7.0,train,0.4782608695652173,0.0,0.0,0.484375,0.47457627118644075,0.3265306122448981,0.45238095238095233,0.3999999999999999,0.4838709677419355,0.5254237288135595,0.8793103448275862,0.9464285714285714,0.8809523809523809,0.7575757575757578,0.3928571428571428,0.41509433962264164,0.4888888888888887,0.0,0.0,0.462686567164179,0.47457627118644075,0.3265306122448981,0.45238095238095233,0.44117647058823506,0.4838709677419355,0.5084745762711866,0.8793103448275862,0.9464285714285714,0.8604651162790697,0.7142857142857144,0.3928571428571428,0.41509433962264164,0.4385964912280702,0.4736842105263157,0.35185185185185186,0.35185185185185186
2025:01:24:09:40:14,RP09,SM-S908E,2212343,36,-164.74029738025277,38.0,7.0,train,0.4565217391304348,0.34285714285714297,0.0,0.5625,0.4915254237288136,0.30612244897959195,0.23809523809523814,0.0,0.5806451612903225,0.47457627118644075,0.9310344827586207,0.875,0.7380952380952381,0.9090909090909092,0.5535714285714286,0.49056603773584917,0.46666666666666656,0.34285714285714297,0.0,0.5223880597014925,0.4915254237288136,0.30612244897959195,0.26190476190476186,0.0,0.564516129032258,0.47457627118644075,0.9310344827586207,0.875,0.7209302325581395,0.8571428571428572,0.5535714285714286,0.49056603773584917,0.33333333333333326,0.33333333333333326,0.33333333333333326,0.33333333333333326
2025:01:24:09:47:39,RP09,SM-S908E,2212343,36,-39.3604071675888,38.0,7.0,train,0.26086956521739135,0.0,0.0,0.453125,0.47457627118644075,0.2857142857142858,0.3571428571428572,0.0,0.5483870967741935,0.4406779661016951,0.9310344827586207,0.9017857142857142,0.6666666666666665,0.6969696969696968,0.5178571428571428,0.3396226415094341,0.24444444444444424,0.22857142857142865,0.0,0.4179104477611939,0.4576271186440679,0.0,0.3571428571428572,0.0,0.532258064516129,0.4406779661016951,0.9310344827586207,0.9017857142857142,0.6511627906976745,0.657142857142857,0.3571428571428572,0.3396226415094341,0.368421052631579,0.368421052631579,0.3148148148148149,0.33333333333333326
2025:01:24:09:37:52,RP09,SM-S908E,2212343,39,22.52673755113785,38.0,7.0,train,0.30434782608695654,0.0,0.0,0.34375,0.5593220338983051,0.3673469387755104,0.33333333333333326,0.3999999999999999,0.5967741935483871,0.42372881355932224,1.0,0.9821428571428571,0.6428571428571428,0.4545454545454546,0.5178571428571428,0.3396226415094341,0.28888888888888875,0.0,0.0,0.3582089552238805,0.5593220338983051,0.3673469387755104,0.33333333333333326,0.4117647058823528,0.5967741935483871,0.42372881355932224,1.0,0.9821428571428571,0.7906976744186047,0.4285714285714288,0.5178571428571428,0.3396226415094341,0.3157894736842106,0.3157894736842106,0.37037037037037024,0.37037037037037024
2025:01:24:09:44:11,RP09,SM-S908E,2212343,43,-93.28335029849654,38.0,7.0,train,0.4347826086956521,0.34285714285714297,0.2702702702702702,0.484375,0.5254237288135595,0.3673469387755104,0.45238095238095233,0.0,0.5,0.5084745762711866,0.896551724137931,0.8571428571428571,0.7619047619047619,0.7575757575757578,0.4107142857142856,0.39622641509433976,0.4444444444444444,0.34285714285714297,0.24324324324324342,0.462686567164179,0.5254237288135595,0.34693877551020424,0.45238095238095233,0.0,0.4838709677419355,0.5084745762711866,0.8793103448275862,0.8571428571428571,0.7441860465116279,0.7142857142857144,0.4107142857142856,0.39622641509433976,0.4035087719298245,0.4035087719298245,0.3148148148148149,0.3148148148148149
2025:01:24:09:47:04,RP09,SM-S908E,2212343,38,-39.224003105302,38.0,7.0,train,0.28260869565217384,0.37142857142857144,0.0,0.546875,0.42372881355932224,0.34693877551020424,0.30952380952380953,0.20000000000000018,0.564516129032258,0.4915254237288136,0.9482758620689655,0.8571428571428571,0.7619047619047619,0.6969696969696968,0.5178571428571428,0.358490566037736,0.0,0.3999999999999999,0.0,0.5223880597014925,0.42372881355932224,0.34693877551020424,0.33333333333333326,0.20588235294117618,0.5483870967741935,0.4576271186440679,0.9482758620689655,0.8571428571428571,0.7441860465116279,0.657142857142857,0.4285714285714286,0.358490566037736,0.4385964912280702,0.4736842105263157,0.37037037037037024,0.38888888888888884
2025:01:24:09:41:36,RP09,SM-S908E,2212343,39,-160.6560880587997,38.0,7.0,train,0.4565217391304348,0.37142857142857144,0.0,0.59375,0.5084745762711866,0.34693877551020424,0.33333333333333326,0.3999999999999999,0.5806451612903225,0.4915254237288136,0.9310344827586207,0.8928571428571428,0.6904761904761905,0.8787878787878789,0.5714285714285714,0.4528301886792454,0.4444444444444444,0.34285714285714297,0.0,0.5671641791044776,0.5254237288135595,0.34693877551020424,0.33333333333333326,0.4117647058823528,0.5806451612903225,0.5084745762711866,0.9310344827586207,0.8928571428571428,0.6744186046511629,0.8285714285714287,0.5535714285714286,0.4528301886792454,0.3157894736842106,0.3157894736842106,0.35185185185185186,0.35185185185185186
2025:01:24:09:39:27,RP09,SM-S908E,2212343,37,-159.53256365917176,38.0,7.0,train,0.4130434782608696,0.0,0.0,0.546875,0.47457627118644075,0.3265306122448981,0.45238095238095233,0.4285714285714288,0.6129032258064516,0.6101694915254239,0.9482758620689655,0.9107142857142857,0.8571428571428572,0.9696969696969697,0.5535714285714286,0.49056603773584917,0.37777777777777777,0.0,0.21621621621621623,0.5074626865671641,0.4576271186440679,0.3265306122448981,0.45238095238095233,0.44117647058823506,0.6129032258064516,0.6271186440677967,0.9482758620689655,0.9107142857142857,0.8372093023255813,0.9142857142857144,0.5535714285714286,0.509433962264151,0.0,0.0,0.2592592592592593,0.35185185185185186
2025:01:24:09:36:29,RP09,SM-S908E,2212343,29,19.347919575297254,38.0,7.0,train,0.4347826086956521,0.0,0.0,0.46875,0.5084745762711866,0.34693877551020424,0.40476190476190466,0.3142857142857145,0.532258064516129,0.4406779661016951,0.9482758620689655,0.9107142857142857,0.0,0.5151515151515151,0.5357142857142856,0.3773584905660379,0.4444444444444444,0.0,0.0,0.4477611940298507,0.5084745762711866,0.3265306122448981,0.40476190476190466,0.0,0.5161290322580645,0.42372881355932224,0.9482758620689655,0.9107142857142857,0.0,0.48571428571428577,0.5357142857142856,0.3773584905660379,0.0,0.0,0.0,0.0
2025:01:24:09:44:53,RP09,SM-S908E,2212343,32,-93.05747314692213,38.0,7.0,train,0.4565217391304348,0.34285714285714297,0.0,0.609375,0.4406779661016951,0.34693877551020424,0.40476190476190466,0.0,0.5564516129032258,0.576271186440678,0.9310344827586207,0.9107142857142857,0.7380952380952381,0.6363636363636362,0.0,0.39622641509433976,0.4888888888888887,0.37142857142857144,0.0,0.5820895522388059,0.4576271186440679,0.0,0.40476190476190466,0.0,0.5403225806451613,0.576271186440678,0.9310344827586207,0.9107142857142857,0.6976744186046511,0.6000000000000001,0.0,0.39622641509433976,0.4385964912280702,0.0,0.3148148148148149,0.3148148148148149
2025:01:24:09:37:14,RP09,SM-S908E,2212343,28,19.993148547832494,38.0,7.0,train,0.0,0.0,0.0,0.421875,0.576271186440678,0.3673469387755104,0.5,0.0,0.5,0.0,0.9827586206896551,0.9285714285714285,0.6666666666666665,0.6666666666666665,0.5,0.358490566037736,0.0,0.0,0.0,0.4029850746268655,0.576271186440678,0.3673469387755104,0.5,0.0,0.5,0.0,0.9827586206896551,0.9285714285714285,0.6511627906976745,0.6285714285714286,0.5,0.358490566037736,0.0,0.0,0.37037037037037024,0.37037037037037024
2025:01:24:09:49:21,RP09,SM-S908E,2212343,39,-39.53690853525223,38.0,7.0,train,0.42391304347826075,0.28571428571428603,0.0,0.4375,0.38983050847457634,0.2857142857142858,0.4285714285714286,0.1714285714285717,0.5161290322580645,0.4576271186440679,0.9137931034482758,0.7857142857142857,0.6666666666666665,0.7575757575757578,0.4107142857142856,0.358490566037736,0.1777777777777776,0.2571428571428571,0.0,0.4179104477611939,0.38983050847457634,0.2857142857142858,0.4285714285714286,0.23529411764705843,0.5161290322580645,0.4576271186440679,0.9137931034482758,0.7857142857142857,0.6511627906976745,0.7142857142857144,0.4107142857142856,0.358490566037736,0.2807017543859649,0.2807017543859649,0.2962962962962963,0.3148148148148149
2025:01:24:09:42:57,RP09,SM-S908E,2212343,36,-94.44271320820991,38.0,7.0,train,0.4565217391304348,0.0,0.0,0.578125,0.4915254237288136,0.2857142857142858,0.33333333333333326,0.3999999999999999,0.564516129032258,0.5423728813559323,0.9310344827586207,0.8928571428571428,0.5952380952380951,0.8787878787878789,0.5357142857142856,0.4716981132075473,0.46666666666666656,0.0,0.0,0.5522388059701492,0.4915254237288136,0.30612244897959195,0.33333333333333326,0.38235294117647056,0.564516129032258,0.5084745762711866,0.9310344827586207,0.8928571428571428,0.5813953488372092,0.8285714285714287,0.5357142857142856,0.4716981132075473,0.4035087719298245,0.3508771929824561,0.35185185185185186,0.35185185185185186
2025:01:24:09:35:35,RP09,SM-S908E,2212343,31,19.462204028945226,38.0,7.0,validation,0.30434782608695654,0.5428571428571431,0.0,0.421875,0.35593220338983067,0.6734693877551021,0.5714285714285714,0.0,0.29032258064516125,0.3728813559322035,0.5172413793103448,0.5,0.40476190476190466,0.3030303030303032,0.4285714285714286,0.509433962264151,0.3111111111111111,0.5428571428571431,0.0,0.4029850746268655,0.35593220338983067,0.653061224489796,0.5714285714285714,0.0,0.29032258064516125,0.3728813559322035,0.5172413793103448,0.5,0.37209302325581395,0.28571428571428603,0.4285714285714286,0.509433962264151,0.33333333333333326,0.33333333333333326,0.0,0.35185185185185186
2025:01:24:09:48:44,RP09,SM-S908E,2212343,40,-40.10389611015779,38.0,7.0,validation,0.23913043478260865,0.0,0.32432432432432456,0.53125,0.4576271186440679,0.34693877551020424,0.33333333333333326,0.34285714285714297,0.5161290322580645,0.42372881355932224,0.9482758620689655,0.875,0.6904761904761905,0.6666666666666665,0.5,0.3773584905660379,0.2222222222222221,0.0,0.32432432432432456,0.5074626865671641,0.4576271186440679,0.3265306122448981,0.30952380952380953,0.3235294117647056,0.5161290322580645,0.4067796610169492,0.9310344827586207,0.875,0.6744186046511629,0.6285714285714286,0.4821428571428572,0.3773584905660379,0.4385964912280702,0.4385964912280702,0.37037037037037024,0.37037037037037024
2025:01:24:09:40:56,RP09,SM-S908E,2212343,37,-159.35616714278484,38.0,7.0,validation,0.4347826086956521,0.0,0.0,0.59375,0.4915254237288136,0.34693877551020424,0.3571428571428572,0.3999999999999999,0.564516129032258,0.47457627118644075,0.9310344827586207,0.9107142857142857,0.6190476190476191,0.9393939393939394,0.5714285714285714,0.49056603773584917,0.4444444444444444,0.0,0.0,0.5671641791044776,0.4915254237288136,0.34693877551020424,0.3571428571428572,0.4117647058823528,0.564516129032258,0.47457627118644075,0.9310344827586207,0.8928571428571428,0.6046511627906976,0.8857142857142859,0.5535714285714286,0.49056603773584917,0.3859649122807016,0.4035087719298245,0.35185185185185186,0.35185185185185186
2025:01:24:09:45:34,RP09,SM-S908E,2212343,40,-93.81165749265283,38.0,7.0,test,0.5434782608695652,0.34285714285714297,0.0,0.515625,0.4576271186440679,0.2857142857142858,0.5238095238095237,0.3142857142857145,0.4838709677419355,0.4915254237288136,0.8275862068965517,0.9107142857142857,0.8571428571428572,0.6666666666666665,0.4464285714285714,0.358490566037736,0.5111111111111111,0.34285714285714297,0.0,0.4776119402985074,0.4576271186440679,0.2857142857142858,0.5,0.3235294117647056,0.467741935483871,0.4915254237288136,0.8275862068965517,0.9107142857142857,0.8372093023255813,0.6285714285714286,0.4285714285714286,0.3396226415094341,0.4736842105263157,0.49122807017543857,0.38888888888888884,0.38888888888888884
2025:01:24:09:43:32,RP09,SM-S908E,2212343,36,-93.9683156129975,38.0,7.0,test,0.5434782608695652,0.0,0.21621621621621623,0.4375,0.5254237288135595,0.3877551020408163,0.4761904761904763,0.3142857142857145,0.5161290322580645,0.4915254237288136,0.896551724137931,0.8571428571428571,0.7380952380952381,0.7575757575757578,0.4107142857142856,0.358490566037736,0.4444444444444444,0.0,0.21621621621621623,0.4029850746268655,0.5254237288135595,0.40816326530612246,0.4761904761904763,0.3235294117647056,0.5161290322580645,0.4915254237288136,0.896551724137931,0.8571428571428571,0.7209302325581395,0.7142857142857144,0.4107142857142856,0.358490566037736,0.4035087719298245,0.0,0.2777777777777777,0.2777777777777777
2025:01:24:09:42:21,RP09,SM-S908E,2212343,38,-160.54131315327908,38.0,7.0,test,0.4565217391304348,0.34285714285714297,0.0,0.546875,0.4915254237288136,0.34693877551020424,0.30952380952380953,0.37142857142857144,0.564516129032258,0.4915254237288136,0.9137931034482758,0.9107142857142857,0.7619047619047619,0.8484848484848486,0.5714285714285714,0.4339622641509435,0.46666666666666656,0.34285714285714297,0.0,0.5223880597014925,0.47457627118644075,0.3265306122448981,0.30952380952380953,0.38235294117647056,0.564516129032258,0.4915254237288136,0.9137931034482758,0.9107142857142857,0.7441860465116279,0.8,0.5714285714285714,0.4339622641509435,0.3508771929824561,0.3508771929824561,0.3148148148148149,0.33333333333333326
2025:01:21:13:22:09,RP10,SM-S908E,2212343,34,-36.46543764007617,-15.0,18.0,train,0.6086956521739131,0.7714285714285716,0.0,0.625,0.5254237288135595,0.5510204081632655,0.5238095238095237,0.0,0.5967741935483871,0.4576271186440679,0.6206896551724137,0.6071428571428572,0.6428571428571428,0.4242424242424243,0.5714285714285714,0.41509433962264164,0.6222222222222222,0.7428571428571429,0.0,0.5970149253731343,0.5084745762711866,0.5510204081632655,0.5238095238095237,0.0,0.5967741935483871,0.4576271186440679,0.6206896551724137,0.6071428571428572,0.627906976744186,0.48571428571428577,0.5714285714285714,0.4339622641509435,0.5087719298245614,0.5087719298245614,0.4444444444444444,0.4444444444444444
2025:01:21:13:22:44,RP10,SM-S908E,2212343,35,-37.04891207553661,-15.0,18.0,train,0.6521739130434783,0.7428571428571429,0.0,0.640625,0.5423728813559323,0.5510204081632655,0.5,0.37142857142857144,0.564516129032258,0.5593220338983051,0.603448275862069,0.5535714285714286,0.6428571428571428,0.5151515151515151,0.6071428571428572,0.4339622641509435,0.6666666666666665,0.7428571428571429,0.0,0.6119402985074626,0.5423728813559323,0.5510204081632655,0.5,0.0,0.564516129032258,0.5593220338983051,0.603448275862069,0.5535714285714286,0.6046511627906976,0.48571428571428577,0.6071428571428572,0.4339622641509435,0.5087719298245614,0.5087719298245614,0.4259259259259258,0.4259259259259258
2025:01:21:13:18:45,RP10,SM-S908E,2212343,36,-92.9375588099792,-15.0,18.0,train,0.5869565217391304,0.6857142857142859,0.3783783783783785,0.671875,0.5423728813559323,0.5306122448979593,0.45238095238095233,0.0,0.6129032258064516,0.593220338983051,0.6724137931034483,0.6785714285714286,0.45238095238095233,0.5151515151515151,0.6607142857142856,0.5660377358490567,0.6222222222222222,0.6857142857142859,0.3783783783783785,0.6417910447761194,0.5423728813559323,0.5306122448979593,0.45238095238095233,0.0,0.6129032258064516,0.593220338983051,0.6724137931034483,0.6785714285714286,0.4186046511627908,0.5142857142857142,0.6607142857142856,0.5660377358490567,0.45614035087719307,0.4385964912280702,0.4259259259259258,0.4259259259259258
2025:01:21:13:19:59,RP10,SM-S908E,2212343,33,-36.4376749701131,-15.0,18.0,train,0.6521739130434783,0.7142857142857144,0.0,0.6875,0.5254237288135595,0.6326530612244898,0.45238095238095233,0.0,0.564516129032258,0.576271186440678,0.7241379310344828,0.6785714285714286,0.5476190476190477,0.0,0.6607142857142856,0.5471698113207548,0.6444444444444444,0.6857142857142859,0.3513513513513513,0.6567164179104477,0.5254237288135595,0.6326530612244898,0.45238095238095233,0.0,0.564516129032258,0.576271186440678,0.7241379310344828,0.6785714285714286,0.5348837209302326,0.0,0.6428571428571428,0.5471698113207548,0.4385964912280702,0.4385964912280702,0.40740740740740744,0.40740740740740744
2025:01:21:13:24:53,RP10,SM-S908E,2212343,36,47.33891321972093,-15.0,18.0,train,0.6956521739130435,0.5142857142857142,0.5135135135135136,0.671875,0.576271186440678,0.44897959183673475,0.45238095238095233,0.0,0.5,0.4406779661016951,0.5517241379310345,0.4285714285714286,0.30952380952380953,0.48484848484848486,0.5357142857142856,0.509433962264151,0.711111111111111,0.5142857142857142,0.5135135135135136,0.6417910447761194,0.576271186440678,0.4693877551020409,0.45238095238095233,0.0,0.5,0.4406779661016951,0.5517241379310345,0.4285714285714286,0.2558139534883721,0.4285714285714288,0.5357142857142856,0.509433962264151,0.3859649122807016,0.3859649122807016,0.40740740740740744,0.40740740740740744
2025:01:21:13:24:00,RP10,SM-S908E,2212343,34,47.433239261533316,-15.0,18.0,train,0.5434782608695652,0.5142857142857142,0.40540540540540526,0.59375,0.5254237288135595,0.3877551020408163,0.2857142857142856,0.0,0.5,0.4576271186440679,0.5172413793103448,0.5357142857142856,0.4285714285714286,0.39393939393939403,0.0,0.5660377358490567,0.5555555555555554,0.5428571428571431,0.0,0.5671641791044776,0.5254237288135595,0.40816326530612246,0.30952380952380953,0.0,0.5,0.4576271186440679,0.5172413793103448,0.5178571428571428,0.4186046511627908,0.37142857142857144,0.5714285714285714,0.5660377358490567,0.4385964912280702,0.4385964912280702,0.41666666666666674,0.40740740740740744
2025:01:21:13:29:36,RP10,SM-S908E,2212343,35,-165.24828749099373,-15.0,18.0,train,0.5869565217391304,0.8285714285714287,0.3513513513513513,0.609375,0.5593220338983051,0.48979591836734704,0.4285714285714286,0.0,0.564516129032258,0.6101694915254239,0.4137931034482758,0.5178571428571428,0.5952380952380951,0.0,0.5357142857142856,0.6226415094339623,0.5999999999999999,0.8285714285714287,0.3513513513513513,0.5820895522388059,0.5593220338983051,0.4693877551020409,0.4285714285714286,0.0,0.5483870967741935,0.6271186440677967,0.4137931034482758,0.5178571428571428,0.5813953488372092,0.5428571428571431,0.5714285714285714,0.6226415094339623,0.45614035087719307,0.45614035087719307,0.38888888888888884,0.38888888888888884
2025:01:21:13:23:20,RP10,SM-S908E,2212343,36,44.04011730862214,-15.0,18.0,train,0.6739130434782608,0.7714285714285716,0.45945945945945965,0.625,0.5423728813559323,0.5918367346938775,0.5,0.4285714285714288,0.6290322580645161,0.6101694915254239,0.6724137931034483,0.625,0.7619047619047619,0.606060606060606,0.6964285714285714,0.4339622641509435,0.6888888888888889,0.7714285714285716,0.0,0.5970149253731343,0.5423728813559323,0.5918367346938775,0.5,0.44117647058823506,0.6129032258064516,0.6271186440677967,0.6724137931034483,0.625,0.7441860465116279,0.5428571428571431,0.5892857142857142,0.4339622641509435,0.4649122807017543,0.4649122807017543,0.40740740740740744,0.40740740740740744
2025:01:21:13:27:20,RP10,SM-S908E,2212343,36,-164.226640716918,-15.0,18.0,train,0.6521739130434783,0.37142857142857144,0.4864864864864864,0.640625,0.576271186440678,0.3673469387755104,0.38095238095238093,0.1428571428571428,0.4516129032258065,0.0,0.3793103448275863,0.4285714285714286,0.45238095238095233,0.36363636363636376,0.5892857142857142,0.4339622641509435,0.6666666666666665,0.3999999999999999,0.45945945945945965,0.6119402985074626,0.576271186440678,0.3673469387755104,0.3571428571428572,0.0,0.4516129032258065,0.3728813559322035,0.3793103448275863,0.4285714285714286,0.4186046511627908,0.34285714285714297,0.5892857142857142,0.4716981132075473,0.49122807017543857,0.49122807017543857,0.41666666666666674,0.37037037037037024
2025:01:21:13:20:34,RP10,SM-S908E,2212343,35,-36.088554596806034,-15.0,18.0,train,0.6956521739130435,0.657142857142857,0.0,0.59375,0.4915254237288136,0.5714285714285714,0.5714285714285714,0.34285714285714297,0.5967741935483871,0.5084745762711866,0.7068965517241379,0.6071428571428572,0.6666666666666665,0.39393939393939403,0.6071428571428572,0.41509433962264164,0.6888888888888889,0.657142857142857,0.0,0.5671641791044776,0.4915254237288136,0.5714285714285714,0.5714285714285714,0.0,0.5967741935483871,0.5084745762711866,0.6896551724137931,0.6071428571428572,0.6511627906976745,0.37142857142857144,0.6071428571428572,0.41509433962264164,0.4736842105263157,0.4736842105263157,0.40740740740740744,0.40740740740740744
2025:01:21:13:30:12,RP10,SM-S908E,2212343,38,-165.00174375174893,-15.0,18.0,train,0.5434782608695652,0.8571428571428572,0.3513513513513513,0.625,0.5423728813559323,0.5306122448979593,0.4761904761904763,0.0,0.467741935483871,0.576271186440678,0.48275862068965525,0.4107142857142856,0.45238095238095233,0.3030303030303032,0.5535714285714286,0.5849056603773586,0.5555555555555554,0.8571428571428572,0.3783783783783785,0.5970149253731343,0.6101694915254239,0.5306122448979593,0.4761904761904763,0.0,0.4516129032258065,0.576271186440678,0.48275862068965525,0.4107142857142856,0.44186046511627897,0.28571428571428603,0.5714285714285714,0.5849056603773586,0.45614035087719307,0.45614035087719307,0.41666666666666674,0.462962962962963
2025:01:21:13:26:27,RP10,SM-S908E,2212343,36,48.32933952353997,-15.0,18.0,train,0.6304347826086956,0.3999999999999999,0.4864864864864864,0.625,0.5254237288135595,0.4285714285714286,0.33333333333333326,0.0,0.5483870967741935,0.47457627118644075,0.5344827586206897,0.5892857142857142,0.5,0.5151515151515151,0.5892857142857142,0.4528301886792454,0.6888888888888889,0.3999999999999999,0.45945945945945965,0.5820895522388059,0.5254237288135595,0.40816326530612246,0.33333333333333326,0.0,0.5483870967741935,0.47457627118644075,0.5344827586206897,0.5892857142857142,0.4186046511627908,0.3999999999999999,0.5892857142857142,0.4528301886792454,0.49122807017543857,0.49122807017543857,0.40740740740740744,0.40740740740740744
2025:01:21:13:25:30,RP10,SM-S908E,2212343,33,43.72227412839347,-15.0,18.0,train,0.6304347826086956,0.5428571428571431,0.45945945945945965,0.625,0.0,0.4693877551020409,0.38095238095238093,0.0,0.5483870967741935,0.4406779661016951,0.4655172413793103,0.4821428571428572,0.5238095238095237,0.4242424242424243,0.6071428571428572,0.5283018867924529,0.6444444444444444,0.5428571428571431,0.45945945945945965,0.5970149253731343,0.0,0.4693877551020409,0.38095238095238093,0.0,0.5483870967741935,0.4406779661016951,0.4655172413793103,0.4821428571428572,0.0,0.37142857142857144,0.6071428571428572,0.5283018867924529,0.4736842105263157,0.4736842105263157,0.4259259259259258,0.40740740740740744
2025:01:21:13:28:59,RP10,SM-S908E,2212343,36,-164.83191906127215,-15.0,18.0,train,0.5652173913043479,0.8571428571428572,0.32432432432432456,0.609375,0.5593220338983051,0.4693877551020409,0.5,0.0,0.5967741935483871,0.6101694915254239,0.5172413793103448,0.5178571428571428,0.6428571428571428,0.5757575757575757,0.5714285714285714,0.5849056603773586,0.5555555555555554,0.8571428571428572,0.32432432432432456,0.5970149253731343,0.5593220338983051,0.48979591836734704,0.5,0.0,0.5967741935483871,0.6101694915254239,0.5172413793103448,0.5357142857142856,0.627906976744186,0.5714285714285716,0.5535714285714286,0.5849056603773586,0.45614035087719307,0.45614035087719307,0.4259259259259258,0.4444444444444444
2025:01:21:13:27:54,RP10,SM-S908E,2212343,37,-165.03894590138677,-15.0,18.0,validation,0.5652173913043479,0.8571428571428572,0.2702702702702702,0.65625,0.593220338983051,0.5102040816326532,0.45238095238095233,0.0,0.4838709677419355,0.47457627118644075,0.5344827586206897,0.4107142857142856,0.4285714285714286,0.4545454545454546,0.5714285714285714,0.5660377358490567,0.5999999999999999,0.8571428571428572,0.24324324324324342,0.626865671641791,0.593220338983051,0.5102040816326532,0.45238095238095233,0.0,0.4838709677419355,0.47457627118644075,0.5344827586206897,0.4107142857142856,0.44186046511627897,0.4285714285714288,0.5714285714285714,0.5660377358490567,0.45614035087719307,0.45614035087719307,0.462962962962963,0.462962962962963
2025:01:21:13:16:36,RP10,SM-S908E,2212343,39,-93.02742151056752,-15.0,18.0,validation,0.4782608695652173,0.8285714285714287,0.5135135135135136,0.703125,0.6101694915254239,0.6122448979591837,0.3571428571428572,0.3142857142857145,0.6612903225806451,0.6610169491525425,0.9137931034482758,0.7321428571428571,0.6190476190476191,0.6666666666666665,0.625,0.5849056603773586,0.5111111111111111,0.8285714285714287,0.0,0.6716417910447761,0.6101694915254239,0.6122448979591837,0.3571428571428572,0.0,0.6451612903225806,0.6610169491525425,0.896551724137931,0.7321428571428571,0.5813953488372092,0.657142857142857,0.625,0.6037735849056605,0.5614035087719298,0.5438596491228069,0.4814814814814814,0.4814814814814814
2025:01:21:13:17:50,RP10,SM-S908E,2212343,28,-93.50243217062072,-15.0,18.0,validation,0.6304347826086956,0.6285714285714286,0.3513513513513513,0.6875,0.5254237288135595,0.6122448979591837,0.4285714285714286,0.20000000000000018,0.532258064516129,0.0,0.7241379310344828,0.6428571428571428,0.40476190476190466,0.0,0.6964285714285714,0.5471698113207548,0.0,0.6285714285714286,0.0,0.6417910447761194,0.5084745762711866,0.6122448979591837,0.4285714285714286,0.20588235294117618,0.532258064516129,0.0,0.7241379310344828,0.6428571428571428,0.39534883720930236,0.0,0.6785714285714286,0.5660377358490567,0.0,0.0,0.4259259259259258,0.4259259259259258
2025:01:21:13:19:20,RP10,SM-S908E,2212343,33,-93.06150676979985,-15.0,18.0,test,0.6521739130434783,0.657142857142857,0.0,0.65625,0.4915254237288136,0.5918367346938775,0.45238095238095233,0.0,0.5806451612903225,0.593220338983051,0.7068965517241379,0.6428571428571428,0.5238095238095237,0.4242424242424243,0.625,0.5660377358490567,0.6666666666666665,0.657142857142857,0.40540540540540526,0.626865671641791,0.4915254237288136,0.5714285714285714,0.45238095238095233,0.0,0.564516129032258,0.593220338983051,0.7068965517241379,0.6428571428571428,0.5116279069767442,0.3999999999999999,0.625,0.5660377358490567,0.0,0.0,0.4444444444444444,0.4444444444444444
2025:01:21:13:21:22,RP10,SM-S908E,2212343,31,-37.43761810290927,-15.0,18.0,test,0.6956521739130435,0.6857142857142859,0.0,0.640625,0.5254237288135595,0.5510204081632655,0.5,0.22857142857142865,0.5967741935483871,0.5593220338983051,0.6724137931034483,0.7142857142857142,0.6904761904761905,0.0,0.6071428571428572,0.39622641509433976,0.711111111111111,0.6857142857142859,0.0,0.6119402985074626,0.5254237288135595,0.5510204081632655,0.5,0.0,0.5967741935483871,0.5593220338983051,0.6724137931034483,0.7142857142857142,0.6744186046511629,0.0,0.6071428571428572,0.39622641509433976,0.45614035087719307,0.4736842105263157,0.40740740740740744,0.40740740740740744
2025:01:21:13:17:12,RP10,SM-S908E,2212343,35,-92.35695775786134,-15.0,18.0,test,0.5869565217391304,0.657142857142857,0.3513513513513513,0.640625,0.5423728813559323,0.5714285714285714,0.45238095238095233,0.0,0.5483870967741935,0.593220338983051,0.7241379310344828,0.6785714285714286,0.5952380952380951,0.4545454545454546,0.6964285714285714,0.5471698113207548,0.5999999999999999,0.657142857142857,0.3783783783783785,0.6119402985074626,0.5423728813559323,0.5714285714285714,0.45238095238095233,0.0,0.5483870967741935,0.593220338983051,0.7241379310344828,0.6607142857142856,0.627906976744186,0.4285714285714288,0.6964285714285714,0.5471698113207548,0.4736842105263157,0.0,0.40740740740740744,0.4259259259259258
2025:01:21:13:46:16,RP11,SM-S908E,2212343,38,-166.73319356074452,0.0,18.0,train,0.36956521739130443,0.5714285714285716,0.0,0.578125,0.593220338983051,0.48979591836734704,0.5952380952380951,0.4285714285714288,0.5967741935483871,0.5593220338983051,0.6206896551724137,0.6428571428571428,0.5,0.6666666666666665,0.6785714285714286,0.6037735849056605,0.37777777777777777,0.5714285714285716,0.0,0.5522388059701492,0.593220338983051,0.48979591836734704,0.5952380952380951,0.4117647058823528,0.5967741935483871,0.5593220338983051,0.6206896551724137,0.6428571428571428,0.4883720930232558,0.657142857142857,0.6607142857142856,0.6037735849056605,0.6140350877192982,0.6140350877192982,0.4259259259259258,0.4259259259259258
2025:01:21:13:42:28,RP11,SM-S908E,2212343,34,43.44359662416656,0.0,18.0,train,0.5434782608695652,0.4285714285714288,0.0,0.53125,0.5423728813559323,0.7346938775510206,0.5,0.4571428571428573,0.564516129032258,0.576271186440678,0.6896551724137931,0.8035714285714285,0.5,0.0,0.5535714285714286,0.7358490566037736,0.5333333333333332,0.4285714285714288,0.0,0.5074626865671641,0.5423728813559323,0.7346938775510206,0.5,0.4705882352941173,0.564516129032258,0.5593220338983051,0.6896551724137931,0.8035714285714285,0.4883720930232558,0.0,0.5357142857142856,0.7358490566037736,0.42105263157894735,0.42105263157894735,0.6111111111111112,0.6111111111111112
2025:01:21:13:31:49,RP11,SM-S908E,2212343,37,-96.93595624245555,0.0,18.0,train,0.5,0.6285714285714286,0.5675675675675675,0.59375,0.4915254237288136,0.7551020408163265,0.5714285714285714,0.657142857142857,0.6129032258064516,0.6610169491525425,0.7931034482758621,0.7857142857142857,0.5714285714285714,0.6969696969696968,0.6607142857142856,0.7924528301886793,0.5111111111111111,0.6285714285714286,0.0,0.5671641791044776,0.4915254237288136,0.7551020408163265,0.5714285714285714,0.3235294117647056,0.6129032258064516,0.6610169491525425,0.7931034482758621,0.7857142857142857,0.558139534883721,0.657142857142857,0.6428571428571428,0.7924528301886793,0.5614035087719298,0.5614035087719298,0.537037037037037,0.537037037037037
2025:01:21:13:33:37,RP11,SM-S908E,2212343,36,-96.46401663618424,0.0,18.0,train,0.5,0.7142857142857144,0.0,0.59375,0.576271186440678,0.7551020408163265,0.5714285714285714,0.34285714285714297,0.6774193548387096,0.6271186440677967,0.7413793103448276,0.7678571428571428,0.5952380952380951,0.7272727272727275,0.7321428571428571,0.7547169811320755,0.5111111111111111,0.7142857142857144,0.0,0.5671641791044776,0.5593220338983051,0.7551020408163265,0.5714285714285714,0.4117647058823528,0.6774193548387096,0.6271186440677967,0.7413793103448276,0.7678571428571428,0.5813953488372092,0.6857142857142859,0.7142857142857142,0.7735849056603774,0.5964912280701755,0.5964912280701755,0.537037037037037,0.537037037037037
2025:01:21:13:38:35,RP11,SM-S908E,2212343,35,-35.96071625355645,0.0,18.0,train,0.4782608695652173,0.48571428571428577,0.43243243243243246,0.59375,0.4406779661016951,0.6122448979591837,0.5476190476190477,0.4285714285714288,0.5483870967741935,0.7118644067796611,0.7413793103448276,0.625,0.45238095238095233,0.7272727272727275,0.6428571428571428,0.5471698113207548,0.5111111111111111,0.48571428571428577,0.0,0.5671641791044776,0.4406779661016951,0.6122448979591837,0.5238095238095237,0.44117647058823506,0.5483870967741935,0.7118644067796611,0.7413793103448276,0.625,0.44186046511627897,0.7142857142857144,0.0,0.5471698113207548,0.6140350877192982,0.631578947368421,0.4259259259259258,0.4259259259259258
2025:01:21:13:40:52,RP11,SM-S908E,2212343,35,43.18314376148717,0.0,18.0,train,0.5434782608695652,0.5142857142857142,0.0,0.65625,0.6271186440677967,0.7755102040816326,0.5,0.5142857142857142,0.5967741935483871,0.576271186440678,0.7241379310344828,0.8392857142857142,0.5,0.5757575757575757,0.6071428571428572,0.6603773584905661,0.5999999999999999,0.5142857142857142,0.5945945945945947,0.6119402985074626,0.6271186440677967,0.7755102040816326,0.5,0.5588235294117645,0.5967741935483871,0.576271186440678,0.7241379310344828,0.8392857142857142,0.4651162790697674,0.5428571428571431,0.6071428571428572,0.6603773584905661,0.4385964912280702,0.42105263157894735,0.574074074074074,0.574074074074074
2025:01:21:13:45:32,RP11,SM-S908E,2212343,39,-166.89736888736132,0.0,18.0,train,0.326086956521739,0.657142857142857,0.0,0.5625,0.6271186440677967,0.4693877551020409,0.4761904761904763,0.3999999999999999,0.5806451612903225,0.4915254237288136,0.603448275862069,0.6071428571428572,0.4285714285714286,0.6666666666666665,0.6428571428571428,0.6415094339622642,0.33333333333333326,0.6285714285714286,0.0,0.5373134328358208,0.6271186440677967,0.44897959183673475,0.4761904761904763,0.4117647058823528,0.5806451612903225,0.4915254237288136,0.603448275862069,0.6071428571428572,0.39534883720930236,0.6285714285714286,0.6428571428571428,0.6415094339622642,0.5789473684210527,0.5964912280701755,0.4444444444444444,0.4444444444444444
2025:01:21:13:35:26,RP11,SM-S908E,2212343,33,-35.667562397677756,0.0,18.0,train,0.4782608695652173,0.48571428571428577,0.0,0.625,0.47457627118644075,0.5510204081632655,0.5476190476190477,0.0,0.6451612903225806,0.728813559322034,0.7413793103448276,0.6607142857142856,0.5,0.7272727272727275,0.7142857142857142,0.5283018867924529,0.4888888888888887,0.48571428571428577,0.0,0.5970149253731343,0.4576271186440679,0.5714285714285714,0.5476190476190477,0.0,0.6451612903225806,0.728813559322034,0.7586206896551724,0.6607142857142856,0.44186046511627897,0.6857142857142859,0.7142857142857142,0.5283018867924529,0.5789473684210527,0.5789473684210527,0.37037037037037024,0.37037037037037024
2025:01:21:13:37:52,RP11,SM-S908E,2212343,33,-36.189120149007394,0.0,18.0,train,0.4347826086956521,0.48571428571428577,0.0,0.578125,0.3728813559322035,0.6122448979591837,0.5476190476190477,0.3999999999999999,0.6290322580645161,0.6949152542372883,0.7413793103448276,0.6428571428571428,0.45238095238095233,0.6969696969696968,0.7142857142857142,0.4716981132075473,0.4444444444444444,0.48571428571428577,0.0,0.5522388059701492,0.3728813559322035,0.6326530612244898,0.5476190476190477,0.38235294117647056,0.6129032258064516,0.6949152542372883,0.7413793103448276,0.6428571428571428,0.0,0.657142857142857,0.7142857142857142,0.5283018867924529,0.5263157894736841,0.5263157894736841,0.38888888888888884,0.38888888888888884
2025:01:21:13:43:24,RP11,SM-S908E,2212343,36,-168.49530234135756,0.0,18.0,train,0.5869565217391304,0.4285714285714288,0.43243243243243246,0.59375,0.5423728813559323,0.7142857142857144,0.5238095238095237,0.48571428571428577,0.564516129032258,0.5254237288135595,0.7068965517241379,0.7857142857142857,0.5,0.6666666666666665,0.5178571428571428,0.7735849056603774,0.5777777777777777,0.3999999999999999,0.43243243243243246,0.5522388059701492,0.5423728813559323,0.7142857142857144,0.5238095238095237,0.49999999999999956,0.532258064516129,0.5254237288135595,0.7068965517241379,0.7857142857142857,0.4883720930232558,0.6285714285714286,0.5178571428571428,0.7735849056603774,0.42105263157894735,0.42105263157894735,0.537037037037037,0.5555555555555556
2025:01:21:13:44:44,RP11,SM-S908E,2212343,38,-166.63769868503007,0.0,18.0,train,0.4347826086956521,0.6857142857142859,0.0,0.609375,0.593220338983051,0.6326530612244898,0.5714285714285714,0.5142857142857142,0.6290322580645161,0.7457627118644069,0.7068965517241379,0.6964285714285714,0.6666666666666665,0.8484848484848486,0.625,0.6226415094339623,0.4444444444444444,0.6857142857142859,0.0,0.5820895522388059,0.593220338983051,0.6326530612244898,0.5714285714285714,0.5294117647058822,0.6290322580645161,0.7796610169491527,0.7068965517241379,0.6964285714285714,0.6511627906976745,0.657142857142857,0.625,0.6226415094339623,0.6140350877192982,0.6140350877192982,0.4444444444444444,0.4444444444444444
2025:01:21:13:32:24,RP11,SM-S908E,2212343,36,-94.84673439744641,0.0,18.0,train,0.5217391304347827,0.657142857142857,0.5135135135135136,0.578125,0.4576271186440679,0.7346938775510206,0.5714285714285714,0.37142857142857144,0.6129032258064516,0.6610169491525425,0.6724137931034483,0.7678571428571428,0.6190476190476191,0.6969696969696968,0.75,0.7924528301886793,0.5333333333333332,0.657142857142857,0.5135135135135136,0.5522388059701492,0.4576271186440679,0.7346938775510206,0.5714285714285714,0.4705882352941173,0.6129032258064516,0.6610169491525425,0.6724137931034483,0.7678571428571428,0.6046511627906976,0.657142857142857,0.75,0.7924528301886793,0.5964912280701755,0.5789473684210527,0.5185185185185186,0.5185185185185186
2025:01:21:13:41:41,RP11,SM-S908E,2212343,37,41.56508000831679,0.0,18.0,train,0.5652173913043479,0.5428571428571431,0.0,0.625,0.576271186440678,0.7551020408163265,0.4761904761904763,0.5142857142857142,0.5806451612903225,0.5593220338983051,0.7241379310344828,0.7678571428571428,0.4285714285714286,0.5454545454545454,0.6607142857142856,0.679245283018868,0.0,0.5428571428571431,0.5405405405405403,0.5970149253731343,0.5593220338983051,0.7346938775510206,0.4761904761904763,0.49999999999999956,0.5806451612903225,0.5593220338983051,0.7413793103448276,0.7678571428571428,0.4186046511627908,0.5428571428571431,0.6428571428571428,0.679245283018868,0.45614035087719307,0.45614035087719307,0.537037037037037,0.5555555555555556
2025:01:21:13:30:59,RP11,SM-S908E,2212343,33,-96.93640314953575,0.0,18.0,train,0.5652173913043479,0.8571428571428572,0.0,0.65625,0.593220338983051,0.4285714285714286,0.45238095238095233,0.0,0.564516129032258,0.5254237288135595,0.7155172413793104,0.7321428571428571,0.4285714285714286,0.0,0.5178571428571428,0.5471698113207548,0.5777777777777777,0.8571428571428572,0.0,0.626865671641791,0.593220338983051,0.5306122448979593,0.4761904761904763,0.0,0.564516129032258,0.5254237288135595,0.7155172413793104,0.7321428571428571,0.4186046511627908,0.657142857142857,0.6071428571428572,0.5849056603773586,0.5614035087719298,0.5614035087719298,0.38888888888888884,0.37037037037037024
2025:01:21:13:33:00,RP11,SM-S908E,2212343,32,-95.44343556360745,0.0,18.0,validation,0.5217391304347827,0.657142857142857,0.0,0.625,0.4915254237288136,0.7142857142857144,0.5476190476190477,0.37142857142857144,0.6129032258064516,0.576271186440678,0.7241379310344828,0.7857142857142857,0.0,0.7272727272727275,0.6964285714285714,0.6603773584905661,0.5333333333333332,0.657142857142857,0.0,0.5970149253731343,0.47457627118644075,0.6938775510204083,0.5476190476190477,0.44117647058823506,0.6129032258064516,0.593220338983051,0.7241379310344828,0.7857142857142857,0.0,0.6857142857142859,0.6964285714285714,0.6603773584905661,0.5789473684210527,0.5789473684210527,0.5185185185185186,0.5185185185185186
2025:01:21:13:40:02,RP11,SM-S908E,2212343,33,42.86336455686876,0.0,18.0,validation,0.5652173913043479,0.48571428571428577,0.0,0.5625,0.5423728813559323,0.7346938775510206,0.45238095238095233,0.48571428571428577,0.5967741935483871,0.5593220338983051,0.7241379310344828,0.7857142857142857,0.45238095238095233,0.6666666666666665,0.5535714285714286,0.6226415094339623,0.5555555555555554,0.48571428571428577,0.0,0.5373134328358208,0.5423728813559323,0.7346938775510206,0.45238095238095233,0.49999999999999956,0.5967741935483871,0.5593220338983051,0.7241379310344828,0.7857142857142857,0.0,0.6285714285714286,0.5357142857142856,0.6226415094339623,0.4736842105263157,0.4736842105263157,0.5,0.5
2025:01:21:13:34:33,RP11,SM-S908E,2212343,37,-37.15919671081678,0.0,18.0,validation,0.5,0.4571428571428573,0.0,0.578125,0.42372881355932224,0.5510204081632655,0.5476190476190477,0.4285714285714288,0.5967741935483871,0.7118644067796611,0.7241379310344828,0.6964285714285714,0.45238095238095233,0.7575757575757578,0.75,0.5849056603773586,0.5111111111111111,0.4571428571428573,0.5135135135135136,0.5373134328358208,0.42372881355932224,0.5510204081632655,0.5476190476190477,0.49999999999999956,0.5967741935483871,0.7118644067796611,0.7241379310344828,0.6964285714285714,0.44186046511627897,0.7142857142857144,0.75,0.5849056603773586,0.6491228070175439,0.6491228070175439,0.5555555555555556,0.5555555555555556
2025:01:21:13:39:18,RP11,SM-S908E,2212343,34,45.335274080570485,0.0,18.0,test,0.4565217391304348,0.48571428571428577,0.0,0.625,0.4406779661016951,0.5714285714285714,0.5476190476190477,0.48571428571428577,0.6129032258064516,0.7118644067796611,0.7586206896551724,0.7321428571428571,0.5238095238095237,0.6666666666666665,0.6428571428571428,0.4716981132075473,0.4888888888888887,0.48571428571428577,0.0,0.5970149253731343,0.4406779661016951,0.5714285714285714,0.5476190476190477,0.49999999999999956,0.5967741935483871,0.7118644067796611,0.7586206896551724,0.7321428571428571,0.5116279069767442,0.6285714285714286,0.6428571428571428,0.4716981132075473,0.5263157894736841,0.5438596491228069,0.38888888888888884,0.37037037037037024
2025:01:21:13:36:22,RP11,SM-S908E,2212343,33,-35.582027820273865,0.0,18.0,test,0.5,0.48571428571428577,0.0,0.65625,0.4406779661016951,0.6122448979591837,0.5238095238095237,0.5428571428571431,0.6451612903225806,0.7118644067796611,0.7413793103448276,0.625,0.5,0.7272727272727275,0.7321428571428571,0.5849056603773586,0.0,0.48571428571428577,0.0,0.626865671641791,0.42372881355932224,0.5918367346938775,0.5238095238095237,0.5294117647058822,0.6451612903225806,0.7118644067796611,0.7413793103448276,0.625,0.4883720930232558,0.6857142857142859,0.7321428571428571,0.5849056603773586,0.5964912280701755,0.5964912280701755,0.462962962962963,0.462962962962963
2025:01:21:13:44:00,RP11,SM-S908E,2212343,33,-167.3699100993175,0.0,18.0,test,0.4347826086956521,0.6000000000000001,0.3783783783783785,0.53125,0.576271186440678,0.5510204081632655,0.4761904761904763,0.4571428571428573,0.6129032258064516,0.6610169491525425,0.6379310344827587,0.7857142857142857,0.45238095238095233,0.6969696969696968,0.6607142857142856,0.6981132075471699,0.42222222222222205,0.6000000000000001,0.0,0.5074626865671641,0.576271186440678,0.5306122448979593,0.4761904761904763,0.4117647058823528,0.5967741935483871,0.6610169491525425,0.6206896551724137,0.7857142857142857,0.44186046511627897,0.6857142857142859,0.6607142857142856,0.6981132075471699,0.0,0.0,0.5,0.5
2025:01:21:12:31:31,RP12,SM-S908E,2212343,32,-96.21558213621552,-26.0,22.0,train,0.7391304347826086,0.657142857142857,0.7567567567567568,0.0,0.6271186440677967,0.5714285714285714,0.5714285714285714,0.22857142857142865,0.27419354838709675,0.33898305084745783,0.5689655172413792,0.4642857142857142,0.8095238095238095,0.5151515151515151,0.875,0.7924528301886793,0.7777777777777777,0.657142857142857,0.0,0.0,0.6271186440677967,0.5510204081632655,0.5714285714285714,0.17647058823529393,0.25806451612903225,0.3220338983050848,0.5517241379310345,0.4642857142857142,0.7906976744186047,0.48571428571428577,0.875,0.7924528301886793,0.0,0.0,0.5555555555555556,0.5555555555555556
2025:01:21:12:36:42,RP12,SM-S908E,2212343,40,-40.20294160532867,-26.0,22.0,train,0.6956521739130435,0.7142857142857144,0.6216216216216217,0.609375,0.6440677966101696,0.5306122448979593,0.5238095238095237,0.0,0.25806451612903225,0.2881355932203391,0.5172413793103448,0.4821428571428572,0.8095238095238095,0.36363636363636376,0.9107142857142857,0.7924528301886793,0.711111111111111,0.7142857142857144,0.5945945945945947,0.5820895522388059,0.6440677966101696,0.5306122448979593,0.5238095238095237,0.20588235294117618,0.25806451612903225,0.2881355932203391,0.5,0.4821428571428572,0.7906976744186047,0.0,0.9107142857142857,0.7924528301886793,0.5438596491228069,0.5438596491228069,0.6296296296296295,0.6296296296296295
2025:01:21:12:45:19,RP12,SM-S908E,2212343,34,-160.55847323924326,-26.0,22.0,train,0.4347826086956521,0.6857142857142859,0.45945945945945965,0.53125,0.6271186440677967,0.5510204081632655,0.5238095238095237,0.0,0.25806451612903225,0.27118644067796627,0.4137931034482758,0.4107142857142856,0.7857142857142856,0.0,0.9107142857142857,0.7547169811320755,0.4444444444444444,0.6857142857142859,0.43243243243243246,0.5074626865671641,0.6271186440677967,0.5306122448979593,0.5238095238095237,0.0,0.25806451612903225,0.30508474576271194,0.4137931034482758,0.4107142857142856,0.0,0.4285714285714288,0.9107142857142857,0.7735849056603774,0.6491228070175439,0.6666666666666665,0.5925925925925926,0.5925925925925926
2025:01:21:12:36:07,RP12,SM-S908E,2212343,39,-41.07839017656763,-26.0,22.0,train,0.6304347826086956,0.6857142857142859,0.6216216216216217,0.59375,0.6101694915254239,0.5102040816326532,0.5476190476190477,0.20000000000000018,0.19354838709677424,0.2881355932203391,0.5,0.4107142857142856,0.8095238095238095,0.36363636363636376,0.9107142857142857,0.7735849056603774,0.6666666666666665,0.6857142857142859,0.7567567567567568,0.5671641791044776,0.6101694915254239,0.48979591836734704,0.5476190476190477,0.23529411764705843,0.19354838709677424,0.30508474576271194,0.5,0.4107142857142856,0.7674418604651163,0.34285714285714297,0.9107142857142857,0.7735849056603774,0.6140350877192982,0.6140350877192982,0.6111111111111112,0.6111111111111112
2025:01:21:12:35:16,RP12,SM-S908E,2212343,36,-41.068211008379336,-26.0,22.0,train,0.6739130434782608,0.7142857142857144,0.6486486486486487,0.59375,0.6271186440677967,0.5306122448979593,0.6190476190476191,0.0,0.29032258064516125,0.27118644067796627,0.5344827586206897,0.4285714285714286,0.8571428571428572,0.3333333333333335,0.9464285714285714,0.8113207547169812,0.711111111111111,0.7142857142857144,0.6486486486486487,0.5671641791044776,0.6271186440677967,0.5306122448979593,0.6190476190476191,0.0,0.29032258064516125,0.27118644067796627,0.5344827586206897,0.4285714285714286,0.8139534883720929,0.34285714285714297,0.9464285714285714,0.8113207547169812,0.6491228070175439,0.6491228070175439,0.537037037037037,0.537037037037037
2025:01:21:12:39:20,RP12,SM-S908E,2212343,35,33.14346558616434,-26.0,22.0,train,0.6521739130434783,0.7714285714285716,0.45945945945945965,0.59375,0.593220338983051,0.48979591836734704,0.4761904761904763,0.0,0.25806451612903225,0.25423728813559343,0.4482758620689655,0.4464285714285714,0.7857142857142856,0.3030303030303032,0.9107142857142857,0.7358490566037736,0.6444444444444444,0.7714285714285716,0.45945945945945965,0.5671641791044776,0.576271186440678,0.48979591836734704,0.4761904761904763,0.0,0.25806451612903225,0.23728813559322037,0.4310344827586208,0.4464285714285714,0.7558139534883721,0.0,0.9107142857142857,0.7358490566037736,0.5614035087719298,0.5614035087719298,0.7222222222222221,0.7222222222222221
2025:01:21:12:39:05,RP12,SM-S908E,2212343,39,30.840230253686755,-26.0,22.0,train,0.6521739130434783,0.7714285714285716,0.6756756756756757,0.609375,0.6186440677966103,0.5714285714285714,0.5714285714285714,0.20000000000000018,0.29032258064516125,0.2881355932203391,0.5172413793103448,0.4285714285714286,0.8333333333333333,0.39393939393939403,0.9464285714285714,0.7735849056603774,0.6666666666666665,0.7714285714285716,0.6756756756756757,0.5820895522388059,0.6186440677966103,0.5714285714285714,0.5714285714285714,0.38235294117647056,0.29032258064516125,0.2881355932203391,0.5172413793103448,0.4285714285714286,0.7906976744186047,0.37142857142857144,0.9285714285714285,0.8113207547169812,0.6491228070175439,0.6491228070175439,0.5185185185185186,0.5185185185185186
2025:01:21:12:30:22,RP12,SM-S908E,2212343,40,-95.66839598270967,-26.0,22.0,train,0.7608695652173914,0.7142857142857144,0.7567567567567568,0.625,0.6610169491525425,0.5714285714285714,0.5238095238095237,0.3999999999999999,0.32258064516129026,0.30508474576271194,0.5689655172413792,0.5,0.7857142857142856,0.5151515151515151,0.8928571428571428,0.7924528301886793,0.7555555555555555,0.7142857142857144,0.7567567567567568,0.5970149253731343,0.6610169491525425,0.5714285714285714,0.5238095238095237,0.35294117647058787,0.30645161290322576,0.3220338983050848,0.5,0.5,0.7441860465116279,0.48571428571428577,0.8928571428571428,0.7924528301886793,0.6842105263157894,0.7017543859649122,0.6481481481481481,0.6481481481481481
2025:01:21:12:37:53,RP12,SM-S908E,2212343,38,-40.514250774861665,-26.0,22.0,train,0.6739130434782608,0.7142857142857144,0.6756756756756757,0.59375,0.6101694915254239,0.5102040816326532,0.5476190476190477,0.20000000000000018,0.24193548387096775,0.0,0.5517241379310345,0.4464285714285714,0.7857142857142856,0.3030303030303032,0.9107142857142857,0.7924528301886793,0.6888888888888889,0.7142857142857144,0.6756756756756757,0.5671641791044776,0.6101694915254239,0.5306122448979593,0.5476190476190477,0.2647058823529411,0.24193548387096775,0.0,0.5517241379310345,0.4464285714285714,0.7441860465116279,0.28571428571428603,0.9107142857142857,0.7924528301886793,0.5964912280701755,0.5964912280701755,0.6111111111111112,0.6296296296296295
2025:01:21:12:33:53,RP12,SM-S908E,2212343,38,-95.59329267492393,-26.0,22.0,train,0.7608695652173914,0.7142857142857144,0.7027027027027026,0.609375,0.6186440677966103,0.5714285714285714,0.5952380952380951,0.3142857142857145,0.25806451612903225,0.33898305084745783,0.5,0.4821428571428572,0.7619047619047619,0.48484848484848486,0.8928571428571428,0.7924528301886793,0.8888888888888888,0.7142857142857144,0.7027027027027026,0.5820895522388059,0.6186440677966103,0.5714285714285714,0.5952380952380951,0.2647058823529411,0.25806451612903225,0.3220338983050848,0.5344827586206897,0.4821428571428572,0.7906976744186047,0.4571428571428573,0.8928571428571428,0.7924528301886793,0.6842105263157894,0.6842105263157894,0.5555555555555556,0.5555555555555556
2025:01:21:12:37:17,RP12,SM-S908E,2212343,40,-40.78978044896213,-26.0,22.0,train,0.6304347826086956,0.657142857142857,0.5945945945945947,0.609375,0.6101694915254239,0.5510204081632655,0.5476190476190477,0.20000000000000018,0.22580645161290325,0.25423728813559343,0.5,0.3928571428571428,0.8095238095238095,0.3333333333333335,0.9285714285714285,0.7735849056603774,0.6444444444444444,0.657142857142857,0.5945945945945947,0.5820895522388059,0.6101694915254239,0.5510204081632655,0.5476190476190477,0.2647058823529411,0.22580645161290325,0.25423728813559343,0.48275862068965525,0.3928571428571428,0.7906976744186047,0.3142857142857145,0.9107142857142857,0.7924528301886793,0.5438596491228069,0.5438596491228069,0.6111111111111112,0.6111111111111112
2025:01:21:12:43:50,RP12,SM-S908E,2212343,37,-157.18676558392508,-26.0,22.0,train,0.5434782608695652,0.6285714285714286,0.5675675675675675,0.578125,0.6101694915254239,0.5510204081632655,0.5,0.0,0.24193548387096775,0.25423728813559343,0.39655172413793105,0.4285714285714286,0.7857142857142856,0.39393939393939403,0.9107142857142857,0.7547169811320755,0.5555555555555554,0.6285714285714286,0.5675675675675675,0.5522388059701492,0.6101694915254239,0.5306122448979593,0.5,0.0,0.25806451612903225,0.25423728813559343,0.4310344827586208,0.4285714285714286,0.7558139534883721,0.37142857142857144,0.9107142857142857,0.7547169811320755,0.6491228070175439,0.6491228070175439,0.5555555555555556,0.5555555555555556
2025:01:21:12:39:54,RP12,SM-S908E,2212343,33,30.27369760727053,-26.0,22.0,train,0.0,0.7000000000000002,0.45945945945945965,0.59375,0.6186440677966103,0.5306122448979593,0.5238095238095237,0.0,0.25806451612903225,0.2881355932203391,0.5862068965517242,0.4107142857142856,0.7142857142857142,0.5454545454545454,0.9285714285714285,0.7924528301886793,0.5999999999999999,0.7000000000000002,0.45945945945945965,0.5671641791044776,0.6186440677966103,0.5306122448979593,0.5238095238095237,0.0,0.25806451612903225,0.30508474576271194,0.5862068965517242,0.4107142857142856,0.6976744186046511,0.5142857142857142,0.9285714285714285,0.7924528301886793,0.5263157894736841,0.5263157894736841,0.6111111111111112,0.6111111111111112
2025:01:21:12:40:31,RP12,SM-S908E,2212343,35,33.408905473492545,-26.0,22.0,train,0.5652173913043479,0.7000000000000002,0.45945945945945965,0.5625,0.6186440677966103,0.5306122448979593,0.5,0.0,0.25806451612903225,0.35593220338983067,0.603448275862069,0.3928571428571428,0.6904761904761905,0.5151515151515151,0.9464285714285714,0.7924528301886793,0.5777777777777777,0.7000000000000002,0.45945945945945965,0.5373134328358208,0.6186440677966103,0.5306122448979593,0.5,0.0,0.25806451612903225,0.3220338983050848,0.603448275862069,0.3928571428571428,0.6744186046511629,0.48571428571428577,0.9464285714285714,0.7924528301886793,0.5263157894736841,0.5263157894736841,0.5925925925925926,0.5925925925925926
2025:01:21:12:44:36,RP12,SM-S908E,2212343,31,-156.0211803525566,-26.0,22.0,validation,0.5,0.6857142857142859,0.0,0.546875,0.5593220338983051,0.5510204081632655,0.45238095238095233,0.0,0.32258064516129026,0.23728813559322037,0.4482758620689655,0.3928571428571428,0.40476190476190466,0.0,0.6964285714285714,0.7547169811320755,0.5111111111111111,0.6857142857142859,0.0,0.5223880597014925,0.5593220338983051,0.5510204081632655,0.45238095238095233,0.0,0.0,0.23728813559322037,0.4482758620689655,0.3928571428571428,0.39534883720930236,0.3999999999999999,0.6964285714285714,0.7547169811320755,0.6491228070175439,0.6491228070175439,0.574074074074074,0.574074074074074
2025:01:21:12:33:10,RP12,SM-S908E,2212343,38,-96.72592710349444,-26.0,22.0,validation,0.7173913043478262,0.7714285714285716,0.7567567567567568,0.625,0.7118644067796611,0.5510204081632655,0.6190476190476191,0.0,0.32258064516129026,0.3220338983050848,0.5,0.4821428571428572,0.7380952380952381,0.4545454545454546,0.8392857142857142,0.7358490566037736,0.7333333333333332,0.7714285714285716,0.7567567567567568,0.5970149253731343,0.7118644067796611,0.5510204081632655,0.6190476190476191,0.0,0.30645161290322576,0.33898305084745783,0.5,0.4821428571428572,0.7209302325581395,0.4285714285714288,0.8392857142857142,0.7358490566037736,0.7017543859649122,0.7017543859649122,0.574074074074074,0.574074074074074
2025:01:21:12:41:44,RP12,SM-S908E,2212343,34,-159.53910683719215,-26.0,22.0,validation,0.4565217391304348,0.5714285714285716,0.43243243243243246,0.53125,0.593220338983051,0.5306122448979593,0.45238095238095233,0.0,0.30645161290322576,0.27118644067796627,0.4310344827586208,0.4107142857142856,0.4761904761904763,0.39393939393939403,0.75,0.7735849056603774,0.4444444444444444,0.5714285714285716,0.45945945945945965,0.5074626865671641,0.593220338983051,0.5102040816326532,0.4285714285714286,0.0,0.30645161290322576,0.2881355932203391,0.4310344827586208,0.4107142857142856,0.4651162790697674,0.37142857142857144,0.75,0.7735849056603774,0.6491228070175439,0.6491228070175439,0.6111111111111112,0.6296296296296295
2025:01:21:12:42:32,RP12,SM-S908E,2212343,34,-159.38773711729652,-26.0,22.0,test,0.5,0.6000000000000001,0.43243243243243246,0.546875,0.6101694915254239,0.5306122448979593,0.5238095238095237,0.0,0.30645161290322576,0.2881355932203391,0.4655172413793103,0.3928571428571428,0.4285714285714286,0.39393939393939403,0.7321428571428571,0.7735849056603774,0.5111111111111111,0.6000000000000001,0.43243243243243246,0.5223880597014925,0.593220338983051,0.5102040816326532,0.5238095238095237,0.0,0.30645161290322576,0.2881355932203391,0.4655172413793103,0.3928571428571428,0.44186046511627897,0.37142857142857144,0.7321428571428571,0.7735849056603774,0.6666666666666665,0.6666666666666665,0.574074074074074,0.5925925925925926
2025:01:21:12:41:09,RP12,SM-S908E,2212343,35,29.4660471319294,-26.0,22.0,test,0.7608695652173914,0.5142857142857142,0.4864864864864864,0.578125,0.6101694915254239,0.48979591836734704,0.4285714285714286,0.22857142857142865,0.32258064516129026,0.23728813559322037,0.4137931034482758,0.2857142857142858,0.4761904761904763,0.0,0.7857142857142857,0.5849056603773586,0.7555555555555555,0.5142857142857142,0.45945945945945965,0.5373134328358208,0.6101694915254239,0.48979591836734704,0.45238095238095233,0.2647058823529411,0.32258064516129026,0.22033898305084754,0.5344827586206897,0.2857142857142858,0.4651162790697674,0.0,0.7857142857142857,0.5849056603773586,0.49122807017543857,0.49122807017543857,0.5925925925925926,0.5925925925925926
2025:01:21:12:32:21,RP12,SM-S908E,2212343,38,-95.8923193482027,-26.0,22.0,test,0.7608695652173914,0.8,0.7567567567567568,0.59375,0.6610169491525425,0.6122448979591837,0.5,0.0,0.33870967741935476,0.3220338983050848,0.5172413793103448,0.5,0.7857142857142856,0.5151515151515151,0.8571428571428571,0.8679245283018868,0.7777777777777777,0.8,0.7567567567567568,0.5671641791044776,0.6610169491525425,0.5918367346938775,0.5238095238095237,0.0,0.33870967741935476,0.3220338983050848,0.5172413793103448,0.5,0.7674418604651163,0.48571428571428577,0.8571428571428571,0.8679245283018868,0.7017543859649122,0.7017543859649122,0.5555555555555556,0.574074074074074
2025:01:21:12:20:00,RP13,SM-S908E,2212343,41,125.55700292629483,-13.0,22.0,train,0.6956521739130435,0.6000000000000001,0.8648648648648649,0.703125,0.593220338983051,0.5306122448979593,0.40476190476190466,0.28571428571428603,0.4838709677419355,0.4576271186440679,0.6724137931034483,0.6428571428571428,0.6190476190476191,0.606060606060606,0.8928571428571428,0.8490566037735849,0.711111111111111,0.6000000000000001,0.8648648648648649,0.6716417910447761,0.593220338983051,0.5306122448979593,0.40476190476190466,0.2941176470588234,0.4838709677419355,0.4576271186440679,0.6724137931034483,0.6428571428571428,0.6046511627906976,0.5714285714285716,0.8928571428571428,0.8301886792452831,0.7368421052631579,0.7368421052631579,0.6203703703703702,0.5
2025:01:21:12:13:39,RP13,SM-S908E,2212343,40,-132.39884665655669,-13.0,22.0,train,0.6739130434782608,0.7142857142857144,0.6756756756756757,0.6875,0.5593220338983051,0.4693877551020409,0.5238095238095237,0.20000000000000018,0.5161290322580645,0.35593220338983067,0.6206896551724137,0.5714285714285714,0.5714285714285714,0.5757575757575757,0.9464285714285714,0.9056603773584906,0.6888888888888889,0.7142857142857144,0.6486486486486487,0.6567164179104477,0.5593220338983051,0.4693877551020409,0.5238095238095237,0.17647058823529393,0.5161290322580645,0.35593220338983067,0.6206896551724137,0.5714285714285714,0.558139534883721,0.5428571428571431,0.9464285714285714,0.9056603773584906,0.6666666666666665,0.6666666666666665,0.6111111111111112,0.6111111111111112
2025:01:21:12:16:50,RP13,SM-S908E,2212343,39,-75.67221476926755,-13.0,22.0,train,0.7608695652173914,0.7714285714285716,0.810810810810811,0.6875,0.6949152542372883,0.48979591836734704,0.4285714285714286,0.37142857142857144,0.4838709677419355,0.38983050847457634,0.7068965517241379,0.5892857142857142,0.5238095238095237,0.5606060606060606,0.9107142857142857,0.7547169811320755,0.7777777777777777,0.7714285714285716,0.810810810810811,0.6567164179104477,0.6949152542372883,0.48979591836734704,0.4285714285714286,0.44117647058823506,0.4838709677419355,0.3728813559322035,0.7068965517241379,0.5892857142857142,0.5116279069767442,0.3999999999999999,0.8928571428571428,0.7547169811320755,0.6666666666666665,0.6842105263157894,0.5185185185185186,0.5185185185185186
2025:01:21:12:24:31,RP13,SM-S908E,2212343,35,178.33760572358256,-13.0,22.0,train,0.5652173913043479,0.7142857142857144,0.7297297297297298,0.671875,0.6610169491525425,0.44897959183673475,0.5476190476190477,0.0,0.4838709677419355,0.3220338983050848,0.603448275862069,0.6071428571428572,0.5952380952380951,0.5606060606060606,0.9107142857142857,0.8867924528301887,0.5555555555555554,0.7142857142857144,0.7027027027027026,0.626865671641791,0.6440677966101696,0.44897959183673475,0.5476190476190477,0.0,0.37096774193548376,0.3220338983050848,0.603448275862069,0.6071428571428572,0.4186046511627908,0.0,0.8928571428571428,0.8867924528301887,0.6666666666666665,0.6666666666666665,0.6296296296296295,0.6296296296296295
2025:01:21:12:21:42,RP13,SM-S908E,2212343,37,126.66893638972726,-13.0,22.0,train,0.7391304347826086,0.7142857142857144,0.8918918918918919,0.6875,0.6101694915254239,0.5918367346938775,0.5476190476190477,0.0,0.435483870967742,0.4406779661016951,0.7068965517241379,0.6071428571428572,0.5952380952380951,0.5454545454545454,0.7857142857142857,0.6981132075471699,0.7555555555555555,0.7142857142857144,0.8918918918918919,0.6417910447761194,0.6101694915254239,0.5714285714285714,0.5476190476190477,0.0,0.435483870967742,0.4406779661016951,0.6896551724137931,0.6071428571428572,0.558139534883721,0.5142857142857142,0.7857142857142857,0.6981132075471699,0.6666666666666665,0.6666666666666665,0.6481481481481481,0.6481481481481481
2025:01:21:12:22:58,RP13,SM-S908E,2212343,34,127.47944248671934,-13.0,22.0,train,0.4782608695652173,0.7142857142857144,0.0,0.53125,0.5084745762711866,0.4693877551020409,0.5714285714285714,0.2571428571428571,0.467741935483871,0.4576271186440679,0.6551724137931034,0.6607142857142856,0.38095238095238093,0.5757575757575757,0.8392857142857142,0.7924528301886793,0.4888888888888887,0.7142857142857144,0.0,0.5074626865671641,0.4915254237288136,0.4693877551020409,0.5714285714285714,0.0,0.467741935483871,0.4576271186440679,0.6551724137931034,0.6607142857142856,0.34883720930232553,0.5142857142857142,0.8392857142857142,0.7924528301886793,0.6666666666666665,0.6666666666666665,0.6111111111111112,0.6111111111111112
2025:01:21:12:15:19,RP13,SM-S908E,2212343,39,-75.93771768195323,-13.0,22.0,train,0.7391304347826086,0.7428571428571429,0.7567567567567568,0.65625,0.593220338983051,0.5102040816326532,0.5476190476190477,0.0,0.5,0.4067796610169492,0.6206896551724137,0.5714285714285714,0.5238095238095237,0.5757575757575757,0.8928571428571428,0.9056603773584906,0.7555555555555555,0.7428571428571429,0.7567567567567568,0.626865671641791,0.576271186440678,0.5102040816326532,0.5476190476190477,0.0,0.5,0.38983050847457634,0.6206896551724137,0.5535714285714286,0.5116279069767442,0.5428571428571431,0.8928571428571428,0.9056603773584906,0.7017543859649122,0.7017543859649122,0.6481481481481481,0.6481481481481481
2025:01:21:12:17:32,RP13,SM-S908E,2212343,40,-75.25807514536905,-13.0,22.0,train,0.7608695652173914,0.7714285714285716,0.8378378378378379,0.625,0.6779661016949153,0.5510204081632655,0.4285714285714286,0.37142857142857144,0.4838709677419355,0.38983050847457634,0.6896551724137931,0.4821428571428572,0.4761904761904763,0.5606060606060606,0.9642857142857142,0.7358490566037736,0.7555555555555555,0.7714285714285716,0.7837837837837838,0.626865671641791,0.6779661016949153,0.5510204081632655,0.4285714285714286,0.5882352941176467,0.4838709677419355,0.4406779661016951,0.7068965517241379,0.4821428571428572,0.4651162790697674,0.4571428571428573,0.9642857142857142,0.7169811320754718,0.6666666666666665,0.7368421052631579,0.537037037037037,0.537037037037037
2025:01:21:12:28:35,RP13,SM-S908E,2212343,36,-168.56535216139028,-13.0,22.0,train,0.5869565217391304,0.6857142857142859,0.6216216216216217,0.640625,0.6440677966101696,0.5510204081632655,0.5714285714285714,0.0,0.403225806451613,0.3220338983050848,0.5344827586206897,0.5982142857142856,0.5952380952380951,0.5606060606060606,0.9285714285714285,0.8679245283018868,0.6444444444444444,0.6857142857142859,0.6216216216216217,0.6119402985074626,0.6440677966101696,0.5510204081632655,0.5714285714285714,0.0,0.403225806451613,0.3220338983050848,0.5172413793103448,0.4107142857142856,0.558139534883721,0.5142857142857142,0.9285714285714285,0.8867924528301887,0.7017543859649122,0.7017543859649122,0.6296296296296295,0.6481481481481481
2025:01:21:12:09:43,RP13,SM-S908E,2212343,45,-134.38759462261166,-13.0,22.0,train,0.7391304347826086,0.7428571428571429,0.810810810810811,0.703125,0.6779661016949153,0.5510204081632655,0.6428571428571428,0.3142857142857145,0.4838709677419355,0.3728813559322035,0.5172413793103448,0.5982142857142856,0.5238095238095237,0.5757575757575757,0.9107142857142857,0.8867924528301887,0.7555555555555555,0.7428571428571429,0.810810810810811,0.6716417910447761,0.6779661016949153,0.5306122448979593,0.6428571428571428,0.2941176470588234,0.4516129032258065,0.42372881355932224,0.5,0.5982142857142856,0.4883720930232558,0.5428571428571431,0.9107142857142857,0.9056603773584906,0.6491228070175439,0.6491228070175439,0.5925925925925926,0.5925925925925926
2025:01:21:12:22:20,RP13,SM-S908E,2212343,40,125.87281153339299,-13.0,22.0,train,0.5,0.7142857142857144,0.5675675675675675,0.609375,0.4915254237288136,0.3877551020408163,0.5,0.28571428571428603,0.4838709677419355,0.4576271186440679,0.7241379310344828,0.6785714285714286,0.5,0.5454545454545454,0.8214285714285714,0.7735849056603774,0.5111111111111111,0.7142857142857144,0.5675675675675675,0.5671641791044776,0.4915254237288136,0.3877551020408163,0.5,0.2647058823529411,0.4838709677419355,0.4576271186440679,0.7241379310344828,0.6785714285714286,0.4883720930232558,0.5142857142857142,0.8035714285714285,0.8113207547169812,0.6140350877192982,0.6140350877192982,0.6296296296296295,0.6296296296296295
2025:01:21:12:10:55,RP13,SM-S908E,2212343,41,-134.08344570664443,-13.0,22.0,train,0.7173913043478262,0.7142857142857144,0.7027027027027026,0.703125,0.576271186440678,0.48979591836734704,0.5238095238095237,0.3142857142857145,0.5161290322580645,0.38983050847457634,0.6379310344827587,0.6071428571428572,0.5714285714285714,0.5606060606060606,0.8214285714285714,0.9622641509433963,0.711111111111111,0.7142857142857144,0.6756756756756757,0.6567164179104477,0.576271186440678,0.48979591836734704,0.5238095238095237,0.0,0.5483870967741935,0.38983050847457634,0.6379310344827587,0.6071428571428572,0.5348837209302326,0.4571428571428573,0.8392857142857142,0.9622641509433963,0.6842105263157894,0.6842105263157894,0.6481481481481481,0.6481481481481481
2025:01:21:12:14:24,RP13,SM-S908E,2212343,41,-135.305856892134,-13.0,22.0,train,0.6739130434782608,0.7142857142857144,0.7297297297297298,0.625,0.593220338983051,0.5102040816326532,0.5714285714285714,0.11428571428571432,0.5161290322580645,0.42372881355932224,0.5689655172413792,0.5714285714285714,0.5476190476190477,0.5757575757575757,0.9464285714285714,0.9245283018867926,0.6888888888888889,0.7142857142857144,0.7297297297297298,0.5970149253731343,0.593220338983051,0.5102040816326532,0.5714285714285714,0.0,0.5161290322580645,0.38983050847457634,0.5689655172413792,0.5535714285714286,0.5348837209302326,0.5428571428571431,0.9464285714285714,0.9245283018867926,0.7192982456140351,0.7192982456140351,0.6111111111111112,0.6111111111111112
2025:01:21:12:23:39,RP13,SM-S908E,2212343,35,178.6899633084321,-13.0,22.0,train,0.5217391304347827,0.7142857142857144,0.7027027027027026,0.625,0.4406779661016951,0.4693877551020409,0.5238095238095237,0.0,0.532258064516129,0.4406779661016951,0.7241379310344828,0.6607142857142856,0.4285714285714286,0.5757575757575757,0.8392857142857142,0.7924528301886793,0.5555555555555554,0.7142857142857144,0.7027027027027026,0.5970149253731343,0.4406779661016951,0.4693877551020409,0.5238095238095237,0.0,0.5161290322580645,0.4406779661016951,0.7241379310344828,0.6607142857142856,0.37209302325581395,0.5428571428571431,0.8214285714285714,0.7924528301886793,0.6491228070175439,0.6491228070175439,0.6481481481481481,0.6481481481481481
2025:01:21:12:25:08,RP13,SM-S908E,2212343,36,-168.37453429729987,-13.0,22.0,validation,0.6086956521739131,0.657142857142857,0.7567567567567568,0.734375,0.6949152542372883,0.5510204081632655,0.5714285714285714,0.0,0.4838709677419355,0.30508474576271194,0.4310344827586208,0.375,0.5714285714285714,0.3030303030303032,0.9464285714285714,0.8679245283018868,0.6222222222222222,0.657142857142857,0.7567567567567568,0.7014925373134328,0.6949152542372883,0.5306122448979593,0.5476190476190477,0.0,0.4838709677419355,0.2881355932203391,0.4310344827586208,0.3928571428571428,0.558139534883721,0.28571428571428603,0.9642857142857142,0.8679245283018868,0.7192982456140351,0.7192982456140351,0.6296296296296295,0.6296296296296295
2025:01:21:12:11:52,RP13,SM-S908E,2212343,43,-134.8515185493291,-13.0,22.0,validation,0.6739130434782608,0.7142857142857144,0.7567567567567568,0.703125,0.593220338983051,0.48979591836734704,0.5476190476190477,0.28571428571428603,0.532258064516129,0.3728813559322035,0.603448275862069,0.6071428571428572,0.5238095238095237,0.5151515151515151,0.9107142857142857,0.9056603773584906,0.6888888888888889,0.7142857142857144,0.7567567567567568,0.6567164179104477,0.576271186440678,0.48979591836734704,0.5476190476190477,0.20588235294117618,0.5161290322580645,0.38983050847457634,0.5862068965517242,0.5892857142857142,0.5116279069767442,0.48571428571428577,0.9107142857142857,0.9056603773584906,0.6842105263157894,0.6842105263157894,0.6296296296296295,0.6481481481481481
2025:01:21:12:16:08,RP13,SM-S908E,2212343,39,-76.78258405791928,-13.0,22.0,validation,0.7391304347826086,0.8285714285714287,0.7297297297297298,0.640625,0.6949152542372883,0.5510204081632655,0.4285714285714286,0.4285714285714288,0.5,0.4067796610169492,0.7068965517241379,0.6071428571428572,0.5,0.4545454545454546,0.9642857142857142,0.7358490566037736,0.8888888888888888,0.8285714285714287,0.7297297297297298,0.6119402985074626,0.6949152542372883,0.5510204081632655,0.4285714285714286,0.44117647058823506,0.5,0.42372881355932224,0.7068965517241379,0.6071428571428572,0.4883720930232558,0.4285714285714288,0.9464285714285714,0.7358490566037736,0.7192982456140351,0.7192982456140351,0.5555555555555556,0.537037037037037
2025:01:21:12:27:36,RP13,SM-S908E,2212343,36,-168.37468326632663,-13.0,22.0,test,0.7391304347826086,0.8857142857142859,0.7567567567567568,0.6875,0.728813559322034,0.5918367346938775,0.5238095238095237,0.0,0.467741935483871,0.33898305084745783,0.4655172413793103,0.4642857142857142,0.5952380952380951,0.4242424242424243,0.9464285714285714,0.9622641509433963,0.7555555555555555,0.8857142857142859,0.7567567567567568,0.6567164179104477,0.728813559322034,0.5918367346938775,0.5238095238095237,0.0,0.467741935483871,0.3728813559322035,0.48275862068965525,0.4642857142857142,0.558139534883721,0.3999999999999999,0.9285714285714285,0.9811320754716982,0.7192982456140351,0.7192982456140351,0.7407407407407407,0.7592592592592593
2025:01:21:12:21:06,RP13,SM-S908E,2212343,41,124.71264075318848,-13.0,22.0,test,0.6956521739130435,0.6000000000000001,0.8648648648648649,0.671875,0.593220338983051,0.5714285714285714,0.5476190476190477,0.11428571428571432,0.5161290322580645,0.42372881355932224,0.6724137931034483,0.6607142857142856,0.5476190476190477,0.5151515151515151,0.7678571428571428,0.679245283018868,0.711111111111111,0.6000000000000001,0.8648648648648649,0.6417910447761194,0.593220338983051,0.5714285714285714,0.5476190476190477,0.117647058823529,0.5161290322580645,0.42372881355932224,0.6724137931034483,0.6607142857142856,0.5348837209302326,0.48571428571428577,0.7678571428571428,0.679245283018868,0.7017543859649122,0.7017543859649122,0.5925925925925926,0.5925925925925926
2025:01:21:12:18:07,RP13,SM-S908E,2212343,35,-75.4271148836665,-13.0,22.0,test,0.8043478260869565,0.7428571428571429,0.8378378378378379,0.578125,0.7118644067796611,0.0,0.4285714285714286,0.28571428571428603,0.4516129032258065,0.4576271186440679,0.6724137931034483,0.6607142857142856,0.5476190476190477,0.4545454545454546,0.9285714285714285,0.7547169811320755,0.8222222222222222,0.7428571428571429,0.810810810810811,0.5522388059701492,0.7118644067796611,0.0,0.40476190476190466,0.0,0.4516129032258065,0.4406779661016951,0.6724137931034483,0.6607142857142856,0.5348837209302326,0.4285714285714288,0.9107142857142857,0.7547169811320755,0.7368421052631579,0.7368421052631579,0.5555555555555556,0.5555555555555556
2025:01:24:10:05:24,RP14,SM-S908E,2212343,35,23.996201262394283,13.0,22.0,train,0.28260869565217384,0.37142857142857144,0.32432432432432456,0.40625,0.5254237288135595,0.4693877551020409,0.7619047619047619,0.4571428571428573,0.4838709677419355,0.5254237288135595,0.8275862068965517,0.9107142857142857,0.5476190476190477,0.606060606060606,0.5892857142857142,0.5283018867924529,0.0,0.37142857142857144,0.3513513513513513,0.3880597014925373,0.5254237288135595,0.4693877551020409,0.7619047619047619,0.44117647058823506,0.4838709677419355,0.5254237288135595,0.8275862068965517,0.9107142857142857,0.5348837209302326,0.5714285714285716,0.6071428571428572,0.5283018867924529,0.0,0.0,0.38888888888888884,0.40740740740740744
2025:01:24:10:12:49,RP14,SM-S908E,2212343,39,-93.09885788846442,13.0,22.0,train,0.0,0.3999999999999999,0.24324324324324342,0.484375,0.4406779661016951,0.5714285714285714,0.6666666666666665,0.5142857142857142,0.4516129032258065,0.4067796610169492,0.7758620689655172,0.9464285714285714,0.4285714285714286,0.48484848484848486,0.5892857142857142,0.5471698113207548,0.0,0.4285714285714288,0.21621621621621623,0.462686567164179,0.4406779661016951,0.5510204081632655,0.6666666666666665,0.5588235294117645,0.4516129032258065,0.4067796610169492,0.7758620689655172,0.9642857142857142,0.4186046511627908,0.4571428571428573,0.5892857142857142,0.5471698113207548,0.3859649122807016,0.3859649122807016,0.37037037037037024,0.37037037037037024
2025:01:24:10:07:42,RP14,SM-S908E,2212343,40,19.83232502431722,13.0,22.0,train,0.4782608695652173,0.3142857142857145,0.29729729729729737,0.46875,0.4915254237288136,0.4285714285714286,0.8333333333333333,0.7142857142857144,0.6774193548387096,0.5084745762711866,0.8275862068965517,0.8928571428571428,0.5952380952380951,0.7575757575757578,0.6071428571428572,0.5283018867924529,0.4888888888888887,0.3142857142857145,0.29729729729729737,0.4477611940298507,0.4915254237288136,0.4285714285714286,0.8333333333333333,0.6470588235294117,0.6774193548387096,0.5084745762711866,0.8275862068965517,0.875,0.5813953488372092,0.7142857142857144,0.6071428571428572,0.5283018867924529,0.5087719298245614,0.5087719298245614,0.37037037037037024,0.37037037037037024
2025:01:24:10:14:10,RP14,SM-S908E,2212343,34,-92.65653447062343,13.0,22.0,train,0.30434782608695654,0.3142857142857145,0.24324324324324342,0.5,0.4915254237288136,0.6122448979591837,0.7619047619047619,0.6000000000000001,0.5806451612903225,0.5084745762711866,0.8275862068965517,0.8928571428571428,0.5714285714285714,0.0,0.6607142857142856,0.6037735849056605,0.3111111111111111,0.3142857142857145,0.0,0.462686567164179,0.4915254237288136,0.6122448979591837,0.7619047619047619,0.617647058823529,0.5806451612903225,0.5084745762711866,0.8275862068965517,0.8928571428571428,0.558139534883721,0.0,0.6428571428571428,0.6037735849056605,0.45614035087719307,0.45614035087719307,0.0,0.0
2025:01:24:10:15:29,RP14,SM-S908E,2212343,36,-91.68088474834082,13.0,22.0,train,0.34782608695652173,0.3142857142857145,0.0,0.5,0.5254237288135595,0.5510204081632655,0.8333333333333333,0.4285714285714288,0.6612903225806451,0.4406779661016951,0.8448275862068966,0.9464285714285714,0.4285714285714286,0.5757575757575757,0.6071428571428572,0.6226415094339623,0.3555555555555554,0.3142857142857145,0.0,0.4776119402985074,0.5254237288135595,0.5510204081632655,0.8333333333333333,0.44117647058823506,0.6612903225806451,0.4406779661016951,0.8448275862068966,0.9464285714285714,0.4186046511627908,0.5428571428571431,0.6071428571428572,0.6226415094339623,0.45614035087719307,0.45614035087719307,0.38888888888888884,0.38888888888888884
2025:01:24:10:12:11,RP14,SM-S908E,2212343,39,-164.80903512693465,13.0,22.0,train,0.326086956521739,0.3999999999999999,0.3513513513513513,0.453125,0.4067796610169492,0.5918367346938775,0.6666666666666665,0.5714285714285716,0.5806451612903225,0.47457627118644075,0.8448275862068966,0.9642857142857142,0.5476190476190477,0.8484848484848486,0.5892857142857142,0.49056603773584917,0.3555555555555554,0.3999999999999999,0.3513513513513513,0.4328358208955223,0.4067796610169492,0.5918367346938775,0.6666666666666665,0.617647058823529,0.5806451612903225,0.47457627118644075,0.8448275862068966,0.9642857142857142,0.5348837209302326,0.8,0.5892857142857142,0.49056603773584917,0.4736842105263157,0.4736842105263157,0.3148148148148149,0.3148148148148149
2025:01:24:10:14:53,RP14,SM-S908E,2212343,37,-92.56977720128472,13.0,22.0,train,0.34782608695652173,0.0,0.29729729729729737,0.5,0.5254237288135595,0.5102040816326532,0.8095238095238095,0.3142857142857145,0.6290322580645161,0.4576271186440679,0.8275862068965517,0.9285714285714285,0.45238095238095233,0.5757575757575757,0.6428571428571428,0.5849056603773586,0.3555555555555554,0.3142857142857145,0.21621621621621623,0.4776119402985074,0.5254237288135595,0.5102040816326532,0.8095238095238095,0.3235294117647056,0.6129032258064516,0.4576271186440679,0.8275862068965517,0.9285714285714285,0.44186046511627897,0.5428571428571431,0.625,0.5849056603773586,0.45614035087719307,0.45614035087719307,0.37037037037037024,0.37037037037037024
2025:01:24:10:07:07,RP14,SM-S908E,2212343,31,20.251070082972994,13.0,22.0,train,0.5,0.0,0.0,0.515625,0.47457627118644075,0.4285714285714286,0.8571428571428572,0.6857142857142859,0.6935483870967741,0.5084745762711866,0.8275862068965517,0.9464285714285714,0.5952380952380951,0.7272727272727275,0.5535714285714286,0.5283018867924529,0.0,0.0,0.0,0.4925373134328358,0.47457627118644075,0.4285714285714286,0.8571428571428572,0.0,0.6935483870967741,0.4915254237288136,0.8275862068965517,0.9642857142857142,0.558139534883721,0.6857142857142859,0.5535714285714286,0.5283018867924529,0.0,0.0,0.37037037037037024,0.37037037037037024
2025:01:24:10:08:22,RP14,SM-S908E,2212343,40,-165.61972457042114,13.0,22.0,train,0.4130434782608696,0.4285714285714288,0.3513513513513513,0.46875,0.35593220338983067,0.5306122448979593,0.7857142857142856,0.5714285714285716,0.6451612903225806,0.5423728813559323,0.8620689655172413,0.9821428571428571,0.5952380952380951,0.8484848484848486,0.6428571428571428,0.4339622641509435,0.42222222222222205,0.4285714285714288,0.3513513513513513,0.4477611940298507,0.35593220338983067,0.5102040816326532,0.7857142857142856,0.5588235294117645,0.6451612903225806,0.5254237288135595,0.8620689655172413,0.9821428571428571,0.5813953488372092,0.8,0.6428571428571428,0.4339622641509435,0.42105263157894735,0.42105263157894735,0.3148148148148149,0.3148148148148149
2025:01:24:10:04:35,RP14,SM-S908E,2212343,33,20.723084173757666,13.0,22.0,train,0.0,0.0,0.0,0.4765625,0.30508474576271194,0.5306122448979593,0.4761904761904763,0.48571428571428577,0.4838709677419355,0.4067796610169492,0.8275862068965517,0.9285714285714285,0.5476190476190477,0.5757575757575757,0.6071428571428572,0.39622641509433976,0.0,0.0,0.0,0.4552238805970149,0.30508474576271194,0.5102040816326532,0.4761904761904763,0.49999999999999956,0.4838709677419355,0.4067796610169492,0.8275862068965517,0.9285714285714285,0.558139534883721,0.5428571428571431,0.6071428571428572,0.39622641509433976,0.3157894736842106,0.33333333333333326,0.37037037037037024,0.2777777777777777
2025:01:24:10:18:21,RP14,SM-S908E,2212343,42,-40.183483958606026,13.0,22.0,train,0.36956521739130443,0.2571428571428571,0.0,0.484375,0.4915254237288136,0.6122448979591837,0.7380952380952381,0.48571428571428577,0.5161290322580645,0.4406779661016951,0.7758620689655172,0.9107142857142857,0.5476190476190477,0.5757575757575757,0.5357142857142856,0.4339622641509435,0.3555555555555554,0.2571428571428571,0.18918918918918903,0.462686567164179,0.4915254237288136,0.6122448979591837,0.7380952380952381,0.49999999999999956,0.5,0.42372881355932224,0.7758620689655172,0.9107142857142857,0.5348837209302326,0.5428571428571431,0.5178571428571428,0.4339622641509435,0.42105263157894735,0.42105263157894735,0.37037037037037024,0.37037037037037024
2025:01:24:10:10:01,RP14,SM-S908E,2212343,42,-164.76368551745003,13.0,22.0,train,0.5,0.4285714285714288,0.40540540540540526,0.421875,0.42372881355932224,0.5714285714285714,0.6666666666666665,0.5714285714285716,0.5967741935483871,0.4576271186440679,0.8620689655172413,0.9821428571428571,0.6190476190476191,0.8181818181818183,0.6964285714285714,0.4528301886792454,0.5111111111111111,0.3999999999999999,0.40540540540540526,0.4029850746268655,0.42372881355932224,0.5714285714285714,0.6666666666666665,0.5882352941176467,0.5967741935483871,0.4576271186440679,0.8620689655172413,0.9821428571428571,0.5813953488372092,0.7714285714285716,0.6964285714285714,0.4528301886792454,0.49122807017543857,0.49122807017543857,0.33333333333333326,0.33333333333333326
2025:01:24:10:09:12,RP14,SM-S908E,2212343,36,-165.18768574500274,13.0,22.0,train,0.4347826086956521,0.4285714285714288,0.3783783783783785,0.421875,0.3728813559322035,0.5510204081632655,0.7142857142857142,0.6857142857142859,0.6290322580645161,0.5084745762711866,0.8793103448275862,1.0,0.6190476190476191,0.0,0.625,0.4528301886792454,0.4444444444444444,0.4285714285714288,0.3783783783783785,0.4029850746268655,0.38983050847457634,0.5510204081632655,0.7142857142857142,0.5882352941176467,0.6290322580645161,0.5254237288135595,0.8793103448275862,1.0,0.627906976744186,0.0,0.625,0.4528301886792454,0.4385964912280702,0.4385964912280702,0.33333333333333326,0.33333333333333326
2025:01:24:10:13:33,RP14,SM-S908E,2212343,40,-92.32957037525408,13.0,22.0,train,0.34782608695652173,0.0,0.2702702702702702,0.5,0.4576271186440679,0.5102040816326532,0.8333333333333333,0.4285714285714288,0.4193548387096775,0.4406779661016951,0.7931034482758621,0.9285714285714285,0.5238095238095237,0.48484848484848486,0.6071428571428572,0.5849056603773586,0.3555555555555554,0.2571428571428571,0.29729729729729737,0.462686567164179,0.4576271186440679,0.5102040816326532,0.8333333333333333,0.44117647058823506,0.4193548387096775,0.4406779661016951,0.7931034482758621,0.9285714285714285,0.5116279069767442,0.4571428571428573,0.6071428571428572,0.5849056603773586,0.42105263157894735,0.5789473684210527,0.38888888888888884,0.38888888888888884
2025:01:24:10:16:53,RP14,SM-S908E,2212343,38,-39.737238071699565,13.0,22.0,validation,0.0,0.22857142857142865,0.0,0.46875,0.47457627118644075,0.6122448979591837,0.6428571428571428,0.4571428571428573,0.5806451612903225,0.5254237288135595,0.6724137931034483,0.8571428571428571,0.45238095238095233,0.4545454545454546,0.5714285714285714,0.509433962264151,0.33333333333333326,0.22857142857142865,0.0,0.4477611940298507,0.47457627118644075,0.6122448979591837,0.6428571428571428,0.4705882352941173,0.5806451612903225,0.5084745762711866,0.6724137931034483,0.8571428571428571,0.4186046511627908,0.4285714285714288,0.5535714285714286,0.509433962264151,0.42105263157894735,0.42105263157894735,0.37037037037037024,0.37037037037037024
2025:01:24:10:17:32,RP14,SM-S908E,2212343,32,-39.87664214100167,13.0,22.0,validation,0.23913043478260865,0.0,0.0,0.40625,0.33898305084745783,0.0,0.5238095238095237,0.37142857142857144,0.435483870967742,0.42372881355932224,0.7068965517241379,0.9464285714285714,0.3571428571428572,0.4242424242424243,0.5,0.4339622641509435,0.24444444444444424,0.0,0.0,0.3880597014925373,0.33898305084745783,0.0,0.5,0.38235294117647056,0.4193548387096775,0.42372881355932224,0.7068965517241379,0.9285714285714285,0.0,0.3999999999999999,0.5,0.4339622641509435,0.3859649122807016,0.368421052631579,0.2962962962962963,0.3148148148148149
2025:01:24:10:06:32,RP14,SM-S908E,2212343,42,20.08493982435922,13.0,22.0,validation,0.4565217391304348,0.34285714285714297,0.3783783783783785,0.46875,0.5084745762711866,0.5510204081632655,0.8095238095238095,0.6000000000000001,0.6451612903225806,0.4915254237288136,0.8448275862068966,0.9464285714285714,0.5952380952380951,0.8181818181818183,0.5714285714285714,0.509433962264151,0.4888888888888887,0.34285714285714297,0.3513513513513513,0.4328358208955223,0.5084745762711866,0.5510204081632655,0.8095238095238095,0.617647058823529,0.6451612903225806,0.4915254237288136,0.8448275862068966,0.9464285714285714,0.5813953488372092,0.7714285714285716,0.5714285714285714,0.509433962264151,0.45614035087719307,0.45614035087719307,0.38888888888888884,0.38888888888888884
2025:01:24:10:19:01,RP14,SM-S908E,2212343,37,-40.11425919779832,13.0,22.0,test,0.326086956521739,0.0,0.18918918918918903,0.453125,0.42372881355932224,0.5918367346938775,0.7142857142857142,0.5142857142857142,0.6290322580645161,0.35593220338983067,0.6206896551724137,0.7678571428571428,0.4285714285714286,0.48484848484848486,0.5178571428571428,0.5660377358490567,0.33333333333333326,0.0,0.18918918918918903,0.4328358208955223,0.4406779661016951,0.6122448979591837,0.7142857142857142,0.5294117647058822,0.6290322580645161,0.35593220338983067,0.6206896551724137,0.7678571428571428,0.4186046511627908,0.4571428571428573,0.5178571428571428,0.5660377358490567,0.368421052631579,0.368421052631579,0.3148148148148149,0.3148148148148149
2025:01:24:10:16:18,RP14,SM-S908E,2212343,41,-40.444801414598274,13.0,22.0,test,0.36956521739130443,0.0,0.0,0.46875,0.5084745762711866,0.5918367346938775,0.8333333333333333,0.4571428571428573,0.467741935483871,0.4406779661016951,0.7758620689655172,0.8928571428571428,0.5476190476190477,0.39393939393939403,0.4821428571428572,0.4716981132075473,0.37777777777777777,0.0,0.21621621621621623,0.4477611940298507,0.5084745762711866,0.5714285714285714,0.8333333333333333,0.44117647058823506,0.467741935483871,0.4406779661016951,0.7758620689655172,0.8928571428571428,0.5116279069767442,0.37142857142857144,0.4821428571428572,0.4716981132075473,0.29824561403508776,0.3157894736842106,0.2962962962962963,0.3148148148148149
2025:01:24:10:10:50,RP14,SM-S908E,2212343,40,-166.31801688323682,13.0,22.0,test,0.36956521739130443,0.3999999999999999,0.3783783783783785,0.421875,0.4067796610169492,0.5510204081632655,0.7380952380952381,0.6000000000000001,0.5806451612903225,0.42372881355932224,0.8793103448275862,0.9821428571428571,0.5238095238095237,0.8181818181818183,0.6428571428571428,0.49056603773584917,0.37777777777777777,0.37142857142857144,0.3783783783783785,0.4029850746268655,0.4067796610169492,0.5510204081632655,0.7380952380952381,0.617647058823529,0.5806451612903225,0.42372881355932224,0.8793103448275862,0.9821428571428571,0.5116279069767442,0.7714285714285716,0.6428571428571428,0.49056603773584917,0.49122807017543857,0.4736842105263157,0.33333333333333326,0.3148148148148149
2025:01:24:09:57:53,RP15,SM-S908E,2212343,36,-93.42217797225675,26.0,22.0,train,0.4565217391304348,0.4285714285714288,0.0,0.375,0.35593220338983067,0.44897959183673475,0.4285714285714286,0.48571428571428577,0.467741935483871,0.4406779661016951,0.8620689655172413,0.8392857142857142,0.5476190476190477,0.606060606060606,0.5178571428571428,0.5660377358490567,0.28888888888888875,0.4285714285714288,0.0,0.3432835820895521,0.35593220338983067,0.4693877551020409,0.4285714285714286,0.5294117647058822,0.4838709677419355,0.4406779661016951,0.8793103448275862,0.8392857142857142,0.5116279069767442,0.5714285714285716,0.5,0.5660377358490567,0.368421052631579,0.368421052631579,0.37037037037037024,0.37037037037037024
2025:01:24:09:58:40,RP15,SM-S908E,2212343,26,-93.85283596938889,26.0,22.0,train,0.0,0.3999999999999999,0.0,0.0,0.2881355932203391,0.0,0.5,0.5142857142857142,0.4193548387096775,0.4576271186440679,0.8448275862068966,0.8571428571428571,0.4761904761904763,0.606060606060606,0.5714285714285714,0.5660377358490567,0.0,0.3999999999999999,0.0,0.0,0.2881355932203391,0.0,0.5,0.4705882352941173,0.4193548387096775,0.4576271186440679,0.8448275862068966,0.8571428571428571,0.4883720930232558,0.5714285714285716,0.5535714285714286,0.5660377358490567,0.0,0.0,0.3148148148148149,0.36111111111111116
2025:01:24:10:03:15,RP15,SM-S908E,2212343,33,-39.86879261920838,26.0,22.0,train,0.0,0.28571428571428603,0.21621621621621623,0.0,0.33898305084745783,0.5102040816326532,0.5238095238095237,0.4285714285714288,0.467741935483871,0.38983050847457634,0.9482758620689655,0.9107142857142857,0.5,0.5454545454545454,0.5,0.3773584905660379,0.3999999999999999,0.0,0.0,0.0,0.25423728813559343,0.5102040816326532,0.5238095238095237,0.4705882352941173,0.467741935483871,0.38983050847457634,0.9310344827586207,0.9107142857142857,0.4883720930232558,0.5142857142857142,0.5,0.3773584905660379,0.0,0.0,0.35185185185185186,0.36111111111111116
2025:01:24:10:00:45,RP15,SM-S908E,2212343,33,-91.9721191956058,26.0,22.0,train,0.326086956521739,0.4285714285714288,0.0,0.375,0.33898305084745783,0.5918367346938775,0.5476190476190477,0.0,0.564516129032258,0.5084745762711866,0.9655172413793103,0.8392857142857142,0.6428571428571428,0.7575757575757578,0.5357142857142856,0.6037735849056605,0.3111111111111111,0.3999999999999999,0.0,0.3432835820895521,0.33898305084745783,0.6122448979591837,0.5476190476190477,0.0,0.5161290322580645,0.5084745762711866,0.9655172413793103,0.8392857142857142,0.627906976744186,0.7142857142857144,0.5357142857142856,0.5849056603773586,0.0,0.42105263157894735,0.4259259259259258,0.36111111111111116
2025:01:24:09:55:49,RP15,SM-S908E,2212343,33,-160.43085834953376,26.0,22.0,train,0.4347826086956521,0.2571428571428571,0.0,0.359375,0.38983050847457634,0.5102040816326532,0.4761904761904763,0.34285714285714297,0.4516129032258065,0.4406779661016951,0.9137931034482758,0.8928571428571428,0.5238095238095237,0.6666666666666665,0.4464285714285714,0.4339622641509435,0.42222222222222205,0.0,0.2702702702702702,0.3432835820895521,0.38983050847457634,0.5102040816326532,0.4761904761904763,0.3235294117647056,0.4516129032258065,0.4067796610169492,0.9137931034482758,0.8928571428571428,0.5116279069767442,0.6285714285714286,0.4464285714285714,0.4339622641509435,0.0,0.0,0.35185185185185186,0.37037037037037024
2025:01:24:09:50:43,RP15,SM-S908E,2212343,42,21.350596145351872,26.0,22.0,train,0.30434782608695654,0.37142857142857144,0.2702702702702702,0.34375,0.33898305084745783,0.30612244897959195,0.5,0.28571428571428603,0.5483870967741935,0.4576271186440679,0.9655172413793103,0.8392857142857142,0.6904761904761905,0.6666666666666665,0.5,0.3396226415094341,0.3111111111111111,0.37142857142857144,0.2702702702702702,0.4776119402985074,0.42372881355932224,0.48979591836734704,0.5,0.2941176470588234,0.5483870967741935,0.4406779661016951,0.9655172413793103,0.8392857142857142,0.6744186046511629,0.6285714285714286,0.5,0.3396226415094341,0.42105263157894735,0.42105263157894735,0.35185185185185186,0.35185185185185186
2025:01:24:09:56:35,RP15,SM-S908E,2212343,33,-163.30991970386458,26.0,22.0,train,0.4347826086956521,0.0,0.0,0.328125,0.35593220338983067,0.4693877551020409,0.5714285714285714,0.34285714285714297,0.4838709677419355,0.4576271186440679,0.9137931034482758,0.9285714285714285,0.5,0.6666666666666665,0.5,0.39622641509433976,0.4444444444444444,0.0,0.0,0.31343283582089554,0.35593220338983067,0.5102040816326532,0.5952380952380951,0.4117647058823528,0.4838709677419355,0.35593220338983067,0.9137931034482758,0.9285714285714285,0.4883720930232558,0.6285714285714286,0.3928571428571428,0.39622641509433976,0.4035087719298245,0.4035087719298245,0.37037037037037024,0.37037037037037024
2025:01:24:09:53:45,RP15,SM-S908E,2212343,31,-163.72675795897817,26.0,22.0,train,0.4130434782608696,0.0,0.0,0.0,0.33898305084745783,0.4285714285714286,0.5238095238095237,0.48571428571428577,0.5,0.5254237288135595,0.8103448275862069,0.8214285714285714,0.6428571428571428,0.606060606060606,0.4464285714285714,0.49056603773584917,0.37777777777777777,0.0,0.0,0.0,0.3220338983050848,0.4285714285714286,0.5238095238095237,0.49999999999999956,0.5,0.5254237288135595,0.7931034482758621,0.8214285714285714,0.627906976744186,0.5714285714285716,0.4464285714285714,0.49056603773584917,0.33333333333333326,0.33333333333333326,0.37037037037037024,0.37037037037037024
2025:01:24:09:54:35,RP15,SM-S908E,2212343,34,-161.1958773271704,26.0,22.0,train,0.4565217391304348,0.28571428571428603,0.0,0.34375,0.2881355932203391,0.48979591836734704,0.40476190476190466,0.4571428571428573,0.467741935483871,0.4067796610169492,0.9137931034482758,0.8928571428571428,0.4761904761904763,0.606060606060606,0.5,0.509433962264151,0.46666666666666656,0.3142857142857145,0.0,0.3283582089552237,0.3220338983050848,0.48979591836734704,0.40476190476190466,0.4705882352941173,0.467741935483871,0.4067796610169492,0.9137931034482758,0.8928571428571428,0.44186046511627897,0.5714285714285716,0.5,0.5283018867924529,0.0,0.0,0.3148148148148149,0.33333333333333326
2025:01:24:10:01:58,RP15,SM-S908E,2212343,40,-39.251304544239986,26.0,22.0,train,0.4130434782608696,0.22857142857142865,0.3513513513513513,0.0,0.27118644067796627,0.5714285714285714,0.4761904761904763,0.4285714285714288,0.4516129032258065,0.4406779661016951,0.9827586206896551,0.8928571428571428,0.5714285714285714,0.5151515151515151,0.4642857142857142,0.4528301886792454,0.42222222222222205,0.20000000000000018,0.32432432432432456,0.0,0.27118644067796627,0.5510204081632655,0.4761904761904763,0.44117647058823506,0.4516129032258065,0.42372881355932224,0.9827586206896551,0.8928571428571428,0.558139534883721,0.48571428571428577,0.4642857142857142,0.4528301886792454,0.33333333333333326,0.33333333333333326,0.35185185185185186,0.35185185185185186
2025:01:24:09:55:11,RP15,SM-S908E,2212343,33,-161.31524162463,26.0,22.0,train,0.4565217391304348,0.0,0.0,0.375,0.3220338983050848,0.48979591836734704,0.5476190476190477,0.4285714285714288,0.467741935483871,0.47457627118644075,0.896551724137931,0.8214285714285714,0.33333333333333326,0.6666666666666665,0.5,0.5283018867924529,0.46666666666666656,0.0,0.0,0.3582089552238805,0.3220338983050848,0.48979591836734704,0.5476190476190477,0.4117647058823528,0.467741935483871,0.47457627118644075,0.896551724137931,0.8214285714285714,0.30232558139534893,0.0,0.4821428571428572,0.5283018867924529,0.3859649122807016,0.3859649122807016,0.35185185185185186,0.35185185185185186
2025:01:24:09:53:09,RP15,SM-S908E,2212343,28,22.172081259614234,26.0,22.0,train,0.0,0.22857142857142865,0.0,0.359375,0.3220338983050848,0.4285714285714286,0.5,0.37142857142857144,0.5483870967741935,0.47457627118644075,0.896551724137931,0.875,0.6904761904761905,0.606060606060606,0.5,0.5283018867924529,0.0,0.22857142857142865,0.0,0.0,0.30508474576271194,0.4285714285714286,0.5238095238095237,0.35294117647058787,0.532258064516129,0.47457627118644075,0.896551724137931,0.875,0.0,0.5714285714285716,0.5,0.5283018867924529,0.0,0.0,0.37037037037037024,0.37037037037037024
2025:01:24:09:52:32,RP15,SM-S908E,2212343,33,19.65802725233386,26.0,22.0,train,0.4130434782608696,0.0,0.08108108108108114,0.328125,0.33898305084745783,0.4285714285714286,0.5,0.3142857142857145,0.532258064516129,0.47457627118644075,0.8448275862068966,0.8571428571428571,0.6666666666666665,0.5757575757575757,0.4821428571428572,0.5283018867924529,0.42222222222222205,0.0,0.10810810810810789,0.31343283582089554,0.33898305084745783,0.4285714285714286,0.4761904761904763,0.3235294117647056,0.532258064516129,0.47457627118644075,0.8448275862068966,0.8571428571428571,0.6511627906976745,0.5428571428571431,0.4642857142857142,0.5283018867924529,0.0,0.0,0.38888888888888884,0.38888888888888884
2025:01:24:09:57:19,RP15,SM-S908E,2212343,31,-93.3474871940835,26.0,22.0,train,0.0,0.0,0.0,0.34375,0.35593220338983067,0.5102040816326532,0.5,0.3142857142857145,0.3870967741935485,0.4576271186440679,0.8793103448275862,0.9107142857142857,0.4761904761904763,0.6363636363636362,0.5178571428571428,0.4339622641509435,0.46666666666666656,0.0,0.0,0.31343283582089554,0.35593220338983067,0.5102040816326532,0.5,0.3235294117647056,0.3870967741935485,0.4576271186440679,0.8793103448275862,0.9107142857142857,0.4651162790697674,0.5714285714285716,0.5178571428571428,0.4339622641509435,0.368421052631579,0.368421052631579,0.2962962962962963,0.36111111111111116
2025:01:24:09:51:56,RP15,SM-S908E,2212343,38,19.775977489955082,26.0,22.0,validation,0.4347826086956521,0.3142857142857145,0.21621621621621623,0.3125,0.3220338983050848,0.48979591836734704,0.4285714285714286,0.2571428571428571,0.5161290322580645,0.5084745762711866,0.8620689655172413,0.875,0.6666666666666665,0.6363636363636362,0.4642857142857142,0.509433962264151,0.4444444444444444,0.3142857142857145,0.21621621621621623,0.31343283582089554,0.3220338983050848,0.48979591836734704,0.4285714285714286,0.44117647058823506,0.5,0.5084745762711866,0.8620689655172413,0.875,0.6511627906976745,0.6000000000000001,0.4642857142857142,0.509433962264151,0.29824561403508776,0.0,0.38888888888888884,0.38888888888888884
2025:01:24:09:51:21,RP15,SM-S908E,2212343,28,22.37224864900555,26.0,22.0,validation,0.4565217391304348,0.0,0.0,0.34375,0.33898305084745783,0.40816326530612246,0.4761904761904763,0.37142857142857144,0.467741935483871,0.47457627118644075,0.8620689655172413,0.8571428571428571,0.6190476190476191,0.6363636363636362,0.5357142857142856,0.49056603773584917,0.46666666666666656,0.0,0.0,0.3283582089552237,0.33898305084745783,0.40816326530612246,0.4761904761904763,0.35294117647058787,0.467741935483871,0.47457627118644075,0.8620689655172413,0.8571428571428571,0.6046511627906976,0.6000000000000001,0.5357142857142856,0.49056603773584917,0.0,0.0,0.0,0.0
2025:01:24:10:02:40,RP15,SM-S908E,2212343,35,-39.3948247423423,26.0,22.0,validation,0.3913043478260869,0.0,0.0,0.25,0.22033898305084754,0.5510204081632655,0.5,0.3999999999999999,0.4516129032258065,0.3728813559322035,0.9310344827586207,0.8392857142857142,0.5476190476190477,0.5454545454545454,0.4642857142857142,0.4339622641509435,0.3999999999999999,0.0,0.0,0.28358208955223874,0.22033898305084754,0.5306122448979593,0.5,0.4117647058823528,0.4516129032258065,0.3728813559322035,0.9137931034482758,0.8392857142857142,0.5348837209302326,0.5142857142857142,0.4642857142857142,0.4339622641509435,0.2807017543859649,0.29824561403508776,0.2777777777777777,0.2777777777777777
2025:01:24:09:59:29,RP15,SM-S908E,2212343,33,-93.15046992664982,26.0,22.0,test,0.326086956521739,0.0,0.0,0.34375,0.33898305084745783,0.44897959183673475,0.4761904761904763,0.4571428571428573,0.4516129032258065,0.47457627118644075,0.8620689655172413,0.7857142857142857,0.5238095238095237,0.5151515151515151,0.5714285714285714,0.6226415094339623,0.33333333333333326,0.0,0.0,0.3283582089552237,0.33898305084745783,0.4285714285714286,0.4761904761904763,0.44117647058823506,0.4516129032258065,0.47457627118644075,0.8620689655172413,0.7857142857142857,0.4883720930232558,0.48571428571428577,0.5535714285714286,0.6226415094339623,0.42105263157894735,0.42105263157894735,0.37037037037037024,0.37037037037037024
2025:01:24:10:03:55,RP15,SM-S908E,2212343,31,-39.15674015198482,26.0,22.0,test,0.0,0.0,0.0,0.3125,0.23728813559322037,0.5918367346938775,0.5238095238095237,0.37142857142857144,0.435483870967742,0.4067796610169492,0.9827586206896551,0.9107142857142857,0.5714285714285714,0.5454545454545454,0.5178571428571428,0.4528301886792454,0.0,0.0,0.21621621621621623,0.29850746268656714,0.23728813559322037,0.5918367346938775,0.5238095238095237,0.44117647058823506,0.435483870967742,0.38983050847457634,0.9655172413793103,0.9107142857142857,0.558139534883721,0.5142857142857142,0.5178571428571428,0.4528301886792454,0.3859649122807016,0.33333333333333326,0.37037037037037024,0.38888888888888884
2025:01:24:10:01:22,RP15,SM-S908E,2212343,34,-40.961248955353135,26.0,22.0,test,0.4782608695652173,0.4285714285714288,0.2702702702702702,0.0,0.2881355932203391,0.3673469387755104,0.40476190476190466,0.5428571428571431,0.4838709677419355,0.42372881355932224,0.7758620689655172,0.75,0.40476190476190466,0.606060606060606,0.5,0.5283018867924529,0.46666666666666656,0.4285714285714288,0.18918918918918903,0.0,0.2881355932203391,0.34693877551020424,0.40476190476190466,0.5588235294117645,0.4838709677419355,0.42372881355932224,0.7758620689655172,0.75,0.0,0.5714285714285716,0.5,0.5283018867924529,0.0,0.0,0.3148148148148149,0.2962962962962963
2025:01:21:13:11:39,RP16,SM-S908E,2212343,35,47.83978146506839,-42.0,24.0,train,0.326086956521739,0.34285714285714297,0.45945945945945965,0.53125,0.4406779661016951,0.4285714285714286,0.5714285714285714,0.1714285714285717,0.22580645161290325,0.30508474576271194,0.5344827586206897,0.4821428571428572,0.5,0.27272727272727293,0.75,0.7735849056603774,0.33333333333333326,0.34285714285714297,0.0,0.5074626865671641,0.4406779661016951,0.44897959183673475,0.5714285714285714,0.17647058823529393,0.24193548387096775,0.30508474576271194,0.5862068965517242,0.4821428571428572,0.4651162790697674,0.22857142857142865,0.7321428571428571,0.7735849056603774,0.6140350877192982,0.6140350877192982,0.537037037037037,0.537037037037037
2025:01:21:13:15:45,RP16,SM-S908E,2212343,28,-163.44424392935508,-42.0,24.0,train,0.4130434782608696,0.0,0.0,0.484375,0.3728813559322035,0.44897959183673475,0.4285714285714286,0.0,0.30645161290322576,0.2033898305084747,0.4137931034482758,0.4821428571428572,0.33333333333333326,0.0,0.7321428571428571,0.7169811320754718,0.3999999999999999,0.0,0.0,0.462686567164179,0.3728813559322035,0.4693877551020409,0.4285714285714286,0.0,0.32258064516129026,0.18644067796610186,0.4137931034482758,0.4821428571428572,0.3255813953488371,0.0,0.7321428571428571,0.7169811320754718,0.5438596491228069,0.5438596491228069,0.37037037037037024,0.37037037037037024
2025:01:21:13:11:05,RP16,SM-S908E,2212343,30,47.03198946915186,-42.0,24.0,train,0.5434782608695652,0.34285714285714297,0.0,0.546875,0.47457627118644075,0.0,0.5,0.0,0.25806451612903225,0.2881355932203391,0.48275862068965525,0.4821428571428572,0.5476190476190477,0.21212121212121193,0.7142857142857142,0.7924528301886793,0.5555555555555554,0.3142857142857145,0.0,0.5373134328358208,0.47457627118644075,0.0,0.5,0.0,0.27419354838709675,0.2881355932203391,0.48275862068965525,0.4821428571428572,0.5348837209302326,0.20000000000000018,0.7142857142857142,0.7924528301886793,0.5175438596491229,0.5087719298245614,0.5555555555555556,0.5555555555555556
2025:01:21:13:06:58,RP16,SM-S908E,2212343,30,-35.56631502570019,-42.0,24.0,train,0.4130434782608696,0.37142857142857144,0.0,0.4375,0.47457627118644075,0.3877551020408163,0.45238095238095233,0.0,0.25806451612903225,0.23728813559322037,0.4655172413793103,0.4642857142857142,0.0,0.0,0.75,0.679245283018868,0.42222222222222205,0.37142857142857144,0.29729729729729737,0.4179104477611939,0.4576271186440679,0.3673469387755104,0.45238095238095233,0.0,0.25806451612903225,0.23728813559322037,0.4655172413793103,0.4642857142857142,0.0,0.0,0.7678571428571428,0.6603773584905661,0.49122807017543857,0.49122807017543857,0.40740740740740744,0.40740740740740744
2025:01:21:13:05:00,RP16,SM-S908E,2212343,29,-34.332635479253796,-42.0,24.0,train,0.4347826086956521,0.37142857142857144,0.0,0.34375,0.4576271186440679,0.30612244897959195,0.4285714285714286,0.0,0.24193548387096775,0.2033898305084747,0.48275862068965525,0.4464285714285714,0.30952380952380953,0.0,0.7678571428571428,0.679245283018868,0.0,0.37142857142857144,0.0,0.3880597014925373,0.4576271186440679,0.30612244897959195,0.40476190476190466,0.0,0.24193548387096775,0.2033898305084747,0.48275862068965525,0.4464285714285714,0.0,0.0,0.7678571428571428,0.679245283018868,0.5087719298245614,0.5087719298245614,0.35185185185185186,0.35185185185185186
2025:01:21:13:01:52,RP16,SM-S908E,2212343,24,-91.85031409793893,-42.0,24.0,train,0.42391304347826075,0.28571428571428603,0.0,0.0,0.5423728813559323,0.3265306122448981,0.4761904761904763,0.0,0.32258064516129026,0.23728813559322037,0.5344827586206897,0.5714285714285714,0.0,0.0,0.75,0.8679245283018868,0.5333333333333332,0.2571428571428571,0.0,0.0,0.5423728813559323,0.30612244897959195,0.4761904761904763,0.0,0.33870967741935476,0.0,0.5344827586206897,0.5714285714285714,0.0,0.0,0.8571428571428571,0.8679245283018868,0.5263157894736841,0.0,0.4444444444444444,0.4444444444444444
2025:01:21:13:07:34,RP16,SM-S908E,2212343,34,-33.980201691017484,-42.0,24.0,train,0.34782608695652173,0.3142857142857145,0.24324324324324342,0.4375,0.42372881355932224,0.24489795918367352,0.5476190476190477,0.08571428571428585,0.24193548387096775,0.27118644067796627,0.4655172413793103,0.4464285714285714,0.40476190476190466,0.0,0.7678571428571428,0.6415094339622642,0.3555555555555554,0.3142857142857145,0.2702702702702702,0.4179104477611939,0.42372881355932224,0.2857142857142858,0.5476190476190477,0.0,0.24193548387096775,0.25423728813559343,0.4655172413793103,0.4464285714285714,0.39534883720930236,0.0,0.75,0.6415094339622642,0.5263157894736841,0.5263157894736841,0.40740740740740744,0.40740740740740744
2025:01:21:13:08:08,RP16,SM-S908E,2212343,28,-35.488098838213496,-42.0,24.0,train,0.4130434782608696,0.34285714285714297,0.0,0.390625,0.47457627118644075,0.34693877551020424,0.5,0.0,0.29032258064516125,0.0,0.4482758620689655,0.5535714285714286,0.40476190476190466,0.0,0.75,0.6981132075471699,0.42222222222222205,0.34285714285714297,0.0,0.3731343283582089,0.47457627118644075,0.3265306122448981,0.5,0.0,0.30645161290322576,0.0,0.4482758620689655,0.5535714285714286,0.37209302325581395,0.0,0.75,0.6981132075471699,0.5263157894736841,0.5263157894736841,0.38888888888888884,0.38888888888888884
2025:01:21:13:03:58,RP16,SM-S908E,2212343,33,-90.95129175117712,-42.0,24.0,train,0.4782608695652173,0.3142857142857145,0.29729729729729737,0.4375,0.4576271186440679,0.3265306122448981,0.5714285714285714,0.057142857142857384,0.32258064516129026,0.22033898305084754,0.5344827586206897,0.4107142857142856,0.33333333333333326,0.0,0.8035714285714285,0.8113207547169812,0.4888888888888887,0.3142857142857145,0.24324324324324342,0.4179104477611939,0.4576271186440679,0.3265306122448981,0.5714285714285714,0.0,0.27419354838709675,0.23728813559322037,0.5344827586206897,0.4107142857142856,0.34883720930232553,0.0,0.8035714285714285,0.8113207547169812,0.5087719298245614,0.5087719298245614,0.4814814814814814,0.4814814814814814
2025:01:21:13:14:13,RP16,SM-S908E,2212343,25,-162.76008648534525,-42.0,24.0,train,0.4347826086956521,0.0,0.0,0.4375,0.35593220338983067,0.44897959183673475,0.4761904761904763,0.0,0.0,0.18644067796610186,0.3793103448275863,0.4285714285714286,0.33333333333333326,0.0,0.7142857142857142,0.6981132075471699,0.4444444444444444,0.0,0.0,0.4179104477611939,0.35593220338983067,0.44897959183673475,0.4761904761904763,0.0,0.0,0.16949152542372903,0.3620689655172413,0.4285714285714286,0.0,0.0,0.7142857142857142,0.6981132075471699,0.45614035087719307,0.4736842105263157,0.4444444444444444,0.4444444444444444
2025:01:21:13:06:01,RP16,SM-S908E,2212343,34,-34.05156358440103,-42.0,24.0,train,0.3913043478260869,0.3999999999999999,0.0,0.390625,0.4576271186440679,0.3673469387755104,0.5,0.08571428571428585,0.19354838709677424,0.25423728813559343,0.5344827586206897,0.5,0.38095238095238093,0.0,0.7678571428571428,0.6981132075471699,0.3555555555555554,0.3999999999999999,0.0,0.3731343283582089,0.4576271186440679,0.3673469387755104,0.4761904761904763,0.0,0.19354838709677424,0.25423728813559343,0.5344827586206897,0.5,0.37209302325581395,0.0,0.75,0.7169811320754718,0.49122807017543857,0.49122807017543857,0.4259259259259258,0.4259259259259258
2025:01:21:13:03:03,RP16,SM-S908E,2212343,29,-91.4839763428882,-42.0,24.0,train,0.3913043478260869,0.0,0.18918918918918903,0.34375,0.4576271186440679,0.34693877551020424,0.45238095238095233,0.0,0.30645161290322576,0.25423728813559343,0.5517241379310345,0.5,0.4285714285714286,0.0,0.7321428571428571,0.7358490566037736,0.42222222222222205,0.0,0.1351351351351351,0.3283582089552237,0.4576271186440679,0.3265306122448981,0.4285714285714286,0.0,0.29032258064516125,0.25423728813559343,0.5517241379310345,0.5,0.0,0.0,0.7321428571428571,0.7358490566037736,0.45614035087719307,0.45614035087719307,0.4444444444444444,0.4444444444444444
2025:01:21:13:10:25,RP16,SM-S908E,2212343,34,50.83641146712888,-42.0,24.0,train,0.5,0.37142857142857144,0.0,0.53125,0.4576271186440679,0.4285714285714286,0.5714285714285714,0.0,0.32258064516129026,0.2881355932203391,0.3793103448275863,0.5,0.4761904761904763,0.27272727272727293,0.75,0.7735849056603774,0.4888888888888887,0.37142857142857144,0.0,0.5074626865671641,0.4576271186440679,0.4285714285714286,0.5714285714285714,0.0,0.33870967741935476,0.2881355932203391,0.3620689655172413,0.5,0.4651162790697674,0.28571428571428603,0.6607142857142856,0.7735849056603774,0.5175438596491229,0.5087719298245614,0.5925925925925926,0.5925925925925926
2025:01:21:13:14:57,RP16,SM-S908E,2212343,28,-163.16614167475447,-42.0,24.0,train,0.4782608695652173,0.0,0.0,0.46875,0.35593220338983067,0.44897959183673475,0.4285714285714286,0.0,0.27419354838709675,0.22033898305084754,0.4310344827586208,0.3928571428571428,0.30952380952380953,0.0,0.75,0.7169811320754718,0.4888888888888887,0.0,0.0,0.4477611940298507,0.35593220338983067,0.3877551020408163,0.4285714285714286,0.0,0.29032258064516125,0.22033898305084754,0.4482758620689655,0.3928571428571428,0.30232558139534893,0.0,0.6785714285714286,0.7169811320754718,0.45614035087719307,0.45614035087719307,0.462962962962963,0.462962962962963
2025:01:21:13:12:19,RP16,SM-S908E,2212343,34,-163.89874842992054,-42.0,24.0,validation,0.5217391304347827,0.34285714285714297,0.40540540540540526,0.53125,0.4576271186440679,0.44897959183673475,0.5238095238095237,0.0,0.25806451612903225,0.23728813559322037,0.4482758620689655,0.4821428571428572,0.4761904761904763,0.2424242424242422,0.75,0.8113207547169812,0.5111111111111111,0.34285714285714297,0.40540540540540526,0.5074626865671641,0.4576271186440679,0.44897959183673475,0.5238095238095237,0.0,0.25806451612903225,0.22033898305084754,0.4482758620689655,0.4821428571428572,0.4651162790697674,0.22857142857142865,0.75,0.8113207547169812,0.6140350877192982,0.6140350877192982,0.5,0.5
2025:01:21:13:13:17,RP16,SM-S908E,2212343,27,-162.98560840308667,-42.0,24.0,validation,0.4347826086956521,0.28571428571428603,0.4864864864864864,0.46875,0.35593220338983067,0.4285714285714286,0.38095238095238093,0.0,0.33870967741935476,0.0,0.4310344827586208,0.3928571428571428,0.0,0.0,0.6964285714285714,0.679245283018868,0.4444444444444444,0.28571428571428603,0.0,0.4477611940298507,0.35593220338983067,0.4285714285714286,0.38095238095238093,0.0,0.33870967741935476,0.0,0.4310344827586208,0.3928571428571428,0.0,0.0,0.6785714285714286,0.6981132075471699,0.4736842105263157,0.4736842105263157,0.4444444444444444,0.4444444444444444
2025:01:21:13:08:49,RP16,SM-S908E,2212343,27,49.375256789817435,-42.0,24.0,validation,0.4130434782608696,0.34285714285714297,0.0,0.375,0.38983050847457634,0.24489795918367352,0.5238095238095237,0.0,0.29032258064516125,0.30508474576271194,0.39655172413793105,0.5,0.0,0.0,0.7678571428571428,0.6415094339622642,0.42222222222222205,0.37142857142857144,0.0,0.3731343283582089,0.38983050847457634,0.0,0.5238095238095237,0.0,0.29032258064516125,0.30508474576271194,0.3793103448275863,0.5,0.0,0.0,0.7678571428571428,0.6415094339622642,0.5263157894736841,0.5263157894736841,0.33333333333333326,0.33333333333333326
2025:01:21:13:01:18,RP16,SM-S908E,2212343,41,-90.5404122571329,-42.0,24.0,test,0.4130434782608696,0.5428571428571431,0.4864864864864864,0.5,0.593220338983051,0.5918367346938775,0.45238095238095233,0.0,0.30645161290322576,0.3728813559322035,0.5862068965517242,0.6607142857142856,0.5238095238095237,0.5151515151515151,0.875,0.8867924528301887,0.3999999999999999,0.5428571428571431,0.4864864864864864,0.4776119402985074,0.593220338983051,0.5918367346938775,0.45238095238095233,0.0,0.29032258064516125,0.3728813559322035,0.5862068965517242,0.6607142857142856,0.5116279069767442,0.48571428571428577,0.8928571428571428,0.9622641509433963,0.6666666666666665,0.6842105263157894,0.537037037037037,0.537037037037037
2025:01:21:13:02:27,RP16,SM-S908E,2212343,29,-92.2872631716616,-42.0,24.0,test,0.5217391304347827,0.0,0.0,0.390625,0.5593220338983051,0.30612244897959195,0.5,0.0,0.35483870967741926,0.23728813559322037,0.5172413793103448,0.5,0.38095238095238093,0.0,0.8035714285714285,0.8301886792452831,0.5333333333333332,0.2571428571428571,0.0,0.3731343283582089,0.5593220338983051,0.30612244897959195,0.5,0.0,0.35483870967741926,0.23728813559322037,0.5344827586206897,0.5,0.0,0.0,0.7857142857142857,0.8301886792452831,0.49122807017543857,0.49122807017543857,0.462962962962963,0.462962962962963
2025:01:21:13:09:40,RP16,SM-S908E,2212343,34,47.507540428405875,-42.0,24.0,test,0.5,0.34285714285714297,0.3783783783783785,0.53125,0.4067796610169492,0.4285714285714286,0.5714285714285714,0.0,0.33870967741935476,0.2881355932203391,0.4310344827586208,0.5357142857142856,0.40476190476190466,0.18181818181818166,0.7321428571428571,0.7547169811320755,0.4888888888888887,0.34285714285714297,0.43243243243243246,0.5074626865671641,0.4067796610169492,0.4285714285714286,0.5714285714285714,0.0,0.30645161290322576,0.2881355932203391,0.4310344827586208,0.5178571428571428,0.39534883720930236,0.1714285714285717,0.7321428571428571,0.7547169811320755,0.6491228070175439,0.6491228070175439,0.5,0.5
2025:01:24:10:31:29,RP17,SM-S908E,2212343,38,-159.17881378688003,42.0,24.0,train,0.34782608695652173,0.3571428571428572,0.29729729729729737,0.328125,0.3220338983050848,0.5510204081632655,0.6904761904761905,0.8285714285714287,0.467741935483871,0.6271186440677967,0.5862068965517242,0.5714285714285714,0.5,0.606060606060606,0.1785714285714286,0.3207547169811322,0.33333333333333326,0.34285714285714297,0.29729729729729737,0.31343283582089554,0.3220338983050848,0.5510204081632655,0.6904761904761905,0.8529411764705881,0.467741935483871,0.6610169491525425,0.5862068965517242,0.5714285714285714,0.4883720930232558,0.5714285714285716,0.1785714285714286,0.3207547169811322,0.33333333333333326,0.3508771929824561,0.37037037037037024,0.37037037037037024
2025:01:24:10:23:35,RP17,SM-S908E,2212343,39,-36.85152410440948,42.0,24.0,train,0.5,0.34285714285714297,0.29729729729729737,0.375,0.30508474576271194,0.5510204081632655,0.7380952380952381,0.7714285714285716,0.4516129032258065,0.6101694915254239,0.5689655172413792,0.625,0.5476190476190477,0.6969696969696968,0.2857142857142858,0.28301886792452846,0.5111111111111111,0.34285714285714297,0.29729729729729737,0.3582089552238805,0.30508474576271194,0.5510204081632655,0.7380952380952381,0.7941176470588234,0.4516129032258065,0.6101694915254239,0.5517241379310345,0.625,0.5348837209302326,0.657142857142857,0.2857142857142858,0.28301886792452846,0.4736842105263157,0.4736842105263157,0.33333333333333326,0.33333333333333326
2025:01:24:10:32:40,RP17,SM-S908E,2212343,34,-157.27172949536504,42.0,24.0,train,0.34782608695652173,0.3142857142857145,0.2702702702702702,0.296875,0.3220338983050848,0.48979591836734704,0.6428571428571428,0.7714285714285716,0.467741935483871,0.593220338983051,0.0,0.5535714285714286,0.5,0.4545454545454546,0.25,0.3207547169811322,0.37777777777777777,0.28571428571428603,0.3783783783783785,0.3582089552238805,0.2881355932203391,0.48979591836734704,0.6428571428571428,0.7352941176470584,0.467741935483871,0.593220338983051,0.0,0.5535714285714286,0.4883720930232558,0.4285714285714288,0.25,0.3207547169811322,0.0,0.0,0.40740740740740744,0.38888888888888884
2025:01:24:10:26:43,RP17,SM-S908E,2212343,36,28.490397409646782,42.0,24.0,train,0.4782608695652173,0.34285714285714297,0.3513513513513513,0.40625,0.31355932203389836,0.5306122448979593,0.5952380952380951,0.7714285714285716,0.467741935483871,0.593220338983051,0.6551724137931034,0.625,0.5,0.7272727272727275,0.2678571428571428,0.2641509433962266,0.4888888888888887,0.34285714285714297,0.3783783783783785,0.3880597014925373,0.2881355932203391,0.5306122448979593,0.5952380952380951,0.7647058823529411,0.4838709677419355,0.593220338983051,0.6551724137931034,0.625,0.4883720930232558,0.6857142857142859,0.2857142857142858,0.2641509433962266,0.45614035087719307,0.45614035087719307,0.0,0.0
2025:01:24:10:32:05,RP17,SM-S908E,2212343,33,-154.34723258788034,42.0,24.0,train,0.34782608695652173,0.3142857142857145,0.0,0.3125,0.30508474576271194,0.5306122448979593,0.5476190476190477,0.7714285714285716,0.4516129032258065,0.576271186440678,0.5172413793103448,0.625,0.5,0.0,0.0,0.30188679245283034,0.3555555555555554,0.3142857142857145,0.0,0.3582089552238805,0.30508474576271194,0.5306122448979593,0.5476190476190477,0.7941176470588234,0.4516129032258065,0.5593220338983051,0.5172413793103448,0.625,0.5116279069767442,0.4571428571428573,0.0,0.30188679245283034,0.3157894736842106,0.33333333333333326,0.33333333333333326,0.37037037037037024
2025:01:24:10:25:35,RP17,SM-S908E,2212343,38,-36.77935835123937,42.0,24.0,train,0.5,0.34285714285714297,0.0,0.40625,0.3220338983050848,0.5306122448979593,0.6666666666666665,0.7714285714285716,0.4838709677419355,0.593220338983051,0.5862068965517242,0.6964285714285714,0.5119047619047619,0.7878787878787881,0.2678571428571428,0.2452830188679247,0.5111111111111111,0.34285714285714297,0.0,0.3731343283582089,0.30508474576271194,0.5306122448979593,0.6666666666666665,0.7941176470588234,0.4838709677419355,0.593220338983051,0.5862068965517242,0.6964285714285714,0.5116279069767442,0.7142857142857144,0.25,0.2264150943396228,0.45614035087719307,0.45614035087719307,0.2777777777777777,0.2777777777777777
2025:01:24:10:26:09,RP17,SM-S908E,2212343,37,-36.86294143439305,42.0,24.0,train,0.5,0.3142857142857145,0.32432432432432456,0.390625,0.31355932203389836,0.5102040816326532,0.6428571428571428,0.8,0.4838709677419355,0.576271186440678,0.6551724137931034,0.5357142857142856,0.5,0.7575757575757578,0.0,0.2641509433962266,0.5111111111111111,0.3142857142857145,0.32432432432432456,0.3731343283582089,0.27118644067796627,0.5306122448979593,0.6428571428571428,0.8235294117647056,0.467741935483871,0.576271186440678,0.6551724137931034,0.5357142857142856,0.4651162790697674,0.7142857142857144,0.0,0.2452830188679247,0.4736842105263157,0.49122807017543857,0.3148148148148149,0.3148148148148149
2025:01:24:10:24:54,RP17,SM-S908E,2212343,38,-37.59232243717254,42.0,24.0,train,0.5869565217391304,0.37142857142857144,0.3783783783783785,0.390625,0.30508474576271194,0.5306122448979593,0.6666666666666665,0.8285714285714287,0.4516129032258065,0.5423728813559323,0.6724137931034483,0.625,0.5,0.7575757575757578,0.2857142857142858,0.2641509433962266,0.5333333333333332,0.34285714285714297,0.43243243243243246,0.3731343283582089,0.30508474576271194,0.5306122448979593,0.6666666666666665,0.8529411764705881,0.4516129032258065,0.5593220338983051,0.6724137931034483,0.625,0.4883720930232558,0.7142857142857144,0.2857142857142858,0.2452830188679247,0.45614035087719307,0.45614035087719307,0.33333333333333326,0.33333333333333326
2025:01:24:10:28:05,RP17,SM-S908E,2212343,35,30.557835972242835,42.0,24.0,train,0.4782608695652173,0.34285714285714297,0.0,0.34375,0.3220338983050848,0.5714285714285714,0.6666666666666665,0.7714285714285716,0.5,0.576271186440678,0.5172413793103448,0.6428571428571428,0.5476190476190477,0.6666666666666665,0.3392857142857142,0.0,0.46666666666666656,0.34285714285714297,0.3513513513513513,0.3283582089552237,0.2881355932203391,0.5714285714285714,0.6666666666666665,0.8235294117647056,0.4838709677419355,0.4576271186440679,0.5172413793103448,0.6428571428571428,0.5116279069767442,0.6285714285714286,0.3571428571428572,0.0,0.4736842105263157,0.4736842105263157,0.40740740740740744,0.40740740740740744
2025:01:24:10:24:10,RP17,SM-S908E,2212343,33,-37.809779400989726,42.0,24.0,train,0.5217391304347827,0.37142857142857144,0.0,0.390625,0.31355932203389836,0.5102040816326532,0.6666666666666665,0.8285714285714287,0.467741935483871,0.5593220338983051,0.6551724137931034,0.625,0.5238095238095237,0.7575757575757578,0.0,0.20754716981132093,0.5333333333333332,0.37142857142857144,0.0,0.3731343283582089,0.25423728813559343,0.5102040816326532,0.6666666666666665,0.8529411764705881,0.467741935483871,0.5423728813559323,0.6551724137931034,0.625,0.5116279069767442,0.7142857142857144,0.0,0.20754716981132093,0.45614035087719307,0.45614035087719307,0.33333333333333326,0.33333333333333326
2025:01:24:10:27:26,RP17,SM-S908E,2212343,37,30.579470858586973,42.0,24.0,train,0.4565217391304348,0.3571428571428572,0.40540540540540526,0.390625,0.31355932203389836,0.5306122448979593,0.6428571428571428,0.9142857142857144,0.4193548387096775,0.5254237288135595,0.603448275862069,0.625,0.5,0.7272727272727275,0.3392857142857142,0.0,0.5,0.34285714285714297,0.40540540540540526,0.3731343283582089,0.30508474576271194,0.6122448979591837,0.6428571428571428,0.9411764705882351,0.4193548387096775,0.5254237288135595,0.5862068965517242,0.625,0.4883720930232558,0.6857142857142859,0.3214285714285714,0.0,0.3859649122807016,0.4035087719298245,0.38888888888888884,0.40740740740740744
2025:01:24:10:20:13,RP17,SM-S908E,2212343,38,-91.38602347823263,42.0,24.0,train,0.3913043478260869,0.37142857142857144,0.0,0.359375,0.31355932203389836,0.5306122448979593,0.6190476190476191,0.8,0.467741935483871,0.5423728813559323,0.6206896551724137,0.6428571428571428,0.5119047619047619,0.6363636363636362,0.375,0.2641509433962266,0.3999999999999999,0.37142857142857144,0.0,0.3432835820895521,0.30508474576271194,0.5306122448979593,0.6190476190476191,0.9411764705882351,0.467741935483871,0.5423728813559323,0.6206896551724137,0.6428571428571428,0.5813953488372092,0.6000000000000001,0.3571428571428572,0.28301886792452846,0.0,0.0,0.38888888888888884,0.40740740740740744
2025:01:24:10:30:52,RP17,SM-S908E,2212343,38,-155.86248250246126,42.0,24.0,train,0.36956521739130443,0.3999999999999999,0.3783783783783785,0.28125,0.31355932203389836,0.5102040816326532,0.5952380952380951,0.8,0.5,0.6779661016949153,0.603448275862069,0.5892857142857142,0.5238095238095237,0.5454545454545454,0.2678571428571428,0.30188679245283034,0.37777777777777777,0.3999999999999999,0.3513513513513513,0.3582089552238805,0.30508474576271194,0.5102040816326532,0.5952380952380951,0.8235294117647056,0.5161290322580645,0.5677966101694916,0.603448275862069,0.5892857142857142,0.5116279069767442,0.5142857142857142,0.2678571428571428,0.30188679245283034,0.3508771929824561,0.368421052631579,0.35185185185185186,0.35185185185185186
2025:01:24:10:28:52,RP17,SM-S908E,2212343,37,29.35037841224839,42.0,24.0,train,0.4782608695652173,0.3999999999999999,0.32432432432432456,0.375,0.30508474576271194,0.5306122448979593,0.6428571428571428,0.8571428571428572,0.4516129032258065,0.5593220338983051,0.48275862068965525,0.625,0.5476190476190477,0.6666666666666665,0.2678571428571428,0.18867924528301905,0.5555555555555554,0.3999999999999999,0.3783783783783785,0.3582089552238805,0.30508474576271194,0.5306122448979593,0.6428571428571428,0.8823529411764703,0.4516129032258065,0.5593220338983051,0.4655172413793103,0.625,0.5116279069767442,0.6285714285714286,0.25,0.18867924528301905,0.4035087719298245,0.4035087719298245,0.38888888888888884,0.0
2025:01:24:10:30:12,RP17,SM-S908E,2212343,40,-157.5043217122984,42.0,24.0,validation,0.5652173913043479,0.4571428571428573,0.5675675675675675,0.421875,0.30508474576271194,0.5918367346938775,0.5,0.9142857142857144,0.4838709677419355,0.6101694915254239,0.5862068965517242,0.5892857142857142,0.6428571428571428,0.6666666666666665,0.3214285714285714,0.2264150943396228,0.5777777777777777,0.4571428571428573,0.5405405405405403,0.31343283582089554,0.3220338983050848,0.5918367346938775,0.5,0.9411764705882351,0.4838709677419355,0.593220338983051,0.5862068965517242,0.5892857142857142,0.6046511627906976,0.6285714285714286,0.3214285714285714,0.2452830188679247,0.3859649122807016,0.3859649122807016,0.40740740740740744,0.40740740740740744
2025:01:24:10:21:09,RP17,SM-S908E,2212343,41,-91.14419518164178,42.0,24.0,validation,0.4130434782608696,0.28571428571428603,0.29729729729729737,0.390625,0.42372881355932224,0.5918367346938775,0.6666666666666665,0.8857142857142859,0.5483870967741935,0.6271186440677967,0.6379310344827587,0.5714285714285714,0.5714285714285714,0.6666666666666665,0.3392857142857142,0.2452830188679247,0.42222222222222205,0.28571428571428603,0.0,0.3731343283582089,0.42372881355932224,0.5918367346938775,0.6666666666666665,0.9117647058823528,0.5483870967741935,0.6271186440677967,0.6379310344827587,0.5714285714285714,0.5348837209302326,0.6285714285714286,0.0,0.2452830188679247,0.4736842105263157,0.4736842105263157,0.40740740740740744,0.40740740740740744
2025:01:24:10:29:27,RP17,SM-S908E,2212343,36,27.926722676712668,42.0,24.0,validation,0.5217391304347827,0.0,0.2702702702702702,0.34375,0.3728813559322035,0.5510204081632655,0.5,0.8571428571428572,0.4516129032258065,0.47457627118644075,0.5172413793103448,0.5892857142857142,0.5476190476190477,0.606060606060606,0.3214285714285714,0.15094339622641528,0.5333333333333332,0.0,0.0,0.3283582089552237,0.3728813559322035,0.5510204081632655,0.5,0.8823529411764703,0.4516129032258065,0.47457627118644075,0.5172413793103448,0.5892857142857142,0.5348837209302326,0.5714285714285716,0.3214285714285714,0.1320754716981134,0.42105263157894735,0.42105263157894735,0.37037037037037024,0.40740740740740744
2025:01:24:10:19:36,RP17,SM-S908E,2212343,36,-92.21900097994973,42.0,24.0,test,0.30434782608695654,0.0,0.0,0.46875,0.35593220338983067,0.6326530612244898,0.7380952380952381,0.6000000000000001,0.5806451612903225,0.5423728813559323,0.7241379310344828,0.9642857142857142,0.6190476190476191,0.5151515151515151,0.4821428571428572,0.5471698113207548,0.28888888888888875,0.20000000000000018,0.0,0.4477611940298507,0.35593220338983067,0.6326530612244898,0.7380952380952381,0.617647058823529,0.5806451612903225,0.5423728813559323,0.7241379310344828,0.9642857142857142,0.0,0.48571428571428577,0.4642857142857142,0.5471698113207548,0.0,0.45614035087719307,0.3148148148148149,0.3148148148148149
2025:01:24:10:22:22,RP17,SM-S908E,2212343,38,-91.60405683759171,42.0,24.0,test,0.4782608695652173,0.34285714285714297,0.3513513513513513,0.359375,0.4406779661016951,0.6122448979591837,0.6904761904761905,0.9714285714285715,0.5806451612903225,0.576271186440678,0.6206896551724137,0.7142857142857142,0.5952380952380951,0.5757575757575757,0.375,0.3396226415094341,0.46666666666666656,0.34285714285714297,0.3783783783783785,0.3283582089552237,0.4067796610169492,0.6122448979591837,0.6904761904761905,0.9705882352941173,0.564516129032258,0.576271186440678,0.6206896551724137,0.7142857142857142,0.7674418604651163,0.5428571428571431,0.375,0.3396226415094341,0.4385964912280702,0.4385964912280702,0.4444444444444444,0.4444444444444444
2025:01:24:10:21:42,RP17,SM-S908E,2212343,35,-91.38824655447775,42.0,24.0,test,0.4347826086956521,0.0,0.0,0.375,0.4406779661016951,0.5918367346938775,0.6190476190476191,0.8857142857142859,0.5161290322580645,0.6271186440677967,0.5344827586206897,0.5714285714285714,0.5714285714285714,0.6363636363636362,0.3392857142857142,0.2452830188679247,0.42222222222222205,0.0,0.0,0.3582089552238805,0.4406779661016951,0.5918367346938775,0.6190476190476191,0.9117647058823528,0.532258064516129,0.6271186440677967,0.5344827586206897,0.5714285714285714,0.5813953488372092,0.6000000000000001,0.3392857142857142,0.2264150943396228,0.0,0.4736842105263157,0.4259259259259258,0.4259259259259258
2025:01:21:11:57:05,RP18,SM-S908E,2212343,35,-69.36916336081288,-13.0,33.0,train,0.4565217391304348,0.34285714285714297,0.43243243243243246,0.484375,0.4915254237288136,0.5714285714285714,0.7380952380952381,0.0,0.30645161290322576,0.33898305084745783,0.5,0.5,0.3571428571428572,0.27272727272727293,0.75,0.6981132075471699,0.46666666666666656,0.47142857142857153,0.43243243243243246,0.462686567164179,0.4915254237288136,0.5714285714285714,0.7380952380952381,0.3235294117647056,0.30645161290322576,0.33898305084745783,0.48275862068965525,0.5,0.34883720930232553,0.2571428571428571,0.75,0.6981132075471699,0.5263157894736841,0.5263157894736841,0.5925925925925926,0.5925925925925926
2025:01:21:12:00:38,RP18,SM-S908E,2212343,32,118.760342647757,-13.0,33.0,train,0.5434782608695652,0.4571428571428573,0.0,0.515625,0.42372881355932224,0.5918367346938775,0.6428571428571428,0.3142857142857145,0.37096774193548376,0.38983050847457634,0.6206896551724137,0.5357142857142856,0.5,0.0,0.7321428571428571,0.6226415094339623,0.5555555555555554,0.4285714285714288,0.0,0.4925373134328358,0.42372881355932224,0.5918367346938775,0.6428571428571428,0.3235294117647056,0.35483870967741926,0.3728813559322035,0.6206896551724137,0.5357142857142856,0.4883720930232558,0.0,0.7321428571428571,0.6415094339622642,0.6491228070175439,0.6491228070175439,0.537037037037037,0.537037037037037
2025:01:21:12:05:20,RP18,SM-S908E,2212343,36,176.63989166956426,-13.0,33.0,train,0.5652173913043479,0.5428571428571431,0.5135135135135136,0.53125,0.47457627118644075,0.5510204081632655,0.6666666666666665,0.34285714285714297,0.35483870967741926,0.27118644067796627,0.39655172413793105,0.4285714285714286,0.4285714285714286,0.39393939393939403,0.6607142857142856,0.679245283018868,0.5555555555555554,0.47142857142857153,0.5135135135135136,0.4925373134328358,0.47457627118644075,0.5510204081632655,0.6666666666666665,0.35294117647058787,0.35483870967741926,0.25423728813559343,0.39655172413793105,0.4285714285714286,0.0,0.37142857142857144,0.6607142857142856,0.6981132075471699,0.7017543859649122,0.7017543859649122,0.574074074074074,0.574074074074074
2025:01:21:12:04:05,RP18,SM-S908E,2212343,33,118.6271643378568,-13.0,33.0,train,0.36956521739130443,0.4571428571428573,0.4864864864864864,0.5625,0.4576271186440679,0.4285714285714286,0.6190476190476191,0.0,0.33870967741935476,0.27118644067796627,0.4137931034482758,0.4285714285714286,0.38095238095238093,0.36363636363636376,0.6607142857142856,0.6603773584905661,0.37777777777777777,0.4571428571428573,0.5135135135135136,0.5373134328358208,0.4576271186440679,0.40816326530612246,0.6190476190476191,0.0,0.27419354838709675,0.27118644067796627,0.4137931034482758,0.4285714285714286,0.34883720930232553,0.34285714285714297,0.6428571428571428,0.679245283018868,0.5614035087719298,0.0,0.6296296296296295,0.6481481481481481
2025:01:21:11:55:37,RP18,SM-S908E,2212343,32,-130.61352735566288,-13.0,33.0,train,0.5434782608695652,0.37142857142857144,0.0,0.484375,0.4915254237288136,0.5510204081632655,0.7142857142857142,0.3142857142857145,0.0,0.35593220338983067,0.4655172413793103,0.4642857142857142,0.33333333333333326,0.36363636363636376,0.8035714285714285,0.7169811320754718,0.5555555555555554,0.47142857142857153,0.0,0.462686567164179,0.4915254237288136,0.5306122448979593,0.7142857142857142,0.2941176470588234,0.0,0.3728813559322035,0.4482758620689655,0.4642857142857142,0.3255813953488371,0.34285714285714297,0.7857142857142857,0.7169811320754718,0.5964912280701755,0.5964912280701755,0.574074074074074,0.574074074074074
2025:01:21:12:03:24,RP18,SM-S908E,2212343,34,117.62936979679236,-13.0,33.0,train,0.36956521739130443,0.5142857142857142,0.5135135135135136,0.5,0.4067796610169492,0.44897959183673475,0.6428571428571428,0.0,0.24193548387096775,0.27118644067796627,0.4137931034482758,0.4285714285714286,0.40476190476190466,0.36363636363636376,0.5892857142857142,0.6037735849056605,0.37777777777777777,0.5142857142857142,0.5135135135135136,0.4776119402985074,0.4067796610169492,0.44897959183673475,0.6428571428571428,0.0,0.24193548387096775,0.2881355932203391,0.4482758620689655,0.4642857142857142,0.37209302325581395,0.34285714285714297,0.5892857142857142,0.5849056603773586,0.5438596491228069,0.5438596491228069,0.6666666666666665,0.6666666666666665
2025:01:21:11:56:23,RP18,SM-S908E,2212343,34,-130.73430112929853,-13.0,33.0,train,0.4565217391304348,0.34285714285714297,0.40540540540540526,0.46875,0.4915254237288136,0.5510204081632655,0.6904761904761905,0.0,0.30645161290322576,0.3220338983050848,0.48275862068965525,0.5,0.40476190476190466,0.36363636363636376,0.7857142857142857,0.7169811320754718,0.46666666666666656,0.47142857142857153,0.3783783783783785,0.4477611940298507,0.4915254237288136,0.5510204081632655,0.6904761904761905,0.0,0.30645161290322576,0.3220338983050848,0.48275862068965525,0.5,0.2325581395348837,0.34285714285714297,0.7678571428571428,0.7358490566037736,0.0,0.0,0.5555555555555556,0.5555555555555556
2025:01:21:11:58:54,RP18,SM-S908E,2212343,36,-70.63890658975821,-13.0,33.0,train,0.5434782608695652,0.48571428571428577,0.3513513513513513,0.515625,0.38983050847457634,0.6122448979591837,0.6428571428571428,0.1714285714285717,0.3870967741935485,0.35593220338983067,0.603448275862069,0.5178571428571428,0.45238095238095233,0.2424242424242422,0.6785714285714286,0.5849056603773586,0.5555555555555554,0.48571428571428577,0.3513513513513513,0.4925373134328358,0.38983050847457634,0.6122448979591837,0.6428571428571428,0.17647058823529393,0.3870967741935485,0.35593220338983067,0.603448275862069,0.5178571428571428,0.4186046511627908,0.2571428571428571,0.6785714285714286,0.6037735849056605,0.6491228070175439,0.5789473684210527,0.5185185185185186,0.5185185185185186
2025:01:21:11:59:33,RP18,SM-S908E,2212343,32,-68.62065702683194,-13.0,33.0,train,0.4565217391304348,0.48571428571428577,0.32432432432432456,0.5,0.42372881355932224,0.6122448979591837,0.6190476190476191,0.0,0.403225806451613,0.35593220338983067,0.5862068965517242,0.5178571428571428,0.38095238095238093,0.0,0.6964285714285714,0.6415094339622642,0.4444444444444444,0.48571428571428577,0.3513513513513513,0.4776119402985074,0.42372881355932224,0.6122448979591837,0.5952380952380951,0.0,0.403225806451613,0.35593220338983067,0.5862068965517242,0.5178571428571428,0.39534883720930236,0.0,0.6964285714285714,0.6415094339622642,0.0,0.0,0.5555555555555556,0.5555555555555556
2025:01:21:12:01:27,RP18,SM-S908E,2212343,35,119.8083397508308,-13.0,33.0,train,0.4565217391304348,0.48571428571428577,0.4864864864864864,0.5625,0.4576271186440679,0.4285714285714286,0.6428571428571428,0.0,0.27419354838709675,0.27118644067796627,0.4310344827586208,0.4107142857142856,0.38095238095238093,0.3333333333333335,0.5535714285714286,0.5660377358490567,0.46666666666666656,0.48571428571428577,0.4864864864864864,0.5373134328358208,0.4576271186440679,0.4285714285714286,0.6428571428571428,0.1470588235294117,0.27419354838709675,0.27118644067796627,0.4310344827586208,0.4107142857142856,0.34883720930232553,0.3142857142857145,0.5535714285714286,0.5849056603773586,0.6140350877192982,0.6140350877192982,0.6851851851851851,0.6851851851851851
2025:01:21:11:57:43,RP18,SM-S908E,2212343,35,-69.72091933997756,-13.0,33.0,train,0.5434782608695652,0.4571428571428573,0.32432432432432456,0.53125,0.42372881355932224,0.5918367346938775,0.6666666666666665,0.1428571428571428,0.37096774193548376,0.3728813559322035,0.5517241379310345,0.4464285714285714,0.5,0.3333333333333335,0.7321428571428571,0.0,0.6666666666666665,0.4571428571428573,0.3513513513513513,0.5074626865671641,0.4406779661016951,0.5918367346938775,0.6666666666666665,0.1470588235294117,0.37096774193548376,0.3728813559322035,0.5517241379310345,0.4464285714285714,0.4651162790697674,0.28571428571428603,0.7321428571428571,0.6981132075471699,0.7017543859649122,0.7017543859649122,0.5,0.5
2025:01:21:11:58:18,RP18,SM-S908E,2212343,34,-71.23591142355068,-13.0,33.0,train,0.5217391304347827,0.4571428571428573,0.2702702702702702,0.453125,0.42372881355932224,0.6122448979591837,0.5952380952380951,0.0,0.5,0.33898305084745783,0.603448275862069,0.4285714285714286,0.4761904761904763,0.4545454545454546,0.7142857142857142,0.6415094339622642,0.5333333333333332,0.48571428571428577,0.29729729729729737,0.4328358208955223,0.42372881355932224,0.5918367346938775,0.5714285714285714,0.0,0.403225806451613,0.33898305084745783,0.5862068965517242,0.4285714285714286,0.4651162790697674,0.4285714285714288,0.6964285714285714,0.6415094339622642,0.6140350877192982,0.6140350877192982,0.4814814814814814,0.4814814814814814
2025:01:21:12:06:26,RP18,SM-S908E,2212343,40,176.80738442181487,-13.0,33.0,train,0.4565217391304348,0.4571428571428573,0.5135135135135136,0.53125,0.42372881355932224,0.5306122448979593,0.6666666666666665,0.3142857142857145,0.3870967741935485,0.30508474576271194,0.4482758620689655,0.4642857142857142,0.4285714285714286,0.39393939393939403,0.6071428571428572,0.7358490566037736,0.4444444444444444,0.4571428571428573,0.5135135135135136,0.5074626865671641,0.42372881355932224,0.5306122448979593,0.6666666666666665,0.2941176470588234,0.3870967741935485,0.30508474576271194,0.4482758620689655,0.4642857142857142,0.4186046511627908,0.37142857142857144,0.6071428571428572,0.7358490566037736,0.6491228070175439,0.6491228070175439,0.537037037037037,0.537037037037037
2025:01:21:12:02:26,RP18,SM-S908E,2212343,33,118.84242458148744,-13.0,33.0,train,0.5217391304347827,0.48571428571428577,0.4864864864864864,0.46875,0.42372881355932224,0.4285714285714286,0.6190476190476191,0.0,0.32258064516129026,0.27118644067796627,0.4137931034482758,0.4285714285714286,0.40476190476190466,0.39393939393939403,0.7142857142857142,0.5660377358490567,0.4888888888888887,0.48571428571428577,0.0,0.4477611940298507,0.42372881355932224,0.4285714285714286,0.6190476190476191,0.0,0.32258064516129026,0.27118644067796627,0.39655172413793105,0.4464285714285714,0.37209302325581395,0.3999999999999999,0.6964285714285714,0.5849056603773586,0.631578947368421,0.631578947368421,0.6851851851851851,0.6851851851851851
2025:01:21:12:04:42,RP18,SM-S908E,2212343,30,177.90946874074902,-13.0,33.0,validation,0.5434782608695652,0.5142857142857142,0.0,0.515625,0.5084745762711866,0.4693877551020409,0.5476190476190477,0.0,0.27419354838709675,0.27118644067796627,0.4137931034482758,0.375,0.45238095238095233,0.39393939393939403,0.6607142857142856,0.6603773584905661,0.46666666666666656,0.5142857142857142,0.0,0.4776119402985074,0.5084745762711866,0.4693877551020409,0.5476190476190477,0.0,0.25806451612903225,0.2881355932203391,0.4137931034482758,0.375,0.44186046511627897,0.34285714285714297,0.6428571428571428,0.6603773584905661,0.0,0.0,0.6296296296296295,0.6296296296296295
2025:01:21:12:07:09,RP18,SM-S908E,2212343,36,177.64598263950217,-13.0,33.0,validation,0.5434782608695652,0.5142857142857142,0.5405405405405403,0.53125,0.42372881355932224,0.5714285714285714,0.6904761904761905,0.28571428571428603,0.30645161290322576,0.27118644067796627,0.4482758620689655,0.3571428571428572,0.4285714285714286,0.36363636363636376,0.6607142857142856,0.7547169811320755,0.46666666666666656,0.5142857142857142,0.5405405405405403,0.5074626865671641,0.42372881355932224,0.5714285714285714,0.6904761904761905,0.3235294117647056,0.30645161290322576,0.23728813559322037,0.4482758620689655,0.3392857142857142,0.4186046511627908,0.37142857142857144,0.6607142857142856,0.7358490566037736,0.6140350877192982,0.6140350877192982,0.5,0.5
2025:01:21:11:54:36,RP18,SM-S908E,2212343,37,-130.47302091556296,-13.0,33.0,validation,0.0,0.3142857142857145,0.40540540540540526,0.484375,0.4576271186440679,0.5510204081632655,0.7142857142857142,0.34285714285714297,0.29032258064516125,0.33898305084745783,0.48275862068965525,0.5,0.30952380952380953,0.3030303030303032,0.7857142857142857,0.7358490566037736,0.5999999999999999,0.3142857142857145,0.45945945945945965,0.462686567164179,0.4576271186440679,0.5510204081632655,0.7142857142857142,0.35294117647058787,0.29032258064516125,0.33898305084745783,0.48275862068965525,0.5,0.30232558139534893,0.28571428571428603,0.7857142857142857,0.7358490566037736,0.5263157894736841,0.5263157894736841,0.574074074074074,0.574074074074074
2025:01:21:11:53:27,RP18,SM-S908E,2212343,39,-130.9884251001729,-13.0,33.0,test,0.6086956521739131,0.6000000000000001,0.40540540540540526,0.609375,0.47457627118644075,0.5918367346938775,0.5714285714285714,0.48571428571428577,0.5,0.47457627118644075,0.5344827586206897,0.5357142857142856,0.5952380952380951,0.4545454545454546,0.8571428571428571,0.679245283018868,0.6222222222222222,0.6000000000000001,0.40540540540540526,0.5820895522388059,0.47457627118644075,0.5918367346938775,0.5714285714285714,0.4705882352941173,0.5,0.47457627118644075,0.5344827586206897,0.5357142857142856,0.5813953488372092,0.4285714285714288,0.8571428571428571,0.679245283018868,0.6491228070175439,0.6491228070175439,0.40740740740740744,0.40740740740740744
2025:01:21:11:54:01,RP18,SM-S908E,2212343,36,-130.97904005148865,-13.0,33.0,test,0.4347826086956521,0.34285714285714297,0.3513513513513513,0.515625,0.47457627118644075,0.5102040816326532,0.5714285714285714,0.34285714285714297,0.19354838709677424,0.33898305084745783,0.4137931034482758,0.375,0.45238095238095233,0.36363636363636376,0.75,0.7169811320754718,0.4444444444444444,0.3142857142857145,0.32432432432432456,0.4925373134328358,0.47457627118644075,0.5102040816326532,0.5714285714285714,0.23529411764705843,0.17741935483870974,0.33898305084745783,0.4137931034482758,0.375,0.44186046511627897,0.34285714285714297,0.75,0.7169811320754718,0.5789473684210527,0.5789473684210527,0.5925925925925926,0.5925925925925926
2025:01:21:12:08:04,RP18,SM-S908E,2212343,36,176.7389045061408,-13.0,33.0,test,0.4782608695652173,0.4571428571428573,0.5135135135135136,0.46875,0.4406779661016951,0.5102040816326532,0.6904761904761905,0.34285714285714297,0.30645161290322576,0.2881355932203391,0.4655172413793103,0.5178571428571428,0.4285714285714286,0.4545454545454546,0.6071428571428572,0.7169811320754718,0.5111111111111111,0.4571428571428573,0.5135135135135136,0.4477611940298507,0.4406779661016951,0.48979591836734704,0.6904761904761905,0.2941176470588234,0.30645161290322576,0.2881355932203391,0.4655172413793103,0.5178571428571428,0.4186046511627908,0.3999999999999999,0.6071428571428572,0.7169811320754718,0.631578947368421,0.631578947368421,0.5555555555555556,0.5555555555555556
2025:01:21:11:42:30,RP19,SM-S908E,2212343,34,-63.01383528313047,0.0,33.0,train,0.6086956521739131,0.6857142857142859,0.40540540540540526,0.5625,0.593220338983051,0.6122448979591837,0.5,0.0,0.564516129032258,0.6271186440677967,0.7586206896551724,0.8035714285714285,0.5952380952380951,0.5454545454545454,0.625,0.6603773584905661,0.6222222222222222,0.6857142857142859,0.40540540540540526,0.5373134328358208,0.593220338983051,0.5918367346938775,0.5,0.0,0.5806451612903225,0.6101694915254239,0.7586206896551724,0.8035714285714285,0.5813953488372092,0.5714285714285716,0.625,0.6603773584905661,0.5438596491228069,0.5438596491228069,0.4814814814814814,0.5
2025:01:21:11:50:51,RP19,SM-S908E,2212343,34,176.47038210587482,0.0,33.0,train,0.4565217391304348,0.34285714285714297,0.0,0.53125,0.6440677966101696,0.5816326530612246,0.6190476190476191,0.2571428571428571,0.5967741935483871,0.7118644067796611,0.6206896551724137,0.5714285714285714,0.5476190476190477,0.5757575757575757,0.7321428571428571,0.7358490566037736,0.46666666666666656,0.37142857142857144,0.0,0.5074626865671641,0.6440677966101696,0.4285714285714286,0.6190476190476191,0.2941176470588234,0.5967741935483871,0.7118644067796611,0.6206896551724137,0.5714285714285714,0.5116279069767442,0.6000000000000001,0.7321428571428571,0.7169811320754718,0.45614035087719307,0.45614035087719307,0.35185185185185186,0.35185185185185186
2025:01:21:11:46:29,RP19,SM-S908E,2212343,36,115.20511661065844,0.0,33.0,train,0.4782608695652173,0.5142857142857142,0.5135135135135136,0.5,0.6101694915254239,0.6122448979591837,0.5,0.4571428571428573,0.6774193548387096,0.6101694915254239,0.7586206896551724,0.6071428571428572,0.7142857142857142,0.5757575757575757,0.5357142857142856,0.6981132075471699,0.4888888888888887,0.5142857142857142,0.4864864864864864,0.4776119402985074,0.6101694915254239,0.6122448979591837,0.5,0.44117647058823506,0.6774193548387096,0.6271186440677967,0.7586206896551724,0.6071428571428572,0.6744186046511629,0.5428571428571431,0.5357142857142856,0.6981132075471699,0.5263157894736841,0.42105263157894735,0.5,0.5185185185185186
2025:01:21:11:41:40,RP19,SM-S908E,2212343,32,-129.36195261840115,0.0,33.0,train,0.5869565217391304,0.6857142857142859,0.0,0.515625,0.5423728813559323,0.5918367346938775,0.5,0.0,0.6451612903225806,0.6271186440677967,0.7586206896551724,0.7857142857142857,0.6190476190476191,0.5757575757575757,0.6428571428571428,0.679245283018868,0.5777777777777777,0.6857142857142859,0.0,0.4776119402985074,0.5423728813559323,0.5918367346938775,0.5,0.0,0.6451612903225806,0.6271186440677967,0.7413793103448276,0.7857142857142857,0.627906976744186,0.5428571428571431,0.6428571428571428,0.679245283018868,0.5614035087719298,0.5614035087719298,0.462962962962963,0.462962962962963
2025:01:21:11:49:09,RP19,SM-S908E,2212343,36,178.66075392003634,0.0,33.0,train,0.4782608695652173,0.37142857142857144,0.24324324324324342,0.5625,0.6101694915254239,0.5714285714285714,0.5714285714285714,0.3999999999999999,0.6451612903225806,0.7118644067796611,0.7241379310344828,0.625,0.5952380952380951,0.606060606060606,0.6607142857142856,0.7169811320754718,0.4888888888888887,0.37142857142857144,0.24324324324324342,0.5373134328358208,0.6101694915254239,0.5306122448979593,0.5714285714285714,0.5588235294117645,0.6290322580645161,0.7118644067796611,0.7241379310344828,0.625,0.5813953488372092,0.6285714285714286,0.6607142857142856,0.7169811320754718,0.5263157894736841,0.5263157894736841,0.5555555555555556,0.5555555555555556
2025:01:21:11:52:10,RP19,SM-S908E,2212343,36,176.71521843089013,0.0,33.0,train,0.5434782608695652,0.4285714285714288,0.3783783783783785,0.4375,0.6271186440677967,0.5306122448979593,0.6190476190476191,0.48571428571428577,0.6774193548387096,0.7118644067796611,0.7586206896551724,0.6607142857142856,0.6190476190476191,0.5757575757575757,0.7321428571428571,0.6981132075471699,0.5555555555555554,0.4285714285714288,0.3513513513513513,0.4328358208955223,0.6271186440677967,0.5306122448979593,0.6190476190476191,0.38235294117647056,0.6774193548387096,0.7118644067796611,0.7586206896551724,0.6607142857142856,0.6046511627906976,0.5142857142857142,0.7142857142857142,0.6981132075471699,0.5263157894736841,0.5263157894736841,0.4814814814814814,0.4814814814814814
2025:01:21:11:47:07,RP19,SM-S908E,2212343,37,114.78470309890325,0.0,33.0,train,0.4347826086956521,0.48571428571428577,0.45945945945945965,0.5,0.6101694915254239,0.5510204081632655,0.5238095238095237,0.37142857142857144,0.6774193548387096,0.6271186440677967,0.6896551724137931,0.5714285714285714,0.6666666666666665,0.6363636363636362,0.5178571428571428,0.7547169811320755,0.4444444444444444,0.4571428571428573,0.45945945945945965,0.4776119402985074,0.6101694915254239,0.5510204081632655,0.5238095238095237,0.5882352941176467,0.6774193548387096,0.6271186440677967,0.6896551724137931,0.5714285714285714,0.6511627906976745,0.6000000000000001,0.5,0.7547169811320755,0.4385964912280702,0.4385964912280702,0.537037037037037,0.537037037037037
2025:01:21:11:48:29,RP19,SM-S908E,2212343,33,113.10645242118555,0.0,33.0,train,0.5434782608695652,0.3999999999999999,0.43243243243243246,0.5,0.6271186440677967,0.6938775510204083,0.5714285714285714,0.0,0.6451612903225806,0.5593220338983051,0.6896551724137931,0.6071428571428572,0.5476190476190477,0.606060606060606,0.5,0.6981132075471699,0.5555555555555554,0.4285714285714288,0.0,0.4776119402985074,0.6271186440677967,0.6938775510204083,0.5714285714285714,0.0,0.6451612903225806,0.5593220338983051,0.6896551724137931,0.6071428571428572,0.5348837209302326,0.5714285714285716,0.4821428571428572,0.6981132075471699,0.5263157894736841,0.5263157894736841,0.5185185185185186,0.5185185185185186
2025:01:21:11:43:09,RP19,SM-S908E,2212343,36,-64.72114065063926,0.0,33.0,train,0.4782608695652173,0.3142857142857145,0.0,0.59375,0.6101694915254239,0.6122448979591837,0.5714285714285714,0.28571428571428603,0.6451612903225806,0.6271186440677967,0.8103448275862069,0.6607142857142856,0.6666666666666665,0.606060606060606,0.75,0.6981132075471699,0.4888888888888887,0.3142857142857145,0.3783783783783785,0.5671641791044776,0.6101694915254239,0.6122448979591837,0.5714285714285714,0.2647058823529411,0.6451612903225806,0.6271186440677967,0.7931034482758621,0.6607142857142856,0.627906976744186,0.5714285714285716,0.75,0.6981132075471699,0.5263157894736841,0.5263157894736841,0.4259259259259258,0.4259259259259258
2025:01:21:11:40:28,RP19,SM-S908E,2212343,38,-129.84237772961836,0.0,33.0,train,0.5217391304347827,0.6285714285714286,0.40540540540540526,0.59375,0.6101694915254239,0.5510204081632655,0.5,0.34285714285714297,0.6612903225806451,0.6610169491525425,0.8103448275862069,0.6607142857142856,0.5952380952380951,0.48484848484848486,0.6071428571428572,0.6981132075471699,0.5555555555555554,0.6285714285714286,0.40540540540540526,0.5671641791044776,0.6101694915254239,0.5306122448979593,0.5,0.2647058823529411,0.6612903225806451,0.6610169491525425,0.8103448275862069,0.6607142857142856,0.558139534883721,0.4571428571428573,0.6071428571428572,0.6981132075471699,0.5263157894736841,0.5263157894736841,0.4444444444444444,0.4444444444444444
2025:01:21:11:51:27,RP19,SM-S908E,2212343,34,176.37959694323635,0.0,33.0,train,0.4782608695652173,0.4285714285714288,0.0,0.578125,0.6610169491525425,0.44897959183673475,0.5952380952380951,0.34285714285714297,0.6129032258064516,0.728813559322034,0.5344827586206897,0.4821428571428572,0.6666666666666665,0.5757575757575757,0.7321428571428571,0.679245283018868,0.46666666666666656,0.4285714285714288,0.0,0.5522388059701492,0.6610169491525425,0.44897959183673475,0.5952380952380951,0.38235294117647056,0.6129032258064516,0.728813559322034,0.7327586206896551,0.4821428571428572,0.6511627906976745,0.5142857142857142,0.7142857142857142,0.679245283018868,0.5438596491228069,0.5438596491228069,0.35185185185185186,0.35185185185185186
2025:01:21:11:45:08,RP19,SM-S908E,2212343,36,-65.91067551784421,0.0,33.0,train,0.4347826086956521,0.28571428571428603,0.32432432432432456,0.53125,0.6101694915254239,0.6938775510204083,0.5476190476190477,0.37142857142857144,0.5967741935483871,0.593220338983051,0.7758620689655172,0.6607142857142856,0.6666666666666665,0.5757575757575757,0.625,0.6981132075471699,0.42222222222222205,0.3142857142857145,0.32432432432432456,0.5074626865671641,0.6101694915254239,0.6938775510204083,0.5476190476190477,0.4117647058823528,0.5967741935483871,0.593220338983051,0.7758620689655172,0.6607142857142856,0.627906976744186,0.5428571428571431,0.625,0.6981132075471699,0.5438596491228069,0.5438596491228069,0.4259259259259258,0.4444444444444444
2025:01:21:11:47:52,RP19,SM-S908E,2212343,36,116.60697244800502,0.0,33.0,train,0.5434782608695652,0.5714285714285716,0.40540540540540526,0.578125,0.6440677966101696,0.6938775510204083,0.5714285714285714,0.34285714285714297,0.6612903225806451,0.6271186440677967,0.6896551724137931,0.5892857142857142,0.5714285714285714,0.5151515151515151,0.6428571428571428,0.6981132075471699,0.5333333333333332,0.5714285714285716,0.40540540540540526,0.5522388059701492,0.6440677966101696,0.6938775510204083,0.5714285714285714,0.49999999999999956,0.6612903225806451,0.6271186440677967,0.6896551724137931,0.5892857142857142,0.558139534883721,0.48571428571428577,0.6428571428571428,0.6981132075471699,0.42105263157894735,0.42105263157894735,0.5555555555555556,0.5555555555555556
2025:01:21:11:41:05,RP19,SM-S908E,2212343,34,-129.38518605699372,0.0,33.0,train,0.5434782608695652,0.7142857142857144,0.43243243243243246,0.5,0.6101694915254239,0.5510204081632655,0.5238095238095237,0.28571428571428603,0.6290322580645161,0.6271186440677967,0.6896551724137931,0.5178571428571428,0.5714285714285714,0.5454545454545454,0.6428571428571428,0.679245283018868,0.5555555555555554,0.7142857142857144,0.43243243243243246,0.4776119402985074,0.6101694915254239,0.5510204081632655,0.5238095238095237,0.2647058823529411,0.6129032258064516,0.6271186440677967,0.6896551724137931,0.5178571428571428,0.558139534883721,0.5142857142857142,0.6428571428571428,0.679245283018868,0.0,0.0,0.462962962962963,0.462962962962963
2025:01:21:11:39:32,RP19,SM-S908E,2212343,30,-129.6447932339675,0.0,33.0,validation,0.5434782608695652,0.6000000000000001,0.0,0.515625,0.6271186440677967,0.6326530612244898,0.5238095238095237,0.0,0.6290322580645161,0.5084745762711866,0.7413793103448276,0.625,0.6190476190476191,0.5454545454545454,0.625,0.5471698113207548,0.5555555555555554,0.657142857142857,0.0,0.4925373134328358,0.6101694915254239,0.6326530612244898,0.5238095238095237,0.0,0.6290322580645161,0.5084745762711866,0.7413793103448276,0.6071428571428572,0.6046511627906976,0.5428571428571431,0.6071428571428572,0.5471698113207548,0.0,0.0,0.4444444444444444,0.462962962962963
2025:01:21:11:45:50,RP19,SM-S908E,2212343,34,115.05363229920378,0.0,33.0,validation,0.4565217391304348,0.3142857142857145,0.0,0.46875,0.6271186440677967,0.6734693877551021,0.5714285714285714,0.34285714285714297,0.6612903225806451,0.593220338983051,0.7758620689655172,0.6428571428571428,0.6190476190476191,0.5757575757575757,0.625,0.509433962264151,0.46666666666666656,0.3142857142857145,0.0,0.4328358208955223,0.6101694915254239,0.6734693877551021,0.5952380952380951,0.38235294117647056,0.6451612903225806,0.593220338983051,0.7758620689655172,0.6428571428571428,0.6046511627906976,0.5428571428571431,0.625,0.509433962264151,0.4035087719298245,0.4035087719298245,0.4259259259259258,0.4259259259259258
2025:01:21:11:44:30,RP19,SM-S908E,2212343,32,-64.5691635954808,0.0,33.0,validation,0.5,0.0,0.0,0.578125,0.6101694915254239,0.6938775510204083,0.5714285714285714,0.37142857142857144,0.6290322580645161,0.6101694915254239,0.8448275862068966,0.6428571428571428,0.6190476190476191,0.5151515151515151,0.5892857142857142,0.49056603773584917,0.5111111111111111,0.0,0.0,0.5522388059701492,0.6101694915254239,0.6938775510204083,0.5714285714285714,0.35294117647058787,0.6451612903225806,0.6101694915254239,0.8448275862068966,0.6428571428571428,0.627906976744186,0.5142857142857142,0.5892857142857142,0.49056603773584917,0.5263157894736841,0.5263157894736841,0.4259259259259258,0.4259259259259258
2025:01:21:11:43:54,RP19,SM-S908E,2212343,36,-66.64480634074533,0.0,33.0,test,0.5217391304347827,0.3142857142857145,0.3513513513513513,0.53125,0.6440677966101696,0.6938775510204083,0.5476190476190477,0.22857142857142865,0.6290322580645161,0.593220338983051,0.7758620689655172,0.6607142857142856,0.6666666666666665,0.606060606060606,0.75,0.5283018867924529,0.5333333333333332,0.3142857142857145,0.3783783783783785,0.5074626865671641,0.6440677966101696,0.6938775510204083,0.5476190476190477,0.20588235294117618,0.6129032258064516,0.576271186440678,0.7758620689655172,0.6607142857142856,0.627906976744186,0.5714285714285716,0.75,0.5283018867924529,0.5964912280701755,0.5964912280701755,0.4259259259259258,0.4259259259259258
2025:01:21:11:38:43,RP19,SM-S908E,2212343,38,-129.7788653580281,0.0,33.0,test,0.6521739130434783,0.5142857142857142,0.5135135135135136,0.65625,0.7457627118644069,0.7551020408163265,0.6428571428571428,0.4285714285714288,0.6612903225806451,0.728813559322034,0.5172413793103448,0.8035714285714285,0.8333333333333333,0.7272727272727275,0.8214285714285714,0.7169811320754718,0.6444444444444444,0.5142857142857142,0.4864864864864864,0.626865671641791,0.7457627118644069,0.7551020408163265,0.6190476190476191,0.4117647058823528,0.6612903225806451,0.728813559322034,0.5172413793103448,0.8035714285714285,0.8372093023255813,0.7142857142857144,0.8035714285714285,0.6981132075471699,0.7368421052631579,0.7368421052631579,0.35185185185185186,0.35185185185185186
2025:01:21:11:49:47,RP19,SM-S908E,2212343,36,175.8631098683936,0.0,33.0,test,0.4782608695652173,0.3999999999999999,0.3513513513513513,0.578125,0.6271186440677967,0.48979591836734704,0.5,0.3999999999999999,0.532258064516129,0.728813559322034,0.5344827586206897,0.4642857142857142,0.4761904761904763,0.6363636363636362,0.6964285714285714,0.679245283018868,0.4888888888888887,0.37142857142857144,0.3513513513513513,0.5522388059701492,0.6271186440677967,0.48979591836734704,0.5,0.44117647058823506,0.5161290322580645,0.728813559322034,0.5344827586206897,0.4642857142857142,0.4651162790697674,0.6000000000000001,0.6964285714285714,0.679245283018868,0.49122807017543857,0.49122807017543857,0.4259259259259258,0.4259259259259258
2025:01:21:10:42:38,RP20,SM-S908E,2212343,38,-65.98285101129684,-22.0,34.0,train,0.7173913043478262,0.5714285714285716,0.6216216216216217,0.78125,0.7627118644067797,0.5510204081632655,0.5952380952380951,0.3999999999999999,0.33870967741935476,0.42372881355932224,0.4482758620689655,0.5178571428571428,0.7380952380952381,0.39393939393939403,0.6964285714285714,0.5660377358490567,0.711111111111111,0.5714285714285716,0.5945945945945947,0.7313432835820894,0.7627118644067797,0.5918367346938775,0.5952380952380951,0.44117647058823506,0.33870967741935476,0.4067796610169492,0.5,0.5178571428571428,0.558139534883721,0.3999999999999999,0.6785714285714286,0.5660377358490567,0.7543859649122806,0.7719298245614035,0.6666666666666665,0.6666666666666665
2025:01:21:10:46:44,RP20,SM-S908E,2212343,38,114.62473328250273,-22.0,34.0,train,0.7608695652173914,0.4285714285714288,0.6351351351351351,0.828125,0.728813559322034,0.5714285714285714,0.6428571428571428,0.5142857142857142,0.33870967741935476,0.2881355932203391,0.39655172413793105,0.5357142857142856,0.5238095238095237,0.36363636363636376,0.5892857142857142,0.5660377358490567,0.7777777777777777,0.4285714285714288,0.8378378378378379,0.7910447761194029,0.728813559322034,0.5714285714285714,0.6428571428571428,0.5588235294117645,0.33870967741935476,0.27118644067796627,0.39655172413793105,0.5357142857142856,0.5116279069767442,0.37142857142857144,0.5892857142857142,0.5660377358490567,0.7192982456140351,0.631578947368421,0.6481481481481481,0.6481481481481481
2025:01:21:10:44:34,RP20,SM-S908E,2212343,38,-68.32460973408783,-22.0,34.0,train,0.5869565217391304,0.5428571428571431,0.6756756756756757,0.71875,0.7627118644067797,0.5306122448979593,0.6190476190476191,0.4285714285714288,0.32258064516129026,0.35593220338983067,0.4482758620689655,0.5535714285714286,0.6428571428571428,0.27272727272727293,0.6428571428571428,0.5471698113207548,0.5999999999999999,0.5428571428571431,0.6756756756756757,0.6865671641791045,0.7627118644067797,0.5306122448979593,0.6190476190476191,0.44117647058823506,0.33870967741935476,0.35593220338983067,0.4482758620689655,0.5357142857142856,0.627906976744186,0.0,0.6428571428571428,0.5471698113207548,0.7017543859649122,0.7017543859649122,0.5925925925925926,0.5925925925925926
2025:01:21:10:49:28,RP20,SM-S908E,2212343,33,114.569041784816,-22.0,34.0,train,0.6086956521739131,0.7428571428571429,0.4864864864864864,0.671875,0.7627118644067797,0.5612244897959184,0.5714285714285714,0.34285714285714297,0.0,0.3220338983050848,0.2586206896551724,0.4464285714285714,0.2857142857142856,0.3333333333333335,0.6428571428571428,0.5660377358490567,0.6444444444444444,0.7428571428571429,0.4864864864864864,0.626865671641791,0.7627118644067797,0.5714285714285714,0.5714285714285714,0.0,0.0,0.3220338983050848,0.2758620689655171,0.4464285714285714,0.30232558139534893,0.3142857142857145,0.6428571428571428,0.5660377358490567,0.7192982456140351,0.7192982456140351,0.6666666666666665,0.6666666666666665
2025:01:21:10:39:58,RP20,SM-S908E,2212343,39,-132.08008158723564,-22.0,34.0,train,0.6521739130434783,0.7142857142857144,0.7297297297297298,0.75,0.728813559322034,0.48979591836734704,0.5714285714285714,0.3142857142857145,0.32258064516129026,0.38983050847457634,0.3448275862068966,0.625,0.6428571428571428,0.3333333333333335,0.8392857142857142,0.5660377358490567,0.6666666666666665,0.7142857142857144,0.7027027027027026,0.7014925373134328,0.728813559322034,0.48979591836734704,0.5714285714285714,0.2941176470588234,0.32258064516129026,0.38983050847457634,0.3448275862068966,0.625,0.627906976744186,0.3142857142857145,0.8392857142857142,0.5660377358490567,0.7368421052631579,0.7368421052631579,0.6851851851851851,0.6851851851851851
2025:01:21:10:53:01,RP20,SM-S908E,2212343,34,175.2781600666107,-22.0,34.0,train,0.7391304347826086,0.6285714285714286,0.7297297297297298,0.59375,0.8305084745762713,0.5918367346938775,0.6666666666666665,0.3999999999999999,0.27419354838709675,0.0,0.0,0.4642857142857142,0.4285714285714286,0.4545454545454546,0.5714285714285714,0.5660377358490567,0.7333333333333332,0.6285714285714286,0.7027027027027026,0.5671641791044776,0.8305084745762713,0.5918367346938775,0.6666666666666665,0.4117647058823528,0.29032258064516125,0.0,0.0,0.4642857142857142,0.4186046511627908,0.4285714285714288,0.5535714285714286,0.5660377358490567,0.7017543859649122,0.7017543859649122,0.5555555555555556,0.5555555555555556
2025:01:21:10:40:34,RP20,SM-S908E,2212343,35,-132.53005399164164,-22.0,34.0,train,0.6956521739130435,0.5714285714285716,0.6756756756756757,0.71875,0.6949152542372883,0.48979591836734704,0.6190476190476191,0.0,0.33870967741935476,0.33898305084745783,0.3275862068965518,0.5892857142857142,0.5476190476190477,0.0,0.6607142857142856,0.5471698113207548,0.711111111111111,0.5714285714285716,0.6486486486486487,0.6716417910447761,0.6949152542372883,0.48979591836734704,0.6190476190476191,0.0,0.33870967741935476,0.3220338983050848,0.3275862068965518,0.5892857142857142,0.558139534883721,0.0,0.6607142857142856,0.5660377358490567,0.6842105263157894,0.6842105263157894,0.6666666666666665,0.6666666666666665
2025:01:21:10:52:21,RP20,SM-S908E,2212343,35,177.05518866820896,-22.0,34.0,train,0.6739130434782608,0.6285714285714286,0.5675675675675675,0.59375,0.8305084745762713,0.6122448979591837,0.7380952380952381,0.37142857142857144,0.30645161290322576,0.23728813559322037,0.3448275862068966,0.3928571428571428,0.4761904761904763,0.4545454545454546,0.4642857142857142,0.509433962264151,0.6888888888888889,0.6285714285714286,0.5675675675675675,0.5671641791044776,0.8305084745762713,0.6122448979591837,0.7380952380952381,0.38235294117647056,0.0,0.2881355932203391,0.4137931034482758,0.3928571428571428,0.4651162790697674,0.4285714285714288,0.4642857142857142,0.509433962264151,0.7543859649122806,0.7543859649122806,0.5,0.5
2025:01:21:10:51:45,RP20,SM-S908E,2212343,38,177.53910309239848,-22.0,34.0,train,0.7391304347826086,0.657142857142857,0.5945945945945947,0.640625,0.8474576271186441,0.6122448979591837,0.7380952380952381,0.48571428571428577,0.314516129032258,0.2881355932203391,0.4655172413793103,0.3928571428571428,0.4761904761904763,0.39393939393939403,0.5892857142857142,0.6226415094339623,0.7555555555555555,0.657142857142857,0.5675675675675675,0.5970149253731343,0.8474576271186441,0.6122448979591837,0.7380952380952381,0.44117647058823506,0.17741935483870974,0.2881355932203391,0.4655172413793103,0.3928571428571428,0.4651162790697674,0.3999999999999999,0.5892857142857142,0.6226415094339623,0.7192982456140351,0.7192982456140351,0.5185185185185186,0.5185185185185186
2025:01:21:10:41:50,RP20,SM-S908E,2212343,32,-132.33311120872133,-22.0,34.0,train,0.6521739130434783,0.657142857142857,0.6756756756756757,0.75,0.728813559322034,0.0,0.5714285714285714,0.0,0.0,0.4067796610169492,0.31034482758620685,0.625,0.5714285714285714,0.36363636363636376,0.625,0.5283018867924529,0.6888888888888889,0.657142857142857,0.6756756756756757,0.7014925373134328,0.728813559322034,0.0,0.5952380952380951,0.0,0.0,0.4067796610169492,0.31034482758620685,0.625,0.558139534883721,0.37142857142857144,0.625,0.5283018867924529,0.7017543859649122,0.7017543859649122,0.6666666666666665,0.6666666666666665
2025:01:21:10:45:15,RP20,SM-S908E,2212343,38,-70.29880457214651,-22.0,34.0,train,0.6521739130434783,0.5142857142857142,0.6216216216216217,0.71875,0.7627118644067797,0.5510204081632655,0.6190476190476191,0.4571428571428573,0.32258064516129026,0.3220338983050848,0.4655172413793103,0.5535714285714286,0.6428571428571428,0.3030303030303032,0.6964285714285714,0.5849056603773586,0.6666666666666665,0.5142857142857142,0.6216216216216217,0.6865671641791045,0.7627118644067797,0.5510204081632655,0.6190476190476191,0.4117647058823528,0.32258064516129026,0.33898305084745783,0.4655172413793103,0.5535714285714286,0.627906976744186,0.3142857142857145,0.6964285714285714,0.5849056603773586,0.7192982456140351,0.7192982456140351,0.5185185185185186,0.537037037037037
2025:01:21:10:43:19,RP20,SM-S908E,2212343,29,-64.99871578406832,-22.0,34.0,train,0.5869565217391304,0.5714285714285716,0.6216216216216217,0.71875,0.7627118644067797,0.5918367346938775,0.6190476190476191,0.3999999999999999,0.0,0.0,0.4310344827586208,0.5178571428571428,0.0,0.0,0.7321428571428571,0.5660377358490567,0.5777777777777777,0.5714285714285716,0.0,0.6865671641791045,0.7627118644067797,0.5918367346938775,0.6190476190476191,0.38235294117647056,0.0,0.0,0.4310344827586208,0.5,0.0,0.0,0.7321428571428571,0.5660377358490567,0.7368421052631579,0.7543859649122806,0.574074074074074,0.574074074074074
2025:01:21:10:45:53,RP20,SM-S908E,2212343,36,113.42867242601122,-22.0,34.0,train,0.6086956521739131,0.5428571428571431,0.6486486486486487,0.78125,0.7796610169491527,0.5714285714285714,0.6904761904761905,0.0,0.32258064516129026,0.33898305084745783,0.48275862068965525,0.5178571428571428,0.6190476190476191,0.0,0.7321428571428571,0.6037735849056605,0.6444444444444444,0.5428571428571431,0.6486486486486487,0.7462686567164178,0.7796610169491527,0.5714285714285714,0.6904761904761905,0.4117647058823528,0.30645161290322576,0.33898305084745783,0.4482758620689655,0.5178571428571428,0.627906976744186,0.4285714285714288,0.7321428571428571,0.6037735849056605,0.7192982456140351,0.7192982456140351,0.5185185185185186,0.5185185185185186
2025:01:21:10:51:00,RP20,SM-S908E,2212343,38,175.9365630577294,-22.0,34.0,train,0.7608695652173914,0.657142857142857,0.5405405405405403,0.609375,0.8474576271186441,0.5918367346938775,0.6904761904761905,0.37142857142857144,0.27419354838709675,0.33898305084745783,0.5689655172413792,0.375,0.45238095238095233,0.4242424242424243,0.6785714285714286,0.6603773584905661,0.7555555555555555,0.657142857142857,0.5405405405405403,0.5820895522388059,0.8474576271186441,0.5918367346938775,0.6904761904761905,0.38235294117647056,0.29032258064516125,0.3220338983050848,0.4655172413793103,0.375,0.44186046511627897,0.3999999999999999,0.6785714285714286,0.6603773584905661,0.7543859649122806,0.7543859649122806,0.574074074074074,0.574074074074074
2025:01:21:10:41:11,RP20,SM-S908E,2212343,38,-131.35834957102114,-22.0,34.0,validation,0.6521739130434783,0.6857142857142859,0.6486486486486487,0.734375,0.7796610169491527,0.5102040816326532,0.6428571428571428,0.28571428571428603,0.25806451612903225,0.35593220338983067,0.3275862068965518,0.5357142857142856,0.5476190476190477,0.4242424242424243,0.5,0.4716981132075473,0.6666666666666665,0.6857142857142859,0.6486486486486487,0.7014925373134328,0.7796610169491527,0.5102040816326532,0.6428571428571428,0.3235294117647056,0.25806451612903225,0.3728813559322035,0.3275862068965518,0.5357142857142856,0.5116279069767442,0.3999999999999999,0.5,0.49056603773584917,0.7192982456140351,0.7192982456140351,0.6666666666666665,0.6666666666666665
2025:01:21:10:39:01,RP20,SM-S908E,2212343,33,-131.65226546076738,-22.0,34.0,validation,0.6086956521739131,0.5428571428571431,0.3783783783783785,0.65625,0.8135593220338984,0.5510204081632655,0.6428571428571428,0.0,0.32258064516129026,0.30508474576271194,0.48275862068965525,0.4464285714285714,0.5476190476190477,0.0,0.5714285714285714,0.5283018867924529,0.5555555555555554,0.5428571428571431,0.3783783783783785,0.626865671641791,0.8135593220338984,0.5510204081632655,0.6428571428571428,0.0,0.30645161290322576,0.30508474576271194,0.48275862068965525,0.4464285714285714,0.5348837209302326,0.0,0.0,0.5283018867924529,0.9122807017543859,0.9122807017543859,0.7222222222222221,0.7037037037037037
2025:01:21:10:43:56,RP20,SM-S908E,2212343,36,-66.96826393440848,-22.0,34.0,validation,0.6086956521739131,0.5428571428571431,0.6216216216216217,0.75,0.7627118644067797,0.5102040816326532,0.6190476190476191,0.4285714285714288,0.32258064516129026,0.38983050847457634,0.4655172413793103,0.5178571428571428,0.6428571428571428,0.0,0.6428571428571428,0.5471698113207548,0.6222222222222222,0.5428571428571431,0.6216216216216217,0.7164179104477612,0.7627118644067797,0.5102040816326532,0.6190476190476191,0.4117647058823528,0.32258064516129026,0.3728813559322035,0.4655172413793103,0.5178571428571428,0.627906976744186,0.0,0.6428571428571428,0.5471698113207548,0.7368421052631579,0.7368421052631579,0.574074074074074,0.574074074074074
2025:01:21:10:47:34,RP20,SM-S908E,2212343,35,115.07872785063054,-22.0,34.0,test,0.0,0.4285714285714288,0.6756756756756757,0.734375,0.7457627118644069,0.48979591836734704,0.6428571428571428,0.0,0.22580645161290325,0.23728813559322037,0.2931034482758621,0.3392857142857142,0.40476190476190466,0.2424242424242422,0.6071428571428572,0.3396226415094341,0.6444444444444444,0.3999999999999999,0.6756756756756757,0.7014925373134328,0.7457627118644069,0.4693877551020409,0.6428571428571428,0.0,0.20967741935483875,0.25423728813559343,0.2586206896551724,0.3214285714285714,0.39534883720930236,0.1714285714285717,0.6071428571428572,0.3396226415094341,0.6140350877192982,0.6140350877192982,0.5925925925925926,0.6111111111111112
2025:01:21:10:48:46,RP20,SM-S908E,2212343,39,115.78619894732422,-22.0,34.0,test,0.6956521739130435,0.657142857142857,0.810810810810811,0.796875,0.728813559322034,0.5714285714285714,0.5952380952380951,0.48571428571428577,0.29032258064516125,0.2881355932203391,0.5,0.5,0.3571428571428572,0.48484848484848486,0.5892857142857142,0.5471698113207548,0.6888888888888889,0.657142857142857,0.8378378378378379,0.7611940298507462,0.728813559322034,0.5510204081632655,0.5952380952380951,0.49999999999999956,0.29032258064516125,0.30508474576271194,0.4137931034482758,0.5,0.34883720930232553,0.37142857142857144,0.5714285714285714,0.5471698113207548,0.6491228070175439,0.6491228070175439,0.6296296296296295,0.6296296296296295
2025:01:21:10:50:06,RP20,SM-S908E,2212343,36,174.54736958765517,-22.0,34.0,test,0.7173913043478262,0.5428571428571431,0.7837837837837838,0.703125,0.6779661016949153,0.5306122448979593,0.5476190476190477,0.4285714285714288,0.22580645161290325,0.2881355932203391,0.31034482758620685,0.5178571428571428,0.3571428571428572,0.0,0.6607142857142856,0.5471698113207548,0.711111111111111,0.5428571428571431,0.7837837837837838,0.6865671641791045,0.6779661016949153,0.5306122448979593,0.5476190476190477,0.44117647058823506,0.22580645161290325,0.2881355932203391,0.31034482758620685,0.5178571428571428,0.34883720930232553,0.0,0.6428571428571428,0.5471698113207548,0.5087719298245614,0.5087719298245614,0.6851851851851851,0.7037037037037037
2025:01:21:10:55:26,RP21,SM-S908E,2212343,36,-129.36132236482652,22.0,34.0,train,0.36956521739130443,0.37142857142857144,0.0,0.296875,0.2881355932203391,0.653061224489796,0.7142857142857142,0.6857142857142859,0.8225806451612903,0.7118644067796611,0.6724137931034483,0.5535714285714286,0.5952380952380951,0.6969696969696968,0.4285714285714286,0.3396226415094341,0.37777777777777777,0.37142857142857144,0.0,0.28358208955223874,0.2881355932203391,0.6734693877551021,0.7142857142857142,0.6764705882352939,0.8225806451612903,0.7118644067796611,0.6724137931034483,0.5535714285714286,0.5813953488372092,0.657142857142857,0.4285714285714286,0.3396226415094341,0.24561403508771917,0.24561403508771917,0.2962962962962963,0.2962962962962963
2025:01:21:11:06:00,RP21,SM-S908E,2212343,36,177.6256139898853,22.0,34.0,train,0.4565217391304348,0.37142857142857144,0.40540540540540526,0.390625,0.3220338983050848,0.7142857142857144,0.7142857142857142,0.6285714285714286,0.814516129032258,0.8305084745762713,0.6551724137931034,0.5,0.6428571428571428,0.7575757575757578,0.5178571428571428,0.4339622641509435,0.46666666666666656,0.34285714285714297,0.40540540540540526,0.3582089552238805,0.30508474576271194,0.6938775510204083,0.7142857142857142,0.617647058823529,0.7741935483870968,0.8305084745762713,0.6551724137931034,0.5,0.627906976744186,0.7428571428571429,0.5,0.41509433962264164,0.0,0.0,0.3148148148148149,0.3148148148148149
2025:01:21:10:58:36,RP21,SM-S908E,2212343,38,-65.57126677916462,22.0,34.0,train,0.5434782608695652,0.37142857142857144,0.0,0.34375,0.33898305084745783,0.6734693877551021,0.6904761904761905,0.657142857142857,0.8064516129032258,0.8474576271186441,0.6724137931034483,0.6428571428571428,0.6904761904761905,0.7272727272727275,0.5,0.2452830188679247,0.5555555555555554,0.37142857142857144,0.0,0.3283582089552237,0.33898305084745783,0.6734693877551021,0.6904761904761905,0.7058823529411762,0.7903225806451613,0.8474576271186441,0.6724137931034483,0.6428571428571428,0.6744186046511629,0.6857142857142859,0.5,0.2452830188679247,0.22807017543859653,0.22807017543859653,0.20370370370370372,0.22222222222222232
2025:01:21:10:54:14,RP21,SM-S908E,2212343,33,-129.0372860837903,22.0,34.0,train,0.4130434782608696,0.0,0.4864864864864864,0.34375,0.33898305084745783,0.653061224489796,0.6904761904761905,0.7714285714285716,0.8387096774193548,0.7627118644067797,0.6724137931034483,0.625,0.6190476190476191,0.6666666666666665,0.4821428571428572,0.41509433962264164,0.4444444444444444,0.0,0.4864864864864864,0.31343283582089554,0.33898305084745783,0.653061224489796,0.6904761904761905,0.7941176470588234,0.8387096774193548,0.7796610169491527,0.6551724137931034,0.625,0.5813953488372092,0.6285714285714286,0.5178571428571428,0.41509433962264164,0.0,0.2807017543859649,0.2592592592592593,0.2592592592592593
2025:01:21:11:01:19,RP21,SM-S908E,2212343,38,117.89311945862492,22.0,34.0,train,0.5,0.4285714285714288,0.0,0.390625,0.27118644067796627,0.5306122448979593,0.7380952380952381,0.6285714285714286,0.8225806451612903,0.6779661016949153,0.6896551724137931,0.5,0.5476190476190477,0.6969696969696968,0.3571428571428572,0.39622641509433976,0.5111111111111111,0.4285714285714288,0.0,0.3731343283582089,0.25423728813559343,0.5102040816326532,0.7380952380952381,0.6470588235294117,0.8225806451612903,0.6779661016949153,0.6896551724137931,0.5,0.5116279069767442,0.657142857142857,0.3392857142857142,0.39622641509433976,0.2807017543859649,0.2807017543859649,0.2407407407407407,0.22222222222222232
2025:01:21:10:57:20,RP21,SM-S908E,2212343,32,-63.052085945533406,22.0,34.0,train,0.4782608695652173,0.3142857142857145,0.0,0.28125,0.3728813559322035,0.653061224489796,0.6428571428571428,0.7428571428571429,0.7903225806451613,0.7796610169491527,0.6551724137931034,0.5892857142857142,0.6904761904761905,0.0,0.5,0.3207547169811322,0.4888888888888887,0.28571428571428603,0.0,0.0,0.35593220338983067,0.6326530612244898,0.6428571428571428,0.7352941176470584,0.7903225806451613,0.7796610169491527,0.6551724137931034,0.5892857142857142,0.6744186046511629,0.0,0.4821428571428572,0.3207547169811322,0.22807017543859653,0.3157894736842106,0.2777777777777777,0.2777777777777777
2025:01:21:10:57:58,RP21,SM-S908E,2212343,37,-66.02006462009058,22.0,34.0,train,0.5,0.2571428571428571,0.0,0.3125,0.35593220338983067,0.6122448979591837,0.6904761904761905,0.7428571428571429,0.8225806451612903,0.7796610169491527,0.6724137931034483,0.6428571428571428,0.5952380952380951,0.7575757575757578,0.5,0.3396226415094341,0.5111111111111111,0.2571428571428571,0.0,0.29850746268656714,0.33898305084745783,0.6122448979591837,0.6904761904761905,0.7647058823529411,0.8225806451612903,0.7627118644067797,0.6724137931034483,0.6428571428571428,0.5813953488372092,0.7142857142857144,0.4821428571428572,0.3207547169811322,0.26315789473684204,0.26315789473684204,0.2592592592592593,0.2592592592592593
2025:01:21:11:03:11,RP21,SM-S908E,2212343,34,177.27407573468275,22.0,34.0,train,0.4782608695652173,0.4571428571428573,0.0,0.390625,0.25423728813559343,0.6326530612244898,0.6904761904761905,0.6000000000000001,0.8225806451612903,0.6271186440677967,0.6896551724137931,0.5535714285714286,0.5714285714285714,0.7272727272727275,0.3571428571428572,0.39622641509433976,0.4888888888888887,0.4285714285714288,0.0,0.3731343283582089,0.23728813559322037,0.6122448979591837,0.6904761904761905,0.617647058823529,0.8225806451612903,0.6271186440677967,0.6896551724137931,0.5535714285714286,0.5348837209302326,0.6857142857142859,0.3571428571428572,0.39622641509433976,0.0,0.0,0.2777777777777777,0.20370370370370372
2025:01:21:10:56:00,RP21,SM-S908E,2212343,35,-130.09242797056933,22.0,34.0,train,0.0,0.3142857142857145,0.0,0.296875,0.30508474576271194,0.7346938775510206,0.7142857142857142,0.7142857142857144,0.8064516129032258,0.7457627118644069,0.6724137931034483,0.5714285714285714,0.5238095238095237,0.6666666666666665,0.4464285714285714,0.41509433962264164,0.33333333333333326,0.28571428571428603,0.0,0.28358208955223874,0.3220338983050848,0.7346938775510206,0.6904761904761905,0.7352941176470584,0.8064516129032258,0.7457627118644069,0.6724137931034483,0.5714285714285714,0.5116279069767442,0.6285714285714286,0.4464285714285714,0.41509433962264164,0.3157894736842106,0.3157894736842106,0.2962962962962963,0.2962962962962963
2025:01:21:11:05:25,RP21,SM-S908E,2212343,37,176.82928286874474,22.0,34.0,train,0.4130434782608696,0.37142857142857144,0.43243243243243246,0.0,0.33898305084745783,0.7142857142857144,0.7142857142857142,0.657142857142857,0.7903225806451613,0.8305084745762713,0.6379310344827587,0.5178571428571428,0.6666666666666665,0.8181818181818183,0.5535714285714286,0.4339622641509435,0.3999999999999999,0.37142857142857144,0.43243243243243246,0.0,0.3220338983050848,0.7142857142857144,0.7142857142857142,0.7058823529411762,0.7903225806451613,0.8305084745762713,0.6206896551724137,0.5178571428571428,0.6511627906976745,0.7428571428571429,0.5357142857142856,0.4339622641509435,0.2807017543859649,0.29824561403508776,0.3148148148148149,0.3148148148148149
2025:01:21:11:01:58,RP21,SM-S908E,2212343,34,117.14435529363617,22.0,34.0,train,0.4782608695652173,0.3999999999999999,0.18918918918918903,0.390625,0.2881355932203391,0.6122448979591837,0.6428571428571428,0.657142857142857,0.8225806451612903,0.6779661016949153,0.6896551724137931,0.5535714285714286,0.5238095238095237,0.7575757575757578,0.0,0.4339622641509435,0.4888888888888887,0.3999999999999999,0.24324324324324342,0.3582089552238805,0.2881355932203391,0.6122448979591837,0.6428571428571428,0.6470588235294117,0.8225806451612903,0.6779661016949153,0.6896551724137931,0.5535714285714286,0.5116279069767442,0.7142857142857144,0.0,0.4339622641509435,0.0,0.0,0.2592592592592593,0.2592592592592593
2025:01:21:11:00:29,RP21,SM-S908E,2212343,35,117.24400984294329,22.0,34.0,train,0.5434782608695652,0.4285714285714288,0.0,0.4375,0.23728813559322037,0.653061224489796,0.6904761904761905,0.657142857142857,0.814516129032258,0.7118644067796611,0.6724137931034483,0.5,0.5714285714285714,0.7272727272727275,0.4285714285714286,0.30188679245283034,0.5555555555555554,0.4285714285714288,0.0,0.4328358208955223,0.23728813559322037,0.653061224489796,0.6904761904761905,0.7352941176470584,0.8709677419354839,0.7118644067796611,0.7241379310344828,0.5,0.5116279069767442,0.6857142857142859,0.4464285714285714,0.30188679245283034,0.4035087719298245,0.0,0.2777777777777777,0.2777777777777777
2025:01:21:10:53:36,RP21,SM-S908E,2212343,41,-129.5751101069237,22.0,34.0,train,0.3913043478260869,0.28571428571428603,0.7027027027027026,0.3125,0.35593220338983067,0.6326530612244898,0.6190476190476191,0.7142857142857144,0.7903225806451613,0.6779661016949153,0.603448275862069,0.625,0.5714285714285714,0.6363636363636362,0.4821428571428572,0.41509433962264164,0.3999999999999999,0.28571428571428603,0.7027027027027026,0.29850746268656714,0.35593220338983067,0.6326530612244898,0.6190476190476191,0.7352941176470584,0.7903225806451613,0.6779661016949153,0.6724137931034483,0.625,0.558139534883721,0.6000000000000001,0.4642857142857142,0.41509433962264164,0.2807017543859649,0.2807017543859649,0.2777777777777777,0.2777777777777777
2025:01:21:10:54:49,RP21,SM-S908E,2212343,37,-129.07084995142904,22.0,34.0,train,0.4347826086956521,0.0,0.0,0.3125,0.3220338983050848,0.6122448979591837,0.6904761904761905,0.6857142857142859,0.8064516129032258,0.728813559322034,0.6724137931034483,0.5892857142857142,0.7380952380952381,0.606060606060606,0.4642857142857142,0.3207547169811322,0.37777777777777777,0.0,0.0,0.29850746268656714,0.3220338983050848,0.6122448979591837,0.6904761904761905,0.7058823529411762,0.8064516129032258,0.728813559322034,0.6724137931034483,0.5892857142857142,0.7209302325581395,0.5714285714285716,0.4464285714285714,0.3207547169811322,0.3157894736842106,0.29824561403508776,0.2777777777777777,0.2777777777777777
2025:01:21:10:56:36,RP21,SM-S908E,2212343,42,-64.1655778541686,22.0,34.0,validation,0.5,0.37142857142857144,0.45945945945945965,0.28125,0.3220338983050848,0.653061224489796,0.7380952380952381,0.7142857142857144,0.7741935483870968,0.7796610169491527,0.6724137931034483,0.6428571428571428,0.6428571428571428,0.7272727272727275,0.4821428571428572,0.3207547169811322,0.4888888888888887,0.37142857142857144,0.21621621621621623,0.25373134328358193,0.3220338983050848,0.6326530612244898,0.7380952380952381,0.7352941176470584,0.7741935483870968,0.7796610169491527,0.6724137931034483,0.6428571428571428,0.627906976744186,0.7142857142857144,0.4821428571428572,0.3207547169811322,0.22807017543859653,0.26315789473684204,0.2777777777777777,0.2777777777777777
2025:01:21:11:02:37,RP21,SM-S908E,2212343,40,117.68075838143764,22.0,34.0,validation,0.4782608695652173,0.4571428571428573,0.1351351351351351,0.375,0.25423728813559343,0.5918367346938775,0.6428571428571428,0.6000000000000001,0.7903225806451613,0.728813559322034,0.6896551724137931,0.5178571428571428,0.5952380952380951,0.7878787878787881,0.3571428571428572,0.41509433962264164,0.46666666666666656,0.4571428571428573,0.24324324324324342,0.3731343283582089,0.25423728813559343,0.5918367346938775,0.6428571428571428,0.617647058823529,0.7903225806451613,0.728813559322034,0.6896551724137931,0.5178571428571428,0.558139534883721,0.7428571428571429,0.3571428571428572,0.41509433962264164,0.24561403508771917,0.24561403508771917,0.20370370370370372,0.20370370370370372
2025:01:21:10:59:51,RP21,SM-S908E,2212343,37,115.50791334622919,22.0,34.0,validation,0.5,0.34285714285714297,0.0,0.265625,0.33898305084745783,0.6734693877551021,0.5952380952380951,0.6857142857142859,0.7903225806451613,0.7966101694915255,0.6896551724137931,0.6071428571428572,0.7142857142857142,0.7575757575757578,0.4642857142857142,0.30188679245283034,0.5111111111111111,0.3142857142857145,0.0,0.23880597014925375,0.33898305084745783,0.6734693877551021,0.5952380952380951,0.7058823529411762,0.7903225806451613,0.7966101694915255,0.6896551724137931,0.6071428571428572,0.6976744186046511,0.7142857142857144,0.4821428571428572,0.28301886792452846,0.26315789473684204,0.26315789473684204,0.2407407407407407,0.2407407407407407
2025:01:21:11:04:48,RP21,SM-S908E,2212343,36,177.73971853478557,22.0,34.0,test,0.4347826086956521,0.37142857142857144,0.40540540540540526,0.328125,0.2881355932203391,0.7346938775510206,0.7142857142857142,0.6000000000000001,0.7741935483870968,0.8135593220338984,0.603448275862069,0.5178571428571428,0.5952380952380951,0.8181818181818183,0.5357142857142856,0.4528301886792454,0.4444444444444444,0.37142857142857144,0.40540540540540526,0.3283582089552237,0.2881355932203391,0.7346938775510206,0.7142857142857142,0.617647058823529,0.7741935483870968,0.8135593220338984,0.603448275862069,0.5178571428571428,0.5813953488372092,0.7714285714285716,0.5357142857142856,0.4528301886792454,0.29824561403508776,0.3157894736842106,0.2592592592592593,0.2592592592592593
2025:01:21:10:59:15,RP21,SM-S908E,2212343,32,-63.87961461861881,22.0,34.0,test,0.5869565217391304,0.0,0.0,0.359375,0.3220338983050848,0.6326530612244898,0.5952380952380951,0.0,0.8064516129032258,0.7796610169491527,0.6896551724137931,0.6071428571428572,0.6904761904761905,0.7272727272727275,0.4821428571428572,0.3207547169811322,0.6222222222222222,0.0,0.0,0.28358208955223874,0.3220338983050848,0.6122448979591837,0.5952380952380951,0.0,0.8064516129032258,0.7796610169491527,0.7413793103448276,0.6071428571428572,0.6976744186046511,0.6857142857142859,0.4821428571428572,0.3207547169811322,0.3859649122807016,0.3157894736842106,0.2592592592592593,0.2592592592592593
2025:01:21:11:03:56,RP21,SM-S908E,2212343,30,177.89969408076408,22.0,34.0,test,0.3913043478260869,0.37142857142857144,0.0,0.0,0.25423728813559343,0.6734693877551021,0.6904761904761905,0.6285714285714286,0.8064516129032258,0.8305084745762713,0.603448275862069,0.4821428571428572,0.6904761904761905,0.8181818181818183,0.4464285714285714,0.28301886792452846,0.3999999999999999,0.37142857142857144,0.0,0.0,0.25423728813559343,0.6734693877551021,0.6904761904761905,0.6470588235294117,0.8064516129032258,0.8305084745762713,0.603448275862069,0.4821428571428572,0.6744186046511629,0.7714285714285716,0.4464285714285714,0.28301886792452846,0.0,0.0,0.2592592592592593,0.2777777777777777
2025:01:21:10:13:15,RP22,SM-S908E,2212343,36,-131.47015082558502,-43.0,35.0,train,0.6086956521739131,0.6285714285714286,0.4864864864864864,0.6875,0.576271186440678,0.7755102040816326,0.7857142857142856,0.34285714285714297,0.37096774193548376,0.4406779661016951,0.5172413793103448,0.6428571428571428,0.6071428571428572,0.4545454545454546,0.7321428571428571,0.6226415094339623,0.6222222222222222,0.6285714285714286,0.45945945945945965,0.6567164179104477,0.576271186440678,0.7755102040816326,0.7857142857142856,0.3235294117647056,0.37096774193548376,0.4406779661016951,0.5172413793103448,0.6428571428571428,0.6046511627906976,0.4285714285714288,0.7321428571428571,0.6226415094339623,0.894736842105263,0.894736842105263,0.9629629629629629,0.9814814814814814
2025:01:21:10:22:58,RP22,SM-S908E,2212343,36,172.8796154967443,-43.0,35.0,train,0.6739130434782608,0.6285714285714286,0.45945945945945965,0.609375,0.5423728813559323,0.7755102040816326,0.7380952380952381,0.34285714285714297,0.37096774193548376,0.30508474576271194,0.5689655172413792,0.6607142857142856,0.6190476190476191,0.39393939393939403,0.7857142857142857,0.5849056603773586,0.6888888888888889,0.6285714285714286,0.4864864864864864,0.5671641791044776,0.5423728813559323,0.7755102040816326,0.7380952380952381,0.3235294117647056,0.37096774193548376,0.30508474576271194,0.5689655172413792,0.6607142857142856,0.6046511627906976,0.3999999999999999,0.7678571428571428,0.5849056603773586,0.9298245614035088,0.9298245614035088,0.9259259259259258,0.9259259259259258
2025:01:21:10:16:23,RP22,SM-S908E,2212343,35,-75.1656971600601,-43.0,35.0,train,0.5869565217391304,0.6000000000000001,0.0,0.703125,0.593220338983051,0.8367346938775511,0.7619047619047619,0.0,0.29032258064516125,0.35593220338983067,0.48275862068965525,0.5535714285714286,0.6428571428571428,0.48484848484848486,0.7142857142857142,0.7358490566037736,0.5555555555555554,0.6000000000000001,0.0,0.6567164179104477,0.576271186440678,0.8367346938775511,0.7380952380952381,0.0,0.29032258064516125,0.3728813559322035,0.5,0.5535714285714286,0.627906976744186,0.48571428571428577,0.7142857142857142,0.7358490566037736,0.9122807017543859,0.9122807017543859,0.6296296296296295,0.6296296296296295
2025:01:21:10:20:31,RP22,SM-S908E,2212343,36,108.58550602039399,-43.0,35.0,train,0.5652173913043479,0.657142857142857,0.6216216216216217,0.515625,0.576271186440678,0.7551020408163265,0.7619047619047619,0.3571428571428572,0.435483870967742,0.3728813559322035,0.6206896551724137,0.0,0.5714285714285714,0.5151515151515151,0.6964285714285714,0.6226415094339623,0.5777777777777777,0.657142857142857,0.6216216216216217,0.4776119402985074,0.576271186440678,0.7551020408163265,0.8809523809523809,0.4705882352941173,0.35483870967741926,0.3728813559322035,0.603448275862069,0.5892857142857142,0.5813953488372092,0.5142857142857142,0.6785714285714286,0.6226415094339623,0.9122807017543859,0.894736842105263,0.8703703703703703,0.8703703703703703
2025:01:21:10:22:19,RP22,SM-S908E,2212343,34,173.42748919960428,-43.0,35.0,train,0.6521739130434783,0.657142857142857,0.0,0.625,0.5423728813559323,0.7755102040816326,0.7380952380952381,0.34285714285714297,0.3870967741935485,0.30508474576271194,0.5172413793103448,0.6071428571428572,0.5952380952380951,0.39393939393939403,0.7857142857142857,0.6037735849056605,0.5777777777777777,0.657142857142857,0.0,0.5970149253731343,0.5423728813559323,0.7755102040816326,0.7380952380952381,0.35294117647058787,0.3870967741935485,0.30508474576271194,0.5172413793103448,0.6071428571428572,0.5813953488372092,0.37142857142857144,0.7857142857142857,0.6037735849056605,0.9473684210526315,0.9473684210526315,0.8888888888888888,0.8888888888888888
2025:01:21:10:24:07,RP22,SM-S908E,2212343,37,175.0875828447943,-43.0,35.0,train,0.5434782608695652,0.6285714285714286,0.40540540540540526,0.578125,0.5423728813559323,0.6938775510204083,0.7380952380952381,0.37142857142857144,0.37096774193548376,0.33898305084745783,0.5172413793103448,0.6071428571428572,0.6190476190476191,0.4545454545454546,0.7678571428571428,0.6226415094339623,0.5333333333333332,0.6285714285714286,0.40540540540540526,0.5373134328358208,0.5423728813559323,0.6938775510204083,0.7380952380952381,0.38235294117647056,0.37096774193548376,0.33898305084745783,0.5172413793103448,0.6071428571428572,0.6046511627906976,0.4571428571428573,0.75,0.6226415094339623,0.9473684210526315,0.9473684210526315,0.9074074074074073,0.9074074074074073
2025:01:21:10:13:57,RP22,SM-S908E,2212343,37,-71.00803464927124,-43.0,35.0,train,0.5434782608695652,0.6857142857142859,0.3783783783783785,0.609375,0.576271186440678,0.8163265306122449,0.8571428571428572,0.34285714285714297,0.33870967741935476,0.4406779661016951,0.5517241379310345,0.6785714285714286,0.0,0.4242424242424243,0.6607142857142856,0.5660377358490567,0.5555555555555554,0.6857142857142859,0.32432432432432456,0.5820895522388059,0.576271186440678,0.8163265306122449,0.8571428571428572,0.35294117647058787,0.33870967741935476,0.42372881355932224,0.5517241379310345,0.6785714285714286,0.0,0.3999999999999999,0.6607142857142856,0.5660377358490567,0.894736842105263,0.894736842105263,1.0,1.0
2025:01:21:10:12:39,RP22,SM-S908E,2212343,39,-130.77425920593095,-43.0,35.0,train,0.5434782608695652,0.657142857142857,0.45945945945945965,0.671875,0.593220338983051,0.7755102040816326,0.8095238095238095,0.34285714285714297,0.32258064516129026,0.4576271186440679,0.5344827586206897,0.6607142857142856,0.5952380952380951,0.5454545454545454,0.6785714285714286,0.5471698113207548,0.5333333333333332,0.657142857142857,0.45945945945945965,0.6417910447761194,0.593220338983051,0.7755102040816326,0.8095238095238095,0.35294117647058787,0.32258064516129026,0.4576271186440679,0.5344827586206897,0.6607142857142856,0.5813953488372092,0.5142857142857142,0.6785714285714286,0.5471698113207548,0.9122807017543859,0.9122807017543859,0.9629629629629629,0.9629629629629629
2025:01:21:10:21:06,RP22,SM-S908E,2212343,37,111.2142020069865,-43.0,35.0,train,0.6086956521739131,0.5714285714285716,0.5405405405405403,0.625,0.593220338983051,0.5918367346938775,0.7619047619047619,0.3571428571428572,0.3870967741935485,0.4067796610169492,0.5517241379310345,0.0,0.5714285714285714,0.5151515151515151,0.6964285714285714,0.49056603773584917,0.6222222222222222,0.5714285714285716,0.5135135135135136,0.5970149253731343,0.593220338983051,0.5918367346938775,0.8809523809523809,0.49999999999999956,0.3870967741935485,0.42372881355932224,0.5517241379310345,0.0,0.6046511627906976,0.5142857142857142,0.6964285714285714,0.49056603773584917,0.8596491228070176,0.8596491228070176,0.9259259259259258,0.9444444444444444
2025:01:21:10:23:32,RP22,SM-S908E,2212343,36,173.13029599126992,-43.0,35.0,train,0.5869565217391304,0.6285714285714286,0.0,0.609375,0.5423728813559323,0.7551020408163265,0.7380952380952381,0.34285714285714297,0.35483870967741926,0.3220338983050848,0.5517241379310345,0.6071428571428572,0.5952380952380951,0.48484848484848486,0.7678571428571428,0.6226415094339623,0.5999999999999999,0.6285714285714286,0.0,0.5671641791044776,0.5423728813559323,0.7346938775510206,0.7380952380952381,0.3235294117647056,0.35483870967741926,0.3220338983050848,0.5517241379310345,0.6071428571428572,0.5813953488372092,0.4571428571428573,0.7678571428571428,0.6226415094339623,1.0,1.0,0.8518518518518519,0.8518518518518519
2025:01:21:10:18:04,RP22,SM-S908E,2212343,38,109.97340460585119,-43.0,35.0,train,0.4782608695652173,0.6000000000000001,0.43243243243243246,0.671875,0.593220338983051,0.8775510204081634,0.7619047619047619,0.3571428571428572,0.29032258064516125,0.5084745762711866,0.6551724137931034,0.5892857142857142,0.7380952380952381,0.5454545454545454,0.8035714285714285,0.7547169811320755,0.4888888888888887,0.6000000000000001,0.45945945945945965,0.6417910447761194,0.593220338983051,0.8775510204081634,0.7619047619047619,0.44117647058823506,0.29032258064516125,0.5084745762711866,0.6379310344827587,0.5892857142857142,0.6046511627906976,0.5142857142857142,0.7857142857142857,0.7547169811320755,0.8771929824561403,0.8771929824561403,0.7962962962962963,0.7962962962962963
2025:01:21:10:15:34,RP22,SM-S908E,2212343,38,-72.7989689365573,-43.0,35.0,train,0.4565217391304348,0.6000000000000001,0.43243243243243246,0.5625,0.5593220338983051,0.8775510204081634,0.7142857142857142,0.37142857142857144,0.33870967741935476,0.4067796610169492,0.5862068965517242,0.5535714285714286,0.6666666666666665,0.5151515151515151,0.7321428571428571,0.7735849056603774,0.46666666666666656,0.6000000000000001,0.0,0.5373134328358208,0.5593220338983051,0.8571428571428572,0.6904761904761905,0.49999999999999956,0.33870967741935476,0.38983050847457634,0.5862068965517242,0.5535714285714286,0.6046511627906976,0.48571428571428577,0.7321428571428571,0.7735849056603774,0.8771929824561403,0.8771929824561403,0.7962962962962963,0.7962962962962963
2025:01:21:10:17:03,RP22,SM-S908E,2212343,42,-74.49452293968795,-43.0,35.0,train,0.4782608695652173,0.6000000000000001,0.3783783783783785,0.703125,0.593220338983051,0.8979591836734695,0.7619047619047619,0.3999999999999999,0.3629032258064515,0.35593220338983067,0.5517241379310345,0.5714285714285714,0.7142857142857142,0.4545454545454546,0.7321428571428571,0.7735849056603774,0.4888888888888887,0.6000000000000001,0.3783783783783785,0.6716417910447761,0.593220338983051,0.8979591836734695,0.6190476190476191,0.38235294117647056,0.35483870967741926,0.35593220338983067,0.5517241379310345,0.5714285714285714,0.6976744186046511,0.4571428571428573,0.7142857142857142,0.7735849056603774,0.9473684210526315,0.9298245614035088,0.8518518518518519,0.8518518518518519
2025:01:21:10:10:33,RP22,SM-S908E,2212343,41,-131.07014034091446,-43.0,35.0,train,0.576086956521739,0.7428571428571429,0.5675675675675675,0.703125,0.576271186440678,0.6734693877551021,0.7857142857142856,0.37142857142857144,0.3629032258064515,0.593220338983051,0.5862068965517242,0.6071428571428572,0.6666666666666665,0.48484848484848486,0.7678571428571428,0.8490566037735849,0.5666666666666667,0.6285714285714286,0.5405405405405403,0.6716417910447761,0.576271186440678,0.6734693877551021,0.7857142857142856,0.38235294117647056,0.35483870967741926,0.593220338983051,0.5517241379310345,0.6071428571428572,0.6511627906976745,0.657142857142857,0.7678571428571428,0.8490566037735849,0.8421052631578947,0.8421052631578947,0.7962962962962963,0.7962962962962963
2025:01:21:10:15:42,RP22,SM-S908E,2212343,40,-68.65813419621144,-43.0,35.0,validation,0.5869565217391304,0.5428571428571431,0.43243243243243246,0.625,0.5593220338983051,0.7755102040816326,0.7142857142857142,0.4285714285714288,0.33870967741935476,0.38983050847457634,0.6551724137931034,0.5535714285714286,0.7142857142857142,0.4242424242424243,0.7142857142857142,0.7169811320754718,0.5999999999999999,0.5428571428571431,0.43243243243243246,0.5970149253731343,0.5593220338983051,0.7755102040816326,0.7142857142857142,0.2647058823529411,0.32258064516129026,0.38983050847457634,0.6551724137931034,0.5535714285714286,0.6744186046511629,0.3999999999999999,0.7142857142857142,0.7169811320754718,0.8771929824561403,0.8771929824561403,0.7962962962962963,0.7962962962962963
2025:01:21:10:11:16,RP22,SM-S908E,2212343,38,-129.82729175087258,-43.0,35.0,validation,0.5434782608695652,0.657142857142857,0.32432432432432456,0.671875,0.6271186440677967,0.6938775510204083,0.8095238095238095,0.34285714285714297,0.29032258064516125,0.4406779661016951,0.5517241379310345,0.5535714285714286,0.4761904761904763,0.4545454545454546,0.7142857142857142,0.6603773584905661,0.5555555555555554,0.657142857142857,0.24324324324324342,0.6417910447761194,0.6271186440677967,0.6938775510204083,0.8095238095238095,0.2941176470588234,0.29032258064516125,0.4406779661016951,0.5517241379310345,0.5535714285714286,0.4651162790697674,0.4285714285714288,0.7142857142857142,0.6603773584905661,0.8070175438596491,0.8070175438596491,0.9444444444444444,0.9444444444444444
2025:01:21:10:11:54,RP22,SM-S908E,2212343,35,-130.30384939697262,-43.0,35.0,validation,0.5,0.6000000000000001,0.4864864864864864,0.734375,0.6101694915254239,0.6938775510204083,0.8333333333333333,0.0,0.29032258064516125,0.4915254237288136,0.5517241379310345,0.5357142857142856,0.5714285714285714,0.5757575757575757,0.625,0.6037735849056605,0.5111111111111111,0.6000000000000001,0.45945945945945965,0.6865671641791045,0.6101694915254239,0.0,0.8333333333333333,0.0,0.29032258064516125,0.4915254237288136,0.5344827586206897,0.5357142857142856,0.558139534883721,0.48571428571428577,0.625,0.6037735849056605,0.8771929824561403,0.8771929824561403,0.9814814814814814,0.9814814814814814
2025:01:21:10:18:45,RP22,SM-S908E,2212343,40,111.97420760391572,-43.0,35.0,test,0.5434782608695652,0.6285714285714286,0.5135135135135136,0.5,0.5423728813559323,0.6122448979591837,0.9285714285714286,0.4285714285714288,0.33870967741935476,0.33898305084745783,0.6896551724137931,0.5178571428571428,0.6666666666666665,0.5454545454545454,0.6964285714285714,0.6226415094339623,0.5555555555555554,0.6285714285714286,0.4864864864864864,0.4776119402985074,0.5423728813559323,0.6122448979591837,0.9285714285714286,0.5294117647058822,0.35483870967741926,0.38983050847457634,0.6896551724137931,0.5178571428571428,0.6511627906976745,0.5142857142857142,0.6964285714285714,0.6226415094339623,0.894736842105263,0.894736842105263,0.6851851851851851,0.6851851851851851
2025:01:21:10:21:46,RP22,SM-S908E,2212343,39,173.97125479507318,-43.0,35.0,test,0.5869565217391304,0.5428571428571431,0.5675675675675675,0.703125,0.4915254237288136,0.5102040816326532,0.8809523809523809,0.6000000000000001,0.3870967741935485,0.3728813559322035,0.6896551724137931,0.5714285714285714,0.7857142857142856,0.5454545454545454,0.7321428571428571,0.6226415094339623,0.5999999999999999,0.5428571428571431,0.5675675675675675,0.6567164179104477,0.4915254237288136,0.5306122448979593,0.8809523809523809,0.5882352941176467,0.3870967741935485,0.3728813559322035,0.6896551724137931,0.5892857142857142,0.7674418604651163,0.5142857142857142,0.7321428571428571,0.6226415094339623,0.9122807017543859,0.9122807017543859,0.9444444444444444,0.9444444444444444
2025:01:21:10:19:42,RP22,SM-S908E,2212343,39,108.53431224139905,-43.0,35.0,test,0.6086956521739131,0.6285714285714286,0.5405405405405403,0.65625,0.576271186440678,0.5918367346938775,0.9285714285714286,0.5142857142857142,0.32258064516129026,0.33898305084745783,0.7068965517241379,0.5357142857142856,0.6428571428571428,0.5151515151515151,0.7142857142857142,0.5849056603773586,0.6666666666666665,0.6285714285714286,0.5405405405405403,0.626865671641791,0.576271186440678,0.5918367346938775,0.9285714285714286,0.49999999999999956,0.32258064516129026,0.3220338983050848,0.7068965517241379,0.5357142857142856,0.627906976744186,0.48571428571428577,0.6964285714285714,0.5849056603773586,0.8771929824561403,0.8771929824561403,0.8888888888888888,0.8888888888888888
2025:01:21:10:35:43,RP23,SM-S908E,2212343,38,178.03154312857956,-36.0,35.0,train,0.6956521739130435,0.5428571428571431,0.40540540540540526,0.65625,0.8474576271186441,0.653061224489796,0.7142857142857142,0.5428571428571431,0.3870967741935485,0.25423728813559343,0.5517241379310345,0.4642857142857142,0.6190476190476191,0.48484848484848486,0.6071428571428572,0.5283018867924529,0.5555555555555554,0.5428571428571431,0.43243243243243246,0.626865671641791,0.8474576271186441,0.653061224489796,0.6904761904761905,0.44117647058823506,0.3870967741935485,0.25423728813559343,0.5517241379310345,0.4642857142857142,0.5813953488372092,0.4571428571428573,0.6071428571428572,0.5283018867924529,0.9473684210526315,0.9473684210526315,0.7222222222222221,0.7222222222222221
2025:01:21:10:30:09,RP23,SM-S908E,2212343,37,-70.0162561650557,-36.0,35.0,train,0.6086956521739131,0.5428571428571431,0.4864864864864864,0.71875,0.7796610169491527,0.7755102040816326,0.7857142857142856,0.4285714285714288,0.37096774193548376,0.3728813559322035,0.4655172413793103,0.4464285714285714,0.5,0.4242424242424243,0.7321428571428571,0.5660377358490567,0.6222222222222222,0.5142857142857142,0.4864864864864864,0.6865671641791045,0.7796610169491527,0.7755102040816326,0.7857142857142856,0.38235294117647056,0.37096774193548376,0.3728813559322035,0.4655172413793103,0.4464285714285714,0.4651162790697674,0.3999999999999999,0.7321428571428571,0.5660377358490567,0.9122807017543859,0.9122807017543859,0.7592592592592593,0.7407407407407407
2025:01:21:10:36:20,RP23,SM-S908E,2212343,35,178.24128578864313,-36.0,35.0,train,0.5652173913043479,0.5428571428571431,0.43243243243243246,0.625,0.8474576271186441,0.5918367346938775,0.5476190476190477,0.3142857142857145,0.3870967741935485,0.27118644067796627,0.5172413793103448,0.4464285714285714,0.6666666666666665,0.5454545454545454,0.5714285714285714,0.509433962264151,0.5777777777777777,0.5428571428571431,0.43243243243243246,0.5970149253731343,0.8474576271186441,0.0,0.5476190476190477,0.3235294117647056,0.3870967741935485,0.25423728813559343,0.5172413793103448,0.4464285714285714,0.558139534883721,0.5142857142857142,0.5714285714285714,0.509433962264151,0.894736842105263,0.894736842105263,0.8333333333333333,0.8333333333333333
2025:01:21:10:33:57,RP23,SM-S908E,2212343,36,125.25480779640898,-36.0,35.0,train,0.5869565217391304,0.657142857142857,0.5135135135135136,0.609375,0.8305084745762713,0.7142857142857144,0.7619047619047619,0.20000000000000018,0.4516129032258065,0.30508474576271194,0.5172413793103448,0.5357142857142856,0.5714285714285714,0.5454545454545454,0.6785714285714286,0.5471698113207548,0.5999999999999999,0.6285714285714286,0.5135135135135136,0.5820895522388059,0.728813559322034,0.7142857142857144,0.7619047619047619,0.23529411764705843,0.4516129032258065,0.30508474576271194,0.5172413793103448,0.5357142857142856,0.558139534883721,0.5142857142857142,0.6785714285714286,0.5471698113207548,0.7368421052631579,0.7543859649122806,0.8518518518518519,0.8518518518518519
2025:01:21:10:37:48,RP23,SM-S908E,2212343,36,179.38735607750945,-36.0,35.0,train,0.5652173913043479,0.5714285714285716,0.0,0.671875,0.8305084745762713,0.6734693877551021,0.75,0.4285714285714288,0.37096774193548376,0.2881355932203391,0.5517241379310345,0.5357142857142856,0.6428571428571428,0.5151515151515151,0.6071428571428572,0.6037735849056605,0.6222222222222222,0.5714285714285716,0.0,0.6716417910447761,0.8305084745762713,0.6734693877551021,0.5238095238095237,0.44117647058823506,0.37096774193548376,0.2881355932203391,0.5344827586206897,0.5357142857142856,0.627906976744186,0.48571428571428577,0.5892857142857142,0.6037735849056605,0.9122807017543859,0.894736842105263,0.7407407407407407,0.7592592592592593
2025:01:21:10:32:39,RP23,SM-S908E,2212343,36,122.96147546646246,-36.0,35.0,train,0.6086956521739131,0.7142857142857144,0.5405405405405403,0.71875,0.8305084745762713,0.7142857142857144,0.7142857142857142,0.37142857142857144,0.4193548387096775,0.27118644067796627,0.48275862068965525,0.5535714285714286,0.5,0.606060606060606,0.6785714285714286,0.5660377358490567,0.6666666666666665,0.657142857142857,0.5405405405405403,0.6865671641791045,0.7457627118644069,0.7142857142857144,0.7142857142857142,0.4117647058823528,0.4193548387096775,0.27118644067796627,0.48275862068965525,0.5535714285714286,0.4883720930232558,0.5142857142857142,0.7321428571428571,0.5660377358490567,0.8070175438596491,0.8070175438596491,0.7962962962962963,0.7962962962962963
2025:01:21:10:29:03,RP23,SM-S908E,2212343,38,-73.89184582372368,-36.0,35.0,train,0.5652173913043479,0.6000000000000001,0.3513513513513513,0.578125,0.8305084745762713,0.7142857142857144,0.8095238095238095,0.37142857142857144,0.3870967741935485,0.3220338983050848,0.4310344827586208,0.5714285714285714,0.5238095238095237,0.4545454545454546,0.6607142857142856,0.5660377358490567,0.5777777777777777,0.6000000000000001,0.3783783783783785,0.5522388059701492,0.8305084745762713,0.7142857142857144,0.8095238095238095,0.4117647058823528,0.403225806451613,0.33898305084745783,0.4310344827586208,0.5714285714285714,0.5116279069767442,0.4285714285714288,0.6428571428571428,0.5660377358490567,0.7543859649122806,0.7543859649122806,0.9629629629629629,0.9629629629629629
2025:01:21:10:34:33,RP23,SM-S908E,2212343,37,124.16642862793438,-36.0,35.0,train,0.5652173913043479,0.6285714285714286,0.5135135135135136,0.578125,0.8305084745762713,0.7142857142857144,0.7857142857142856,0.1428571428571428,0.4193548387096775,0.27118644067796627,0.5172413793103448,0.5357142857142856,0.5476190476190477,0.5454545454545454,0.6964285714285714,0.5471698113207548,0.5777777777777777,0.6285714285714286,0.5135135135135136,0.5522388059701492,0.7118644067796611,0.7142857142857144,0.7857142857142856,0.20588235294117618,0.4193548387096775,0.2881355932203391,0.5172413793103448,0.5357142857142856,0.5116279069767442,0.5142857142857142,0.6964285714285714,0.5471698113207548,0.7719298245614035,0.7719298245614035,0.7592592592592593,0.7777777777777777
2025:01:21:10:27:35,RP23,SM-S908E,2212343,36,-133.86053074687084,-36.0,35.0,train,0.6086956521739131,0.6285714285714286,0.40540540540540526,0.671875,0.8305084745762713,0.7142857142857144,0.8095238095238095,0.34285714285714297,0.3870967741935485,0.3728813559322035,0.5,0.5,0.5714285714285714,0.4545454545454546,0.6607142857142856,0.5849056603773586,0.5777777777777777,0.6285714285714286,0.40540540540540526,0.6417910447761194,0.8305084745762713,0.7142857142857144,0.8095238095238095,0.35294117647058787,0.3870967741935485,0.38983050847457634,0.48275862068965525,0.5,0.558139534883721,0.4285714285714288,0.6607142857142856,0.5849056603773586,0.7894736842105263,0.7894736842105263,0.9259259259259258,0.9259259259259258
2025:01:21:10:28:11,RP23,SM-S908E,2212343,34,-132.3943260195531,-36.0,35.0,train,0.6086956521739131,0.6285714285714286,0.43243243243243246,0.65625,0.8305084745762713,0.7142857142857144,0.8571428571428572,0.0,0.3870967741935485,0.35593220338983067,0.5,0.5178571428571428,0.5476190476190477,0.4545454545454546,0.6607142857142856,0.5849056603773586,0.6222222222222222,0.6285714285714286,0.0,0.626865671641791,0.8305084745762713,0.6938775510204083,0.8571428571428572,0.0,0.3870967741935485,0.3728813559322035,0.5,0.5178571428571428,0.5116279069767442,0.4285714285714288,0.6607142857142856,0.5849056603773586,0.7894736842105263,0.7894736842105263,0.9814814814814814,0.9814814814814814
2025:01:21:10:31:55,RP23,SM-S908E,2212343,33,-72.79459153900251,-36.0,35.0,train,0.5434782608695652,0.5428571428571431,0.5135135135135136,0.65625,0.7966101694915255,0.7551020408163265,0.7380952380952381,0.0,0.403225806451613,0.3728813559322035,0.48275862068965525,0.5,0.5952380952380951,0.48484848484848486,0.6964285714285714,0.679245283018868,0.0,0.5428571428571431,0.5135135135135136,0.626865671641791,0.7966101694915255,0.7551020408163265,0.7380952380952381,0.0,0.3870967741935485,0.3728813559322035,0.48275862068965525,0.5,0.5813953488372092,0.4571428571428573,0.6428571428571428,0.6603773584905661,0.9649122807017543,0.9649122807017543,0.7962962962962963,0.7962962962962963
2025:01:21:10:38:24,RP23,SM-S908E,2212343,34,179.2531349844221,-36.0,35.0,train,0.6521739130434783,0.5714285714285716,0.3783783783783785,0.65625,0.8474576271186441,0.6326530612244898,0.5476190476190477,0.0,0.33870967741935476,0.0,0.5172413793103448,0.4464285714285714,0.5714285714285714,0.48484848484848486,0.5535714285714286,0.5283018867924529,0.6666666666666665,0.5714285714285716,0.3783783783783785,0.626865671641791,0.8474576271186441,0.6326530612244898,0.5476190476190477,0.0,0.33870967741935476,0.0,0.5172413793103448,0.4464285714285714,0.558139534883721,0.4571428571428573,0.5535714285714286,0.5283018867924529,0.9298245614035088,0.9298245614035088,0.7407407407407407,0.7407407407407407
2025:01:21:10:26:57,RP23,SM-S908E,2212343,36,-132.2246101910574,-36.0,35.0,train,0.5434782608695652,0.6285714285714286,0.40540540540540526,0.6875,0.8305084745762713,0.6938775510204083,0.8333333333333333,0.4285714285714288,0.37096774193548376,0.38983050847457634,0.5,0.5178571428571428,0.5238095238095237,0.48484848484848486,0.6607142857142856,0.5660377358490567,0.5555555555555554,0.6285714285714286,0.40540540540540526,0.6567164179104477,0.8135593220338984,0.6938775510204083,0.8333333333333333,0.4117647058823528,0.37096774193548376,0.35593220338983067,0.48275862068965525,0.5178571428571428,0.5116279069767442,0.48571428571428577,0.6607142857142856,0.5660377358490567,0.7894736842105263,0.7894736842105263,0.9629629629629629,0.9629629629629629
2025:01:21:10:30:45,RP23,SM-S908E,2212343,38,-69.36255715743502,-36.0,35.0,train,0.6739130434782608,0.5714285714285716,0.5945945945945947,0.75,0.8305084745762713,0.7959183673469388,0.7380952380952381,0.4285714285714288,0.3870967741935485,0.35593220338983067,0.5,0.4642857142857142,0.6190476190476191,0.5151515151515151,0.7678571428571428,0.679245283018868,0.6444444444444444,0.5714285714285716,0.5945945945945947,0.7164179104477612,0.728813559322034,0.7959183673469388,0.7380952380952381,0.38235294117647056,0.3870967741935485,0.35593220338983067,0.48275862068965525,0.4464285714285714,0.6046511627906976,0.4571428571428573,0.75,0.679245283018868,1.0,0.9824561403508771,0.7777777777777777,0.7777777777777777
2025:01:21:10:31:20,RP23,SM-S908E,2212343,36,-72.80362135385377,-36.0,35.0,validation,0.6086956521739131,0.5428571428571431,0.5675675675675675,0.71875,0.7966101694915255,0.7755102040816326,0.7380952380952381,0.0,0.403225806451613,0.3220338983050848,0.48275862068965525,0.5178571428571428,0.5476190476190477,0.4545454545454546,0.7142857142857142,0.679245283018868,0.6222222222222222,0.5428571428571431,0.5405405405405403,0.6865671641791045,0.7966101694915255,0.7551020408163265,0.7380952380952381,0.0,0.403225806451613,0.3220338983050848,0.48275862068965525,0.5178571428571428,0.5348837209302326,0.4285714285714288,0.75,0.679245283018868,0.9122807017543859,0.9122807017543859,0.7222222222222221,0.7222222222222221
2025:01:21:10:33:22,RP23,SM-S908E,2212343,32,120.65568703404976,-36.0,35.0,validation,0.6304347826086956,0.7142857142857144,0.5405405405405403,0.6875,0.7118644067796611,0.7142857142857144,0.7619047619047619,0.0,0.403225806451613,0.0,0.5344827586206897,0.5892857142857142,0.5238095238095237,0.5757575757575757,0.6964285714285714,0.5660377358490567,0.711111111111111,0.7142857142857144,0.5135135135135136,0.6567164179104477,0.7118644067796611,0.7142857142857144,0.7619047619047619,0.0,0.403225806451613,0.0,0.5344827586206897,0.5714285714285714,0.5116279069767442,0.5428571428571431,0.6964285714285714,0.5660377358490567,0.7543859649122806,0.7543859649122806,0.7222222222222221,0.7222222222222221
2025:01:21:10:35:08,RP23,SM-S908E,2212343,37,122.74725800601892,-36.0,35.0,validation,0.6521739130434783,0.657142857142857,0.4864864864864864,0.6875,0.728813559322034,0.7142857142857144,0.7380952380952381,0.28571428571428603,0.435483870967742,0.35593220338983067,0.5172413793103448,0.5892857142857142,0.5476190476190477,0.5454545454545454,0.7321428571428571,0.5283018867924529,0.6666666666666665,0.657142857142857,0.45945945945945965,0.6417910447761194,0.728813559322034,0.7142857142857144,0.7380952380952381,0.2941176470588234,0.435483870967742,0.35593220338983067,0.5172413793103448,0.5892857142857142,0.558139534883721,0.5142857142857142,0.7142857142857142,0.5283018867924529,0.7894736842105263,0.7894736842105263,0.7592592592592593,0.7592592592592593
2025:01:21:10:26:44,RP23,SM-S908E,2212343,35,-132.67437633065714,-36.0,35.0,test,0.6956521739130435,0.657142857142857,0.4864864864864864,0.671875,0.7966101694915255,0.7755102040816326,0.7857142857142856,0.3999999999999999,0.0,0.3220338983050848,0.5517241379310345,0.5535714285714286,0.5952380952380951,0.48484848484848486,0.7321428571428571,0.5849056603773586,0.711111111111111,0.657142857142857,0.4864864864864864,0.6417910447761194,0.7966101694915255,0.7755102040816326,0.7857142857142856,0.38235294117647056,0.0,0.3220338983050848,0.48275862068965525,0.5535714285714286,0.558139534883721,0.4571428571428573,0.7321428571428571,0.5849056603773586,0.8070175438596491,0.8245614035087718,0.9259259259259258,0.9259259259259258
2025:01:21:10:37:03,RP23,SM-S908E,2212343,35,177.74231403359752,-36.0,35.0,test,0.5434782608695652,0.5428571428571431,0.45945945945945965,0.671875,0.8644067796610171,0.6938775510204083,0.5476190476190477,0.0,0.29032258064516125,0.30508474576271194,0.5344827586206897,0.4107142857142856,0.6190476190476191,0.48484848484848486,0.5892857142857142,0.4716981132075473,0.5777777777777777,0.5428571428571431,0.45945945945945965,0.6417910447761194,0.8644067796610171,0.6938775510204083,0.5476190476190477,0.35294117647058787,0.29032258064516125,0.30508474576271194,0.5344827586206897,0.4107142857142856,0.627906976744186,0.4571428571428573,0.5892857142857142,0.4716981132075473,0.9298245614035088,0.9298245614035088,0.8148148148148148,0.8148148148148148
2025:01:21:10:25:35,RP23,SM-S908E,2212343,41,-132.65406497681974,-36.0,35.0,test,0.6304347826086956,0.8285714285714287,0.7837837837837838,0.609375,0.7796610169491527,0.6734693877551021,0.7380952380952381,0.37142857142857144,0.5161290322580645,0.593220338983051,0.5689655172413792,0.5,0.7142857142857142,0.6969696969696968,0.75,0.7735849056603774,0.6444444444444444,0.8285714285714287,0.7567567567567568,0.5820895522388059,0.7796610169491527,0.6734693877551021,0.7380952380952381,0.23529411764705843,0.5,0.593220338983051,0.5689655172413792,0.5,0.6744186046511629,0.6285714285714286,0.7321428571428571,0.7547169811320755,0.7894736842105263,0.8070175438596491,0.8888888888888888,0.8888888888888888
2025:01:21:11:34:26,RP24,SM-S908E,2212343,34,175.08188764431065,36.0,35.0,train,0.5652173913043479,0.3999999999999999,0.0,0.390625,0.30508474576271194,0.7959183673469388,0.6666666666666665,0.5428571428571431,0.6774193548387096,0.7796610169491527,0.5172413793103448,0.5178571428571428,0.6190476190476191,0.6666666666666665,0.4464285714285714,0.4716981132075473,0.5777777777777777,0.3999999999999999,0.0,0.3731343283582089,0.30508474576271194,0.7755102040816326,0.6666666666666665,0.5588235294117645,0.6774193548387096,0.7796610169491527,0.5172413793103448,0.5178571428571428,0.6046511627906976,0.6285714285714286,0.4464285714285714,0.4716981132075473,0.3157894736842106,0.3157894736842106,0.2777777777777777,0.2777777777777777
2025:01:21:11:21:46,RP24,SM-S908E,2212343,39,-131.81283115327483,36.0,35.0,train,0.5434782608695652,0.37142857142857144,0.4864864864864864,0.40625,0.3220338983050848,0.7959183673469388,0.7380952380952381,0.3999999999999999,0.5483870967741935,0.7118644067796611,0.5862068965517242,0.5892857142857142,0.5952380952380951,0.5757575757575757,0.4821428571428572,0.5283018867924529,0.5555555555555554,0.37142857142857144,0.4864864864864864,0.3880597014925373,0.3220338983050848,0.7959183673469388,0.7380952380952381,0.4117647058823528,0.5483870967741935,0.7118644067796611,0.5862068965517242,0.5892857142857142,0.5813953488372092,0.5428571428571431,0.4821428571428572,0.5283018867924529,0.2807017543859649,0.2807017543859649,0.38888888888888884,0.38888888888888884
2025:01:21:11:22:30,RP24,SM-S908E,2212343,33,-131.61188339536653,36.0,35.0,train,0.5869565217391304,0.34285714285714297,0.0,0.390625,0.3220338983050848,0.7551020408163265,0.8333333333333333,0.3999999999999999,0.5161290322580645,0.7627118644067797,0.0,0.5714285714285714,0.6190476190476191,0.606060606060606,0.4464285714285714,0.5283018867924529,0.5999999999999999,0.3142857142857145,0.0,0.3731343283582089,0.3220338983050848,0.7551020408163265,0.8333333333333333,0.4117647058823528,0.5161290322580645,0.7627118644067797,0.0,0.5714285714285714,0.6046511627906976,0.5714285714285716,0.4285714285714286,0.5283018867924529,0.26315789473684204,0.24561403508771917,0.2962962962962963,0.2962962962962963
2025:01:21:11:30:12,RP24,SM-S908E,2212343,35,117.48061849402049,36.0,35.0,train,0.4782608695652173,0.5142857142857142,0.0,0.4375,0.2881355932203391,0.8367346938775511,0.6666666666666665,0.48571428571428577,0.564516129032258,0.7627118644067797,0.39655172413793105,0.5178571428571428,0.4285714285714286,0.6363636363636362,0.4642857142857142,0.39622641509433976,0.5111111111111111,0.5142857142857142,0.0,0.4179104477611939,0.2881355932203391,0.8367346938775511,0.6666666666666665,0.5294117647058822,0.564516129032258,0.7627118644067797,0.39655172413793105,0.5178571428571428,0.4186046511627908,0.5714285714285716,0.4821428571428572,0.39622641509433976,0.3508771929824561,0.3508771929824561,0.2962962962962963,0.2777777777777777
2025:01:21:11:28:14,RP24,SM-S908E,2212343,34,-67.62974370888702,36.0,35.0,train,0.5434782608695652,0.5142857142857142,0.5675675675675675,0.4375,0.3220338983050848,0.8775510204081634,0.6190476190476191,0.48571428571428577,0.564516129032258,0.7796610169491527,0.5517241379310345,0.5357142857142856,0.6190476190476191,0.606060606060606,0.4642857142857142,0.358490566037736,0.5555555555555554,0.48571428571428577,0.5675675675675675,0.4179104477611939,0.3220338983050848,0.8979591836734695,0.6190476190476191,0.49999999999999956,0.564516129032258,0.7796610169491527,0.5517241379310345,0.5357142857142856,0.5813953488372092,0.5714285714285716,0.5535714285714286,0.358490566037736,0.29824561403508776,0.2807017543859649,0.0,0.0
2025:01:21:11:25:13,RP24,SM-S908E,2212343,35,-64.74974843335013,36.0,35.0,train,0.5652173913043479,0.3999999999999999,0.0,0.34375,0.30508474576271194,0.7551020408163265,0.7857142857142856,0.4285714285714288,0.5483870967741935,0.7627118644067797,0.5517241379310345,0.5892857142857142,0.7142857142857142,0.0,0.4285714285714286,0.49056603773584917,0.5777777777777777,0.3999999999999999,0.0,0.3283582089552237,0.2881355932203391,0.7346938775510206,0.7857142857142856,0.44117647058823506,0.5483870967741935,0.7627118644067797,0.5344827586206897,0.5892857142857142,0.6976744186046511,0.7142857142857144,0.4285714285714286,0.49056603773584917,0.24561403508771917,0.24561403508771917,0.33333333333333326,0.33333333333333326
2025:01:21:11:33:00,RP24,SM-S908E,2212343,34,116.56478556554953,36.0,35.0,train,0.5434782608695652,0.28571428571428603,0.0,0.328125,0.3220338983050848,0.7959183673469388,0.7142857142857142,0.5714285714285716,0.5161290322580645,0.7627118644067797,0.5172413793103448,0.5357142857142856,0.4761904761904763,0.7575757575757578,0.4464285714285714,0.5849056603773586,0.37777777777777777,0.28571428571428603,0.0,0.31343283582089554,0.3220338983050848,0.6122448979591837,0.7142857142857142,0.5882352941176467,0.5161290322580645,0.7627118644067797,0.5172413793103448,0.5357142857142856,0.4651162790697674,0.7142857142857144,0.4464285714285714,0.5849056603773586,0.26315789473684204,0.2807017543859649,0.38888888888888884,0.40740740740740744
2025:01:21:11:31:48,RP24,SM-S908E,2212343,35,116.60897780028799,36.0,35.0,train,0.4782608695652173,0.4571428571428573,0.0,0.28125,0.30508474576271194,0.6326530612244898,0.7142857142857142,0.6857142857142859,0.6451612903225806,0.7627118644067797,0.48275862068965525,0.5714285714285714,0.6428571428571428,0.6363636363636362,0.4642857142857142,0.41509433962264164,0.4888888888888887,0.4571428571428573,0.0,0.26865671641791034,0.30508474576271194,0.6326530612244898,0.7142857142857142,0.7058823529411762,0.6451612903225806,0.7627118644067797,0.4655172413793103,0.5714285714285714,0.627906976744186,0.7428571428571429,0.4553571428571428,0.41509433962264164,0.33333333333333326,0.3157894736842106,0.37037037037037024,0.38888888888888884
2025:01:21:11:29:32,RP24,SM-S908E,2212343,36,-68.11084491030248,36.0,35.0,train,0.5,0.48571428571428577,0.4864864864864864,0.4375,0.31355932203389836,0.8367346938775511,0.6666666666666665,0.48571428571428577,0.564516129032258,0.7627118644067797,0.4137931034482758,0.4642857142857142,0.5,0.606060606060606,0.4642857142857142,0.3773584905660379,0.5111111111111111,0.48571428571428577,0.5135135135135136,0.4029850746268655,0.27118644067796627,0.8367346938775511,0.6666666666666665,0.49999999999999956,0.564516129032258,0.7627118644067797,0.4137931034482758,0.4642857142857142,0.5116279069767442,0.5714285714285716,0.4464285714285714,0.3773584905660379,0.3157894736842106,0.3157894736842106,0.22222222222222232,0.22222222222222232
2025:01:21:11:27:09,RP24,SM-S908E,2212343,35,-71.5503220136287,36.0,35.0,train,0.5652173913043479,0.5142857142857142,0.5675675675675675,0.4375,0.30508474576271194,0.8775510204081634,0.6428571428571428,0.48571428571428577,0.5161290322580645,0.7627118644067797,0.4482758620689655,0.5357142857142856,0.5,0.6666666666666665,0.4821428571428572,0.3207547169811322,0.5777777777777777,0.5142857142857142,0.5675675675675675,0.4179104477611939,0.30508474576271194,0.8775510204081634,0.6428571428571428,0.49999999999999956,0.5,0.7627118644067797,0.4482758620689655,0.5357142857142856,0.4883720930232558,0.6285714285714286,0.4821428571428572,0.3207547169811322,0.33333333333333326,0.33333333333333326,0.0,0.22222222222222232
2025:01:21:11:23:05,RP24,SM-S908E,2212343,36,-131.56136570656986,36.0,35.0,train,0.6086956521739131,0.37142857142857144,0.5405405405405403,0.453125,0.33898305084745783,0.7959183673469388,0.8095238095238095,0.4571428571428573,0.4838709677419355,0.7627118644067797,0.5172413793103448,0.625,0.6666666666666665,0.606060606060606,0.4642857142857142,0.509433962264151,0.5777777777777777,0.37142857142857144,0.5405405405405403,0.4328358208955223,0.33898305084745783,0.7755102040816326,0.8095238095238095,0.4705882352941173,0.4838709677419355,0.7627118644067797,0.5172413793103448,0.625,0.6511627906976745,0.6857142857142859,0.4642857142857142,0.509433962264151,0.26315789473684204,0.2807017543859649,0.3148148148148149,0.33333333333333326
2025:01:21:11:36:39,RP24,SM-S908E,2212343,37,176.24892245890086,36.0,35.0,train,0.5,0.48571428571428577,0.29729729729729737,0.359375,0.33898305084745783,0.7959183673469388,0.6666666666666665,0.5714285714285716,0.6451612903225806,0.7796610169491527,0.5172413793103448,0.6071428571428572,0.5952380952380951,0.7272727272727275,0.4821428571428572,0.4528301886792454,0.5111111111111111,0.48571428571428577,0.32432432432432456,0.3283582089552237,0.33898305084745783,0.7755102040816326,0.6666666666666665,0.5882352941176467,0.6451612903225806,0.7796610169491527,0.5,0.6071428571428572,0.5813953488372092,0.6857142857142859,0.4642857142857142,0.4528301886792454,0.3157894736842106,0.3157894736842106,0.3148148148148149,0.3148148148148149
2025:01:21:11:26:23,RP24,SM-S908E,2212343,37,-68.88775276218807,36.0,35.0,train,0.5,0.5142857142857142,0.5135135135135136,0.40625,0.31355932203389836,0.8367346938775511,0.5952380952380951,0.5142857142857142,0.6129032258064516,0.7457627118644069,0.4310344827586208,0.4642857142857142,0.5238095238095237,0.6363636363636362,0.4285714285714286,0.3396226415094341,0.5111111111111111,0.5142857142857142,0.5135135135135136,0.3880597014925373,0.27118644067796627,0.8571428571428572,0.5952380952380951,0.5294117647058822,0.5967741935483871,0.7457627118644069,0.4482758620689655,0.4642857142857142,0.5116279069767442,0.6000000000000001,0.4285714285714286,0.3396226415094341,0.368421052631579,0.368421052631579,0.20370370370370372,0.20370370370370372
2025:01:21:11:23:49,RP24,SM-S908E,2212343,36,-131.13972606513306,36.0,35.0,train,0.6086956521739131,0.48571428571428577,0.5135135135135136,0.359375,0.33898305084745783,0.7551020408163265,0.7857142857142856,0.37142857142857144,0.532258064516129,0.7118644067796611,0.5344827586206897,0.6071428571428572,0.6904761904761905,0.6969696969696968,0.4642857142857142,0.509433962264151,0.5999999999999999,0.4571428571428573,0.5135135135135136,0.3582089552238805,0.35593220338983067,0.7551020408163265,0.7857142857142856,0.44117647058823506,0.532258064516129,0.7118644067796611,0.5344827586206897,0.6071428571428572,0.6744186046511629,0.657142857142857,0.4642857142857142,0.509433962264151,0.2807017543859649,0.2807017543859649,0.33333333333333326,0.35185185185185186
2025:01:21:11:31:10,RP24,SM-S908E,2212343,36,112.86928800104705,36.0,35.0,validation,0.5869565217391304,0.4285714285714288,0.29729729729729737,0.34375,0.33898305084745783,0.653061224489796,0.6190476190476191,0.6857142857142859,0.6129032258064516,0.7457627118644069,0.4655172413793103,0.5535714285714286,0.6190476190476191,0.8181818181818183,0.2857142857142858,0.41509433962264164,0.5777777777777777,0.4285714285714288,0.29729729729729737,0.3283582089552237,0.33898305084745783,0.653061224489796,0.6190476190476191,0.7058823529411762,0.6129032258064516,0.7457627118644069,0.4482758620689655,0.5535714285714286,0.627906976744186,0.7714285714285716,0.2857142857142858,0.41509433962264164,0.2807017543859649,0.2807017543859649,0.3148148148148149,0.3148148148148149
2025:01:21:11:24:26,RP24,SM-S908E,2212343,36,-132.016615052269,36.0,35.0,validation,0.5652173913043479,0.4285714285714288,0.5135135135135136,0.421875,0.33898305084745783,0.7755102040816326,0.7857142857142856,0.3999999999999999,0.564516129032258,0.7457627118644069,0.5,0.6071428571428572,0.6428571428571428,0.7272727272727275,0.4464285714285714,0.5283018867924529,0.5777777777777777,0.4285714285714288,0.5135135135135136,0.4029850746268655,0.3220338983050848,0.7551020408163265,0.7857142857142856,0.4117647058823528,0.564516129032258,0.7457627118644069,0.48275862068965525,0.6071428571428572,0.627906976744186,0.6857142857142859,0.4464285714285714,0.5283018867924529,0.2807017543859649,0.2807017543859649,0.35185185185185186,0.35185185185185186
2025:01:21:11:32:23,RP24,SM-S908E,2212343,29,114.56543788028463,36.0,35.0,validation,0.3913043478260869,0.34285714285714297,0.0,0.0,0.30508474576271194,0.5510204081632655,0.6428571428571428,0.6000000000000001,0.564516129032258,0.593220338983051,0.4482758620689655,0.5714285714285714,0.5714285714285714,0.7878787878787881,0.0,0.5660377358490567,0.3999999999999999,0.34285714285714297,0.0,0.0,0.30508474576271194,0.5510204081632655,0.6428571428571428,0.617647058823529,0.564516129032258,0.593220338983051,0.4482758620689655,0.5714285714285714,0.558139534883721,0.7428571428571429,0.0,0.5660377358490567,0.0,0.0,0.38888888888888884,0.38888888888888884
2025:01:21:11:36:03,RP24,SM-S908E,2212343,34,175.61004013986226,36.0,35.0,test,0.5217391304347827,0.4285714285714288,0.0,0.390625,0.30508474576271194,0.8163265306122449,0.6904761904761905,0.5142857142857142,0.5967741935483871,0.8135593220338984,0.5172413793103448,0.4821428571428572,0.6666666666666665,0.6666666666666665,0.4821428571428572,0.49056603773584917,0.5333333333333332,0.4285714285714288,0.1351351351351351,0.3582089552238805,0.30508474576271194,0.7551020408163265,0.6904761904761905,0.49999999999999956,0.5967741935483871,0.8135593220338984,0.5344827586206897,0.4821428571428572,0.6511627906976745,0.6285714285714286,0.4642857142857142,0.49056603773584917,0.0,0.0,0.35185185185185186,0.35185185185185186
2025:01:21:11:33:37,RP24,SM-S908E,2212343,40,175.89634715008913,36.0,35.0,test,0.5869565217391304,0.3999999999999999,0.32432432432432456,0.359375,0.30508474576271194,0.8367346938775511,0.6428571428571428,0.5142857142857142,0.5806451612903225,0.7457627118644069,0.5689655172413792,0.4821428571428572,0.5952380952380951,0.6666666666666665,0.4464285714285714,0.49056603773584917,0.5333333333333332,0.37142857142857144,0.32432432432432456,0.3432835820895521,0.30508474576271194,0.7959183673469388,0.6428571428571428,0.5294117647058822,0.5806451612903225,0.7457627118644069,0.5517241379310345,0.4821428571428572,0.5813953488372092,0.6285714285714286,0.4285714285714286,0.49056603773584917,0.3157894736842106,0.29824561403508776,0.35185185185185186,0.35185185185185186
2025:01:21:11:35:24,RP24,SM-S908E,2212343,37,175.43841636190876,36.0,35.0,test,0.0,0.28571428571428603,0.16216216216216228,0.390625,0.30508474576271194,0.7959183673469388,0.6428571428571428,0.5428571428571431,0.6612903225806451,0.8135593220338984,0.5517241379310345,0.5178571428571428,0.5952380952380951,0.606060606060606,0.4642857142857142,0.4716981132075473,0.0,0.28571428571428603,0.16216216216216228,0.3731343283582089,0.30508474576271194,0.7959183673469388,0.6428571428571428,0.5588235294117645,0.6612903225806451,0.7966101694915255,0.5344827586206897,0.5178571428571428,0.5813953488372092,0.5714285714285716,0.4642857142857142,0.4716981132075473,0.2807017543859649,0.2807017543859649,0.2777777777777777,0.2777777777777777
2025:01:21:11:19:55,RP25,SM-S908E,2212343,37,176.1376827029762,43.0,35.0,train,0.5869565217391304,0.4571428571428573,0.43243243243243246,0.4375,0.35593220338983067,0.6938775510204083,0.7857142857142856,0.6285714285714286,0.467741935483871,0.6271186440677967,0.8103448275862069,0.6964285714285714,0.5952380952380951,0.9090909090909092,0.6428571428571428,0.5283018867924529,0.5999999999999999,0.4571428571428573,0.0,0.4179104477611939,0.35593220338983067,0.6938775510204083,0.7857142857142856,0.6470588235294117,0.467741935483871,0.6101694915254239,0.8103448275862069,0.6964285714285714,0.5813953488372092,0.8571428571428572,0.625,0.5283018867924529,0.4385964912280702,0.4385964912280702,0.35185185185185186,0.35185185185185186
2025:01:21:11:15:39,RP25,SM-S908E,2212343,43,118.2862258018642,43.0,35.0,train,0.5869565217391304,0.6000000000000001,0.0,0.5,0.4406779661016951,0.7959183673469388,0.8333333333333333,0.5142857142857142,0.5806451612903225,0.5593220338983051,0.7413793103448276,0.7321428571428571,0.6190476190476191,0.7878787878787881,0.5892857142857142,0.6981132075471699,0.5999999999999999,0.6000000000000001,0.0,0.4776119402985074,0.4406779661016951,0.7959183673469388,0.8333333333333333,0.5588235294117645,0.5806451612903225,0.5593220338983051,0.7413793103448276,0.7321428571428571,0.6046511627906976,0.7142857142857144,0.5714285714285714,0.6981132075471699,0.5789473684210527,0.4385964912280702,0.4814814814814814,0.4814814814814814
2025:01:21:11:16:53,RP25,SM-S908E,2212343,40,117.27631320343276,43.0,35.0,train,0.5869565217391304,0.6000000000000001,0.0,0.484375,0.47457627118644075,0.7551020408163265,0.8333333333333333,0.3999999999999999,0.6451612903225806,0.5593220338983051,0.7758620689655172,0.7678571428571428,0.5714285714285714,0.7575757575757578,0.5178571428571428,0.679245283018868,0.5999999999999999,0.6000000000000001,0.0,0.462686567164179,0.47457627118644075,0.7551020408163265,0.8333333333333333,0.5588235294117645,0.6290322580645161,0.5593220338983051,0.7758620689655172,0.7678571428571428,0.5348837209302326,0.7142857142857144,0.5178571428571428,0.679245283018868,0.42105263157894735,0.42105263157894735,0.462962962962963,0.462962962962963
2025:01:21:11:08:36,RP25,SM-S908E,2212343,40,-130.71459138114602,43.0,35.0,train,0.5869565217391304,0.4571428571428573,0.32432432432432456,0.46875,0.47457627118644075,0.6938775510204083,0.8095238095238095,0.6000000000000001,0.5806451612903225,0.4406779661016951,0.7586206896551724,0.6964285714285714,0.6190476190476191,0.8787878787878789,0.6071428571428572,0.6603773584905661,0.5333333333333332,0.4571428571428573,0.3513513513513513,0.3880597014925373,0.47457627118644075,0.6938775510204083,0.8095238095238095,0.617647058823529,0.6129032258064516,0.6101694915254239,0.7586206896551724,0.6964285714285714,0.6046511627906976,0.8285714285714287,0.6071428571428572,0.6603773584905661,0.3508771929824561,0.3508771929824561,0.4814814814814814,0.4814814814814814
2025:01:21:11:12:09,RP25,SM-S908E,2212343,40,-73.14533911244774,43.0,35.0,train,0.5869565217391304,0.5428571428571431,0.40540540540540526,0.53125,0.4576271186440679,0.6326530612244898,0.8571428571428572,0.6000000000000001,0.4516129032258065,0.47457627118644075,0.8103448275862069,0.6964285714285714,0.5476190476190477,0.8181818181818183,0.6071428571428572,0.6603773584905661,0.5999999999999999,0.5428571428571431,0.3783783783783785,0.5074626865671641,0.4576271186440679,0.6326530612244898,0.8571428571428572,0.5882352941176467,0.4516129032258065,0.5254237288135595,0.7931034482758621,0.6964285714285714,0.5348837209302326,0.7714285714285716,0.6071428571428572,0.6603773584905661,0.3157894736842106,0.33333333333333326,0.4259259259259258,0.4259259259259258
2025:01:21:11:13:54,RP25,SM-S908E,2212343,40,-71.14899945560727,43.0,35.0,train,0.5869565217391304,0.4571428571428573,0.0,0.453125,0.38983050847457634,0.7142857142857144,0.7380952380952381,0.48571428571428577,0.5161290322580645,0.5593220338983051,0.7068965517241379,0.6785714285714286,0.6428571428571428,0.7878787878787881,0.6785714285714286,0.5660377358490567,0.5999999999999999,0.4571428571428573,0.0,0.4328358208955223,0.38983050847457634,0.7346938775510206,0.7380952380952381,0.49999999999999956,0.5161290322580645,0.5593220338983051,0.7068965517241379,0.6785714285714286,0.627906976744186,0.7428571428571429,0.6785714285714286,0.5660377358490567,0.33333333333333326,0.0,0.33333333333333326,0.33333333333333326
2025:01:21:11:21:05,RP25,SM-S908E,2212343,41,176.54965081683116,43.0,35.0,train,0.5217391304347827,0.48571428571428577,0.29729729729729737,0.546875,0.42372881355932224,0.6938775510204083,0.7619047619047619,0.6000000000000001,0.5806451612903225,0.5084745762711866,0.8103448275862069,0.6607142857142856,0.7142857142857142,0.9393939393939394,0.625,0.5471698113207548,0.5333333333333332,0.48571428571428577,0.29729729729729737,0.5223880597014925,0.42372881355932224,0.6938775510204083,0.7619047619047619,0.5882352941176467,0.5806451612903225,0.5084745762711866,0.8103448275862069,0.6607142857142856,0.627906976744186,0.8857142857142859,0.625,0.5471698113207548,0.4385964912280702,0.4385964912280702,0.35185185185185186,0.37037037037037024
2025:01:21:11:17:54,RP25,SM-S908E,2212343,44,116.92237425506863,43.0,35.0,train,0.5869565217391304,0.6000000000000001,0.32432432432432456,0.484375,0.47457627118644075,0.7755102040816326,0.8571428571428572,0.5428571428571431,0.6129032258064516,0.5593220338983051,0.7413793103448276,0.7321428571428571,0.5952380952380951,0.7575757575757578,0.5892857142857142,0.679245283018868,0.5999999999999999,0.6000000000000001,0.2702702702702702,0.462686567164179,0.47457627118644075,0.7755102040816326,0.8571428571428572,0.5588235294117645,0.6129032258064516,0.5593220338983051,0.7413793103448276,0.7321428571428571,0.5813953488372092,0.7142857142857144,0.5892857142857142,0.679245283018868,0.45614035087719307,0.45614035087719307,0.4814814814814814,0.4814814814814814
2025:01:21:11:16:17,RP25,SM-S908E,2212343,41,115.76845444440903,43.0,35.0,train,0.6086956521739131,0.6000000000000001,0.0,0.5,0.4406779661016951,0.7755102040816326,0.8571428571428572,0.5714285714285716,0.5967741935483871,0.5593220338983051,0.7758620689655172,0.6964285714285714,0.5952380952380951,0.7272727272727275,0.5892857142857142,0.6981132075471699,0.5777777777777777,0.6000000000000001,0.0,0.4776119402985074,0.4406779661016951,0.7755102040816326,0.8571428571428572,0.5294117647058822,0.5967741935483871,0.5593220338983051,0.7586206896551724,0.6964285714285714,0.558139534883721,0.7142857142857144,0.5714285714285714,0.6981132075471699,0.4385964912280702,0.45614035087719307,0.462962962962963,0.4814814814814814
2025:01:21:11:13:18,RP25,SM-S908E,2212343,40,-71.60635155641455,43.0,35.0,train,0.6086956521739131,0.5142857142857142,0.2702702702702702,0.484375,0.38983050847457634,0.6938775510204083,0.7380952380952381,0.5428571428571431,0.5,0.5084745762711866,0.7586206896551724,0.6785714285714286,0.6904761904761905,0.8484848484848486,0.6964285714285714,0.6037735849056605,0.6222222222222222,0.5142857142857142,0.40540540540540526,0.462686567164179,0.38983050847457634,0.6938775510204083,0.7380952380952381,0.5588235294117645,0.5,0.5084745762711866,0.7413793103448276,0.6785714285714286,0.6744186046511629,0.8,0.6964285714285714,0.6037735849056605,0.3157894736842106,0.3157894736842106,0.35185185185185186,0.35185185185185186
2025:01:21:11:12:44,RP25,SM-S908E,2212343,38,-73.09044402609626,43.0,35.0,train,0.5869565217391304,0.5142857142857142,0.0,0.46875,0.4067796610169492,0.7142857142857144,0.7142857142857142,0.48571428571428577,0.5483870967741935,0.5254237288135595,0.7586206896551724,0.6964285714285714,0.6666666666666665,0.8181818181818183,0.6964285714285714,0.6226415094339623,0.5999999999999999,0.5142857142857142,0.0,0.4477611940298507,0.4067796610169492,0.7346938775510206,0.7142857142857142,0.5294117647058822,0.5483870967741935,0.5423728813559323,0.7586206896551724,0.6964285714285714,0.627906976744186,0.7714285714285716,0.6964285714285714,0.6226415094339623,0.29824561403508776,0.3157894736842106,0.3148148148148149,0.3148148148148149
2025:01:21:11:15:04,RP25,SM-S908E,2212343,41,117.39420499935886,43.0,35.0,train,0.5869565217391304,0.48571428571428577,0.3783783783783785,0.53125,0.38983050847457634,0.7755102040816326,0.6904761904761905,0.6000000000000001,0.564516129032258,0.5423728813559323,0.7758620689655172,0.6964285714285714,0.6904761904761905,0.8181818181818183,0.7321428571428571,0.6037735849056605,0.5999999999999999,0.48571428571428577,0.45945945945945965,0.5074626865671641,0.38983050847457634,0.653061224489796,0.6904761904761905,0.5882352941176467,0.564516129032258,0.5423728813559323,0.7758620689655172,0.6964285714285714,0.627906976744186,0.7714285714285716,0.7321428571428571,0.6037735849056605,0.4035087719298245,0.42105263157894735,0.2962962962962963,0.3148148148148149
2025:01:21:11:18:43,RP25,SM-S908E,2212343,44,175.934609271648,43.0,35.0,train,0.5652173913043479,0.3999999999999999,0.2702702702702702,0.484375,0.4406779661016951,0.7346938775510206,0.8571428571428572,0.5428571428571431,0.6129032258064516,0.576271186440678,0.7413793103448276,0.7142857142857142,0.5952380952380951,0.9696969696969697,0.625,0.509433962264151,0.5999999999999999,0.4285714285714288,0.29729729729729737,0.5522388059701492,0.4576271186440679,0.7346938775510206,0.8571428571428572,0.5588235294117645,0.6129032258064516,0.5084745762711866,0.7413793103448276,0.7142857142857142,0.5813953488372092,0.9142857142857144,0.625,0.509433962264151,0.368421052631579,0.368421052631579,0.462962962962963,0.4814814814814814
2025:01:21:11:20:30,RP25,SM-S908E,2212343,36,175.3430188890195,43.0,35.0,train,0.5869565217391304,0.5142857142857142,0.0,0.484375,0.3728813559322035,0.6326530612244898,0.7380952380952381,0.5714285714285716,0.5161290322580645,0.4576271186440679,0.8103448275862069,0.6428571428571428,0.6428571428571428,0.9090909090909092,0.6071428571428572,0.5471698113207548,0.5999999999999999,0.5142857142857142,0.0,0.462686567164179,0.3728813559322035,0.6326530612244898,0.7380952380952381,0.5588235294117645,0.5161290322580645,0.5508474576271187,0.7931034482758621,0.625,0.627906976744186,0.8571428571428572,0.6071428571428572,0.5471698113207548,0.42105263157894735,0.4385964912280702,0.33333333333333326,0.33333333333333326
2025:01:21:11:14:29,RP25,SM-S908E,2212343,39,-71.15961636355105,43.0,35.0,validation,0.6521739130434783,0.48571428571428577,0.0,0.421875,0.38983050847457634,0.7142857142857144,0.7142857142857142,0.5142857142857142,0.5,0.5423728813559323,0.7068965517241379,0.6428571428571428,0.6190476190476191,0.7878787878787881,0.6785714285714286,0.6415094339622642,0.6222222222222222,0.48571428571428577,0.3513513513513513,0.4179104477611939,0.38983050847457634,0.7142857142857144,0.7142857142857142,0.5294117647058822,0.5,0.5423728813559323,0.7068965517241379,0.6428571428571428,0.6046511627906976,0.7714285714285716,0.6785714285714286,0.6415094339622642,0.3859649122807016,0.3859649122807016,0.33333333333333326,0.33333333333333326
2025:01:21:11:09:12,RP25,SM-S908E,2212343,42,-132.01305125478328,43.0,35.0,validation,0.4782608695652173,0.4571428571428573,0.3513513513513513,0.46875,0.4915254237288136,0.7142857142857144,0.7380952380952381,0.6285714285714286,0.5806451612903225,0.47457627118644075,0.7758620689655172,0.7142857142857142,0.6190476190476191,0.8484848484848486,0.6071428571428572,0.6415094339622642,0.4888888888888887,0.4571428571428573,0.40540540540540526,0.4477611940298507,0.4915254237288136,0.7142857142857144,0.7380952380952381,0.617647058823529,0.5806451612903225,0.47457627118644075,0.7758620689655172,0.7142857142857142,0.6046511627906976,0.8,0.6071428571428572,0.6415094339622642,0.368421052631579,0.368421052631579,0.38888888888888884,0.38888888888888884
2025:01:21:11:10:27,RP25,SM-S908E,2212343,39,-130.41534698390507,43.0,35.0,validation,0.5217391304347827,0.5428571428571431,0.40540540540540526,0.53125,0.4915254237288136,0.5918367346938775,0.8333333333333333,0.4571428571428573,0.5806451612903225,0.0,0.8275862068965517,0.7321428571428571,0.5476190476190477,0.8484848484848486,0.5892857142857142,0.679245283018868,0.5111111111111111,0.5428571428571431,0.40540540540540526,0.4925373134328358,0.4915254237288136,0.5918367346938775,0.8333333333333333,0.44117647058823506,0.5806451612903225,0.5084745762711866,0.8103448275862069,0.7321428571428571,0.5116279069767442,0.8,0.5714285714285714,0.679245283018868,0.3859649122807016,0.3859649122807016,0.40740740740740744,0.40740740740740744
2025:01:21:11:11:30,RP25,SM-S908E,2212343,37,-131.28152166027206,43.0,35.0,test,0.5217391304347827,0.5142857142857142,0.40540540540540526,0.546875,0.4576271186440679,0.6326530612244898,0.8571428571428572,0.4571428571428573,0.5967741935483871,0.4576271186440679,0.8103448275862069,0.7321428571428571,0.5238095238095237,0.8787878787878789,0.5892857142857142,0.6603773584905661,0.0,0.5142857142857142,0.40540540540540526,0.5223880597014925,0.4576271186440679,0.6122448979591837,0.8571428571428572,0.5294117647058822,0.5967741935483871,0.4576271186440679,0.7931034482758621,0.7321428571428571,0.5116279069767442,0.8285714285714287,0.5892857142857142,0.6603773584905661,0.33333333333333326,0.0,0.38888888888888884,0.38888888888888884
2025:01:21:11:09:52,RP25,SM-S908E,2212343,38,-130.41594858958996,43.0,35.0,test,0.5434782608695652,0.4571428571428573,0.3783783783783785,0.46875,0.4406779661016951,0.5918367346938775,0.7380952380952381,0.5428571428571431,0.5967741935483871,0.0,0.7931034482758621,0.7678571428571428,0.5952380952380951,0.8181818181818183,0.5892857142857142,0.6603773584905661,0.5333333333333332,0.4571428571428573,0.3783783783783785,0.4477611940298507,0.47457627118644075,0.5918367346938775,0.7380952380952381,0.5294117647058822,0.5967741935483871,0.42372881355932224,0.7931034482758621,0.7678571428571428,0.5813953488372092,0.7714285714285716,0.5892857142857142,0.6603773584905661,0.3508771929824561,0.3508771929824561,0.37037037037037024,0.37037037037037024
2025:01:21:11:19:21,RP25,SM-S908E,2212343,41,175.4660902234136,43.0,35.0,test,0.4565217391304348,0.48571428571428577,0.4864864864864864,0.5,0.4067796610169492,0.653061224489796,0.6666666666666665,0.657142857142857,0.5806451612903225,0.47457627118644075,0.8620689655172413,0.6428571428571428,0.5952380952380951,1.0,0.7321428571428571,0.5283018867924529,0.5111111111111111,0.48571428571428577,0.5135135135135136,0.4776119402985074,0.4067796610169492,0.653061224489796,0.6666666666666665,0.5882352941176467,0.5806451612903225,0.47457627118644075,0.8793103448275862,0.6428571428571428,0.6046511627906976,0.9428571428571428,0.6964285714285714,0.5283018867924529,0.5087719298245614,0.5263157894736841,0.35185185185185186,0.35185185185185186
2025:01:13:14:42:44,RP26,SM-S908E,2212343,23,-56.92233708137196,-13.0,41.0,train,0.826086956521739,0.8571428571428572,0.0,0.734375,0.8644067796610171,0.5510204081632655,0.4285714285714286,0.0,0.3870967741935485,0.5084745762711866,0.0,0.375,0.0,0.0,0.625,0.49056603773584917,0.8444444444444443,0.8571428571428572,0.0,0.6119402985074626,0.8644067796610171,0.5510204081632655,0.4285714285714286,0.0,0.4516129032258065,0.5084745762711866,0.0,0.375,0.0,0.0,0.0,0.49056603773584917,0.0,0.0,0.462962962962963,0.462962962962963
2025:01:13:14:42:03,RP26,SM-S908E,2212343,27,-57.24402710023713,-13.0,41.0,train,0.8695652173913042,0.8285714285714287,0.0,0.75,0.8305084745762713,0.5918367346938775,0.4761904761904763,0.0,0.4516129032258065,0.5084745762711866,0.5862068965517242,0.4107142857142856,0.0,0.0,0.6607142857142856,0.5283018867924529,0.8666666666666667,0.8285714285714287,0.0,0.7164179104477612,0.8305084745762713,0.5510204081632655,0.5,0.0,0.435483870967742,0.5084745762711866,0.603448275862069,0.4107142857142856,0.0,0.0,0.0,0.509433962264151,0.5263157894736841,0.5263157894736841,0.4444444444444444,0.4444444444444444
2025:01:13:14:34:56,RP26,SM-S908E,2212343,28,174.07859843799093,-13.0,41.0,train,0.0,0.7714285714285716,0.810810810810811,0.859375,0.8983050847457629,0.6122448979591837,0.5952380952380951,0.0,0.0,0.5593220338983051,0.5517241379310345,0.4285714285714286,0.0,0.0,0.6428571428571428,0.5660377358490567,0.8666666666666667,0.7714285714285716,0.8378378378378379,0.8208955223880596,0.8983050847457629,0.6122448979591837,0.5952380952380951,0.0,0.0,0.5593220338983051,0.5517241379310345,0.4285714285714286,0.7209302325581395,0.0,0.6071428571428572,0.5660377358490567,0.5263157894736841,0.5263157894736841,0.4814814814814814,0.4814814814814814
2025:01:13:14:34:11,RP26,SM-S908E,2212343,29,175.6478095177173,-13.0,41.0,train,0.8043478260869565,0.8,0.7297297297297298,0.8125,0.8983050847457629,0.5306122448979593,0.5714285714285714,0.0,0.0,0.5084745762711866,0.5,0.4464285714285714,0.6190476190476191,0.0,0.6428571428571428,0.5660377358490567,0.8222222222222222,0.8,0.7837837837837838,0.7761194029850745,0.8983050847457629,0.5306122448979593,0.5714285714285714,0.0,0.0,0.5084745762711866,0.0,0.4464285714285714,0.0,0.0,0.625,0.5660377358490567,0.4736842105263157,0.4736842105263157,0.462962962962963,0.462962962962963
2025:01:13:14:35:41,RP26,SM-S908E,2212343,31,175.97055091413654,-13.0,41.0,train,0.8043478260869565,0.8,0.6486486486486487,0.828125,0.8983050847457629,0.0,0.5,0.0,0.30645161290322576,0.6101694915254239,0.48275862068965525,0.4642857142857142,0.0,0.4242424242424243,0.6607142857142856,0.5660377358490567,0.8222222222222222,0.8,0.7837837837837838,0.7761194029850745,0.8983050847457629,0.0,0.5,0.0,0.35483870967741926,0.6101694915254239,0.48275862068965525,0.4642857142857142,0.0,0.37142857142857144,0.6428571428571428,0.5660377358490567,0.0,0.0,0.4814814814814814,0.4814814814814814
2025:01:13:14:38:30,RP26,SM-S908E,2212343,32,108.23347502148766,-13.0,41.0,train,0.6739130434782608,0.6000000000000001,0.7837837837837838,0.890625,0.8813559322033899,0.7551020408163265,0.6428571428571428,0.0,0.3870967741935485,0.593220338983051,0.5172413793103448,0.4464285714285714,0.0,0.0,0.6517857142857142,0.6981132075471699,0.6666666666666665,0.6000000000000001,0.7837837837837838,0.8507462686567163,0.8813559322033899,0.7346938775510206,0.6428571428571428,0.0,0.403225806451613,0.593220338983051,0.5172413793103448,0.4642857142857142,0.0,0.37142857142857144,0.7321428571428571,0.6981132075471699,0.5964912280701755,0.5964912280701755,0.574074074074074,0.574074074074074
2025:01:13:14:33:27,RP26,SM-S908E,2212343,29,174.83282862034525,-13.0,41.0,train,0.0,0.8,0.7027027027027026,0.828125,0.8983050847457629,0.6326530612244898,0.5238095238095237,0.0,0.35483870967741926,0.593220338983051,0.4482758620689655,0.4642857142857142,0.6904761904761905,0.0,0.6071428571428572,0.5471698113207548,0.7999999999999998,0.7714285714285716,0.810810810810811,0.7910447761194029,0.8983050847457629,0.6326530612244898,0.5,0.0,0.33870967741935476,0.5593220338983051,0.0,0.4642857142857142,0.0,0.3999999999999999,0.6071428571428572,0.5471698113207548,0.0,0.49122807017543857,0.4259259259259258,0.4259259259259258
2025:01:13:14:32:48,RP26,SM-S908E,2212343,26,175.17508495926666,-13.0,41.0,train,0.0,0.6857142857142859,0.5135135135135136,0.765625,0.8644067796610171,0.0,0.38095238095238093,0.0,0.0,0.5593220338983051,0.5,0.3392857142857142,0.0,0.36363636363636376,0.625,0.5660377358490567,0.0,0.6857142857142859,0.0,0.7313432835820894,0.8644067796610171,0.0,0.3571428571428572,0.0,0.0,0.5593220338983051,0.4310344827586208,0.3392857142857142,0.0,0.34285714285714297,0.625,0.5660377358490567,0.0,0.0,0.5,0.5
2025:01:13:14:32:02,RP26,SM-S908E,2212343,24,-127.44421131189674,-13.0,41.0,train,0.7826086956521738,0.6000000000000001,0.43243243243243246,0.78125,0.8644067796610171,0.0,0.4761904761904763,0.0,0.4193548387096775,0.5423728813559323,0.0,0.3214285714285714,0.0,0.0,0.6785714285714286,0.5849056603773586,0.7999999999999998,0.6000000000000001,0.5135135135135136,0.7611940298507462,0.8644067796610171,0.0,0.4761904761904763,0.0,0.0,0.5423728813559323,0.0,0.3035714285714286,0.0,0.0,0.6428571428571428,0.5849056603773586,0.0,0.0,0.5555555555555556,0.5555555555555556
2025:01:13:14:30:00,RP26,SM-S908E,2212343,27,-126.75304086447453,-13.0,41.0,train,0.8695652173913042,0.657142857142857,0.5945945945945947,0.828125,0.8644067796610171,0.3877551020408163,0.5238095238095237,0.0,0.403225806451613,0.5423728813559323,0.0,0.3571428571428572,0.0,0.0,0.7142857142857142,0.49056603773584917,0.8666666666666667,0.657142857142857,0.5675675675675675,0.7313432835820894,0.8644067796610171,0.3673469387755104,0.5,0.0,0.0,0.5423728813559323,0.0,0.3571428571428572,0.0,0.0,0.7142857142857142,0.49056603773584917,0.4736842105263157,0.4736842105263157,0.4814814814814814,0.4814814814814814
2025:01:13:14:39:21,RP26,SM-S908E,2212343,21,107.85264716379805,-13.0,41.0,train,0.0,0.0,0.0,0.78125,0.8305084745762713,0.7346938775510206,0.5952380952380951,0.0,0.3870967741935485,0.576271186440678,0.0,0.4107142857142856,0.0,0.0,0.6964285714285714,0.6981132075471699,0.0,0.0,0.0,0.7462686567164178,0.8983050847457629,0.0,0.5714285714285714,0.0,0.3870967741935485,0.576271186440678,0.0,0.4107142857142856,0.0,0.0,0.6964285714285714,0.6981132075471699,0.5964912280701755,0.5964912280701755,0.5925925925925926,0.5925925925925926
2025:01:13:14:36:27,RP26,SM-S908E,2212343,26,107.71394554075279,-13.0,41.0,train,0.0,0.6000000000000001,0.810810810810811,0.765625,0.8644067796610171,0.0,0.4761904761904763,0.0,0.435483870967742,0.0,0.0,0.3571428571428572,0.5,0.36363636363636376,0.6607142857142856,0.6226415094339623,0.0,0.6000000000000001,0.7837837837837838,0.7313432835820894,0.8813559322033899,0.5714285714285714,0.4761904761904763,0.0,0.467741935483871,0.0,0.0,0.3571428571428572,0.4651162790697674,0.37142857142857144,0.6428571428571428,0.6226415094339623,0.0,0.0,0.4259259259259258,0.4444444444444444
2025:01:13:14:31:23,RP26,SM-S908E,2212343,25,-127.7628560600808,-13.0,41.0,train,0.7608695652173914,0.6857142857142859,0.5405405405405403,0.0,0.8644067796610171,0.0,0.45238095238095233,0.0,0.435483870967742,0.5423728813559323,0.5344827586206897,0.375,0.0,0.36363636363636376,0.6071428571428572,0.509433962264151,0.7777777777777777,0.6857142857142859,0.0,0.0,0.8644067796610171,0.0,0.45238095238095233,0.0,0.4516129032258065,0.5423728813559323,0.4482758620689655,0.3571428571428572,0.0,0.34285714285714297,0.6071428571428572,0.509433962264151,0.0,0.0,0.5185185185185186,0.5185185185185186
2025:01:13:14:40:02,RP26,SM-S908E,2212343,22,-57.85392634920902,-13.0,41.0,train,0.8043478260869565,0.5714285714285716,0.0,0.0,0.8983050847457629,0.4693877551020409,0.5476190476190477,0.0,0.403225806451613,0.4406779661016951,0.0,0.3392857142857142,0.0,0.0,0.6428571428571428,0.6226415094339623,0.8222222222222222,0.5714285714285716,0.7297297297297298,0.0,0.8983050847457629,0.4693877551020409,0.5476190476190477,0.0,0.0,0.42372881355932224,0.0,0.3392857142857142,0.0,0.0,0.6428571428571428,0.6226415094339623,0.0,0.0,0.5555555555555556,0.5555555555555556
2025:01:13:14:28:41,RP26,SM-S908E,2212343,23,-127.66697157306565,-13.0,41.0,validation,0.8478260869565217,0.9714285714285715,0.8648648648648649,0.828125,0.8644067796610171,0.0,0.5952380952380951,0.0,0.532258064516129,0.5254237288135595,0.5,0.5,0.0,0.0,0.9464285714285714,0.8679245283018868,0.8444444444444443,0.0,0.8648648648648649,0.0,0.8813559322033899,0.0,0.5714285714285714,0.0,0.0,0.5254237288135595,0.5172413793103448,0.5,0.0,0.0,0.9464285714285714,0.8679245283018868,0.0,0.0,0.7037037037037037,0.7037037037037037
2025:01:13:14:37:55,RP26,SM-S908E,2212343,20,108.64776361441291,-13.0,41.0,validation,0.0,0.5428571428571431,0.4864864864864864,0.0,0.6440677966101696,0.0,0.6428571428571428,0.0,0.32258064516129026,0.593220338983051,0.0,0.4285714285714286,0.0,0.0,0.6607142857142856,0.6981132075471699,0.0,0.5428571428571431,0.5405405405405403,0.0,0.6440677966101696,0.0,0.6190476190476191,0.0,0.32258064516129026,0.593220338983051,0.0,0.4107142857142856,0.0,0.0,0.6428571428571428,0.6981132075471699,0.0,0.0,0.5555555555555556,0.5555555555555556
2025:01:13:14:30:46,RP26,SM-S908E,2212343,30,-127.28087823323878,-13.0,41.0,validation,0.7826086956521738,0.657142857142857,0.5945945945945947,0.796875,0.8644067796610171,0.4693877551020409,0.45238095238095233,0.0,0.403225806451613,0.576271186440678,0.0,0.3571428571428572,0.6190476190476191,0.0,0.6785714285714286,0.5283018867924529,0.7999999999999998,0.657142857142857,0.5945945945945947,0.7611940298507462,0.8644067796610171,0.4693877551020409,0.45238095238095233,0.0,0.403225806451613,0.5593220338983051,0.0,0.3571428571428572,0.0,0.34285714285714297,0.6607142857142856,0.5283018867924529,0.45614035087719307,0.4385964912280702,0.5,0.5
2025:01:13:14:41:23,RP26,SM-S908E,2212343,19,-56.9906032837884,-13.0,41.0,test,0.8478260869565217,0.8285714285714287,0.0,0.0,0.8813559322033899,0.0,0.5,0.0,0.0,0.5254237288135595,0.0,0.3571428571428572,0.0,0.36363636363636376,0.0,0.6415094339622642,0.8222222222222222,0.8285714285714287,0.0,0.0,0.8813559322033899,0.0,0.5,0.0,0.0,0.5254237288135595,0.0,0.3571428571428572,0.0,0.34285714285714297,0.0,0.6415094339622642,0.0,0.0,0.4444444444444444,0.4259259259259258
2025:01:13:14:40:41,RP26,SM-S908E,2212343,29,-54.95210940308677,-13.0,41.0,test,0.7826086956521738,0.8,0.0,0.65625,0.8474576271186441,0.40816326530612246,0.6190476190476191,0.0,0.0,0.5423728813559323,0.603448275862069,0.4285714285714286,0.0,0.39393939393939403,0.6607142857142856,0.4528301886792454,0.7999999999999998,0.8,0.0,0.626865671641791,0.8644067796610171,0.40816326530612246,0.6190476190476191,0.0,0.0,0.5423728813559323,0.5862068965517242,0.4285714285714286,0.0,0.37142857142857144,0.6607142857142856,0.4528301886792454,0.5964912280701755,0.0,0.4444444444444444,0.4444444444444444
2025:01:13:14:37:03,RP26,SM-S908E,2212343,24,108.28823259796832,-13.0,41.0,test,0.0,0.48571428571428577,0.0,0.796875,0.8983050847457629,0.4693877551020409,0.6428571428571428,0.0,0.0,0.38983050847457634,0.0,0.3392857142857142,0.0,0.0,0.6785714285714286,0.6037735849056605,0.7555555555555555,0.48571428571428577,0.0,0.7611940298507462,0.8983050847457629,0.5102040816326532,0.6428571428571428,0.0,0.0,0.38983050847457634,0.0,0.3392857142857142,0.39534883720930236,0.0,0.6785714285714286,0.6037735849056605,0.5438596491228069,0.5438596491228069,0.6111111111111112,0.6111111111111112
2025:01:13:14:24:04,RP27,SM-S908E,2212343,32,-35.189154097899426,13.0,41.0,train,0.0,0.5428571428571431,0.7567567567567568,0.5,0.576271186440678,0.6326530612244898,0.6904761904761905,0.0,0.9032258064516129,0.9491525423728815,0.0,0.7857142857142857,0.0,0.9696969696969697,0.6071428571428572,0.5849056603773586,0.0,0.5428571428571431,0.0,0.0,0.4576271186440679,0.6326530612244898,0.6904761904761905,0.0,0.9032258064516129,0.9491525423728815,0.0,0.7678571428571428,0.0,0.9142857142857144,0.5714285714285714,0.5849056603773586,0.0,0.5789473684210527,0.4444444444444444,0.4444444444444444
2025:01:13:14:14:02,RP27,SM-S908E,2212343,33,-111.74248055325302,13.0,41.0,train,0.0,0.5428571428571431,0.0,0.546875,0.6440677966101696,0.7551020408163265,0.6666666666666665,0.5142857142857142,0.7258064516129032,0.9661016949152543,0.0,0.625,0.8571428571428572,0.9090909090909092,0.625,0.7169811320754718,0.0,0.5428571428571431,0.6486486486486487,0.5074626865671641,0.6440677966101696,0.7346938775510206,0.6666666666666665,0.5294117647058822,0.7096774193548387,0.9661016949152543,0.0,0.625,0.8139534883720929,0.8285714285714287,0.625,0.7169811320754718,0.7192982456140351,0.5964912280701755,0.574074074074074,0.574074074074074
2025:01:13:14:23:29,RP27,SM-S908E,2212343,26,-36.73185212861389,13.0,41.0,train,0.0,0.0,0.0,0.5,0.576271186440678,0.6734693877551021,0.7142857142857142,0.0,0.0,0.9322033898305085,0.7758620689655172,0.7678571428571428,0.0,0.9090909090909092,0.5892857142857142,0.6037735849056605,0.0,0.0,0.0,0.4477611940298507,0.42372881355932224,0.6938775510204083,0.7142857142857142,0.0,0.0,0.9322033898305085,0.7758620689655172,0.7678571428571428,0.8139534883720929,0.0,0.5892857142857142,0.6037735849056605,0.6491228070175439,0.6491228070175439,0.462962962962963,0.4444444444444444
2025:01:13:14:21:58,RP27,SM-S908E,2212343,32,-36.03979359660922,13.0,41.0,train,0.0,0.6000000000000001,0.0,0.421875,0.576271186440678,0.6122448979591837,0.7619047619047619,0.0,0.9032258064516129,0.8474576271186441,0.7758620689655172,0.6964285714285714,0.8333333333333333,0.8787878787878789,0.6071428571428572,0.5471698113207548,0.0,0.6000000000000001,0.0,0.4029850746268655,0.576271186440678,0.6122448979591837,0.7619047619047619,0.0,0.967741935483871,0.8474576271186441,0.7586206896551724,0.6964285714285714,0.8139534883720929,1.0,0.5892857142857142,0.5471698113207548,0.45614035087719307,0.0,0.5833333333333333,0.5925925925925926
2025:01:13:14:18:54,RP27,SM-S908E,2212343,36,88.11238327912906,13.0,41.0,train,0.0,0.4571428571428573,0.0,0.546875,0.576271186440678,0.7551020408163265,0.7619047619047619,0.0,0.8064516129032258,0.8983050847457629,0.8103448275862069,0.6428571428571428,0.7857142857142856,0.8484848484848486,0.5892857142857142,0.5660377358490567,0.5999999999999999,0.4571428571428573,0.0,0.4925373134328358,0.4067796610169492,0.7551020408163265,0.7619047619047619,0.7058823529411762,0.7419354838709677,0.8983050847457629,0.8103448275862069,0.6428571428571428,0.7674418604651163,0.8,0.5892857142857142,0.5660377358490567,0.6842105263157894,0.7368421052631579,0.6111111111111112,0.6111111111111112
2025:01:13:14:21:17,RP27,SM-S908E,2212343,26,-46.02957287755411,13.0,41.0,train,0.0,0.5428571428571431,0.0,0.0,0.593220338983051,0.653061224489796,0.7857142857142856,0.0,0.7419354838709677,0.8135593220338984,0.0,0.75,0.8809523809523809,0.8484848484848486,0.5714285714285714,0.7169811320754718,0.0,0.5428571428571431,0.0,0.5223880597014925,0.576271186440678,0.0,0.7619047619047619,0.0,0.7419354838709677,0.8135593220338984,0.0,0.75,0.0,0.7714285714285716,0.5892857142857142,0.7169811320754718,0.0,0.0,0.6296296296296295,0.6296296296296295
2025:01:13:14:13:05,RP27,SM-S908E,2212343,26,-109.48762233924953,13.0,41.0,train,0.0,0.5714285714285716,0.0,0.625,0.593220338983051,0.0,0.7380952380952381,0.0,0.7903225806451613,0.9661016949152543,0.6724137931034483,0.6428571428571428,0.8095238095238095,0.8181818181818183,0.6071428571428572,0.6603773584905661,0.0,0.5714285714285716,0.0,0.5671641791044776,0.576271186440678,0.0,0.7380952380952381,0.0,0.7903225806451613,0.9661016949152543,0.0,0.6428571428571428,0.8139534883720929,0.7714285714285716,0.0,0.6603773584905661,0.0,0.0,0.5925925925925926,0.5925925925925926
2025:01:13:14:17:29,RP27,SM-S908E,2212343,28,176.52749453889345,13.0,41.0,train,0.0,0.5428571428571431,0.0,0.5,0.5593220338983051,0.0,0.6666666666666665,0.8571428571428572,0.8709677419354839,0.8813559322033899,0.8793103448275862,0.7142857142857142,0.8809523809523809,0.8787878787878789,0.5892857142857142,0.6037735849056605,0.0,0.5428571428571431,0.0,0.462686567164179,0.6440677966101696,0.0,0.6428571428571428,0.0,0.0,0.8813559322033899,0.8793103448275862,0.7142857142857142,0.8604651162790697,0.8285714285714287,0.5714285714285714,0.6037735849056605,0.6666666666666665,0.6666666666666665,0.6296296296296295,0.6296296296296295
2025:01:13:14:14:40,RP27,SM-S908E,2212343,33,169.73762953980588,13.0,41.0,train,0.0,0.5142857142857142,0.0,0.609375,0.576271186440678,0.0,0.7380952380952381,0.0,0.8225806451612903,0.8644067796610171,0.6379310344827587,0.6964285714285714,0.7380952380952381,0.8787878787878789,0.6071428571428572,0.6981132075471699,0.0,0.5142857142857142,0.0,0.5671641791044776,0.576271186440678,0.7346938775510206,0.7380952380952381,0.0,0.8225806451612903,0.8813559322033899,0.6379310344827587,0.6964285714285714,0.6976744186046511,0.657142857142857,0.0,0.6981132075471699,0.7543859649122806,0.7543859649122806,0.5925925925925926,0.5925925925925926
2025:01:13:14:16:13,RP27,SM-S908E,2212343,38,175.35426032095995,13.0,41.0,train,0.0,0.4285714285714288,0.0,0.484375,0.576271186440678,0.7142857142857144,0.6904761904761905,0.657142857142857,0.7580645161290323,0.7966101694915255,0.8103448275862069,0.625,0.6904761904761905,1.0,0.6428571428571428,0.5471698113207548,0.0,0.4285714285714288,0.0,0.462686567164179,0.5593220338983051,0.6938775510204083,0.6904761904761905,0.6764705882352939,0.7580645161290323,0.7966101694915255,0.8103448275862069,0.625,0.6744186046511629,0.9428571428571428,0.6428571428571428,0.5471698113207548,0.7017543859649122,0.7368421052631579,0.574074074074074,0.5925925925925926
2025:01:13:14:16:52,RP27,SM-S908E,2212343,27,170.793825668928,13.0,41.0,train,0.0,0.5428571428571431,0.0,0.0,0.576271186440678,0.7959183673469388,0.7142857142857142,0.0,0.8225806451612903,0.7966101694915255,0.896551724137931,0.7321428571428571,0.0,0.9090909090909092,0.6428571428571428,0.6603773584905661,0.0,0.5428571428571431,0.0,0.462686567164179,0.6779661016949153,0.7755102040816326,0.6904761904761905,0.0,0.8225806451612903,0.8135593220338984,0.896551724137931,0.7321428571428571,0.0,0.8571428571428572,0.6428571428571428,0.6603773584905661,0.0,0.0,0.4814814814814814,0.0
2025:01:13:14:20:39,RP27,SM-S908E,2212343,21,92.44507866675245,13.0,41.0,train,0.0,0.6285714285714286,0.0,0.0,0.593220338983051,0.0,0.7380952380952381,0.0,0.6612903225806451,0.8474576271186441,0.0,0.75,0.0,0.8181818181818183,0.6071428571428572,0.7358490566037736,0.0,0.6000000000000001,0.0,0.0,0.593220338983051,0.0,0.7380952380952381,0.0,0.6612903225806451,0.8474576271186441,0.0,0.75,0.0,0.7714285714285716,0.5714285714285714,0.7358490566037736,0.0,0.0,0.6296296296296295,0.6296296296296295
2025:01:13:14:19:31,RP27,SM-S908E,2212343,26,83.60493003441283,13.0,41.0,train,0.0,0.5714285714285716,0.0,0.46875,0.576271186440678,0.0,0.8095238095238095,0.0,0.8225806451612903,0.8644067796610171,0.9310344827586207,0.7321428571428571,0.6666666666666665,0.8787878787878789,0.6071428571428572,0.8113207547169812,0.0,0.5714285714285716,0.0,0.4477611940298507,0.7118644067796611,0.0,0.8095238095238095,0.0,0.0,0.8644067796610171,0.9310344827586207,0.7321428571428571,0.0,0.8285714285714287,0.6607142857142856,0.8113207547169812,0.0,0.0,0.574074074074074,0.5925925925925926
2025:01:13:14:18:12,RP27,SM-S908E,2212343,29,96.03008705004191,13.0,41.0,train,0.0,0.5714285714285716,0.4864864864864864,0.0,0.576271186440678,0.7755102040816326,0.6904761904761905,0.0,0.8870967741935484,0.9491525423728815,0.8620689655172413,0.7142857142857142,0.8809523809523809,0.8484848484848486,0.625,0.7169811320754718,0.0,0.5714285714285716,0.0,0.4776119402985074,0.576271186440678,0.7959183673469388,0.6904761904761905,0.0,0.8870967741935484,0.9322033898305085,0.8620689655172413,0.7142857142857142,0.8604651162790697,0.7714285714285716,0.625,0.7169811320754718,0.0,0.0,0.6111111111111112,0.6296296296296295
2025:01:13:14:10:45,RP27,SM-S908E,2212343,29,-113.67427078489406,13.0,41.0,validation,1.0,0.8857142857142859,0.0,0.796875,0.7118644067796611,0.9183673469387756,0.7380952380952381,0.0,0.5483870967741935,0.7796610169491527,0.8620689655172413,0.7857142857142857,0.976190476190476,0.7878787878787881,0.8571428571428571,0.9433962264150945,1.0222222222222221,0.0,0.0,0.0,0.7118644067796611,0.8775510204081634,0.7619047619047619,0.0,0.564516129032258,0.7796610169491527,0.8103448275862069,0.7857142857142857,0.9069767441860466,0.7428571428571429,0.0,0.9433962264150945,0.7017543859649122,0.7017543859649122,0.5925925925925926,0.5925925925925926
2025:01:13:14:20:05,RP27,SM-S908E,2212343,26,94.71027303938011,13.0,41.0,validation,0.0,0.5714285714285716,0.0,0.0,0.7118644067796611,0.653061224489796,0.7380952380952381,0.8,0.9193548387096774,0.8983050847457629,0.9137931034482758,0.7321428571428571,0.0,0.0,0.0,0.7735849056603774,0.0,0.5714285714285716,0.0,0.5074626865671641,0.7118644067796611,0.653061224489796,0.7380952380952381,0.8823529411764703,0.8225806451612903,0.8983050847457629,0.9137931034482758,0.7321428571428571,0.0,0.0,0.0,0.7735849056603774,0.0,0.6842105263157894,0.5925925925925926,0.6111111111111112
2025:01:13:14:22:43,RP27,SM-S908E,2212343,28,-38.476610601274785,13.0,41.0,validation,0.0,0.6000000000000001,0.6756756756756757,0.0,0.4576271186440679,0.7142857142857144,0.6904761904761905,0.0,0.9032258064516129,0.9152542372881357,0.8275862068965517,0.7678571428571428,0.8809523809523809,0.7878787878787881,0.5714285714285714,0.6415094339622642,0.0,0.6000000000000001,0.0,0.0,0.4576271186440679,0.6938775510204083,0.7142857142857142,0.0,0.9032258064516129,0.9152542372881357,0.8103448275862069,0.7678571428571428,0.0,0.7428571428571429,0.5535714285714286,0.6415094339622642,0.0,0.0,0.4259259259259258,0.4814814814814814
2025:01:13:14:12:29,RP27,SM-S908E,2212343,30,-117.66717928169305,13.0,41.0,test,0.0,0.0,0.6216216216216217,0.0,0.5423728813559323,0.7142857142857144,0.6666666666666665,0.9428571428571428,0.8225806451612903,0.9661016949152543,0.7413793103448276,0.6428571428571428,0.7142857142857142,0.8484848484848486,0.5178571428571428,0.679245283018868,0.0,0.0,0.6216216216216217,0.0,0.5423728813559323,0.7346938775510206,0.6428571428571428,1.1470588235294115,0.8225806451612903,0.9830508474576273,0.0,0.6428571428571428,0.6976744186046511,0.8,0.5178571428571428,0.679245283018868,0.6842105263157894,0.7017543859649122,0.6111111111111112,0.6111111111111112
2025:01:13:14:15:15,RP27,SM-S908E,2212343,22,174.3852912865686,13.0,41.0,test,0.0,0.0,0.0,0.0,0.593220338983051,0.0,0.7142857142857142,0.0,0.0,0.8474576271186441,0.9137931034482758,0.7321428571428571,0.0,0.9696969696969697,0.6071428571428572,0.7547169811320755,0.0,0.0,0.0,0.0,0.576271186440678,0.0,0.7142857142857142,0.0,0.0,0.8474576271186441,0.0,0.7321428571428571,0.9534883720930232,0.8857142857142859,0.5892857142857142,0.7547169811320755,0.0,0.0,0.6666666666666665,0.6851851851851851
2025:01:13:14:11:29,RP27,SM-S908E,2212343,21,-112.2769642324408,13.0,41.0,test,0.0,0.48571428571428577,0.0,0.0,0.6101694915254239,0.0,0.6428571428571428,0.0,0.7580645161290323,0.9322033898305085,0.6379310344827587,0.5892857142857142,0.0,0.0,0.6071428571428572,0.6415094339622642,0.0,0.48571428571428577,0.0,0.0,0.6101694915254239,0.0,0.6428571428571428,0.0,0.7580645161290323,0.9322033898305085,0.6379310344827587,0.5892857142857142,0.0,0.0,0.0,0.6415094339622642,0.0,0.0,0.5185185185185186,0.5185185185185186
2025:01:13:14:52:53,RP28,SM-S908E,2212343,29,105.67149424056018,0.0,41.0,train,0.6739130434782608,0.5428571428571431,0.0,0.640625,0.728813559322034,0.5918367346938775,0.6190476190476191,0.0,0.4516129032258065,0.4406779661016951,0.6724137931034483,0.5,0.0,0.4545454545454546,0.6428571428571428,0.6226415094339623,0.711111111111111,0.5714285714285716,0.0,0.6119402985074626,0.7118644067796611,0.5918367346938775,0.5952380952380951,0.0,0.435483870967742,0.4406779661016951,0.6724137931034483,0.5,0.0,0.4285714285714288,0.6428571428571428,0.6226415094339623,0.0,0.7368421052631579,0.574074074074074,0.574074074074074
2025:01:13:14:54:17,RP28,SM-S908E,2212343,26,-57.71574038817937,0.0,41.0,train,0.0,0.657142857142857,0.0,0.640625,0.593220338983051,0.5306122448979593,0.6428571428571428,0.0,0.0,0.5423728813559323,0.6379310344827587,0.4821428571428572,0.0,0.6969696969696968,0.6607142857142856,0.6415094339622642,0.0,0.6285714285714286,0.0,0.6119402985074626,0.593220338983051,0.5102040816326532,0.6190476190476191,0.0,0.0,0.5254237288135595,0.6379310344827587,0.4821428571428572,0.0,0.657142857142857,0.6607142857142856,0.6415094339622642,0.6842105263157894,0.6666666666666665,0.5925925925925926,0.5925925925925926
2025:01:13:14:53:40,RP28,SM-S908E,2212343,28,106.41610446153425,0.0,41.0,train,0.7391304347826086,0.6285714285714286,0.0,0.640625,0.6779661016949153,0.6122448979591837,0.6428571428571428,0.0,0.5161290322580645,0.4915254237288136,0.5862068965517242,0.4821428571428572,0.0,0.5757575757575757,0.6071428571428572,0.6226415094339623,0.7555555555555555,0.6000000000000001,0.0,0.5970149253731343,0.6779661016949153,0.6122448979591837,0.6428571428571428,0.0,0.5161290322580645,0.4915254237288136,0.5689655172413792,0.4821428571428572,0.0,0.5428571428571431,0.6071428571428572,0.6226415094339623,0.0,0.0,0.5555555555555556,0.574074074074074
2025:01:13:14:47:11,RP28,SM-S908E,2212343,19,174.64334574791755,0.0,41.0,train,0.0,0.48571428571428577,0.0,0.0,0.7796610169491527,0.0,0.5476190476190477,0.0,0.37096774193548376,0.5254237288135595,0.0,0.4642857142857142,0.8571428571428572,0.7272727272727275,0.0,0.509433962264151,0.0,0.48571428571428577,0.0,0.0,0.7796610169491527,0.0,0.5476190476190477,0.0,0.35483870967741926,0.5254237288135595,0.0,0.4642857142857142,0.0,0.6857142857142859,0.0,0.509433962264151,0.0,0.0,0.6296296296296295,0.6296296296296295
2025:01:13:14:48:15,RP28,SM-S908E,2212343,27,173.6925853122554,0.0,41.0,train,0.6304347826086956,0.6000000000000001,0.0,0.0,0.6949152542372883,0.0,0.5,0.0,0.467741935483871,0.4915254237288136,0.6379310344827587,0.4821428571428572,0.0,0.9090909090909092,0.6428571428571428,0.6037735849056605,0.6444444444444444,0.6000000000000001,0.0,0.0,0.6949152542372883,0.0,0.4761904761904763,0.6764705882352939,0.4838709677419355,0.4915254237288136,0.6379310344827587,0.4821428571428572,0.0,0.8285714285714287,0.6428571428571428,0.5849056603773586,0.6491228070175439,0.6666666666666665,0.38888888888888884,0.40740740740740744
2025:01:13:14:57:20,RP28,SM-S908E,2212343,22,-56.149417015740475,0.0,41.0,train,0.0,0.3999999999999999,0.45945945945945965,0.0,0.5084745762711866,0.0,0.5476190476190477,0.0,0.4516129032258065,0.5254237288135595,0.0,0.5,0.0,0.6666666666666665,0.6428571428571428,0.5660377358490567,0.0,0.3999999999999999,0.5135135135135136,0.0,0.576271186440678,0.0,0.5476190476190477,0.0,0.4516129032258065,0.5254237288135595,0.0,0.5,0.0,0.6000000000000001,0.6428571428571428,0.5660377358490567,0.0,0.0,0.38888888888888884,0.38888888888888884
2025:01:13:14:55:06,RP28,SM-S908E,2212343,21,-58.866824057753085,0.0,41.0,train,0.0,0.5428571428571431,0.5405405405405403,0.71875,0.0,0.0,0.6190476190476191,0.0,0.0,0.5423728813559323,0.6724137931034483,0.5,0.0,0.0,0.0,0.509433962264151,0.0,0.5428571428571431,0.5135135135135136,0.6865671641791045,0.6271186440677967,0.5714285714285714,0.6190476190476191,0.0,0.0,0.5423728813559323,0.0,0.5,0.0,0.0,0.0,0.509433962264151,0.631578947368421,0.631578947368421,0.462962962962963,0.462962962962963
2025:01:13:14:45:12,RP28,SM-S908E,2212343,24,-127.7816490757611,0.0,41.0,train,0.7173913043478262,0.4571428571428573,0.0,0.0,0.7457627118644069,0.5714285714285714,0.5476190476190477,0.0,0.0,0.5254237288135595,0.0,0.5178571428571428,0.0,0.0,0.6607142857142856,0.5283018867924529,0.7333333333333332,0.4285714285714288,0.5135135135135136,0.0,0.7457627118644069,0.5714285714285714,0.5476190476190477,0.0,0.3870967741935485,0.5254237288135595,0.0,0.5178571428571428,0.0,0.0,0.6607142857142856,0.5283018867924529,0.5614035087719298,0.631578947368421,0.6296296296296295,0.6296296296296295
2025:01:13:14:52:09,RP28,SM-S908E,2212343,16,105.54340379588074,0.0,41.0,train,0.0,0.6857142857142859,0.0,0.59375,0.7627118644067797,0.0,0.5714285714285714,0.0,0.5483870967741935,0.0,0.0,0.5,0.0,0.0,0.0,0.6415094339622642,0.0,0.6857142857142859,0.0,0.6119402985074626,0.7627118644067797,0.0,0.5714285714285714,0.0,0.0,0.0,0.0,0.4821428571428572,0.0,0.0,0.0,0.6415094339622642,0.0,0.0,0.4444444444444444,0.4444444444444444
2025:01:13:14:55:51,RP28,SM-S908E,2212343,34,-55.97928120918095,0.0,41.0,train,0.0,0.5142857142857142,0.5135135135135136,0.5625,0.6440677966101696,0.6734693877551021,0.6904761904761905,0.5428571428571431,0.4516129032258065,0.4915254237288136,0.5862068965517242,0.5,0.8095238095238095,0.606060606060606,0.6785714285714286,0.5660377358490567,0.0,0.48571428571428577,0.45945945945945965,0.5373134328358208,0.6440677966101696,0.653061224489796,0.6666666666666665,0.5588235294117645,0.4516129032258065,0.47457627118644075,0.5862068965517242,0.5,0.8837209302325582,0.5714285714285716,0.6785714285714286,0.5660377358490567,0.5263157894736841,0.5263157894736841,0.40740740740740744,0.40740740740740744
2025:01:13:14:43:46,RP28,SM-S908E,2212343,32,-128.07528421618767,0.0,41.0,train,0.7826086956521738,0.7142857142857144,0.0,0.75,0.8305084745762713,0.8367346938775511,0.7619047619047619,0.0,0.45967741935483875,0.5,0.7241379310344828,0.5,0.8571428571428572,0.7878787878787881,0.625,0.7735849056603774,0.8222222222222222,0.6857142857142859,0.0,0.7164179104477612,0.8135593220338984,0.7959183673469388,0.7619047619047619,0.0,0.42741935483870974,0.5,0.7241379310344828,0.5,0.6511627906976745,0.7428571428571429,0.0,0.7735849056603774,0.6140350877192982,0.0,0.6481481481481481,0.6481481481481481
2025:01:13:14:48:59,RP28,SM-S908E,2212343,30,174.71574469491028,0.0,41.0,train,0.6956521739130435,0.5714285714285716,0.0,0.6875,0.7118644067796611,0.0,0.5238095238095237,0.657142857142857,0.467741935483871,0.4915254237288136,0.5344827586206897,0.5,0.0,0.8787878787878789,0.6428571428571428,0.5849056603773586,0.6444444444444444,0.5714285714285716,0.0,0.0,0.7118644067796611,0.5714285714285714,0.5238095238095237,0.6764705882352939,0.4838709677419355,0.4915254237288136,0.5172413793103448,0.5,0.0,0.8285714285714287,0.6607142857142856,0.5849056603773586,0.7543859649122806,0.7368421052631579,0.4259259259259258,0.4444444444444444
2025:01:13:14:44:35,RP28,SM-S908E,2212343,27,-127.8515671155009,0.0,41.0,train,0.7391304347826086,0.48571428571428577,0.0,0.6875,0.7118644067796611,0.6122448979591837,0.5952380952380951,0.0,0.532258064516129,0.5084745762711866,0.5344827586206897,0.5357142857142856,0.0,0.6969696969696968,0.6964285714285714,0.509433962264151,0.5999999999999999,0.48571428571428577,0.0,0.6567164179104477,0.7118644067796611,0.5918367346938775,0.5952380952380951,0.0,0.0,0.5084745762711866,0.0,0.5357142857142856,0.8372093023255813,0.6000000000000001,0.0,0.509433962264151,0.0,0.5087719298245614,0.574074074074074,0.5925925925925926
2025:01:13:14:51:35,RP28,SM-S908E,2212343,26,105.78633217143826,0.0,41.0,train,0.7391304347826086,0.657142857142857,0.0,0.640625,0.6949152542372883,0.7551020408163265,0.6190476190476191,0.0,0.467741935483871,0.0,0.5344827586206897,0.4821428571428572,0.0,0.5757575757575757,0.6428571428571428,0.5849056603773586,0.711111111111111,0.6285714285714286,0.0,0.5522388059701492,0.6949152542372883,0.7346938775510206,0.6190476190476191,0.0,0.4193548387096775,0.0,0.5344827586206897,0.4821428571428572,0.0,0.5428571428571431,0.7321428571428571,0.5849056603773586,0.0,0.0,0.537037037037037,0.537037037037037
2025:01:13:14:49:37,RP28,SM-S908E,2212343,22,174.11643084120345,0.0,41.0,validation,0.0,0.6285714285714286,0.0,0.0,0.6610169491525425,0.5306122448979593,0.45238095238095233,0.657142857142857,0.4516129032258065,0.0,0.0,0.4821428571428572,0.0,0.8787878787878789,0.6071428571428572,0.5660377358490567,0.0,0.6285714285714286,0.0,0.0,0.6610169491525425,0.5306122448979593,0.45238095238095233,0.5588235294117645,0.4516129032258065,0.0,0.0,0.4821428571428572,0.0,0.8,0.6071428571428572,0.5660377358490567,0.0,0.0,0.38888888888888884,0.40740740740740744
2025:01:13:14:45:50,RP28,SM-S908E,2212343,26,-127.19698575287573,0.0,41.0,validation,0.5217391304347827,0.48571428571428577,0.0,0.671875,0.7118644067796611,0.0,0.6428571428571428,0.6000000000000001,0.0,0.5423728813559323,0.5344827586206897,0.5,0.9047619047619047,0.6363636363636362,0.625,0.5283018867924529,0.5111111111111111,0.48571428571428577,0.0,0.626865671641791,0.728813559322034,0.0,0.6428571428571428,0.6470588235294117,0.0,0.5423728813559323,0.0,0.5,0.8837209302325582,0.6000000000000001,0.0,0.5283018867924529,0.0,0.0,0.5925925925925926,0.5925925925925926
2025:01:13:14:56:34,RP28,SM-S908E,2212343,34,-57.90287986322499,0.0,41.0,validation,0.5434782608695652,0.48571428571428577,0.45945945945945965,0.625,0.6101694915254239,0.5306122448979593,0.6666666666666665,0.5714285714285716,0.435483870967742,0.5084745762711866,0.5517241379310345,0.6428571428571428,0.8095238095238095,0.6363636363636362,0.6964285714285714,0.5471698113207548,0.5555555555555554,0.48571428571428577,0.45945945945945965,0.5970149253731343,0.6101694915254239,0.5306122448979593,0.6666666666666665,0.5588235294117645,0.4193548387096775,0.5084745762711866,0.5862068965517242,0.6428571428571428,0.7906976744186047,0.6000000000000001,0.6964285714285714,0.5471698113207548,0.0,0.0,0.35185185185185186,0.35185185185185186
2025:01:13:14:46:36,RP28,SM-S908E,2212343,22,-128.11981449602524,0.0,41.0,test,0.0,0.5142857142857142,0.5405405405405403,0.0,0.7457627118644069,0.6326530612244898,0.5714285714285714,0.0,0.0,0.5084745762711866,0.0,0.4821428571428572,0.8571428571428572,0.6969696969696968,0.6607142857142856,0.49056603773584917,0.0,0.48571428571428577,0.0,0.0,0.7457627118644069,0.6326530612244898,0.5714285714285714,0.0,0.0,0.5084745762711866,0.0,0.4821428571428572,0.0,0.657142857142857,0.6607142857142856,0.49056603773584917,0.0,0.0,0.574074074074074,0.574074074074074
2025:01:13:14:51:02,RP28,SM-S908E,2212343,35,102.64646615834182,0.0,41.0,test,0.8043478260869565,0.657142857142857,0.6216216216216217,0.625,0.6271186440677967,0.6734693877551021,0.5714285714285714,0.5428571428571431,0.403225806451613,0.4406779661016951,0.5689655172413792,0.5178571428571428,0.7619047619047619,0.6666666666666665,0.6785714285714286,0.5849056603773586,0.8222222222222222,0.6285714285714286,0.6486486486486487,0.5970149253731343,0.6440677966101696,0.6734693877551021,0.5476190476190477,0.5588235294117645,0.403225806451613,0.42372881355932224,0.0,0.5178571428571428,0.7674418604651163,0.6000000000000001,0.6607142857142856,0.5849056603773586,0.6666666666666665,0.6666666666666665,0.4259259259259258,0.4259259259259258
2025:01:13:14:50:15,RP28,SM-S908E,2212343,28,174.20805825180076,0.0,41.0,test,0.0,0.6285714285714286,0.5675675675675675,0.625,0.6101694915254239,0.0,0.5238095238095237,0.0,0.37096774193548376,0.5084745762711866,0.5172413793103448,0.4642857142857142,0.8571428571428572,0.8787878787878789,0.5892857142857142,0.5849056603773586,0.0,0.6285714285714286,0.4864864864864864,0.6119402985074626,0.6271186440677967,0.0,0.5238095238095237,0.0,0.3870967741935485,0.5084745762711866,0.5,0.4821428571428572,0.8372093023255813,0.8285714285714287,0.625,0.5849056603773586,0.0,0.0,0.38888888888888884,0.38888888888888884
2025:01:13:15:20:02,RP29,SM-S908E,2212343,19,173.61834144116236,-22.0,45.0,train,0.0,0.8857142857142859,0.810810810810811,0.0,0.9661016949152543,0.0,0.6190476190476191,0.0,0.0,0.0,0.0,0.2321428571428572,0.0,0.5151515151515151,0.75,0.7547169811320755,0.0,0.8571428571428572,0.810810810810811,0.0,0.9661016949152543,0.0,0.6190476190476191,0.0,0.0,0.0,0.0,0.2321428571428572,0.0,0.48571428571428577,0.7321428571428571,0.7547169811320755,0.0,0.0,0.5555555555555556,0.5555555555555556
2025:01:13:15:27:32,RP29,SM-S908E,2212343,29,-49.9530698293042,-22.0,45.0,train,0.8478260869565217,0.8571428571428572,0.0,0.78125,0.8813559322033899,0.0,0.7380952380952381,0.4571428571428573,0.33870967741935476,0.0,0.0,0.375,0.5952380952380951,0.0,0.5892857142857142,0.7358490566037736,0.8666666666666667,0.8571428571428572,0.0,0.7462686567164178,0.8813559322033899,0.6122448979591837,0.7380952380952381,0.44117647058823506,0.29032258064516125,0.0,0.4310344827586208,0.3571428571428572,0.0,0.0,0.5714285714285714,0.7358490566037736,0.631578947368421,0.631578947368421,0.537037037037037,0.537037037037037
2025:01:13:15:14:21,RP29,SM-S908E,2212343,28,-126.16152496635941,-22.0,45.0,train,0.9130434782608696,0.6857142857142859,0.8378378378378379,0.796875,0.9152542372881357,0.5510204081632655,0.40476190476190466,0.0,0.32258064516129026,0.0,0.31034482758620685,0.375,0.0,0.0,0.6785714285714286,0.6415094339622642,0.9333333333333333,0.6857142857142859,0.8378378378378379,0.7462686567164178,0.9152542372881357,0.5510204081632655,0.40476190476190466,0.0,0.30645161290322576,0.35593220338983067,0.0,0.375,0.0,0.0,0.6964285714285714,0.6415094339622642,0.0,0.0,0.6481481481481481,0.6481481481481481
2025:01:13:15:21:22,RP29,SM-S908E,2212343,21,107.79115160364667,-22.0,45.0,train,0.0,0.7428571428571429,0.810810810810811,0.0,0.8813559322033899,0.0,0.5952380952380951,0.0,0.0,0.0,0.0,0.2857142857142858,0.0,0.4242424242424243,0.0,0.679245283018868,0.0,0.7142857142857144,0.8648648648648649,0.0,0.8813559322033899,0.0,0.5952380952380951,0.0,0.25806451612903225,0.0,0.0,0.2857142857142858,0.0,0.0,0.0,0.6603773584905661,0.7017543859649122,0.7192982456140351,0.6296296296296295,0.6296296296296295
2025:01:13:15:18:43,RP29,SM-S908E,2212343,31,174.0737225671544,-22.0,45.0,train,0.826086956521739,0.8,0.7837837837837838,0.859375,0.9661016949152543,0.48979591836734704,0.6904761904761905,0.0,0.37096774193548376,0.35593220338983067,0.0,0.2678571428571428,0.0,0.606060606060606,0.7142857142857142,0.7924528301886793,0.8444444444444443,0.8,0.7837837837837838,0.7910447761194029,0.9661016949152543,0.48979591836734704,0.6904761904761905,0.0,0.37096774193548376,0.35593220338983067,0.2931034482758621,0.2678571428571428,0.0,0.5714285714285716,0.7142857142857142,0.7924528301886793,0.7192982456140351,0.7192982456140351,0.0,0.0
2025:01:13:15:16:22,RP29,SM-S908E,2212343,18,-124.75721686964967,-22.0,45.0,train,0.0,0.7428571428571429,0.8378378378378379,0.8125,0.8983050847457629,0.0,0.5476190476190477,0.0,0.0,0.0,0.0,0.375,0.0,0.0,0.75,0.6603773584905661,0.0,0.7714285714285716,0.8378378378378379,0.7761194029850745,0.7966101694915255,0.0,0.5238095238095237,0.0,0.27419354838709675,0.0,0.0,0.375,0.0,0.0,0.7678571428571428,0.6603773584905661,0.0,0.0,0.0,0.0
2025:01:13:15:26:34,RP29,SM-S908E,2212343,26,-50.34047295065072,-22.0,45.0,train,0.0,0.8285714285714287,0.0,0.828125,0.8983050847457629,0.5510204081632655,0.7142857142857142,0.0,0.35483870967741926,0.5084745762711866,0.0,0.3928571428571428,0.0,0.4545454545454546,0.0,0.7358490566037736,0.0,0.8285714285714287,0.0,0.7910447761194029,0.8983050847457629,0.0,0.7142857142857142,0.0,0.29032258064516125,0.5084745762711866,0.0,0.375,0.0,0.4285714285714288,0.5892857142857142,0.7358490566037736,0.5614035087719298,0.5614035087719298,0.537037037037037,0.537037037037037
2025:01:13:15:17:07,RP29,SM-S908E,2212343,24,174.23926153332357,-22.0,45.0,train,0.8695652173913042,0.7428571428571429,0.0,0.765625,0.9152542372881357,0.5102040816326532,0.6428571428571428,0.0,0.403225806451613,0.5084745762711866,0.0,0.2678571428571428,0.0,0.36363636363636376,0.7142857142857142,0.679245283018868,0.0,0.7142857142857144,0.8378378378378379,0.0,0.9152542372881357,0.0,0.6428571428571428,0.0,0.0,0.4915254237288136,0.0,0.2857142857142858,0.0,0.0,0.7142857142857142,0.679245283018868,0.631578947368421,0.6491228070175439,0.0,0.0
2025:01:13:15:23:55,RP29,SM-S908E,2212343,19,104.20487698362996,-22.0,45.0,train,0.7826086956521738,0.7142857142857144,0.7567567567567568,0.546875,0.8305084745762713,0.0,0.6428571428571428,0.0,0.0,0.0,0.0,0.2857142857142858,0.0,0.0,0.0,0.6981132075471699,0.0,0.7142857142857144,0.7567567567567568,0.0,0.8305084745762713,0.0,0.6428571428571428,0.0,0.0,0.0,0.0,0.2857142857142858,0.0,0.0,0.0,0.6981132075471699,0.631578947368421,0.631578947368421,0.6111111111111112,0.6111111111111112
2025:01:13:15:15:39,RP29,SM-S908E,2212343,28,-125.72630622517805,-22.0,45.0,train,0.9130434782608696,0.7142857142857144,0.8378378378378379,0.734375,0.9152542372881357,0.5510204081632655,0.0,0.0,0.33870967741935476,0.47457627118644075,0.0,0.4285714285714286,0.5476190476190477,0.36363636363636376,0.8035714285714285,0.679245283018868,0.9333333333333333,0.7142857142857144,0.810810810810811,0.6865671641791045,0.9152542372881357,0.5510204081632655,0.0,0.0,0.33870967741935476,0.4576271186440679,0.0,0.4285714285714286,0.5348837209302326,0.34285714285714297,0.8035714285714285,0.679245283018868,0.0,0.0,0.6296296296296295,0.6296296296296295
2025:01:13:15:17:52,RP29,SM-S908E,2212343,22,176.0139753854295,-22.0,45.0,train,0.0,0.8857142857142859,0.810810810810811,0.828125,0.8983050847457629,0.48979591836734704,0.5952380952380951,0.0,0.0,0.42372881355932224,0.0,0.3392857142857142,0.0,0.0,0.7321428571428571,0.7735849056603774,0.0,0.8857142857142859,0.0,0.7910447761194029,1.0,0.4693877551020409,0.5952380952380951,0.0,0.33870967741935476,0.4406779661016951,0.0,0.3392857142857142,0.0,0.0,0.7321428571428571,0.7735849056603774,0.0,0.0,0.574074074074074,0.574074074074074
2025:01:13:15:25:51,RP29,SM-S908E,2212343,28,-50.22267855754978,-22.0,45.0,train,0.8478260869565217,0.8857142857142859,0.810810810810811,0.875,0.8983050847457629,0.6734693877551021,0.8095238095238095,0.0,0.5,0.0,0.0,0.2857142857142858,0.0,0.4545454545454546,0.7142857142857142,0.7547169811320755,0.0,0.8857142857142859,0.7837837837837838,0.8507462686567163,0.9152542372881357,0.6734693877551021,0.7857142857142856,0.0,0.4516129032258065,0.0,0.0,0.2678571428571428,0.0,0.48571428571428577,0.7678571428571428,0.7547169811320755,0.7192982456140351,0.7192982456140351,0.5185185185185186,0.5185185185185186
2025:01:13:15:20:39,RP29,SM-S908E,2212343,27,106.4252889749902,-22.0,45.0,train,0.8478260869565217,0.657142857142857,0.810810810810811,0.671875,0.8983050847457629,0.5102040816326532,0.5714285714285714,0.0,0.0,0.47457627118644075,0.0,0.3392857142857142,0.4285714285714286,0.0,0.5357142857142856,0.6037735849056605,0.0,0.657142857142857,0.7837837837837838,0.6417910447761194,0.8983050847457629,0.5102040816326532,0.5714285714285714,0.0,0.0,0.47457627118644075,0.0,0.3392857142857142,0.0,0.0,0.5178571428571428,0.5849056603773586,0.5789473684210527,0.5964912280701755,0.5185185185185186,0.5185185185185186
2025:01:13:15:24:32,RP29,SM-S908E,2212343,26,-51.78421773239932,-22.0,45.0,train,0.826086956521739,0.7428571428571429,0.7567567567567568,0.59375,0.8813559322033899,0.0,0.6428571428571428,0.0,0.0,0.0,0.0,0.25,0.0,0.0,0.6071428571428572,0.679245283018868,0.911111111111111,0.7428571428571429,0.7567567567567568,0.5970149253731343,0.8644067796610171,0.4693877551020409,0.6428571428571428,0.0,0.35483870967741926,0.4576271186440679,0.0,0.25,0.4883720930232558,0.0,0.5892857142857142,0.679245283018868,0.0,0.0,0.6666666666666665,0.6666666666666665
2025:01:13:15:22:13,RP29,SM-S908E,2212343,22,108.30345608658493,-22.0,45.0,validation,0.826086956521739,0.6000000000000001,0.0,0.65625,0.8983050847457629,0.5510204081632655,0.5714285714285714,0.0,0.0,0.5593220338983051,0.0,0.0,0.0,0.0,0.7142857142857142,0.7735849056603774,0.8444444444444443,0.6000000000000001,0.0,0.626865671641791,0.8983050847457629,0.5510204081632655,0.5714285714285714,0.0,0.0,0.5423728813559323,0.0,0.0,0.4651162790697674,0.0,0.0,0.7735849056603774,0.6666666666666665,0.6666666666666665,0.6481481481481481,0.6481481481481481
2025:01:13:15:19:23,RP29,SM-S908E,2212343,26,173.71981226668,-22.0,45.0,validation,0.826086956521739,0.8571428571428572,0.810810810810811,0.0,0.9830508474576273,0.5102040816326532,0.5952380952380951,0.0,0.33870967741935476,0.4067796610169492,0.3793103448275863,0.2678571428571428,0.0,0.4545454545454546,0.0,0.7924528301886793,0.8444444444444443,0.8571428571428572,0.810810810810811,0.0,0.9830508474576273,0.5102040816326532,0.5952380952380951,0.0,0.0,0.4067796610169492,0.0,0.2678571428571428,0.0,0.3999999999999999,0.0,0.7924528301886793,0.7017543859649122,0.0,0.5555555555555556,0.5555555555555556
2025:01:13:15:23:13,RP29,SM-S908E,2212343,23,105.77427140985074,-22.0,45.0,validation,0.8913043478260869,0.657142857142857,0.8378378378378379,0.0,0.8305084745762713,0.0,0.0,0.0,0.37096774193548376,0.4406779661016951,0.0,0.3392857142857142,0.0,0.4545454545454546,0.625,0.6226415094339623,0.9333333333333333,0.657142857142857,0.9189189189189189,0.0,0.8305084745762713,0.0,0.0,0.0,0.37096774193548376,0.4406779661016951,0.0,0.3392857142857142,0.0,0.0,0.625,0.6226415094339623,0.6666666666666665,0.6666666666666665,0.574074074074074,0.574074074074074
2025:01:13:15:15:05,RP29,SM-S908E,2212343,26,-125.90598578973108,-22.0,45.0,test,0.0,0.7142857142857144,0.8378378378378379,0.78125,0.8813559322033899,0.0,0.5476190476190477,0.0,0.32258064516129026,0.47457627118644075,0.0,0.375,0.0,0.0,0.7678571428571428,0.679245283018868,0.0,0.7142857142857144,0.8378378378378379,0.7313432835820894,0.8813559322033899,0.0,0.5476190476190477,0.0,0.32258064516129026,0.4576271186440679,0.0,0.3928571428571428,0.5348837209302326,0.0,0.7678571428571428,0.679245283018868,0.5964912280701755,0.5964912280701755,0.537037037037037,0.537037037037037
2025:01:13:15:13:44,RP29,SM-S908E,2212343,34,-126.25590830395133,-22.0,45.0,test,0.8478260869565217,0.8285714285714287,0.7837837837837838,0.65625,0.7796610169491527,0.8571428571428572,0.6428571428571428,0.0,0.5161290322580645,0.4406779661016951,0.6724137931034483,0.4464285714285714,0.0,0.5151515151515151,0.8928571428571428,0.9811320754716982,0.911111111111111,0.8,0.7837837837837838,0.8059701492537312,0.7796610169491527,0.8367346938775511,0.6428571428571428,0.0,0.467741935483871,0.4406779661016951,0.6724137931034483,0.4464285714285714,0.9069767441860466,0.48571428571428577,0.8928571428571428,0.9811320754716982,0.631578947368421,0.5789473684210527,0.35185185185185186,0.35185185185185186
2025:01:13:15:25:17,RP29,SM-S908E,2212343,30,-54.09140418183212,-22.0,45.0,test,0.0,0.8,0.6756756756756757,0.8125,0.8644067796610171,0.0,0.8333333333333333,0.0,0.435483870967742,0.5423728813559323,0.4482758620689655,0.4107142857142856,0.0,0.4545454545454546,0.6607142857142856,0.7735849056603774,0.7777777777777777,0.8285714285714287,0.7837837837837838,0.7761194029850745,0.8644067796610171,0.0,0.8571428571428572,0.0,0.435483870967742,0.5423728813559323,0.4482758620689655,0.4107142857142856,0.0,0.4285714285714288,0.6607142857142856,0.7735849056603774,0.6491228070175439,0.631578947368421,0.462962962962963,0.462962962962963
2025:01:13:15:10:33,RP30,SM-S908E,2212343,31,-51.478533289541126,-13.0,45.0,train,0.7391304347826086,0.9714285714285715,0.0,0.765625,0.7966101694915255,0.7346938775510206,0.6666666666666665,0.0,0.467741935483871,0.5593220338983051,0.6379310344827587,0.4821428571428572,0.7380952380952381,0.0,0.5535714285714286,0.6415094339622642,0.7555555555555555,0.9714285714285715,0.0,0.7611940298507462,0.7796610169491527,0.7346938775510206,0.6666666666666665,0.0,0.467741935483871,0.5593220338983051,0.6206896551724137,0.4821428571428572,0.7906976744186047,0.0,0.5535714285714286,0.6415094339622642,0.5438596491228069,0.5438596491228069,0.38888888888888884,0.38888888888888884
2025:01:13:15:05:42,RP30,SM-S908E,2212343,28,105.79628444833968,-13.0,45.0,train,0.0,0.8857142857142859,0.8918918918918919,0.734375,0.7627118644067797,0.0,0.45238095238095233,0.0,0.5,0.576271186440678,0.6551724137931034,0.5357142857142856,0.0,0.4242424242424243,0.5535714285714286,0.5660377358490567,0.8888888888888888,0.8571428571428572,0.8918918918918919,0.7014925373134328,0.7627118644067797,0.0,0.45238095238095233,0.0,0.4838709677419355,0.576271186440678,0.6206896551724137,0.5357142857142856,0.0,0.0,0.5535714285714286,0.5660377358490567,0.5263157894736841,0.5263157894736841,0.35185185185185186,0.37037037037037024
2025:01:13:15:04:17,RP30,SM-S908E,2212343,23,174.46670285967872,-13.0,45.0,train,0.0,0.7142857142857144,0.8918918918918919,0.75,0.7966101694915255,0.5102040816326532,0.5238095238095237,0.0,0.4193548387096775,0.5593220338983051,0.0,0.5357142857142856,0.7142857142857142,0.0,0.0,0.5849056603773586,0.0,0.7142857142857144,0.0,0.7014925373134328,0.7966101694915255,0.5102040816326532,0.5238095238095237,0.0,0.4193548387096775,0.5593220338983051,0.0,0.5267857142857142,0.0,0.0,0.0,0.5849056603773586,0.0,0.5087719298245614,0.38888888888888884,0.40740740740740744
2025:01:13:15:02:04,RP30,SM-S908E,2212343,22,176.4323262491222,-13.0,45.0,train,0.0,0.657142857142857,0.8648648648648649,0.71875,0.7796610169491527,0.0,0.6190476190476191,0.0,0.5483870967741935,0.593220338983051,0.0,0.5178571428571428,0.0,0.606060606060606,0.0,0.0,0.8666666666666667,0.6857142857142859,0.8648648648648649,0.6865671641791045,0.7966101694915255,0.0,0.6190476190476191,0.0,0.5806451612903225,0.593220338983051,0.0,0.5178571428571428,0.0,0.5714285714285716,0.0,0.0,0.0,0.0,0.38888888888888884,0.38888888888888884
2025:01:13:15:06:25,RP30,SM-S908E,2212343,26,106.88315100823515,-13.0,45.0,train,0.0,0.6857142857142859,1.0,0.0,0.7796610169491527,0.7755102040816326,0.5714285714285714,0.0,0.5483870967741935,0.6440677966101696,0.0,0.5357142857142856,0.0,0.39393939393939403,0.7142857142857142,0.49056603773584917,0.0,0.6857142857142859,1.0,0.0,0.7881355932203391,0.7346938775510206,0.5714285714285714,0.0,0.5483870967741935,0.576271186440678,0.0,0.5178571428571428,0.0,0.37142857142857144,0.6964285714285714,0.49056603773584917,0.0,0.0,0.35185185185185186,0.35185185185185186
2025:01:13:15:11:55,RP30,SM-S908E,2212343,23,-52.162171633788546,-13.0,45.0,train,0.0,1.0,0.0,0.8125,0.7796610169491527,0.7959183673469388,0.6666666666666665,0.37142857142857144,0.0,0.5593220338983051,0.0,0.5357142857142856,0.8571428571428572,0.0,0.5178571428571428,0.6037735849056605,0.0,1.0,0.0,0.7761194029850745,0.7796610169491527,0.7755102040816326,0.6666666666666665,0.3235294117647056,0.0,0.5593220338983051,0.0,0.5357142857142856,0.7441860465116279,0.0,0.0,0.6037735849056605,0.0,0.0,0.35185185185185186,0.35185185185185186
2025:01:13:14:59:25,RP30,SM-S908E,2212343,24,-127.65471027624984,-13.0,45.0,train,0.8913043478260869,0.6857142857142859,0.0,0.0,0.7796610169491527,0.0,0.6666666666666665,0.0,0.532258064516129,0.576271186440678,0.6896551724137931,0.5535714285714286,0.0,0.5454545454545454,0.5535714285714286,0.5471698113207548,0.8888888888888888,0.6857142857142859,0.0,0.0,0.7881355932203391,0.0,0.6428571428571428,0.0,0.532258064516129,0.576271186440678,0.7068965517241379,0.5535714285714286,0.0,0.5142857142857142,0.5357142857142856,0.5283018867924529,0.0,0.0,0.5,0.37962962962962954
2025:01:13:15:00:12,RP30,SM-S908E,2212343,27,-127.9212731608565,-13.0,45.0,train,0.0,0.657142857142857,0.0,0.71875,0.7796610169491527,0.8163265306122449,0.5714285714285714,0.4285714285714288,0.5161290322580645,0.6101694915254239,0.603448275862069,0.5357142857142856,0.0,0.0,0.5357142857142856,0.509433962264151,0.0,0.657142857142857,0.0,0.6865671641791045,0.7627118644067797,0.8163265306122449,0.5476190476190477,0.3235294117647056,0.5161290322580645,0.6101694915254239,0.603448275862069,0.5357142857142856,0.0,0.5142857142857142,0.5178571428571428,0.509433962264151,0.0,0.0,0.37037037037037024,0.37037037037037024
2025:01:13:14:58:10,RP30,SM-S908E,2212343,22,-126.54133295917369,-13.0,45.0,train,0.0,0.0,0.0,0.0,0.7796610169491527,0.5102040816326532,0.5952380952380951,0.0,0.4838709677419355,0.5254237288135595,0.6206896551724137,0.5357142857142856,0.0,0.606060606060606,0.5446428571428572,0.5471698113207548,0.0,0.0,0.0,0.0,0.7881355932203391,0.5102040816326532,0.5714285714285714,0.0,0.4838709677419355,0.5254237288135595,0.6551724137931034,0.5357142857142856,0.0,0.5714285714285716,0.5446428571428572,0.5471698113207548,0.0,0.0,0.37037037037037024,0.37037037037037024
2025:01:13:15:03:40,RP30,SM-S908E,2212343,33,176.3651412180652,-13.0,45.0,train,0.8478260869565217,0.7714285714285716,0.8918918918918919,0.71875,0.7796610169491527,0.6938775510204083,0.4285714285714286,0.0,0.403225806451613,0.5593220338983051,0.5689655172413792,0.5892857142857142,0.6904761904761905,0.0,0.5357142857142856,0.5849056603773586,0.8666666666666667,0.7714285714285716,0.972972972972973,0.6716417910447761,0.7966101694915255,0.6938775510204083,0.4285714285714286,0.0,0.3870967741935485,0.5593220338983051,0.5344827586206897,0.5714285714285714,0.8139534883720929,0.4285714285714288,0.5535714285714286,0.5849056603773586,0.0,0.0,0.35185185185185186,0.35185185185185186
2025:01:13:14:58:47,RP30,SM-S908E,2212343,25,-126.58512412345554,-13.0,45.0,train,0.8478260869565217,0.6285714285714286,0.0,0.78125,0.7966101694915255,0.0,0.6428571428571428,0.0,0.532258064516129,0.593220338983051,0.0,0.0,0.7857142857142856,0.4545454545454546,0.5,0.509433962264151,0.0,0.6285714285714286,0.0,0.7462686567164178,0.7966101694915255,0.8775510204081634,0.6428571428571428,0.0,0.5161290322580645,0.593220338983051,0.0,0.0,0.0,0.4285714285714288,0.5,0.509433962264151,0.0,0.0,0.462962962962963,0.462962962962963
2025:01:13:15:05:06,RP30,SM-S908E,2212343,24,176.91743242552565,-13.0,45.0,train,0.0,0.8285714285714287,0.8648648648648649,0.765625,0.7627118644067797,0.0,0.4761904761904763,0.34285714285714297,0.4193548387096775,0.0,0.0,0.4642857142857142,0.0,0.4242424242424243,0.0,0.6037735849056605,0.0,0.8285714285714287,0.8648648648648649,0.7313432835820894,0.7796610169491527,0.0,0.4761904761904763,0.0,0.403225806451613,0.0,0.0,0.4642857142857142,0.0,0.3999999999999999,0.0,0.6037735849056605,0.5438596491228069,0.5438596491228069,0.38888888888888884,0.38888888888888884
2025:01:13:15:03:04,RP30,SM-S908E,2212343,29,175.48421287847358,-13.0,45.0,train,0.8478260869565217,0.8,0.9189189189189189,0.765625,0.7627118644067797,0.5714285714285714,0.0,0.6857142857142859,0.5,0.576271186440678,0.0,0.5357142857142856,0.8333333333333333,0.36363636363636376,0.5892857142857142,0.4716981132075473,0.8666666666666667,0.8,0.0,0.7164179104477612,0.7627118644067797,0.5714285714285714,0.0,0.0,0.0,0.576271186440678,0.0,0.5357142857142856,0.8139534883720929,0.34285714285714297,0.5892857142857142,0.4716981132075473,0.0,0.5087719298245614,0.0,0.0
2025:01:13:15:07:08,RP30,SM-S908E,2212343,27,107.10006137031577,-13.0,45.0,train,0.7391304347826086,0.7428571428571429,0.945945945945946,0.0,0.8474576271186441,0.7346938775510206,0.6190476190476191,0.0,0.5,0.6101694915254239,0.5689655172413792,0.4642857142857142,0.0,0.3333333333333335,0.6428571428571428,0.509433962264151,0.0,0.7142857142857144,0.972972972972973,0.0,0.8474576271186441,0.7346938775510206,0.6190476190476191,0.0,0.4838709677419355,0.593220338983051,0.0,0.4642857142857142,0.0,0.3142857142857145,0.6428571428571428,0.509433962264151,0.0,0.0,0.40740740740740744,0.40740740740740744
2025:01:13:15:08:22,RP30,SM-S908E,2212343,29,106.73531070835753,-13.0,45.0,validation,0.8043478260869565,0.657142857142857,0.945945945945946,0.671875,0.8644067796610171,0.7755102040816326,0.6190476190476191,0.0,0.5161290322580645,0.593220338983051,0.6551724137931034,0.5357142857142856,0.6428571428571428,0.0,0.5714285714285714,0.5283018867924529,0.8222222222222222,0.657142857142857,1.0,0.6567164179104477,0.8644067796610171,0.7755102040816326,0.6190476190476191,0.0,0.5161290322580645,0.593220338983051,0.5862068965517242,0.5357142857142856,0.8139534883720929,0.0,0.5714285714285714,0.509433962264151,0.0,0.0,0.0,0.0
2025:01:13:15:09:53,RP30,SM-S908E,2212343,25,-51.57864849691551,-13.0,45.0,validation,0.7391304347826086,0.9714285714285715,0.0,0.0,0.7966101694915255,0.0,0.6666666666666665,0.2571428571428571,0.4516129032258065,0.5254237288135595,0.6379310344827587,0.4285714285714286,0.0,0.4545454545454546,0.5178571428571428,0.5849056603773586,0.0,0.9714285714285715,0.0,0.0,0.7966101694915255,0.0,0.6666666666666665,0.0,0.4516129032258065,0.5254237288135595,0.6379310344827587,0.4285714285714286,0.0,0.4285714285714288,0.5,0.5660377358490567,0.0,0.0,0.38888888888888884,0.38888888888888884
2025:01:13:15:01:26,RP30,SM-S908E,2212343,29,-127.23215390234085,-13.0,45.0,validation,0.8913043478260869,0.6857142857142859,0.0,0.734375,0.7627118644067797,0.8571428571428572,0.6190476190476191,0.0,0.0,0.576271186440678,0.6724137931034483,0.5357142857142856,0.0,0.48484848484848486,0.5535714285714286,0.5283018867924529,0.911111111111111,0.6857142857142859,0.0,0.7014925373134328,0.7796610169491527,0.8571428571428572,0.6190476190476191,0.0,0.0,0.576271186440678,0.6379310344827587,0.5357142857142856,0.8837209302325582,0.0,0.5,0.5283018867924529,0.5438596491228069,0.5263157894736841,0.37037037037037024,0.37037037037037024
2025:01:13:15:07:45,RP30,SM-S908E,2212343,26,106.58145435163105,-13.0,45.0,test,0.0,0.6857142857142859,1.0,0.6875,0.8474576271186441,0.8775510204081634,0.6190476190476191,0.34285714285714297,0.564516129032258,0.5423728813559323,0.7241379310344828,0.625,0.0,0.0,0.7678571428571428,0.49056603773584917,0.0,0.6857142857142859,1.0,0.6567164179104477,0.8474576271186441,0.0,0.5952380952380951,0.0,0.5483870967741935,0.5423728813559323,0.7241379310344828,0.625,0.0,0.0,0.75,0.49056603773584917,0.0,0.0,0.33333333333333326,0.33333333333333326
2025:01:13:15:11:20,RP30,SM-S908E,2212343,32,-54.429758678168675,-13.0,45.0,test,0.6956521739130435,0.9714285714285715,0.7837837837837838,0.796875,0.7966101694915255,0.7959183673469388,0.6666666666666665,0.5142857142857142,0.403225806451613,0.5254237288135595,0.0,0.5,0.7619047619047619,0.4242424242424243,0.5714285714285714,0.6226415094339623,0.6888888888888889,0.9714285714285715,0.0,0.7462686567164178,0.7966101694915255,0.7959183673469388,0.6666666666666665,0.49999999999999956,0.403225806451613,0.5254237288135595,0.0,0.5,0.7441860465116279,0.4285714285714288,0.5714285714285714,0.6226415094339623,0.6140350877192982,0.0,0.33333333333333326,0.33333333333333326
2025:01:13:15:09:16,RP30,SM-S908E,2212343,27,-52.09026313866845,-13.0,45.0,test,0.7826086956521738,0.7142857142857144,0.972972972972973,0.671875,0.8644067796610171,0.8367346938775511,0.5952380952380951,0.0,0.5161290322580645,0.5593220338983051,0.6551724137931034,0.6071428571428572,0.0,0.0,0.5535714285714286,0.509433962264151,0.7777777777777777,0.7142857142857144,0.945945945945946,0.0,0.8644067796610171,0.8367346938775511,0.5952380952380951,0.0,0.5161290322580645,0.5593220338983051,0.6206896551724137,0.6071428571428572,0.0,0.0,0.5892857142857142,0.509433962264151,0.0,0.0,0.33333333333333326,0.35185185185185186
2025:01:13:15:49:00,RP31,SM-S908E,2212343,28,176.54224820211806,13.0,45.0,train,0.0,0.657142857142857,0.6756756756756757,0.546875,0.576271186440678,0.8571428571428572,0.6190476190476191,0.5714285714285716,0.8870967741935484,0.8983050847457629,0.0,0.5714285714285714,0.7619047619047619,0.8484848484848486,0.5535714285714286,0.509433962264151,0.0,0.657142857142857,0.6756756756756757,0.0,0.576271186440678,0.8571428571428572,0.6190476190476191,0.5588235294117645,0.8870967741935484,0.8983050847457629,0.0,0.5535714285714286,0.7209302325581395,0.8,0.0,0.509433962264151,0.0,0.0,0.0,0.0
2025:01:13:15:56:08,RP31,SM-S908E,2212343,30,-50.8100267606631,13.0,45.0,train,0.4782608695652173,0.0,0.0,0.4375,0.4067796610169492,0.6734693877551021,0.6904761904761905,0.7428571428571429,0.7419354838709677,0.9152542372881357,0.6724137931034483,0.6428571428571428,0.6904761904761905,0.7878787878787881,0.5535714285714286,0.3396226415094341,0.5333333333333332,0.0,0.0,0.4029850746268655,0.4067796610169492,0.6734693877551021,0.6904761904761905,0.7647058823529411,0.7419354838709677,0.8983050847457629,0.6551724137931034,0.6428571428571428,0.6976744186046511,0.7428571428571429,0.5535714285714286,0.3396226415094341,0.0,0.0,0.35185185185185186,0.35185185185185186
2025:01:13:15:46:51,RP31,SM-S908E,2212343,27,178.16598767520702,13.0,45.0,train,0.0,0.0,0.0,0.390625,0.5423728813559323,0.0,0.7380952380952381,0.7714285714285716,0.9032258064516129,0.9152542372881357,0.6551724137931034,0.6607142857142856,0.0,0.7878787878787881,0.6071428571428572,0.41509433962264164,0.0,0.0,0.0,0.4029850746268655,0.5254237288135595,0.0,0.7380952380952381,0.7647058823529411,0.9032258064516129,0.9152542372881357,0.6379310344827587,0.6607142857142856,0.0,0.7428571428571429,0.6071428571428572,0.41509433962264164,0.0,0.0,0.33333333333333326,0.35185185185185186
2025:01:13:15:54:49,RP31,SM-S908E,2212343,23,-51.57922489245741,13.0,45.0,train,0.7173913043478262,0.4571428571428573,0.0,0.0,0.6271186440677967,0.0,0.7142857142857142,0.8,0.0,0.8305084745762713,0.5,0.4821428571428572,0.5952380952380951,0.0,0.0,0.39622641509433976,0.7333333333333332,0.4571428571428573,0.0,0.0,0.6271186440677967,0.0,0.7142857142857142,0.8235294117647056,0.7741935483870968,0.8305084745762713,0.5172413793103448,0.4821428571428572,0.5813953488372092,0.0,0.0,0.39622641509433976,0.0,0.0,0.2777777777777777,0.2777777777777777
2025:01:13:15:55:32,RP31,SM-S908E,2212343,24,-49.38046497617517,13.0,45.0,train,0.0,0.3999999999999999,0.0,0.0,0.593220338983051,0.0,0.4761904761904763,0.7428571428571429,0.7580645161290323,0.8474576271186441,0.6379310344827587,0.625,0.6666666666666665,0.7878787878787881,0.6607142857142856,0.39622641509433976,0.0,0.34285714285714297,0.0,0.0,0.593220338983051,0.0,0.4761904761904763,0.7647058823529411,0.7580645161290323,0.8474576271186441,0.6206896551724137,0.625,0.6511627906976745,0.7428571428571429,0.6785714285714286,0.3773584905660379,0.0,0.0,0.0,0.0
2025:01:13:15:43:08,RP31,SM-S908E,2212343,27,-125.51611665803429,13.0,45.0,train,0.0,0.4285714285714288,0.0,0.46875,0.5254237288135595,0.7959183673469388,0.6666666666666665,0.0,0.9354838709677419,0.9491525423728815,0.48275862068965525,0.4821428571428572,0.0,0.7272727272727275,0.5714285714285714,0.4339622641509435,0.0,0.4285714285714288,0.0,0.4477611940298507,0.5254237288135595,0.7755102040816326,0.6666666666666665,0.0,0.0,0.9491525423728815,0.0,0.4821428571428572,0.6976744186046511,0.6857142857142859,0.5892857142857142,0.4339622641509435,0.4035087719298245,0.4035087719298245,0.2777777777777777,0.2777777777777777
2025:01:13:15:50:28,RP31,SM-S908E,2212343,32,107.41053001076331,13.0,45.0,train,0.6086956521739131,0.657142857142857,0.0,0.625,0.5423728813559323,0.6938775510204083,0.6666666666666665,0.7428571428571429,0.8870967741935484,0.8305084745762713,0.0,0.5892857142857142,0.9047619047619047,0.7272727272727275,0.5714285714285714,0.5471698113207548,0.6222222222222222,0.657142857142857,0.5405405405405403,0.5820895522388059,0.5423728813559323,0.6938775510204083,0.6428571428571428,0.7647058823529411,0.8870967741935484,0.8305084745762713,0.0,0.5892857142857142,0.6511627906976745,0.6857142857142859,0.0,0.5471698113207548,0.368421052631579,0.4035087719298245,0.37037037037037024,0.37037037037037024
2025:01:13:15:51:03,RP31,SM-S908E,2212343,24,108.0830048453304,13.0,45.0,train,0.6086956521739131,0.0,0.0,0.484375,0.5593220338983051,0.0,0.5714285714285714,0.5428571428571431,0.7096774193548387,0.8305084745762713,0.5,0.4642857142857142,0.5476190476190477,0.0,0.4464285714285714,0.5471698113207548,0.5111111111111111,0.0,0.0,0.0,0.5593220338983051,0.0,0.5476190476190477,0.5588235294117645,0.6935483870967741,0.8305084745762713,0.5,0.4642857142857142,0.0,0.6285714285714286,0.0,0.5471698113207548,0.26315789473684204,0.0,0.0,0.2407407407407407
2025:01:13:15:49:44,RP31,SM-S908E,2212343,30,176.58398817749335,13.0,45.0,train,0.7173913043478262,0.6285714285714286,0.0,0.546875,0.593220338983051,0.8775510204081634,0.6190476190476191,0.0,0.9193548387096774,0.8474576271186441,0.6896551724137931,0.6071428571428572,0.6428571428571428,0.0,0.5714285714285714,0.5283018867924529,0.711111111111111,0.6285714285714286,0.0,0.5223880597014925,0.593220338983051,0.8571428571428572,0.6428571428571428,0.0,0.9193548387096774,0.8983050847457629,0.6724137931034483,0.6071428571428572,0.6046511627906976,0.0,0.5714285714285714,0.5283018867924529,0.0,0.0,0.35185185185185186,0.35185185185185186
2025:01:13:15:54:09,RP31,SM-S908E,2212343,20,-49.59532987892718,13.0,45.0,train,0.0,0.5428571428571431,0.0,0.484375,0.6101694915254239,0.6122448979591837,0.7142857142857142,0.0,0.6935483870967741,0.7627118644067797,0.0,0.5357142857142856,0.6666666666666665,0.7575757575757578,0.0,0.0,0.0,0.5428571428571431,0.0,0.462686567164179,0.6101694915254239,0.0,0.7142857142857142,0.0,0.0,0.7627118644067797,0.0,0.5357142857142856,0.6511627906976745,0.7142857142857144,0.0,0.0,0.4736842105263157,0.4385964912280702,0.0,0.0
2025:01:13:15:42:30,RP31,SM-S908E,2212343,23,-125.31147332234742,13.0,45.0,train,0.0,0.0,0.0,0.0,0.3728813559322035,0.0,0.6428571428571428,0.8285714285714287,0.7258064516129032,0.8813559322033899,0.0,0.6964285714285714,0.0,0.8787878787878789,0.5714285714285714,0.2452830188679247,0.0,0.0,0.0,0.0,0.3728813559322035,0.0,0.6428571428571428,0.8529411764705881,0.7258064516129032,0.8813559322033899,0.0,0.6964285714285714,0.0,0.8285714285714287,0.5714285714285714,0.2452830188679247,0.0,0.0,0.16666666666666674,0.16666666666666674
2025:01:13:15:53:18,RP31,SM-S908E,2212343,31,106.15892662561183,13.0,45.0,train,0.6521739130434783,0.6000000000000001,0.0,0.609375,0.47457627118644075,0.6938775510204083,0.7142857142857142,0.9142857142857144,0.8709677419354839,0.8474576271186441,0.6379310344827587,0.5357142857142856,0.8571428571428572,0.8484848484848486,0.6071428571428572,0.5660377358490567,0.6666666666666665,0.6000000000000001,0.0,0.5820895522388059,0.47457627118644075,0.6938775510204083,0.7142857142857142,0.9117647058823528,0.8709677419354839,0.8474576271186441,0.6379310344827587,0.5357142857142856,0.8139534883720929,0.8,0.0,0.5660377358490567,0.0,0.0,0.0,0.0
2025:01:13:15:48:24,RP31,SM-S908E,2212343,27,175.12340416614586,13.0,45.0,train,0.5869565217391304,0.3999999999999999,0.0,0.484375,0.5593220338983051,0.0,0.6666666666666665,0.7428571428571429,0.9032258064516129,0.8813559322033899,0.6724137931034483,0.5535714285714286,0.7619047619047619,0.0,0.6607142857142856,0.5283018867924529,0.5999999999999999,0.3999999999999999,0.0,0.4776119402985074,0.5593220338983051,0.0,0.6666666666666665,0.7352941176470584,0.9032258064516129,0.8813559322033899,0.6724137931034483,0.5535714285714286,0.0,0.0,0.5357142857142856,0.5283018867924529,0.0,0.0,0.2962962962962963,0.2962962962962963
2025:01:13:15:45:27,RP31,SM-S908E,2212343,30,-125.6376123584918,13.0,45.0,train,0.0,0.3999999999999999,0.0,0.328125,0.4915254237288136,0.8163265306122449,0.7619047619047619,0.6000000000000001,0.9354838709677419,0.9322033898305085,0.6724137931034483,0.5535714285714286,0.6666666666666665,0.7878787878787881,0.625,0.4528301886792454,0.0,0.37142857142857144,0.0,0.31343283582089554,0.4915254237288136,0.8163265306122449,0.7619047619047619,0.0,0.9354838709677419,0.9322033898305085,0.6724137931034483,0.5535714285714286,0.6511627906976745,0.7142857142857144,0.6071428571428572,0.4528301886792454,0.3859649122807016,0.0,0.22222222222222232,0.22222222222222232
2025:01:13:15:47:50,RP31,SM-S908E,2212343,24,177.57135488668638,13.0,45.0,validation,0.0,0.6000000000000001,0.4864864864864864,0.0,0.4915254237288136,0.0,0.6428571428571428,0.0,0.9032258064516129,0.8644067796610171,0.6551724137931034,0.6071428571428572,0.7380952380952381,0.8484848484848486,0.5892857142857142,0.6037735849056605,0.0,0.6000000000000001,0.5135135135135136,0.0,0.4915254237288136,0.0,0.6428571428571428,0.0,0.9032258064516129,0.8644067796610171,0.0,0.5892857142857142,0.7209302325581395,0.8,0.5892857142857142,0.5849056603773586,0.0,0.0,0.0,0.0
2025:01:13:15:44:53,RP31,SM-S908E,2212343,28,-125.65261239356832,13.0,45.0,validation,0.0,0.0,0.0,0.46875,0.5254237288135595,0.7551020408163265,0.7619047619047619,0.6857142857142859,0.9193548387096774,0.8983050847457629,0.6896551724137931,0.6071428571428572,0.0,0.7272727272727275,0.625,0.49056603773584917,0.0,0.0,0.0,0.4179104477611939,0.5254237288135595,0.8163265306122449,0.7619047619047619,0.7058823529411762,0.9193548387096774,0.8983050847457629,0.6896551724137931,0.6071428571428572,0.6511627906976745,0.657142857142857,0.0,0.49056603773584917,0.42105263157894735,0.4035087719298245,0.35185185185185186,0.35185185185185186
2025:01:13:15:52:29,RP31,SM-S908E,2212343,24,105.92702195803263,13.0,45.0,validation,0.0,0.6000000000000001,0.0,0.0,0.6271186440677967,0.6938775510204083,0.7619047619047619,0.8285714285714287,0.8064516129032258,0.7966101694915255,0.0,0.5357142857142856,0.0,0.7878787878787881,0.6428571428571428,0.49056603773584917,0.0,0.6000000000000001,0.0,0.626865671641791,0.6271186440677967,0.6734693877551021,0.7619047619047619,0.0,0.0,0.7966101694915255,0.0,0.5357142857142856,0.0,0.7428571428571429,0.0,0.49056603773584917,0.0,0.0,0.4259259259259258,0.4259259259259258
2025:01:13:15:56:46,RP31,SM-S908E,2212343,26,-52.47012269768428,13.0,45.0,test,0.0,0.3142857142857145,0.0,0.0,0.33898305084745783,0.0,0.6666666666666665,0.8,0.8387096774193548,0.8644067796610171,0.0,0.6071428571428572,0.7619047619047619,0.7575757575757578,0.625,0.28301886792452846,0.0,0.34285714285714297,0.0,0.0,0.33898305084745783,0.0,0.6666666666666665,0.8529411764705881,0.8387096774193548,0.8644067796610171,0.0,0.6071428571428572,0.7674418604651163,0.7142857142857144,0.625,0.28301886792452846,0.0,0.0,0.22222222222222232,0.22222222222222232
2025:01:13:15:46:11,RP31,SM-S908E,2212343,30,-124.67905396723792,13.0,45.0,test,0.5,0.4571428571428573,0.0,0.359375,0.5254237288135595,0.8163265306122449,0.7380952380952381,0.7428571428571429,0.9354838709677419,0.9152542372881357,0.6551724137931034,0.625,0.0,0.7575757575757578,0.5892857142857142,0.4528301886792454,0.0,0.4285714285714288,0.0,0.4328358208955223,0.5254237288135595,0.7959183673469388,0.7380952380952381,0.7941176470588234,0.9354838709677419,0.9152542372881357,0.6379310344827587,0.625,0.6511627906976745,0.0,0.5714285714285714,0.4528301886792454,0.0,0.0,0.2962962962962963,0.2962962962962963
2025:01:13:15:51:44,RP31,SM-S908E,2212343,23,106.50114285748757,13.0,45.0,test,0.0,0.48571428571428577,0.0,0.0,0.4915254237288136,0.0,0.7380952380952381,0.9428571428571428,0.8548387096774194,0.8644067796610171,0.6724137931034483,0.4821428571428572,0.0,0.0,0.6607142857142856,0.5849056603773586,0.0,0.48571428571428577,0.0,0.0,0.5084745762711866,0.0,0.7380952380952381,0.9705882352941173,0.8548387096774194,0.8813559322033899,0.7241379310344828,0.4821428571428572,0.0,0.0,0.0,0.5849056603773586,0.0,0.0,0.35185185185185186,0.37037037037037024
2025:01:13:15:39:08,RP32,SM-S908E,2212343,17,-47.48486505070578,22.0,45.0,train,0.0,0.0,0.0,0.0,0.27118644067796627,0.0,0.6428571428571428,0.7142857142857144,0.8387096774193548,0.9152542372881357,0.7758620689655172,0.6071428571428572,0.0,0.8484848484848486,0.0,0.0,0.0,0.0,0.0,0.0,0.27118644067796627,0.0,0.6428571428571428,0.0,0.8548387096774194,0.9152542372881357,0.7758620689655172,0.6071428571428572,0.0,0.8,0.0,0.0,0.0,0.0,0.0,0.0
2025:01:13:15:41:08,RP32,SM-S908E,2212343,16,-46.86270335900251,22.0,45.0,train,0.0,0.0,0.0,0.0,0.33898305084745783,0.7346938775510206,0.6666666666666665,1.0,0.8064516129032258,0.9152542372881357,0.0,0.6964285714285714,0.0,0.8181818181818183,0.0,0.0,0.0,0.0,0.0,0.0,0.3220338983050848,0.0,0.6666666666666665,0.9999999999999998,0.7903225806451613,0.9152542372881357,0.0,0.6964285714285714,0.0,0.7714285714285716,0.0,0.0,0.0,0.0,0.0,0.0
2025:01:13:15:31:32,RP32,SM-S908E,2212343,30,-120.6200777070824,22.0,45.0,train,0.0,0.48571428571428577,0.0,0.4375,0.5084745762711866,0.6122448979591837,0.6190476190476191,0.6857142857142859,0.8709677419354839,0.8305084745762713,0.5517241379310345,0.625,0.8809523809523809,0.7878787878787881,0.0,0.28301886792452846,0.3999999999999999,0.48571428571428577,0.3513513513513513,0.4179104477611939,0.5084745762711866,0.5918367346938775,0.6190476190476191,0.6764705882352939,0.8548387096774194,0.8305084745762713,0.5517241379310345,0.625,0.8604651162790697,0.7142857142857144,0.0,0.28301886792452846,0.0,0.0,0.0,0.0
2025:01:13:15:36:21,RP32,SM-S908E,2212343,25,111.84744069174303,22.0,45.0,train,0.0,0.0,0.0,0.0,0.35593220338983067,0.5918367346938775,0.6190476190476191,0.7142857142857144,0.9032258064516129,0.9322033898305085,0.7068965517241379,0.6071428571428572,0.0,0.8787878787878789,0.3035714285714286,0.28301886792452846,0.0,0.28571428571428603,0.0,0.0,0.35593220338983067,0.6122448979591837,0.5952380952380951,0.9411764705882351,0.9032258064516129,0.9322033898305085,0.7068965517241379,0.6071428571428572,0.6744186046511629,0.8,0.2857142857142858,0.28301886792452846,0.0,0.0,0.0,0.0
2025:01:13:15:39:46,RP32,SM-S908E,2212343,19,-45.08763599193699,22.0,45.0,train,0.0,0.3142857142857145,0.0,0.0,0.3220338983050848,0.0,0.6428571428571428,0.0,0.7903225806451613,0.8983050847457629,0.8275862068965517,0.6785714285714286,0.8809523809523809,0.8484848484848486,0.0,0.28301886792452846,0.0,0.3142857142857145,0.0,0.0,0.3220338983050848,0.0,0.6428571428571428,0.0,0.7903225806451613,0.8983050847457629,0.7931034482758621,0.6785714285714286,0.0,0.8285714285714287,0.0,0.30188679245283034,0.0,0.0,0.0,0.0
2025:01:13:15:33:53,RP32,SM-S908E,2212343,25,179.33421424201106,22.0,45.0,train,0.0,0.3999999999999999,0.0,0.375,0.5084745762711866,0.0,0.5238095238095237,0.0,0.8548387096774194,0.7966101694915255,0.6724137931034483,0.6785714285714286,0.8333333333333333,0.9393939393939394,0.0,0.28301886792452846,0.0,0.3999999999999999,0.0,0.3582089552238805,0.5084745762711866,0.0,0.5238095238095237,0.0,0.0,0.7966101694915255,0.6551724137931034,0.6785714285714286,0.7906976744186047,0.8571428571428572,0.0,0.30188679245283034,0.0,0.0,0.14814814814814814,0.16666666666666674
2025:01:13:15:35:05,RP32,SM-S908E,2212343,15,179.47514467087942,22.0,45.0,train,0.0,0.4571428571428573,0.5135135135135136,0.0,0.5593220338983051,0.0,0.4761904761904763,0.0,0.0,0.8983050847457629,0.0,0.6339285714285714,0.0,0.8787878787878789,0.2678571428571428,0.0,0.0,0.4571428571428573,0.0,0.4179104477611939,0.5593220338983051,0.0,0.4761904761904763,0.0,0.0,0.8983050847457629,0.0,0.6339285714285714,0.0,0.8285714285714287,0.0,0.0,0.0,0.0,0.0,0.0
2025:01:13:15:29:24,RP32,SM-S908E,2212343,27,-121.6775801799774,22.0,45.0,train,0.0,0.5142857142857142,0.6216216216216217,0.765625,0.7457627118644069,0.0,0.8095238095238095,0.8,0.7741935483870968,1.0,0.7586206896551724,0.625,0.0,0.6969696969696968,0.5714285714285714,0.2641509433962266,0.0,0.0,0.810810810810811,0.0,0.7457627118644069,0.0,0.6190476190476191,0.8235294117647056,0.7741935483870968,1.0,0.0,0.625,0.0,0.8,0.5714285714285714,0.2641509433962266,0.0,0.0,0.5555555555555556,0.574074074074074
2025:01:13:15:38:33,RP32,SM-S908E,2212343,22,110.45639083841262,22.0,45.0,train,0.0,0.3142857142857145,0.0,0.0,0.3728813559322035,0.0,0.6666666666666665,0.0,0.9354838709677419,0.9322033898305085,0.7241379310344828,0.6428571428571428,0.7619047619047619,0.9090909090909092,0.0,0.2641509433962266,0.0,0.3142857142857145,0.0,0.0,0.35593220338983067,0.0,0.6428571428571428,0.0,0.9354838709677419,0.9152542372881357,0.7758620689655172,0.6428571428571428,0.7441860465116279,0.8571428571428572,0.0,0.28301886792452846,0.0,0.3157894736842106,0.0,0.22222222222222232
2025:01:13:15:34:29,RP32,SM-S908E,2212343,27,-179.54538929656243,22.0,45.0,train,0.0,0.3999999999999999,0.0,0.421875,0.4915254237288136,0.0,0.5476190476190477,0.0,0.8387096774193548,0.8644067796610171,0.7068965517241379,0.6607142857142856,0.8809523809523809,1.0,0.375,0.2641509433962266,0.0,0.3999999999999999,0.0,0.0,0.47457627118644075,0.4693877551020409,0.5476190476190477,0.0,0.8225806451612903,0.8644067796610171,0.7068965517241379,0.6607142857142856,0.8372093023255813,0.8,0.0,0.2641509433962266,0.0,0.0,0.14814814814814814,0.12962962962962954
2025:01:13:15:33:18,RP32,SM-S908E,2212343,25,179.03871125917235,22.0,45.0,train,0.19565217391304346,0.4571428571428573,0.0,0.0,0.5423728813559323,0.5918367346938775,0.6666666666666665,0.6000000000000001,0.0,0.8983050847457629,0.6724137931034483,0.6607142857142856,0.8333333333333333,0.9696969696969697,0.2857142857142858,0.2264150943396228,0.0,0.4285714285714288,0.0,0.0,0.5423728813559323,0.5510204081632655,0.6666666666666665,0.0,0.0,0.8983050847457629,0.6724137931034483,0.6607142857142856,0.8139534883720929,0.0,0.2857142857142858,0.2264150943396228,0.0,0.0,0.0,0.0
2025:01:13:15:37:50,RP32,SM-S908E,2212343,23,110.3901454581396,22.0,45.0,train,0.0,0.0,0.0,0.0,0.4406779661016951,0.5510204081632655,0.5238095238095237,0.7142857142857144,0.8387096774193548,0.9152542372881357,0.0,0.6071428571428572,0.0,0.8181818181818183,0.3035714285714286,0.2641509433962266,0.0,0.0,0.0,0.0,0.4406779661016951,0.5510204081632655,0.5,0.7058823529411762,0.8387096774193548,0.8983050847457629,0.0,0.6071428571428572,0.0,0.7714285714285716,0.0,0.2641509433962266,0.29824561403508776,0.3157894736842106,0.20370370370370372,0.22222222222222232
2025:01:13:15:36:56,RP32,SM-S908E,2212343,24,112.13314036670707,22.0,45.0,train,0.0,0.4285714285714288,0.0,0.0,0.30508474576271194,0.5714285714285714,0.6190476190476191,0.7142857142857144,0.8064516129032258,0.8983050847457629,0.7241379310344828,0.6071428571428572,0.7380952380952381,0.8181818181818183,0.2857142857142858,0.0,0.0,0.4285714285714288,0.0,0.0,0.30508474576271194,0.5714285714285714,0.6190476190476191,0.7352941176470584,0.8064516129032258,0.8983050847457629,0.7241379310344828,0.6071428571428572,0.7209302325581395,0.8,0.2678571428571428,0.0,0.0,0.0,0.0,0.0
2025:01:13:15:35:44,RP32,SM-S908E,2212343,22,111.9854031992326,22.0,45.0,train,0.30434782608695654,0.0,0.0,0.25,0.0,0.5306122448979593,0.5952380952380951,0.0,0.8225806451612903,0.0,0.6896551724137931,0.7142857142857142,0.0,0.9090909090909092,0.0,0.18867924528301905,0.28888888888888875,0.0,0.0,0.25373134328358193,0.5254237288135595,0.5306122448979593,0.5952380952380951,0.0,0.5967741935483871,0.0,0.7068965517241379,0.7142857142857142,0.0,0.8285714285714287,0.0,0.18867924528301905,0.0,0.21052631578947367,0.2407407407407407,0.22222222222222232
2025:01:13:15:29:58,RP32,SM-S908E,2212343,23,-121.16149417559124,22.0,45.0,validation,0.0,0.5428571428571431,0.0,0.34375,0.4576271186440679,0.0,0.4761904761904763,0.7142857142857144,0.9032258064516129,0.8813559322033899,0.6206896551724137,0.5357142857142856,0.0,0.9090909090909092,0.0,0.30188679245283034,0.0,0.5428571428571431,0.0,0.0,0.47457627118644075,0.0,0.4761904761904763,0.617647058823529,0.8870967741935484,0.8813559322033899,0.6206896551724137,0.5357142857142856,0.0,0.8571428571428572,0.0,0.30188679245283034,0.0,0.0,0.18518518518518512,0.20370370370370372
2025:01:13:15:32:08,RP32,SM-S908E,2212343,28,-121.52057828495566,22.0,45.0,validation,0.4347826086956521,0.5714285714285716,0.0,0.4375,0.5593220338983051,0.48979591836734704,0.45238095238095233,0.657142857142857,0.0,0.8474576271186441,0.6206896551724137,0.5892857142857142,0.9523809523809523,0.6666666666666665,0.3214285714285714,0.2452830188679247,0.4444444444444444,0.5714285714285716,0.0,0.3880597014925373,0.5593220338983051,0.4693877551020409,0.4285714285714286,0.6764705882352939,0.0,0.8474576271186441,0.6206896551724137,0.5892857142857142,0.9302325581395348,0.6285714285714286,0.2857142857142858,0.0,0.0,0.0,0.0,0.0
2025:01:13:15:40:32,RP32,SM-S908E,2212343,31,-46.04273944768622,22.0,45.0,validation,0.0,0.37142857142857144,0.0,0.34375,0.27118644067796627,0.5510204081632655,0.6428571428571428,0.8285714285714287,0.8064516129032258,0.8983050847457629,0.6724137931034483,0.6964285714285714,0.7619047619047619,0.8484848484848486,0.4642857142857142,0.2452830188679247,0.0,0.34285714285714297,0.0,0.31343283582089554,0.27118644067796627,0.5510204081632655,0.6428571428571428,0.8235294117647056,0.8064516129032258,0.8983050847457629,0.6724137931034483,0.6964285714285714,0.7441860465116279,0.8,0.3571428571428572,0.2452830188679247,0.26315789473684204,0.33333333333333326,0.0,0.0
2025:01:13:15:32:43,RP32,SM-S908E,2212343,25,179.14891969106577,22.0,45.0,test,0.0,0.5714285714285716,0.0,0.4375,0.5423728813559323,0.5306122448979593,0.5238095238095237,0.8,0.9838709677419355,0.7966101694915255,0.6551724137931034,0.5357142857142856,0.0,0.8484848484848486,0.4107142857142856,0.30188679245283034,0.0,0.5714285714285716,0.0,0.0,0.5423728813559323,0.5510204081632655,0.5238095238095237,0.8235294117647056,0.9354838709677419,0.7966101694915255,0.6551724137931034,0.5357142857142856,0.0,0.7714285714285716,0.4285714285714286,0.30188679245283034,0.0,0.0,0.0,0.0
2025:01:13:15:41:48,RP32,SM-S908E,2212343,20,-47.63282051510021,22.0,45.0,test,0.0,0.34285714285714297,0.0,0.0,0.33898305084745783,0.0,0.6190476190476191,0.8,0.0,0.8983050847457629,0.7413793103448276,0.6785714285714286,0.0,0.8181818181818183,0.0,0.28301886792452846,0.0,0.34285714285714297,0.0,0.0,0.35593220338983067,0.5306122448979593,0.6190476190476191,0.0,0.0,0.8983050847457629,0.7413793103448276,0.6607142857142856,0.6744186046511629,0.7714285714285716,0.0,0.2641509433962266,0.0,0.5263157894736841,0.0,0.0
2025:01:13:15:30:41,RP32,SM-S908E,2212343,26,-121.26584124924048,22.0,45.0,test,0.0,0.48571428571428577,0.0,0.484375,0.0,0.0,0.5952380952380951,0.0,0.8709677419354839,0.8474576271186441,0.6896551724137931,0.5714285714285714,0.976190476190476,0.8181818181818183,0.0,0.30188679245283034,0.0,0.48571428571428577,0.0,0.4477611940298507,0.47457627118644075,0.0,0.5952380952380951,0.0,0.8870967741935484,0.8474576271186441,0.0,0.5714285714285714,1.0,0.7428571428571429,0.0,0.30188679245283034,0.33333333333333326,0.33333333333333326,0.18518518518518512,0.18518518518518512
2025:01:13:10:29:18,RP33,SM-S908E,2212343,29,88.5064808393539,-30.0,52.0,train,0.8695652173913042,0.6285714285714286,0.0,0.0,0.8474576271186441,0.8979591836734695,0.9047619047619047,0.0,0.7903225806451613,0.6610169491525425,0.7758620689655172,0.6785714285714286,0.0,0.606060606060606,0.5892857142857142,0.7924528301886793,0.8888888888888888,0.6285714285714286,0.0,0.0,0.8474576271186441,0.9387755102040816,0.9047619047619047,0.0,0.8064516129032258,0.6610169491525425,0.7931034482758621,0.6785714285714286,0.0,0.5714285714285716,0.5714285714285714,0.7924528301886793,0.0,0.0,0.7962962962962963,0.7962962962962963
2025:01:13:10:31:36,RP33,SM-S908E,2212343,26,-48.35547212857588,-30.0,52.0,train,0.0,0.7428571428571429,0.0,0.96875,0.7966101694915255,0.8979591836734695,0.9047619047619047,0.48571428571428577,0.8225806451612903,0.728813559322034,0.0,0.7142857142857142,0.0,0.5454545454545454,0.6785714285714286,0.8490566037735849,0.0,0.7428571428571429,0.0,0.9402985074626865,0.7966101694915255,0.8775510204081634,0.9047619047619047,0.0,0.8064516129032258,0.728813559322034,0.0,0.7142857142857142,0.0,0.5142857142857142,0.7321428571428571,0.8490566037735849,0.0,0.0,0.8333333333333333,0.8518518518518519
2025:01:13:10:31:16,RP33,SM-S908E,2212343,34,87.34879669598027,-30.0,52.0,train,0.826086956521739,0.7714285714285716,0.0,0.953125,0.8305084745762713,0.7142857142857144,0.9047619047619047,0.37142857142857144,0.7258064516129032,0.6440677966101696,0.6206896551724137,0.6964285714285714,0.6190476190476191,0.5757575757575757,0.625,0.679245283018868,0.8444444444444443,0.7714285714285716,0.0,0.9104477611940298,0.8305084745762713,0.7142857142857144,0.9047619047619047,0.0,0.7258064516129032,0.6440677966101696,0.603448275862069,0.6964285714285714,0.0,0.5428571428571431,0.6071428571428572,0.679245283018868,0.8245614035087718,0.8245614035087718,0.8888888888888888,0.8888888888888888
2025:01:13:10:27:59,RP33,SM-S908E,2212343,38,87.3848472004499,-30.0,52.0,train,0.9347826086956521,0.7714285714285716,0.6756756756756757,0.953125,0.8644067796610171,1.0,0.9047619047619047,0.5428571428571431,0.7903225806451613,0.8135593220338984,0.6206896551724137,0.5178571428571428,0.0,0.6363636363636362,0.5535714285714286,0.7169811320754718,0.9555555555555555,0.7714285714285716,0.7027027027027026,0.8955223880597014,0.8644067796610171,1.0,0.9047619047619047,0.4705882352941173,0.7741935483870968,0.8135593220338984,0.6379310344827587,0.5178571428571428,0.0,0.3999999999999999,0.5535714285714286,0.7169811320754718,0.8245614035087718,0.8245614035087718,0.8888888888888888,0.8888888888888888
2025:01:13:10:32:10,RP33,SM-S908E,2212343,37,-44.89593290805315,-30.0,52.0,train,0.0,0.8571428571428572,0.5945945945945947,0.859375,0.7627118644067797,0.7959183673469388,0.8571428571428572,0.4285714285714288,0.5967741935483871,0.7118644067796611,0.7068965517241379,0.6785714285714286,0.6428571428571428,0.6969696969696968,0.5178571428571428,0.6981132075471699,0.0,0.8571428571428572,0.0,0.8208955223880596,0.7627118644067797,0.7959183673469388,0.8571428571428572,0.4117647058823528,0.5967741935483871,0.7118644067796611,0.7068965517241379,0.6607142857142856,0.0,0.657142857142857,0.5,0.6981132075471699,0.8421052631578947,0.8421052631578947,0.7962962962962963,0.7962962962962963
2025:01:13:10:24:20,RP33,SM-S908E,2212343,34,-125.8115508859376,-30.0,52.0,train,0.6739130434782608,0.0,0.0,0.734375,0.7627118644067797,0.7551020408163265,0.7380952380952381,0.4571428571428573,0.5,0.593220338983051,0.5,0.5357142857142856,0.5238095238095237,0.5757575757575757,0.0,0.6981132075471699,0.6666666666666665,0.0,0.0,0.7014925373134328,0.7627118644067797,0.7551020408163265,0.7380952380952381,0.4705882352941173,0.5,0.593220338983051,0.5,0.5357142857142856,0.5116279069767442,0.5428571428571431,0.0,0.6981132075471699,0.8771929824561403,0.894736842105263,0.7222222222222221,0.7222222222222221
2025:01:13:10:26:12,RP33,SM-S908E,2212343,31,169.07490071733395,-30.0,52.0,train,0.0,0.8,0.45945945945945965,0.8125,0.7118644067796611,0.8367346938775511,0.8571428571428572,0.0,0.5483870967741935,0.4406779661016951,0.6724137931034483,0.6071428571428572,0.0,0.48484848484848486,0.8035714285714285,0.7547169811320755,0.0,0.8,0.6216216216216217,0.7761194029850745,0.7118644067796611,0.8163265306122449,0.8571428571428572,0.0,0.532258064516129,0.5084745762711866,0.6724137931034483,0.6071428571428572,0.0,0.4571428571428573,0.8035714285714285,0.7547169811320755,0.8421052631578947,0.8421052631578947,0.7962962962962963,0.7962962962962963
2025:01:13:10:22:34,RP33,SM-S908E,2212343,26,-121.77732640253171,-30.0,52.0,train,0.0,0.657142857142857,0.0,0.0,0.7966101694915255,0.8163265306122449,0.8095238095238095,0.0,0.6774193548387096,0.6949152542372883,0.5862068965517242,0.5892857142857142,0.0,0.6666666666666665,0.4464285714285714,0.6415094339622642,0.0,0.6285714285714286,0.0,0.0,0.7966101694915255,0.7959183673469388,0.8095238095238095,0.0,0.7096774193548387,0.6949152542372883,0.5862068965517242,0.5892857142857142,0.0,0.6285714285714286,0.4464285714285714,0.6415094339622642,0.7719298245614035,0.7543859649122806,0.7407407407407407,0.7407407407407407
2025:01:13:10:30:28,RP33,SM-S908E,2212343,34,87.34879669598027,-30.0,52.0,train,0.826086956521739,0.7714285714285716,0.0,0.953125,0.8305084745762713,0.7142857142857144,0.9047619047619047,0.37142857142857144,0.7258064516129032,0.6440677966101696,0.6206896551724137,0.6964285714285714,0.6190476190476191,0.5757575757575757,0.625,0.679245283018868,0.8444444444444443,0.7714285714285716,0.0,0.9104477611940298,0.8305084745762713,0.7142857142857144,0.9047619047619047,0.0,0.7258064516129032,0.6440677966101696,0.603448275862069,0.6964285714285714,0.0,0.5428571428571431,0.6071428571428572,0.679245283018868,0.8245614035087718,0.8245614035087718,0.8888888888888888,0.8888888888888888
2025:01:13:10:23:44,RP33,SM-S908E,2212343,35,-124.84842029147858,-30.0,52.0,train,0.6521739130434783,0.7714285714285716,0.0,0.78125,0.8474576271186441,0.7551020408163265,0.8571428571428572,0.48571428571428577,0.6290322580645161,0.593220338983051,0.5862068965517242,0.625,0.6666666666666665,0.6666666666666665,0.5,0.6603773584905661,0.6666666666666665,0.7714285714285716,0.0,0.7462686567164178,0.8474576271186441,0.7346938775510206,0.8571428571428572,0.49999999999999956,0.6290322580645161,0.593220338983051,0.5862068965517242,0.625,0.6511627906976745,0.6285714285714286,0.5,0.6603773584905661,0.9122807017543859,0.894736842105263,0.8148148148148148,0.8148148148148148
2025:01:13:10:26:47,RP33,SM-S908E,2212343,28,170.15973900663465,-30.0,52.0,train,0.0,0.8857142857142859,0.5945945945945947,0.84375,0.728813559322034,0.8775510204081634,0.8809523809523809,0.0,0.5161290322580645,0.0,0.6551724137931034,0.5535714285714286,0.0,0.5151515151515151,0.8928571428571428,0.7547169811320755,0.0,0.8857142857142859,0.5675675675675675,0.8059701492537312,0.728813559322034,0.8571428571428572,0.8809523809523809,0.0,0.532258064516129,0.4915254237288136,0.6724137931034483,0.5535714285714286,0.0,0.48571428571428577,0.8928571428571428,0.7547169811320755,0.0,0.7719298245614035,0.8703703703703703,0.8703703703703703
2025:01:13:10:22:02,RP33,SM-S908E,2212343,34,-124.68275527459447,-30.0,52.0,train,0.7826086956521738,0.6857142857142859,0.5135135135135136,0.8125,0.8474576271186441,0.7346938775510206,0.8690476190476191,0.2571428571428571,0.4838709677419355,0.728813559322034,0.0,0.5714285714285714,0.5952380952380951,0.6363636363636362,0.4107142857142856,0.6415094339622642,0.7555555555555555,0.6857142857142859,0.5405405405405403,0.7761194029850745,0.8474576271186441,0.7346938775510206,0.8690476190476191,0.0,0.4838709677419355,0.728813559322034,0.0,0.5535714285714286,0.6976744186046511,0.6285714285714286,0.4107142857142856,0.6415094339622642,0.7192982456140351,0.7192982456140351,0.7962962962962963,0.7962962962962963
2025:01:13:10:24:58,RP33,SM-S908E,2212343,33,172.86853449298644,-30.0,52.0,train,0.9130434782608696,0.8,0.0,0.859375,0.728813559322034,0.7755102040816326,0.7857142857142856,0.4571428571428573,0.532258064516129,0.47457627118644075,0.5344827586206897,0.5535714285714286,0.8095238095238095,0.48484848484848486,0.0,0.7924528301886793,0.9333333333333333,0.8,0.0,0.8059701492537312,0.728813559322034,0.7959183673469388,0.7857142857142856,0.44117647058823506,0.532258064516129,0.4576271186440679,0.5,0.5535714285714286,0.0,0.4571428571428573,0.0,0.7924528301886793,0.8596491228070176,0.8596491228070176,0.7777777777777777,0.7777777777777777
2025:01:13:10:33:21,RP33,SM-S908E,2212343,34,-54.58642424696468,-30.0,52.0,train,0.6304347826086956,0.657142857142857,0.5945945945945947,0.828125,0.8135593220338984,0.8571428571428572,1.0,0.34285714285714297,0.532258064516129,0.6779661016949153,0.7241379310344828,0.5892857142857142,0.0,0.7878787878787881,0.6607142857142856,0.6415094339622642,0.5999999999999999,0.657142857142857,0.6216216216216217,0.7910447761194029,0.8135593220338984,0.8571428571428572,1.0,0.4705882352941173,0.532258064516129,0.6949152542372883,0.7068965517241379,0.5892857142857142,0.0,0.7428571428571429,0.6607142857142856,0.6415094339622642,0.6666666666666665,0.6491228070175439,0.574074074074074,0.574074074074074
2025:01:13:10:29:53,RP33,SM-S908E,2212343,31,86.91880905946843,-30.0,52.0,validation,0.7826086956521738,0.657142857142857,0.0,0.953125,0.8474576271186441,0.8979591836734695,0.8809523809523809,0.0,0.7580645161290323,0.6610169491525425,0.6206896551724137,0.6964285714285714,0.0,0.6363636363636362,0.6428571428571428,0.6603773584905661,0.7999999999999998,0.657142857142857,0.0,0.9253731343283581,0.8305084745762713,0.8979591836734695,0.8809523809523809,0.0,0.7580645161290323,0.6440677966101696,0.6206896551724137,0.6964285714285714,0.0,0.6000000000000001,0.6428571428571428,0.679245283018868,0.7894736842105263,0.7894736842105263,0.7962962962962963,0.8148148148148148
2025:01:13:10:32:46,RP33,SM-S908E,2212343,27,-48.38468151697165,-30.0,52.0,validation,0.6521739130434783,0.0,0.5405405405405403,0.921875,0.7966101694915255,0.8775510204081634,0.8809523809523809,0.0,0.5967741935483871,0.728813559322034,0.5862068965517242,0.5892857142857142,0.0,0.6363636363636362,0.6785714285714286,0.5849056603773586,0.6888888888888889,0.0,0.6216216216216217,0.0,0.7966101694915255,0.8775510204081634,0.8809523809523809,0.0,0.5806451612903225,0.728813559322034,0.6379310344827587,0.5892857142857142,0.0,0.6000000000000001,0.6785714285714286,0.5849056603773586,0.0,0.0,0.5925925925925926,0.5925925925925926
2025:01:13:10:23:11,RP33,SM-S908E,2212343,30,-121.56995578774001,-30.0,52.0,validation,0.7608695652173914,0.7714285714285716,0.0,0.828125,0.8135593220338984,0.8163265306122449,0.8333333333333333,0.0,0.6451612903225806,0.593220338983051,0.603448275862069,0.6428571428571428,0.8095238095238095,0.6969696969696968,0.0,0.6226415094339623,0.7777777777777777,0.7714285714285716,0.0,0.0,0.8135593220338984,0.7959183673469388,0.8333333333333333,0.0,0.6451612903225806,0.593220338983051,0.5862068965517242,0.6428571428571428,0.6744186046511629,0.657142857142857,0.0,0.6226415094339623,0.9122807017543859,0.9122807017543859,0.8148148148148148,0.8148148148148148
2025:01:13:10:25:37,RP33,SM-S908E,2212343,32,171.19251262109182,-30.0,52.0,test,0.9130434782608696,0.9428571428571428,0.7027027027027026,0.828125,0.6440677966101696,0.8163265306122449,0.8333333333333333,0.5428571428571431,0.532258064516129,0.4915254237288136,0.7586206896551724,0.5714285714285714,0.0,0.4545454545454546,0.8035714285714285,0.7547169811320755,0.9333333333333333,0.9142857142857144,0.6756756756756757,0.7761194029850745,0.6440677966101696,0.8163265306122449,0.8333333333333333,0.0,0.0,0.4915254237288136,0.6724137931034483,0.5714285714285714,0.0,0.4285714285714288,0.7857142857142857,0.7547169811320755,0.894736842105263,0.894736842105263,0.8518518518518519,0.8518518518518519
2025:01:13:10:28:37,RP33,SM-S908E,2212343,29,87.3342951341855,-30.0,52.0,test,0.0,0.7714285714285716,0.5675675675675675,0.890625,0.8644067796610171,0.8571428571428572,0.9523809523809523,0.0,0.6612903225806451,0.7966101694915255,0.6896551724137931,0.6607142857142856,0.0,0.6363636363636362,0.0,0.7358490566037736,0.0,0.7714285714285716,0.0,0.8507462686567163,0.8474576271186441,0.8571428571428572,0.9523809523809523,0.0,0.6774193548387096,0.7966101694915255,0.7068965517241379,0.6607142857142856,0.0,0.5714285714285716,0.6428571428571428,0.7169811320754718,0.8245614035087718,0.8245614035087718,0.7962962962962963,0.7962962962962963
2025:01:13:10:33:56,RP33,SM-S908E,2212343,37,-45.02354837072043,-30.0,52.0,test,0.6956521739130435,0.6857142857142859,0.7837837837837838,0.890625,0.8135593220338984,0.7755102040816326,0.8571428571428572,0.4571428571428573,0.7258064516129032,0.7796610169491527,0.6724137931034483,0.6428571428571428,0.5,0.6666666666666665,0.5892857142857142,0.7358490566037736,0.6888888888888889,0.6857142857142859,0.7837837837837838,0.8507462686567163,0.8135593220338984,0.7551020408163265,0.8571428571428572,0.3235294117647056,0.7096774193548387,0.7627118644067797,0.6724137931034483,0.6428571428571428,0.0,0.657142857142857,0.5892857142857142,0.7358490566037736,0.5964912280701755,0.5964912280701755,0.6666666666666665,0.6666666666666665
2025:01:13:10:27:22,RP33,SM-S908E,2212343,35,169.09436409363457,-30.0,52.0,test,0.9130434782608696,0.8571428571428572,0.5405405405405403,0.828125,0.6779661016949153,0.7551020408163265,0.9523809523809523,0.4571428571428573,0.5161290322580645,0.4576271186440679,0.5689655172413792,0.5535714285714286,0.7380952380952381,0.4545454545454546,0.7678571428571428,0.8301886792452831,0.911111111111111,0.8571428571428572,0.5135135135135136,0.7910447761194029,0.6779661016949153,0.7346938775510206,0.9523809523809523,0.4705882352941173,0.5161290322580645,0.4576271186440679,0.5344827586206897,0.5535714285714286,0.7209302325581395,0.4571428571428573,0.7857142857142857,0.8301886792452831,0.0,0.0,0.8518518518518519,0.8518518518518519
2025:01:13:11:54:27,RP34,SM-S908E,2212343,33,81.09228091964611,-23.0,52.0,train,0.8043478260869565,0.8,0.7027027027027026,0.84375,0.8983050847457629,0.7551020408163265,0.8809523809523809,0.0,0.7419354838709677,0.6610169491525425,0.8793103448275862,0.7678571428571428,0.5714285714285714,0.606060606060606,0.8928571428571428,0.8867924528301887,0.8222222222222222,0.8,0.6756756756756757,0.8059701492537312,0.8983050847457629,0.0,0.8809523809523809,0.0,0.7580645161290323,0.6440677966101696,0.8620689655172413,0.7678571428571428,0.0,0.5714285714285716,0.8928571428571428,0.8867924528301887,0.7719298245614035,0.7719298245614035,0.7592592592592593,0.7592592592592593
2025:01:13:11:58:09,RP34,SM-S908E,2212343,30,-41.56206338552543,-23.0,52.0,train,0.8043478260869565,0.8571428571428572,0.0,0.96875,0.9491525423728815,0.5510204081632655,0.7142857142857142,0.0,0.5725806451612903,0.0,0.5862068965517242,0.6428571428571428,0.7619047619047619,0.6666666666666665,0.8571428571428571,0.8113207547169812,0.0,0.8571428571428572,0.0,0.9253731343283581,0.9491525423728815,0.5510204081632655,0.7142857142857142,0.0,0.7580645161290323,0.0,0.603448275862069,0.625,0.0,0.0,0.8392857142857142,0.8113207547169812,0.6491228070175439,0.0,0.7592592592592593,0.7685185185185184
2025:01:13:11:52:39,RP34,SM-S908E,2212343,32,82.31865124350004,-23.0,52.0,train,0.826086956521739,0.7714285714285716,0.0,0.90625,0.9661016949152543,0.8163265306122449,0.8095238095238095,0.0,0.6290322580645161,0.7627118644067797,0.896551724137931,0.75,0.7380952380952381,0.0,0.8035714285714285,0.9811320754716982,0.711111111111111,0.7714285714285716,0.7837837837837838,0.8656716417910447,0.9661016949152543,0.8163265306122449,0.8095238095238095,0.0,0.6129032258064516,0.7627118644067797,0.8793103448275862,0.75,0.7209302325581395,0.0,0.8214285714285714,0.9811320754716982,0.8245614035087718,0.8245614035087718,0.7222222222222221,0.7407407407407407
2025:01:13:11:48:21,RP34,SM-S908E,2212343,31,-113.0661104628304,-23.0,52.0,train,0.7608695652173914,0.7428571428571429,0.0,0.859375,0.8983050847457629,0.5918367346938775,0.7619047619047619,0.0,0.5967741935483871,0.6949152542372883,0.5172413793103448,0.5357142857142856,0.6428571428571428,0.5454545454545454,0.7767857142857142,0.6226415094339623,0.7777777777777777,0.7428571428571429,0.0,0.8059701492537312,0.9152542372881357,0.0,0.7619047619047619,0.0,0.5806451612903225,0.6949152542372883,0.5172413793103448,0.5357142857142856,0.6046511627906976,0.5428571428571431,0.4821428571428572,0.6226415094339623,0.7017543859649122,0.7017543859649122,0.7407407407407407,0.7407407407407407
2025:01:13:11:53:51,RP34,SM-S908E,2212343,29,72.20252560140408,-23.0,52.0,train,0.8913043478260869,0.8,0.0,0.828125,0.8983050847457629,0.6734693877551021,0.7857142857142856,0.0,0.5483870967741935,0.7457627118644069,0.8620689655172413,0.7678571428571428,0.7142857142857142,0.0,0.8035714285714285,0.9811320754716982,0.911111111111111,0.8,0.0,0.7910447761194029,0.9152542372881357,0.653061224489796,0.7857142857142856,0.0,0.5483870967741935,0.728813559322034,0.8620689655172413,0.7678571428571428,0.0,0.0,0.8035714285714285,0.9622641509433963,0.7894736842105263,0.7456140350877193,0.8703703703703703,0.8703703703703703
2025:01:13:11:50:53,RP34,SM-S908E,2212343,24,171.95309690539415,-23.0,52.0,train,0.826086956521739,0.0,0.810810810810811,0.8125,0.8983050847457629,0.7755102040816326,0.9285714285714286,0.0,0.0,0.0,0.7413793103448276,0.5892857142857142,0.5952380952380951,0.0,0.7321428571428571,0.7547169811320755,1.0,0.6857142857142859,0.0,0.7761194029850745,0.9152542372881357,0.7755102040816326,0.9285714285714286,0.0,0.0,0.0,0.7413793103448276,0.5892857142857142,0.5813953488372092,0.0,0.7321428571428571,0.7547169811320755,0.0,0.0,0.8148148148148148,0.8148148148148148
2025:01:13:11:47:15,RP34,SM-S908E,2212343,31,-111.84474206052796,-23.0,52.0,train,0.826086956521739,0.7428571428571429,0.7837837837837838,0.875,0.8983050847457629,0.0,0.6190476190476191,0.0,0.5806451612903225,0.5593220338983051,0.603448275862069,0.5714285714285714,0.5952380952380951,0.0,0.5714285714285714,0.5660377358490567,0.8222222222222222,0.7428571428571429,0.7837837837837838,0.835820895522388,0.8983050847457629,0.0,0.6190476190476191,0.0,0.5806451612903225,0.5423728813559323,0.5862068965517242,0.5714285714285714,0.558139534883721,0.0,0.5714285714285714,0.5660377358490567,0.7192982456140351,0.7192982456140351,0.7592592592592593,0.7592592592592593
2025:01:13:11:51:27,RP34,SM-S908E,2212343,34,175.2377493533201,-23.0,52.0,train,0.9130434782608696,0.8,0.43243243243243246,0.828125,0.9491525423728815,0.8367346938775511,0.9047619047619047,0.0,0.4516129032258065,0.5593220338983051,0.7413793103448276,0.5714285714285714,0.6904761904761905,0.7878787878787881,0.7857142857142857,0.8679245283018868,0.9333333333333333,0.8,0.45945945945945965,0.7910447761194029,0.9491525423728815,0.8367346938775511,0.9047619047619047,0.0,0.4516129032258065,0.5593220338983051,0.7413793103448276,0.5535714285714286,0.6744186046511629,0.6000000000000001,0.7857142857142857,0.8490566037735849,0.7894736842105263,0.7894736842105263,0.7962962962962963,0.7962962962962963
2025:01:13:11:55:01,RP34,SM-S908E,2212343,30,85.8477790530304,-23.0,52.0,train,0.8695652173913042,0.7714285714285716,0.7567567567567568,0.828125,0.8813559322033899,0.7755102040816326,0.8095238095238095,0.0,0.0,0.7457627118644069,0.8793103448275862,0.7142857142857142,0.0,0.6666666666666665,0.7678571428571428,1.0,0.8888888888888888,0.7714285714285716,0.7297297297297298,0.8059701492537312,0.8813559322033899,0.0,0.7857142857142856,0.0,0.0,0.7457627118644069,0.8793103448275862,0.7142857142857142,0.0,0.6000000000000001,0.7678571428571428,1.0,0.7543859649122806,0.7543859649122806,0.7777777777777777,0.7777777777777777
2025:01:13:11:50:19,RP34,SM-S908E,2212343,29,178.42592143812402,-23.0,52.0,train,0.9347826086956521,0.0,0.5405405405405403,0.84375,0.9322033898305085,0.8571428571428572,0.8095238095238095,0.0,0.5483870967741935,0.0,0.7413793103448276,0.5892857142857142,0.4761904761904763,0.0,0.75,0.8113207547169812,0.9555555555555555,0.7428571428571429,0.5405405405405403,0.8059701492537312,0.9491525423728815,0.0,0.8095238095238095,0.5882352941176467,0.0,0.0,0.7241379310344828,0.5892857142857142,0.44186046511627897,0.6285714285714286,0.7321428571428571,0.8113207547169812,0.7368421052631579,0.7368421052631579,0.8518518518518519,0.8518518518518519
2025:01:13:11:46:19,RP34,SM-S908E,2212343,33,-121.36817151145085,-23.0,52.0,train,0.8043478260869565,0.7428571428571429,0.7837837837837838,0.78125,0.9152542372881357,0.5306122448979593,0.6428571428571428,0.0,0.5967741935483871,0.6440677966101696,0.5689655172413792,0.5714285714285714,0.45238095238095233,0.4545454545454546,0.875,0.6415094339622642,0.8444444444444443,0.0,0.7837837837837838,0.7462686567164178,0.9152542372881357,0.0,0.6428571428571428,0.0,0.5967741935483871,0.6440677966101696,0.5344827586206897,0.5714285714285714,0.4651162790697674,0.3999999999999999,0.7321428571428571,0.6415094339622642,0.7719298245614035,0.7719298245614035,0.7592592592592593,0.7777777777777777
2025:01:13:11:55:35,RP34,SM-S908E,2212343,30,-39.47021452902562,-23.0,52.0,train,0.8043478260869565,0.8,0.0,0.0,0.8983050847457629,0.7346938775510206,0.8095238095238095,0.4571428571428573,0.564516129032258,0.728813559322034,0.8620689655172413,0.7678571428571428,0.0,0.6666666666666665,0.8392857142857142,0.9811320754716982,0.7999999999999998,0.8,0.0,0.7462686567164178,0.8983050847457629,0.7346938775510206,0.8095238095238095,0.0,0.564516129032258,0.728813559322034,0.9137931034482758,0.75,0.0,0.6285714285714286,0.0,0.9811320754716982,0.7543859649122806,0.7543859649122806,0.7777777777777777,0.7962962962962963
2025:01:13:11:48:57,RP34,SM-S908E,2212343,27,-110.77149470742276,-23.0,52.0,train,0.8913043478260869,0.8,0.0,0.953125,0.8644067796610171,0.7551020408163265,0.7142857142857142,0.0,0.5725806451612903,0.6101694915254239,0.7241379310344828,0.0,0.0,0.6666666666666665,0.0,0.6415094339622642,0.9333333333333333,0.8,0.0,0.9104477611940298,0.8644067796610171,0.0,0.7142857142857142,0.0,0.7741935483870968,0.6101694915254239,0.6896551724137931,0.0,0.6976744186046511,0.6285714285714286,0.0,0.6415094339622642,0.8070175438596491,0.7368421052631579,0.7592592592592593,0.7592592592592593
2025:01:13:11:57:32,RP34,SM-S908E,2212343,29,-44.20379931857732,-23.0,52.0,train,0.826086956521739,0.7714285714285716,0.5405405405405403,0.9375,0.9152542372881357,0.0,0.8095238095238095,0.0,0.5483870967741935,0.728813559322034,0.6206896551724137,0.75,0.6904761904761905,0.5454545454545454,0.7678571428571428,0.6981132075471699,0.8222222222222222,0.7714285714285716,0.5405405405405403,0.8955223880597014,0.9152542372881357,0.0,0.8095238095238095,0.0,0.0,0.728813559322034,0.6206896551724137,0.75,0.627906976744186,0.5142857142857142,0.75,0.6981132075471699,0.0,0.0,0.7592592592592593,0.7685185185185184
2025:01:13:11:56:14,RP34,SM-S908E,2212343,36,-37.04860267832724,-23.0,52.0,validation,0.6739130434782608,0.7714285714285716,0.5675675675675675,0.96875,0.9491525423728815,0.6122448979591837,0.8095238095238095,0.0,0.7580645161290323,0.6610169491525425,0.7068965517241379,0.6607142857142856,0.6428571428571428,0.0,0.8392857142857142,0.7924528301886793,0.6888888888888889,0.7428571428571429,0.5405405405405403,0.9104477611940298,0.9491525423728815,0.5918367346938775,0.8095238095238095,0.0,0.7580645161290323,0.6610169491525425,0.7068965517241379,0.6607142857142856,0.627906976744186,0.0,0.0,0.7924528301886793,0.6140350877192982,0.6140350877192982,0.5925925925925926,0.5925925925925926
2025:01:13:11:49:31,RP34,SM-S908E,2212343,29,176.00504297340342,-23.0,52.0,validation,0.826086956521739,0.7428571428571429,0.0,0.828125,0.8983050847457629,0.22448979591836737,0.6904761904761905,0.0,0.6451612903225806,0.6440677966101696,0.5344827586206897,0.5,0.0,0.4545454545454546,0.5535714285714286,0.6603773584905661,0.8444444444444443,0.7428571428571429,0.0,0.0,0.8983050847457629,0.5306122448979593,0.6904761904761905,0.0,0.6451612903225806,0.6271186440677967,0.5344827586206897,0.4821428571428572,0.0,0.0,0.5535714285714286,0.6603773584905661,0.5964912280701755,0.5964912280701755,0.7037037037037037,0.7222222222222221
2025:01:13:11:45:45,RP34,SM-S908E,2212343,42,-91.22628284495016,-23.0,52.0,validation,0.8478260869565217,0.6857142857142859,0.0,0.96875,0.8135593220338984,0.8367346938775511,0.9047619047619047,0.6857142857142859,0.8709677419354839,0.576271186440678,0.8620689655172413,0.5892857142857142,0.8809523809523809,0.8787878787878789,0.8928571428571428,0.8490566037735849,0.8666666666666667,0.6857142857142859,0.0,0.9253731343283581,0.8305084745762713,0.7142857142857144,0.9047619047619047,0.7058823529411762,0.7419354838709677,0.576271186440678,0.8620689655172413,0.5892857142857142,0.8837209302325582,0.8,0.875,0.8490566037735849,0.8070175438596491,0.8070175438596491,0.2962962962962963,0.2962962962962963
2025:01:13:11:52:02,RP34,SM-S908E,2212343,23,176.90238082424756,-23.0,52.0,test,0.9130434782608696,0.8,0.0,0.8125,0.8983050847457629,0.0,0.8095238095238095,0.0,0.0,0.5254237288135595,0.0,0.4464285714285714,0.0,0.5757575757575757,0.0,0.7924528301886793,0.9333333333333333,0.8,0.0,0.7761194029850745,0.8983050847457629,0.0,0.8095238095238095,0.0,0.0,0.5254237288135595,0.0,0.4464285714285714,0.0,0.0,0.0,0.7735849056603774,0.8070175438596491,0.8070175438596491,0.8148148148148148,0.8148148148148148
2025:01:13:11:56:53,RP34,SM-S908E,2212343,37,-41.59993646874137,-23.0,52.0,test,0.7826086956521738,0.7714285714285716,0.0,0.984375,0.9661016949152543,0.6122448979591837,0.8095238095238095,0.0,0.7419354838709677,0.7457627118644069,0.6724137931034483,0.6785714285714286,0.5952380952380951,0.6666666666666665,0.8214285714285714,0.6981132075471699,0.8222222222222222,0.7714285714285716,0.45945945945945965,0.9402985074626865,0.9661016949152543,0.6122448979591837,0.7857142857142856,0.0,0.7419354838709677,0.7457627118644069,0.6724137931034483,0.6785714285714286,0.7441860465116279,0.6285714285714286,0.8214285714285714,0.6981132075471699,0.5263157894736841,0.5614035087719298,0.5925925925925926,0.5925925925925926
2025:01:13:11:53:16,RP34,SM-S908E,2212343,24,91.07386461228946,-23.0,52.0,test,0.0,0.0,0.6756756756756757,0.921875,0.9491525423728815,0.8163265306122449,0.7142857142857142,0.0,0.6612903225806451,0.0,0.896551724137931,0.75,0.7380952380952381,0.4545454545454546,0.8035714285714285,0.9811320754716982,0.8666666666666667,0.0,0.6756756756756757,0.0,0.9491525423728815,0.8163265306122449,0.7142857142857142,0.0,0.6774193548387096,0.0,0.896551724137931,0.75,0.0,0.0,0.8035714285714285,0.9811320754716982,0.0,0.0,0.7962962962962963,0.7962962962962963
2025:01:13:10:42:19,RP35,SM-S908E,2212343,32,86.30521709750693,-15.0,52.0,train,0.8695652173913042,0.8,0.5405405405405403,0.84375,0.9661016949152543,0.653061224489796,0.6904761904761905,0.0,0.7903225806451613,0.7796610169491527,0.6724137931034483,0.625,0.6904761904761905,0.7272727272727275,0.8571428571428571,0.9245283018867926,0.9333333333333333,0.8,0.0,0.8059701492537312,0.9661016949152543,0.6326530612244898,0.6904761904761905,0.0,0.7903225806451613,0.7796610169491527,0.6724137931034483,0.625,0.0,0.6857142857142859,0.8571428571428571,0.9245283018867926,0.0,0.0,0.5555555555555556,0.5555555555555556
2025:01:13:10:37:56,RP35,SM-S908E,2212343,37,175.24023026057304,-15.0,52.0,train,0.7826086956521738,0.8,0.7027027027027026,0.84375,0.9152542372881357,0.7959183673469388,0.5238095238095237,0.6285714285714286,0.4516129032258065,0.576271186440678,0.7758620689655172,0.625,0.0,0.6666666666666665,0.75,0.9245283018867926,0.7999999999999998,0.8,0.7027027027027026,0.7910447761194029,0.9152542372881357,0.7551020408163265,0.5238095238095237,0.6470588235294117,0.5,0.593220338983051,0.7758620689655172,0.625,0.6511627906976745,0.6285714285714286,0.75,0.9056603773584906,0.6491228070175439,0.6491228070175439,0.574074074074074,0.574074074074074
2025:01:13:10:40:25,RP35,SM-S908E,2212343,32,176.64836571535426,-15.0,52.0,train,0.9782608695652173,0.7714285714285716,0.0,0.9375,1.0,0.5510204081632655,0.7142857142857142,0.0,0.467741935483871,0.5423728813559323,0.6896551724137931,0.5,0.6666666666666665,0.4545454545454546,0.8928571428571428,0.9245283018867926,1.0,0.7714285714285716,0.0,0.8955223880597014,1.0,0.5510204081632655,0.7142857142857142,0.0,0.4838709677419355,0.5423728813559323,0.6896551724137931,0.5,0.6046511627906976,0.0,0.8928571428571428,0.9245283018867926,0.6842105263157894,0.6842105263157894,0.5925925925925926,0.5925925925925926
2025:01:13:10:35:16,RP35,SM-S908E,2212343,31,-115.06154484635455,-15.0,52.0,train,0.826086956521739,0.8,0.8918918918918919,0.828125,0.9152542372881357,0.7755102040816326,0.5952380952380951,0.37142857142857144,0.6451612903225806,0.593220338983051,0.603448275862069,0.6428571428571428,0.0,0.5151515151515151,0.8392857142857142,0.6603773584905661,0.8222222222222222,0.8,0.8918918918918919,0.7910447761194029,0.9152542372881357,0.0,0.5952380952380951,0.0,0.6451612903225806,0.593220338983051,0.0,0.6428571428571428,0.0,0.4571428571428573,0.8392857142857142,0.6603773584905661,0.631578947368421,0.631578947368421,0.6296296296296295,0.6481481481481481
2025:01:13:10:36:36,RP35,SM-S908E,2212343,35,-119.77332057039239,-15.0,52.0,train,0.8913043478260869,0.8857142857142859,0.0,0.96875,0.9152542372881357,0.7551020408163265,0.6666666666666665,0.0,0.5483870967741935,0.593220338983051,0.6379310344827587,0.6607142857142856,0.0,0.5151515151515151,0.7321428571428571,0.679245283018868,0.8888888888888888,0.8857142857142859,0.6756756756756757,0.9253731343283581,0.9152542372881357,0.7551020408163265,0.6666666666666665,0.5882352941176467,0.5483870967741935,0.593220338983051,0.6379310344827587,0.6607142857142856,0.0,0.48571428571428577,0.7321428571428571,0.679245283018868,0.6491228070175439,0.6491228070175439,0.6296296296296295,0.6481481481481481
2025:01:13:10:45:21,RP35,SM-S908E,2212343,34,-26.23562743114373,-15.0,52.0,train,0.9565217391304348,0.7714285714285716,0.0,0.0,0.728813559322034,0.5918367346938775,0.7142857142857142,0.0,0.7258064516129032,0.7118644067796611,0.0,0.7857142857142857,0.5476190476190477,0.7575757575757578,0.75,0.7169811320754718,0.8888888888888888,0.8,0.0,0.0,0.728813559322034,0.5918367346938775,0.7142857142857142,0.0,0.7096774193548387,0.7118644067796611,0.0,0.7857142857142857,0.5348837209302326,0.7142857142857144,0.75,0.7169811320754718,0.6140350877192982,0.6140350877192982,0.5185185185185186,0.5185185185185186
2025:01:13:10:45:58,RP35,SM-S908E,2212343,32,-35.31455164094176,-15.0,52.0,train,0.0,0.8,0.0,0.765625,0.7457627118644069,0.6122448979591837,0.7619047619047619,0.0,0.7580645161290323,0.7118644067796611,0.0,0.75,0.0,0.6363636363636362,0.8214285714285714,0.6981132075471699,0.0,0.8,0.0,0.7313432835820894,0.728813559322034,0.6122448979591837,0.7619047619047619,0.0,0.7741935483870968,0.7118644067796611,0.0,0.75,0.0,0.6000000000000001,0.8035714285714285,0.6981132075471699,0.5964912280701755,0.0,0.5,0.5185185185185186
2025:01:13:10:41:10,RP35,SM-S908E,2212343,36,69.86103043919884,-15.0,52.0,train,0.8913043478260869,0.8571428571428572,0.7297297297297298,0.921875,0.9491525423728815,0.5918367346938775,0.8095238095238095,0.0,0.6774193548387096,0.7118644067796611,0.8620689655172413,0.75,0.6904761904761905,0.7272727272727275,0.8392857142857142,0.9245283018867926,0.8888888888888888,0.8571428571428572,0.5675675675675675,0.8656716417910447,0.9491525423728815,0.5918367346938775,0.8095238095238095,0.0,0.6774193548387096,0.7118644067796611,0.8275862068965517,0.75,0.6744186046511629,0.6857142857142859,0.8214285714285714,0.9245283018867926,0.6140350877192982,0.6140350877192982,0.6481481481481481,0.6481481481481481
2025:01:13:10:39:08,RP35,SM-S908E,2212343,21,176.28890345384508,-15.0,52.0,train,0.9130434782608696,0.8,0.0,0.875,0.9661016949152543,0.0,0.7142857142857142,0.0,0.0,0.5254237288135595,0.0,0.5892857142857142,0.0,0.0,0.8928571428571428,0.8867924528301887,0.911111111111111,0.7714285714285716,0.0,0.835820895522388,0.9661016949152543,0.0,0.7142857142857142,0.0,0.0,0.5254237288135595,0.0,0.5714285714285714,0.0,0.0,0.8928571428571428,0.8867924528301887,0.0,0.0,0.6851851851851851,0.6851851851851851
2025:01:13:10:41:44,RP35,SM-S908E,2212343,32,85.29736714713796,-15.0,52.0,train,0.9782608695652173,0.8857142857142859,0.0,0.90625,0.9152542372881357,0.6734693877551021,0.7142857142857142,0.0,0.7741935483870968,0.7118644067796611,0.8448275862068966,0.7857142857142857,0.6904761904761905,0.7575757575757578,0.7857142857142857,0.9433962264150945,1.0,0.8571428571428572,0.0,0.8656716417910447,0.9152542372881357,0.6734693877551021,0.7142857142857142,0.0,0.7741935483870968,0.7118644067796611,0.8448275862068966,0.7678571428571428,0.6744186046511629,0.7142857142857144,0.7857142857142857,0.9433962264150945,0.5614035087719298,0.5789473684210527,0.6111111111111112,0.6111111111111112
2025:01:13:10:38:34,RP35,SM-S908E,2212343,23,175.6421143172337,-15.0,52.0,train,0.0,0.8285714285714287,0.0,0.0,0.9152542372881357,0.7346938775510206,0.7380952380952381,0.0,0.5161290322580645,0.4915254237288136,0.7241379310344828,0.4821428571428572,0.0,0.0,0.9285714285714285,0.9056603773584906,0.0,0.8285714285714287,0.7297297297297298,0.0,0.9152542372881357,0.7346938775510206,0.7380952380952381,0.0,0.5,0.4915254237288136,0.7068965517241379,0.4821428571428572,0.0,0.0,0.9107142857142857,0.9056603773584906,0.0,0.0,0.6296296296296295,0.6296296296296295
2025:01:13:10:47:12,RP35,SM-S908E,2212343,30,-32.77516487770747,-15.0,52.0,train,0.9565217391304348,0.8285714285714287,0.0,0.8125,0.7966101694915255,0.0,0.7857142857142856,0.0,0.7741935483870968,0.6610169491525425,0.8620689655172413,0.6785714285714286,0.0,0.7272727272727275,0.875,0.7924528301886793,0.0,0.8285714285714287,0.0,0.7761194029850745,0.7966101694915255,0.0,0.7857142857142856,0.0,0.7741935483870968,0.6610169491525425,0.7931034482758621,0.6785714285714286,0.0,0.6857142857142859,0.0,0.7924528301886793,0.6666666666666665,0.6491228070175439,0.4814814814814814,0.4814814814814814
2025:01:13:10:46:33,RP35,SM-S908E,2212343,37,-28.14940043195908,-15.0,52.0,train,0.9130434782608696,0.7714285714285716,0.0,0.78125,0.9152542372881357,0.5918367346938775,0.7857142857142856,0.0,0.7096774193548387,0.728813559322034,0.7241379310344828,0.8035714285714285,0.5714285714285714,0.6363636363636362,0.7678571428571428,0.7358490566037736,0.9333333333333333,0.7714285714285716,0.0,0.7611940298507462,0.9152542372881357,0.6122448979591837,0.7857142857142856,0.0,0.7096774193548387,0.728813559322034,0.7413793103448276,0.8035714285714285,0.558139534883721,0.6000000000000001,0.7678571428571428,0.7358490566037736,0.5263157894736841,0.5438596491228069,0.4814814814814814,0.4814814814814814
2025:01:13:10:35:50,RP35,SM-S908E,2212343,34,-120.4189523322576,-15.0,52.0,train,0.0,0.8857142857142859,0.7297297297297298,1.0,0.9491525423728815,0.7755102040816326,0.5238095238095237,0.2571428571428571,0.532258064516129,0.576271186440678,0.7413793103448276,0.6428571428571428,0.0,0.5454545454545454,0.7678571428571428,0.679245283018868,0.0,0.8857142857142859,0.9189189189189189,0.9402985074626865,0.9491525423728815,0.7755102040816326,0.5238095238095237,0.2647058823529411,0.5483870967741935,0.5593220338983051,0.7413793103448276,0.6428571428571428,0.0,0.5142857142857142,0.75,0.679245283018868,0.6666666666666665,0.6842105263157894,0.5555555555555556,0.5555555555555556
2025:01:13:10:44:16,RP35,SM-S908E,2212343,25,83.15225899879178,-15.0,52.0,train,0.8478260869565217,0.8,0.0,0.0,0.9830508474576273,0.0,0.6428571428571428,0.0,0.7419354838709677,0.7627118644067797,0.6551724137931034,0.5535714285714286,0.0,0.5757575757575757,0.875,0.7358490566037736,0.711111111111111,0.8,0.0,0.0,0.9830508474576273,0.0,0.6428571428571428,0.0,0.0,0.7627118644067797,0.6551724137931034,0.5535714285714286,0.0,0.5428571428571431,0.8571428571428571,0.7358490566037736,0.5438596491228069,0.5614035087719298,0.6666666666666665,0.6851851851851851
2025:01:13:10:44:47,RP35,SM-S908E,2212343,29,-39.639122487030185,-15.0,52.0,validation,0.7608695652173914,0.7714285714285716,1.0810810810810811,0.796875,1.033898305084746,0.6326530612244898,0.6904761904761905,0.0,0.8225806451612903,0.8135593220338984,0.7068965517241379,0.6428571428571428,0.6904761904761905,0.606060606060606,0.875,0.9245283018867926,0.0,0.7714285714285716,0.0,0.7611940298507462,1.033898305084746,0.0,0.6904761904761905,0.0,0.8064516129032258,0.8135593220338984,0.7068965517241379,0.6428571428571428,0.0,0.5714285714285716,0.875,0.9245283018867926,0.0,0.0,0.6296296296296295,0.6296296296296295
2025:01:13:10:39:47,RP35,SM-S908E,2212343,28,178.306843619562,-15.0,52.0,validation,0.0,0.8571428571428572,0.0,0.90625,0.9830508474576273,0.6326530612244898,0.6666666666666665,0.6000000000000001,0.4838709677419355,0.5254237288135595,0.7068965517241379,0.5357142857142856,0.0,0.4545454545454546,0.875,0.9245283018867926,0.0,0.8571428571428572,0.0,0.8656716417910447,0.9661016949152543,0.0,0.6666666666666665,0.0,0.4516129032258065,0.5254237288135595,0.7068965517241379,0.5357142857142856,0.0,0.3999999999999999,0.8928571428571428,0.9245283018867926,0.6666666666666665,0.6491228070175439,0.6111111111111112,0.6111111111111112
2025:01:13:10:34:42,RP35,SM-S908E,2212343,34,-115.87866860588039,-15.0,52.0,validation,0.826086956521739,0.7142857142857144,0.7567567567567568,0.859375,0.9152542372881357,0.8163265306122449,1.0476190476190474,0.48571428571428577,0.7258064516129032,0.7627118644067797,0.6551724137931034,0.6607142857142856,0.5952380952380951,0.6666666666666665,0.625,0.7169811320754718,0.711111111111111,0.6857142857142859,0.7567567567567568,0.8208955223880596,0.9152542372881357,0.8163265306122449,1.0238095238095237,0.5294117647058822,0.7258064516129032,0.7627118644067797,0.6551724137931034,0.6607142857142856,0.0,0.0,0.6071428571428572,0.7169811320754718,0.0,0.0,0.5185185185185186,0.5185185185185186
2025:01:13:10:37:11,RP35,SM-S908E,2212343,29,-120.91441758559698,-15.0,52.0,test,0.0,0.8571428571428572,0.0,1.015625,0.9152542372881357,0.7755102040816326,0.5476190476190477,0.0,0.6612903225806451,0.7457627118644069,0.7241379310344828,0.7142857142857142,0.0,0.0,0.75,0.6603773584905661,0.9777777777777776,0.8571428571428572,0.0,0.9701492537313432,0.9152542372881357,0.9183673469387756,0.5238095238095237,0.0,0.6129032258064516,0.7457627118644069,0.0,0.7142857142857142,0.0,0.5714285714285716,0.8214285714285714,0.6603773584905661,0.0,0.0,0.6111111111111112,0.6111111111111112
2025:01:13:10:43:01,RP35,SM-S908E,2212343,24,67.86561897398649,-15.0,52.0,test,0.826086956521739,0.6000000000000001,0.5405405405405403,0.0,0.8474576271186441,0.0,0.6666666666666665,0.0,0.532258064516129,0.593220338983051,0.0,0.5,0.0,0.5151515151515151,0.75,0.6415094339622642,0.8222222222222222,0.6000000000000001,0.5675675675675675,0.0,0.8474576271186441,0.0,0.6666666666666665,0.0,0.532258064516129,0.593220338983051,0.0,0.5,0.0,0.48571428571428577,0.7321428571428571,0.6415094339622642,0.0,0.0,0.6666666666666665,0.6666666666666665
2025:01:13:10:43:38,RP35,SM-S908E,2212343,30,1.084484315974869,-15.0,52.0,test,0.7608695652173914,0.7142857142857144,0.810810810810811,0.921875,0.9830508474576273,0.6734693877551021,0.7619047619047619,0.657142857142857,0.7903225806451613,0.7796610169491527,0.7068965517241379,0.6428571428571428,0.6904761904761905,0.6363636363636362,0.0,0.9622641509433963,0.7777777777777777,0.7142857142857144,0.0,0.880597014925373,0.9830508474576273,0.6734693877551021,0.7380952380952381,0.0,0.7903225806451613,0.7796610169491527,0.7068965517241379,0.6428571428571428,0.0,0.657142857142857,0.0,0.9622641509433963,0.0,0.0,0.6111111111111112,0.6111111111111112
2025:01:13:10:11:00,RP36,SM-S908E,2212343,33,172.35098744622275,0.0,52.0,train,0.0,0.6857142857142859,0.5675675675675675,0.984375,0.9661016949152543,0.7142857142857144,0.5714285714285714,0.5428571428571431,0.6935483870967741,0.6101694915254239,0.7758620689655172,0.6071428571428572,0.0,0.6363636363636362,0.7142857142857142,0.8490566037735849,0.6666666666666665,0.6857142857142859,0.5675675675675675,1.0,0.9661016949152543,0.7142857142857144,0.5714285714285714,0.6764705882352939,0.6935483870967741,0.593220338983051,0.6379310344827587,0.5892857142857142,0.0,0.6000000000000001,0.7142857142857142,0.8490566037735849,0.6666666666666665,0.6842105263157894,0.574074074074074,0.574074074074074
2025:01:13:10:11:34,RP36,SM-S908E,2212343,28,172.8264736612459,0.0,52.0,train,0.6304347826086956,0.6857142857142859,0.5675675675675675,0.859375,0.9491525423728815,0.0,0.6190476190476191,0.0,0.6290322580645161,0.0,0.7758620689655172,0.5892857142857142,0.0,0.0,0.75,0.8490566037735849,0.6444444444444444,0.657142857142857,0.5405405405405403,0.8208955223880596,0.9491525423728815,0.5714285714285714,0.6190476190476191,0.0,0.6290322580645161,0.5593220338983051,0.0,0.5892857142857142,0.0,0.0,0.7321428571428571,0.8490566037735849,0.7192982456140351,0.7192982456140351,0.5555555555555556,0.5555555555555556
2025:01:13:10:13:56,RP36,SM-S908E,2212343,32,95.35821955073764,0.0,52.0,train,0.0,0.6000000000000001,0.6216216216216217,0.890625,0.8305084745762713,0.0,0.5952380952380951,0.0,0.6290322580645161,0.8474576271186441,0.8448275862068966,0.7142857142857142,0.0,0.6666666666666665,0.625,0.7358490566037736,0.0,0.5714285714285716,0.6486486486486487,0.8507462686567163,0.8305084745762713,0.6122448979591837,0.5952380952380951,0.0,0.6290322580645161,0.8474576271186441,0.8448275862068966,0.7142857142857142,0.0,0.6857142857142859,0.625,0.7358490566037736,0.5614035087719298,0.7017543859649122,0.6111111111111112,0.6111111111111112
2025:01:13:10:14:35,RP36,SM-S908E,2212343,29,91.19725107347088,0.0,52.0,train,0.0,0.6000000000000001,0.0,0.90625,0.8305084745762713,0.0,0.6904761904761905,0.0,0.6612903225806451,0.8644067796610171,0.8448275862068966,0.7142857142857142,0.0,0.0,0.5714285714285714,0.7547169811320755,0.0,0.5714285714285716,0.0,0.8656716417910447,0.8305084745762713,0.0,0.6904761904761905,0.0,0.6612903225806451,0.8644067796610171,0.8448275862068966,0.7142857142857142,0.0,0.0,0.5714285714285714,0.7547169811320755,0.631578947368421,0.5789473684210527,0.6851851851851851,0.6851851851851851
2025:01:13:10:19:10,RP36,SM-S908E,2212343,33,-34.391839781182455,0.0,52.0,train,0.6304347826086956,0.6000000000000001,0.0,0.875,0.8389830508474577,0.6734693877551021,0.7619047619047619,0.0,0.7903225806451613,0.728813559322034,0.6206896551724137,0.75,0.8809523809523809,0.8787878787878789,0.6607142857142856,0.0,0.6444444444444444,0.5714285714285716,0.0,0.5223880597014925,0.8474576271186441,0.6734693877551021,0.7380952380952381,0.0,0.6612903225806451,0.728813559322034,0.6206896551724137,0.75,0.9069767441860466,0.8285714285714287,0.6607142857142856,0.0,0.4385964912280702,0.0,0.6111111111111112,0.6111111111111112
2025:01:13:10:16:27,RP36,SM-S908E,2212343,23,91.03095007343417,0.0,52.0,train,0.0,0.6285714285714286,0.0,0.0,0.8474576271186441,0.7346938775510206,0.6904761904761905,0.0,0.8225806451612903,0.728813559322034,0.0,0.75,0.0,0.6969696969696968,0.6428571428571428,0.7358490566037736,0.0,0.6285714285714286,0.0,0.0,0.8474576271186441,0.0,0.6904761904761905,0.0,0.8225806451612903,0.7457627118644069,0.0,0.75,0.0,0.657142857142857,0.625,0.7358490566037736,0.7017543859649122,0.7017543859649122,0.6296296296296295,0.6481481481481481
2025:01:13:10:17:44,RP36,SM-S908E,2212343,31,-47.55366353091391,0.0,52.0,train,0.8043478260869565,0.5428571428571431,0.0,0.609375,0.6271186440677967,0.7142857142857144,0.7857142857142856,0.0,0.7258064516129032,0.7796610169491527,0.5862068965517242,0.7678571428571428,0.8095238095238095,0.8484848484848486,0.0,0.5849056603773586,0.711111111111111,0.5428571428571431,0.0,0.5970149253731343,0.8474576271186441,0.7346938775510206,0.7619047619047619,0.49999999999999956,0.7258064516129032,0.7796610169491527,0.603448275862069,0.75,0.0,0.8,0.0,0.5849056603773586,0.0,0.0,0.6111111111111112,0.6111111111111112
2025:01:13:10:08:39,RP36,SM-S908E,2212343,32,-117.0722313663851,0.0,52.0,train,0.5652173913043479,0.5142857142857142,0.5945945945945947,0.890625,0.9152542372881357,0.7142857142857144,0.5476190476190477,0.7142857142857144,0.8548387096774194,0.728813559322034,0.7068965517241379,0.6785714285714286,0.9523809523809523,0.0,0.75,0.6037735849056605,0.6222222222222222,0.48571428571428577,0.5945945945945947,0.8059701492537312,0.9152542372881357,0.7551020408163265,0.5476190476190477,0.7058823529411762,0.8548387096774194,0.7118644067796611,0.0,0.6785714285714286,0.0,0.9142857142857144,0.75,0.6037735849056605,0.0,0.0,0.5925925925925926,0.5925925925925926
2025:01:13:10:15:11,RP36,SM-S908E,2212343,32,98.53637060370473,0.0,52.0,train,0.5869565217391304,0.6000000000000001,0.0,0.9375,0.8305084745762713,0.8163265306122449,0.7857142857142856,0.0,0.8064516129032258,0.7118644067796611,0.8275862068965517,0.7321428571428571,0.8095238095238095,0.6969696969696968,0.0,0.679245283018868,0.5999999999999999,0.6000000000000001,0.0,0.8955223880597014,0.8644067796610171,0.8163265306122449,0.7857142857142856,0.0,0.8064516129032258,0.7118644067796611,0.8275862068965517,0.7321428571428571,0.7674418604651163,0.6285714285714286,0.625,0.679245283018868,0.5789473684210527,0.5789473684210527,0.6481481481481481,0.6481481481481481
2025:01:13:10:09:13,RP36,SM-S908E,2212343,31,-123.19044086055264,0.0,52.0,train,0.7391304347826086,0.48571428571428577,0.6756756756756757,0.984375,0.8305084745762713,0.7346938775510206,0.6190476190476191,0.657142857142857,0.6935483870967741,0.7118644067796611,0.5689655172413792,0.6785714285714286,0.0,0.9393939393939394,0.7142857142857142,0.5849056603773586,0.7555555555555555,0.48571428571428577,0.6216216216216217,0.9253731343283581,0.8305084745762713,0.7142857142857144,0.6190476190476191,0.6470588235294117,0.6935483870967741,0.7118644067796611,0.5689655172413792,0.6785714285714286,0.0,0.0,0.7142857142857142,0.5849056603773586,0.0,0.0,0.6296296296296295,0.6296296296296295
2025:01:13:10:08:06,RP36,SM-S908E,2212343,44,-117.21735584631378,0.0,52.0,train,0.5434782608695652,0.6000000000000001,0.43243243243243246,0.671875,0.6440677966101696,0.6938775510204083,0.6904761904761905,0.7714285714285716,0.8548387096774194,0.728813559322034,0.7586206896551724,0.75,0.7380952380952381,1.0,0.6071428571428572,0.5471698113207548,0.5333333333333332,0.6000000000000001,0.0,0.5970149253731343,0.8474576271186441,0.6938775510204083,0.6904761904761905,0.7647058823529411,0.8548387096774194,0.7203389830508475,0.7586206896551724,0.75,0.7209302325581395,0.9428571428571428,0.6071428571428572,0.5471698113207548,0.631578947368421,0.631578947368421,0.5925925925925926,0.5925925925925926
2025:01:13:10:15:52,RP36,SM-S908E,2212343,34,92.46316694434472,0.0,52.0,train,0.6304347826086956,0.5714285714285716,0.45945945945945965,0.84375,0.8474576271186441,0.7755102040816326,0.7142857142857142,0.0,0.8064516129032258,0.7118644067796611,0.8275862068965517,0.7678571428571428,0.8333333333333333,0.6666666666666665,0.6607142857142856,0.7547169811320755,0.6444444444444444,0.5714285714285716,0.0,0.8059701492537312,0.8474576271186441,0.7551020408163265,0.7142857142857142,0.0,0.8225806451612903,0.7118644067796611,0.8448275862068966,0.7678571428571428,0.8139534883720929,0.6285714285714286,0.6607142857142856,0.7547169811320755,0.0,0.5964912280701755,0.6296296296296295,0.6296296296296295
2025:01:13:10:17:07,RP36,SM-S908E,2212343,25,-48.40830685869608,0.0,52.0,train,0.0,0.0,0.0,0.921875,0.8644067796610171,0.7755102040816326,0.7619047619047619,0.6285714285714286,0.8387096774193548,0.728813559322034,0.0,0.7142857142857142,0.0,0.6969696969696968,0.6071428571428572,0.6981132075471699,0.0,0.6000000000000001,0.0,0.0,0.8644067796610171,0.7755102040816326,0.7619047619047619,0.0,0.8387096774193548,0.728813559322034,0.0,0.7142857142857142,0.0,0.657142857142857,0.0,0.6981132075471699,0.5964912280701755,0.5964912280701755,0.6481481481481481,0.6666666666666665
2025:01:13:10:13:19,RP36,SM-S908E,2212343,30,173.18877779341892,0.0,52.0,train,0.9782608695652173,0.657142857142857,0.0,0.796875,0.9491525423728815,0.5918367346938775,0.5714285714285714,0.4571428571428573,0.6935483870967741,0.728813559322034,0.7931034482758621,0.6785714285714286,0.0,0.0,0.6607142857142856,0.7924528301886793,0.0,0.657142857142857,0.0,0.7313432835820894,0.9491525423728815,0.5714285714285714,0.5714285714285714,0.5882352941176467,0.6935483870967741,0.7203389830508475,0.7931034482758621,0.6785714285714286,0.0,0.0,0.6785714285714286,0.7924528301886793,0.7368421052631579,0.7543859649122806,0.6111111111111112,0.6111111111111112
2025:01:13:10:18:34,RP36,SM-S908E,2212343,26,-49.62049991486728,0.0,52.0,validation,0.6739130434782608,0.5714285714285716,0.0,0.0,0.6101694915254239,0.0,0.7619047619047619,0.5428571428571431,0.7580645161290323,0.7627118644067797,0.6551724137931034,0.7678571428571428,0.0,0.8787878787878789,0.0,0.6226415094339623,0.6888888888888889,0.5714285714285716,0.0,0.0,0.6101694915254239,0.0,0.7619047619047619,0.5294117647058822,0.7580645161290323,0.728813559322034,0.6379310344827587,0.7678571428571428,0.0,0.8285714285714287,0.0,0.6037735849056605,0.0,0.0,0.38888888888888884,0.38888888888888884
2025:01:13:10:12:44,RP36,SM-S908E,2212343,22,169.1312740347969,0.0,52.0,validation,0.0,0.5714285714285716,0.0,0.0,0.9661016949152543,0.0,0.5952380952380951,0.0,0.7903225806451613,0.5593220338983051,0.8793103448275862,0.6785714285714286,0.8333333333333333,0.0,0.8214285714285714,0.7735849056603774,0.0,0.5714285714285716,0.0,0.7761194029850745,0.9661016949152543,0.0,0.5952380952380951,0.0,0.8064516129032258,0.5593220338983051,0.0,0.6785714285714286,0.0,0.5428571428571431,0.8392857142857142,0.7735849056603774,0.0,0.0,0.5555555555555556,0.574074074074074
2025:01:13:10:10:24,RP36,SM-S908E,2212343,22,-123.15528989982135,0.0,52.0,validation,0.0,0.5142857142857142,0.5945945945945947,1.0,0.8813559322033899,0.7755102040816326,0.5476190476190477,0.0,0.0,0.7118644067796611,0.0,0.5535714285714286,0.0,0.0,0.0,0.5660377358490567,0.0,0.5142857142857142,0.0,0.9552238805970148,0.8813559322033899,0.653061224489796,0.5476190476190477,0.6764705882352939,0.6612903225806451,0.7118644067796611,0.5862068965517242,0.5357142857142856,0.0,0.0,0.0,0.5660377358490567,0.0,0.0,0.537037037037037,0.537037037037037
2025:01:13:10:09:48,RP36,SM-S908E,2212343,26,-123.74681152751441,0.0,52.0,test,0.6304347826086956,0.5428571428571431,0.0,0.984375,0.8983050847457629,0.0,0.5476190476190477,0.0,0.7580645161290323,0.6610169491525425,0.6379310344827587,0.5714285714285714,0.0,0.9393939393939394,0.7142857142857142,0.6226415094339623,0.0,0.5142857142857142,0.0,0.9402985074626865,0.8983050847457629,0.0,0.5476190476190477,0.0,0.7580645161290323,0.6610169491525425,0.6379310344827587,0.5714285714285714,0.0,0.0,0.6964285714285714,0.6226415094339623,0.631578947368421,0.631578947368421,0.5555555555555556,0.5555555555555556
2025:01:13:10:19:46,RP36,SM-S908E,2212343,30,-25.932411290466955,0.0,52.0,test,0.0,0.657142857142857,0.4864864864864864,0.0,0.6610169491525425,0.6938775510204083,0.5952380952380951,0.0,0.7580645161290323,0.8305084745762713,0.6724137931034483,0.8035714285714285,0.6904761904761905,0.6969696969696968,0.5178571428571428,0.6037735849056605,0.0,0.657142857142857,0.4864864864864864,0.0,0.6610169491525425,0.6938775510204083,0.5952380952380951,0.0,0.7580645161290323,0.8305084745762713,0.6551724137931034,0.8035714285714285,0.6744186046511629,0.657142857142857,0.5,0.6037735849056605,0.631578947368421,0.6666666666666665,0.4444444444444444,0.4444444444444444
2025:01:13:10:12:09,RP36,SM-S908E,2212343,26,169.44603985870788,0.0,52.0,test,0.6739130434782608,0.6000000000000001,0.0,0.84375,0.9661016949152543,0.6122448979591837,0.6428571428571428,0.657142857142857,0.6612903225806451,0.0,0.8103448275862069,0.7142857142857142,0.0,0.0,0.0,0.7924528301886793,0.711111111111111,0.5714285714285716,0.0,0.7910447761194029,0.9661016949152543,0.6122448979591837,0.6428571428571428,0.617647058823529,0.6612903225806451,0.593220338983051,0.8103448275862069,0.7142857142857142,0.0,0.0,0.0,0.7924528301886793,0.0,0.0,0.5,0.5
2025:01:13:11:04:16,RP37,SM-S908E,2212343,31,-106.57087755073293,9.0,52.0,train,0.0,0.6142857142857143,0.0,0.78125,0.7627118644067797,0.5510204081632655,0.6547619047619047,0.0,0.6774193548387096,0.7966101694915255,0.6551724137931034,0.75,0.5714285714285714,0.6363636363636362,0.7142857142857142,0.7358490566037736,0.0,0.6142857142857143,0.7837837837837838,0.7313432835820894,0.7796610169491527,0.6734693877551021,0.6547619047619047,0.0,0.6612903225806451,0.7796610169491527,0.7413793103448276,0.7321428571428571,0.0,0.6000000000000001,0.7142857142857142,0.7358490566037736,0.6666666666666665,0.6666666666666665,0.37037037037037024,0.37037037037037024
2025:01:13:11:16:19,RP37,SM-S908E,2212343,21,-38.31813620471954,9.0,52.0,train,0.0,0.6142857142857143,0.0,0.0,0.6440677966101696,0.8163265306122449,0.6904761904761905,0.0,0.9838709677419355,0.728813559322034,0.0,0.6964285714285714,0.0,0.0,0.8035714285714285,0.7169811320754718,0.0,0.4571428571428573,0.0,0.0,0.6440677966101696,0.0,0.6904761904761905,0.0,0.967741935483871,0.728813559322034,0.0,0.6964285714285714,0.0,0.6285714285714286,0.8035714285714285,0.7169811320754718,0.0,0.5964912280701755,0.33333333333333326,0.33333333333333326
2025:01:13:11:08:17,RP37,SM-S908E,2212343,21,177.5195938794743,9.0,52.0,train,0.0,0.6857142857142859,0.0,0.0,0.8305084745762713,0.5306122448979593,0.6428571428571428,0.0,0.6290322580645161,0.0,0.0,0.5892857142857142,0.0,0.606060606060606,0.75,0.7735849056603774,0.0,0.6857142857142859,0.0,0.0,0.8305084745762713,0.5306122448979593,0.6428571428571428,0.0,0.6290322580645161,0.0,0.0,0.5714285714285714,0.7674418604651163,0.5714285714285716,0.75,0.7547169811320755,0.0,0.0,0.6851851851851851,0.6851851851851851
2025:01:13:11:08:58,RP37,SM-S908E,2212343,28,178.13581571771542,9.0,52.0,train,0.0,0.6285714285714286,0.5675675675675675,0.8125,0.7627118644067797,0.8163265306122449,0.6666666666666665,0.8857142857142859,0.7258064516129032,0.7542372881355933,0.0,0.5178571428571428,0.0,0.6666666666666665,0.8035714285714285,0.7169811320754718,0.0,0.657142857142857,0.5675675675675675,0.7761194029850745,0.7796610169491527,0.6122448979591837,0.6666666666666665,0.8235294117647056,0.7258064516129032,0.7542372881355933,0.0,0.5178571428571428,0.0,0.6285714285714286,0.8035714285714285,0.7169811320754718,0.0,0.0,0.6851851851851851,0.6851851851851851
2025:01:13:11:13:09,RP37,SM-S908E,2212343,22,76.02704753179208,9.0,52.0,train,1.0,0.6285714285714286,0.6486486486486487,0.828125,0.7796610169491527,0.8571428571428572,0.6904761904761905,0.0,0.8709677419354839,0.7627118644067797,0.0,0.5357142857142856,0.0,0.0,0.6071428571428572,0.8113207547169812,0.8444444444444443,0.6285714285714286,0.0,0.0,0.7627118644067797,0.0,0.6904761904761905,0.0,0.8709677419354839,0.7627118644067797,0.0,0.5357142857142856,0.0,0.0,0.0,0.8113207547169812,0.0,0.0,0.5185185185185186,0.5185185185185186
2025:01:13:11:15:05,RP37,SM-S908E,2212343,24,-35.74437884927095,9.0,52.0,train,0.0,0.5714285714285716,0.0,0.65625,0.6610169491525425,0.7346938775510206,0.6428571428571428,0.0,0.9193548387096774,0.7796610169491527,0.6724137931034483,0.6964285714285714,0.0,0.0,0.7857142857142857,0.7169811320754718,0.0,0.5714285714285716,0.0,0.0,0.6610169491525425,0.7142857142857144,0.6428571428571428,0.0,0.9193548387096774,0.7796610169491527,0.6724137931034483,0.6964285714285714,0.0,0.657142857142857,0.7678571428571428,0.7169811320754718,0.0,0.0,0.4444444444444444,0.462962962962963
2025:01:13:11:06:07,RP37,SM-S908E,2212343,32,-107.11450563633102,9.0,52.0,train,0.826086956521739,0.5142857142857142,0.6756756756756757,0.65625,0.7711864406779662,0.7346938775510206,0.5714285714285714,0.657142857142857,0.8709677419354839,0.6949152542372883,0.6551724137931034,0.6428571428571428,0.0,0.6666666666666665,0.6607142857142856,0.5471698113207548,0.8444444444444443,0.5142857142857142,0.0,0.6417910447761194,0.7796610169491527,0.7142857142857144,0.6547619047619047,0.6764705882352939,0.8709677419354839,0.6949152542372883,0.6206896551724137,0.6428571428571428,0.9534883720930232,0.6285714285714286,0.6785714285714286,0.5471698113207548,0.0,0.0,0.6111111111111112,0.6111111111111112
2025:01:13:11:10:21,RP37,SM-S908E,2212343,27,179.65065310268386,9.0,52.0,train,0.0,0.6285714285714286,0.0,0.0,0.8644067796610171,0.8163265306122449,0.6428571428571428,0.0,0.8548387096774194,0.6101694915254239,0.0,0.625,0.0,0.606060606060606,0.7857142857142857,0.679245283018868,0.711111111111111,0.6285714285714286,0.0,0.7761194029850745,0.8644067796610171,0.7755102040816326,0.6428571428571428,0.6470588235294117,0.564516129032258,0.6101694915254239,0.0,0.6071428571428572,0.0,0.5714285714285716,0.7857142857142857,0.679245283018868,0.7368421052631579,0.7368421052631579,0.6851851851851851,0.6851851851851851
2025:01:13:11:14:27,RP37,SM-S908E,2212343,26,-43.85998797219993,9.0,52.0,train,0.6521739130434783,0.6285714285714286,0.0,0.78125,0.7966101694915255,0.0,0.6904761904761905,0.0,0.0,0.7627118644067797,0.7241379310344828,0.6071428571428572,0.0,0.606060606060606,0.6071428571428572,0.7735849056603774,0.6666666666666665,0.6285714285714286,0.0,0.7462686567164178,0.7966101694915255,0.0,0.6666666666666665,0.0,0.0,0.7627118644067797,0.7241379310344828,0.6071428571428572,0.0,0.5714285714285716,0.625,0.7735849056603774,0.0,0.0,0.7222222222222221,0.7222222222222221
2025:01:13:11:11:02,RP37,SM-S908E,2212343,33,71.8785065091017,9.0,52.0,train,0.6521739130434783,0.6000000000000001,0.5945945945945947,0.765625,0.7966101694915255,0.7142857142857144,0.6428571428571428,0.0,0.9193548387096774,0.7796610169491527,0.0,0.5714285714285714,0.6190476190476191,0.7272727272727275,0.5714285714285714,0.6037735849056605,0.6666666666666665,0.6000000000000001,0.5945945945945947,0.7313432835820894,0.7966101694915255,0.8163265306122449,0.6428571428571428,0.7058823529411762,0.9193548387096774,0.7796610169491527,0.0,0.5714285714285714,0.0,0.6857142857142859,0.5535714285714286,0.6037735849056605,0.6842105263157894,0.6842105263157894,0.6481481481481481,0.6481481481481481
2025:01:13:11:16:56,RP37,SM-S908E,2212343,33,-40.964004882347716,9.0,52.0,train,0.8478260869565217,0.5714285714285716,0.0,0.71875,0.6271186440677967,0.0,0.6190476190476191,0.7428571428571429,0.8548387096774194,0.7966101694915255,0.6896551724137931,0.7142857142857142,1.0,0.6969696969696968,0.7857142857142857,0.6603773584905661,0.8666666666666667,0.5714285714285716,0.0,0.6865671641791045,0.7796610169491527,0.0,0.6190476190476191,0.8823529411764703,0.0,0.7966101694915255,0.6896551724137931,0.7142857142857142,1.0,0.7428571428571429,0.7678571428571428,0.6603773584905661,0.5789473684210527,0.5789473684210527,0.5,0.5185185185185186
2025:01:13:11:11:53,RP37,SM-S908E,2212343,34,62.15926873169285,9.0,52.0,train,0.6739130434782608,0.6000000000000001,0.7567567567567568,0.71875,0.7966101694915255,0.7959183673469388,0.7142857142857142,0.8,0.8548387096774194,0.8644067796610171,0.8103448275862069,0.6428571428571428,0.0,0.5454545454545454,0.7321428571428571,0.7547169811320755,0.6666666666666665,0.6000000000000001,0.7297297297297298,0.6865671641791045,0.7966101694915255,0.7755102040816326,0.6547619047619047,0.8235294117647056,0.8387096774193548,0.8644067796610171,0.8103448275862069,0.625,0.0,0.5142857142857142,0.7142857142857142,0.7547169811320755,0.6140350877192982,0.5438596491228069,0.6666666666666665,0.6666666666666665
2025:01:13:11:12:29,RP37,SM-S908E,2212343,26,64.5757182326571,9.0,52.0,train,0.0,0.7142857142857144,0.0,0.796875,0.7627118644067797,0.0,0.6666666666666665,0.0,0.8709677419354839,0.7457627118644069,0.0,0.625,0.0,0.6363636363636362,0.625,0.7735849056603774,0.7333333333333332,0.7142857142857144,0.0,0.7611940298507462,0.7627118644067797,0.7959183673469388,0.6666666666666665,0.0,0.8709677419354839,0.7457627118644069,0.0,0.625,0.0,0.6000000000000001,0.6071428571428572,0.7735849056603774,0.5964912280701755,0.6140350877192982,0.5925925925925926,0.5925925925925926
2025:01:13:11:05:28,RP37,SM-S908E,2212343,34,-108.47707948724343,9.0,52.0,train,0.826086956521739,0.6000000000000001,0.8378378378378379,0.890625,0.8813559322033899,0.5714285714285714,0.6428571428571428,0.6857142857142859,0.7903225806451613,0.6949152542372883,0.0,0.6071428571428572,0.0,0.8484848484848486,0.625,0.6226415094339623,0.8444444444444443,0.6000000000000001,0.0,0.835820895522388,0.8813559322033899,0.5510204081632655,0.6428571428571428,0.0,0.7741935483870968,0.6949152542372883,0.0,0.6071428571428572,0.8604651162790697,0.8,0.625,0.6226415094339623,0.7719298245614035,0.7719298245614035,0.5185185185185186,0.537037037037037
2025:01:13:11:06:54,RP37,SM-S908E,2212343,31,-113.31721494612442,9.0,52.0,validation,0.7391304347826086,0.5428571428571431,0.0,0.828125,0.7796610169491527,0.0,0.5476190476190477,0.0,0.7419354838709677,0.6949152542372883,0.48275862068965525,0.6428571428571428,0.8333333333333333,0.7575757575757578,0.6964285714285714,0.5660377358490567,0.7555555555555555,0.5428571428571431,0.6216216216216217,0.7761194029850745,0.7796610169491527,0.6734693877551021,0.5476190476190477,0.0,0.0,0.6949152542372883,0.48275862068965525,0.6428571428571428,0.7906976744186047,0.7142857142857144,0.6964285714285714,0.5660377358490567,0.6140350877192982,0.5964912280701755,0.5555555555555556,0.5555555555555556
2025:01:13:11:07:41,RP37,SM-S908E,2212343,31,176.38313209283228,9.0,52.0,validation,0.8043478260869565,0.5428571428571431,0.7297297297297298,0.0,0.8305084745762713,0.7551020408163265,0.5952380952380951,0.6000000000000001,0.7258064516129032,0.728813559322034,0.6724137931034483,0.6428571428571428,0.976190476190476,0.8181818181818183,0.6785714285714286,0.5849056603773586,0.8444444444444443,0.5428571428571431,0.7297297297297298,0.0,0.8305084745762713,0.7346938775510206,0.5952380952380951,0.7058823529411762,0.7258064516129032,0.728813559322034,0.5689655172413792,0.6428571428571428,0.0,0.7714285714285716,0.0,0.5849056603773586,0.0,0.0,0.5925925925925926,0.5925925925925926
2025:01:13:11:13:52,RP37,SM-S908E,2212343,32,77.04621339861488,9.0,52.0,validation,0.8043478260869565,0.6000000000000001,0.0,0.796875,0.7966101694915255,0.7346938775510206,0.6666666666666665,0.7714285714285716,0.8225806451612903,0.7796610169491527,0.0,0.5892857142857142,1.0714285714285714,0.7272727272727275,0.8035714285714285,0.7924528301886793,0.8222222222222222,0.6000000000000001,0.0,0.7761194029850745,0.7966101694915255,0.7346938775510206,0.6666666666666665,0.7941176470588234,0.8064516129032258,0.7796610169491527,0.0,0.5892857142857142,0.0,0.657142857142857,0.6785714285714286,0.7924528301886793,0.7017543859649122,0.7017543859649122,0.6111111111111112,0.6111111111111112
2025:01:13:11:04:51,RP37,SM-S908E,2212343,30,-116.36720106989868,9.0,52.0,test,0.8695652173913042,0.5714285714285716,0.972972972972973,0.9375,0.8135593220338984,0.0,0.5952380952380951,0.8,0.7419354838709677,0.6949152542372883,0.0,0.5714285714285714,0.9523809523809523,0.7575757575757578,0.6785714285714286,0.6226415094339623,0.8888888888888888,0.5714285714285716,0.0,0.0,0.8135593220338984,0.0,0.5952380952380951,0.8235294117647056,0.7419354838709677,0.6949152542372883,0.0,0.5714285714285714,0.9534883720930232,0.7142857142857144,0.6785714285714286,0.6226415094339623,0.0,0.0,0.5555555555555556,0.5555555555555556
2025:01:13:11:15:43,RP37,SM-S908E,2212343,33,-45.03201095735451,9.0,52.0,test,0.6739130434782608,0.6000000000000001,0.5675675675675675,0.640625,0.6440677966101696,0.7346938775510206,0.6666666666666665,0.7714285714285716,0.8548387096774194,0.7966101694915255,0.0,0.6964285714285714,0.9285714285714286,0.7272727272727275,0.6607142857142856,0.7547169811320755,0.6888888888888889,0.6000000000000001,0.5405405405405403,0.6119402985074626,0.6440677966101696,0.0,0.6666666666666665,0.7941176470588234,0.8548387096774194,0.7966101694915255,0.0,0.6964285714285714,0.9069767441860466,0.6857142857142859,0.6607142857142856,0.7547169811320755,0.0,0.0,0.5185185185185186,0.5185185185185186
2025:01:13:11:09:46,RP37,SM-S908E,2212343,28,175.65858685384373,9.0,52.0,test,0.6521739130434783,0.6285714285714286,0.6216216216216217,0.703125,0.8474576271186441,0.7346938775510206,0.5952380952380951,0.0,0.0,0.576271186440678,0.0,0.5357142857142856,0.8095238095238095,0.606060606060606,0.6785714285714286,0.7358490566037736,0.6666666666666665,0.6285714285714286,0.6216216216216217,0.6716417910447761,0.8474576271186441,0.0,0.5952380952380951,0.0,0.0,0.576271186440678,0.0,0.5357142857142856,0.7906976744186047,0.5714285714285716,0.6785714285714286,0.7358490566037736,0.0,0.0,0.6481481481481481,0.6481481481481481
2025:01:13:11:01:48,RP38,SM-S908E,2212343,28,-25.953971119339933,14.0,52.0,train,0.0,0.4285714285714288,0.0,0.65625,0.593220338983051,0.6326530612244898,0.8095238095238095,0.7428571428571429,0.8387096774193548,0.8813559322033899,0.7931034482758621,0.6071428571428572,0.0,0.7575757575757578,0.0,0.4528301886792454,0.0,0.4285714285714288,0.0,0.626865671641791,0.593220338983051,0.0,0.8095238095238095,0.8235294117647056,0.8387096774193548,0.8813559322033899,0.7758620689655172,0.6071428571428572,0.0,0.7142857142857144,0.0,0.4528301886792454,0.0,0.0,0.4259259259259258,0.4259259259259258
2025:01:13:10:57:12,RP38,SM-S908E,2212343,31,77.00450207112937,14.0,52.0,train,0.0,0.6285714285714286,0.0,0.6875,0.7627118644067797,0.8367346938775511,0.7619047619047619,0.7714285714285716,0.8225806451612903,0.7796610169491527,0.7413793103448276,0.75,0.0,0.7878787878787881,0.6428571428571428,0.679245283018868,0.6444444444444444,0.6000000000000001,0.0,0.6417910447761194,0.7627118644067797,0.8571428571428572,0.7619047619047619,0.7941176470588234,0.8225806451612903,0.7796610169491527,0.7413793103448276,0.75,0.0,0.7428571428571429,0.6428571428571428,0.679245283018868,0.0,0.0,0.537037037037037,0.537037037037037
2025:01:13:10:51:50,RP38,SM-S908E,2212343,32,-113.73848216499437,14.0,52.0,train,0.7826086956521738,0.28571428571428603,0.0,0.5,0.6101694915254239,0.6938775510204083,0.6428571428571428,0.6285714285714286,0.8306451612903225,0.8135593220338984,0.4310344827586208,0.6607142857142856,0.0,0.9090909090909092,0.5535714285714286,0.4716981132075473,0.6444444444444444,0.5428571428571431,0.0,0.462686567164179,0.6101694915254239,0.6938775510204083,0.6428571428571428,0.6470588235294117,0.8225806451612903,0.8135593220338984,0.4482758620689655,0.6607142857142856,0.0,0.8285714285714287,0.5535714285714286,0.4716981132075473,0.5087719298245614,0.5263157894736841,0.6666666666666665,0.6666666666666665
2025:01:13:10:53:39,RP38,SM-S908E,2212343,30,176.26327505166887,14.0,52.0,train,0.0,0.5428571428571431,0.0,0.765625,0.8305084745762713,0.5510204081632655,0.7857142857142856,0.657142857142857,0.8306451612903225,0.8644067796610171,0.8793103448275862,0.6428571428571428,0.0,0.9393939393939394,0.7857142857142857,0.679245283018868,0.0,0.5428571428571431,0.0,0.7761194029850745,0.8305084745762713,0.5510204081632655,0.7857142857142856,0.7058823529411762,0.8225806451612903,0.8644067796610171,0.8793103448275862,0.6428571428571428,0.0,0.8857142857142859,0.6964285714285714,0.679245283018868,0.7368421052631579,0.7368421052631579,0.574074074074074,0.574074074074074
2025:01:13:10:52:26,RP38,SM-S908E,2212343,30,-93.05043149561997,14.0,52.0,train,0.0,0.48571428571428577,0.0,0.765625,0.7118644067796611,0.6326530612244898,0.6190476190476191,0.6857142857142859,0.8225806451612903,0.8644067796610171,0.5689655172413792,0.5714285714285714,0.8571428571428572,0.8484848484848486,0.0,0.6226415094339623,0.4888888888888887,0.48571428571428577,0.0,0.7313432835820894,0.6949152542372883,0.653061224489796,0.6190476190476191,0.7352941176470584,0.8064516129032258,0.8644067796610171,0.5517241379310345,0.5714285714285714,0.0,0.7714285714285716,0.0,0.6226415094339623,0.6842105263157894,0.6842105263157894,0.6111111111111112,0.6296296296296295
2025:01:13:10:54:22,RP38,SM-S908E,2212343,27,177.0744572388592,14.0,52.0,train,0.0,0.5714285714285716,0.0,0.796875,0.8135593220338984,0.6122448979591837,0.7619047619047619,0.6285714285714286,0.8306451612903225,0.8135593220338984,0.896551724137931,0.7321428571428571,0.0,0.7878787878787881,0.0,0.6981132075471699,0.0,0.5714285714285716,0.0,0.7611940298507462,0.8135593220338984,0.6122448979591837,0.7619047619047619,0.6470588235294117,0.8225806451612903,0.8135593220338984,0.896551724137931,0.7321428571428571,0.0,0.7428571428571429,0.0,0.6981132075471699,0.0,0.0,0.5925925925925926,0.5925925925925926
2025:01:13:10:55:50,RP38,SM-S908E,2212343,27,179.27511364544333,14.0,52.0,train,0.0,0.6285714285714286,0.0,0.734375,0.8305084745762713,0.6326530612244898,0.7380952380952381,0.6000000000000001,0.7258064516129032,0.8644067796610171,0.0,0.7321428571428571,0.0,0.7878787878787881,0.6964285714285714,0.7924528301886793,0.0,0.6000000000000001,0.0,0.7014925373134328,0.8305084745762713,0.0,0.7380952380952381,0.5882352941176467,0.7258064516129032,0.8644067796610171,0.0,0.7321428571428571,0.0,0.7428571428571429,0.6964285714285714,0.7924528301886793,0.8070175438596491,0.8070175438596491,0.537037037037037,0.537037037037037
2025:01:13:10:58:38,RP38,SM-S908E,2212343,29,77.30276098096266,14.0,52.0,train,0.6086956521739131,0.6000000000000001,0.0,0.0,0.0,0.44897959183673475,0.7380952380952381,0.6428571428571428,0.8387096774193548,0.8644067796610171,0.8448275862068966,0.7857142857142857,0.0,0.8787878787878789,0.6071428571428572,0.7735849056603774,0.6444444444444444,0.6000000000000001,0.0,0.0,0.7796610169491527,0.4693877551020409,0.7380952380952381,0.0,0.8387096774193548,0.8644067796610171,0.8620689655172413,0.7857142857142857,0.0,0.8285714285714287,0.6071428571428572,0.7735849056603774,0.6842105263157894,0.7017543859649122,0.5185185185185186,0.537037037037037
2025:01:13:10:51:09,RP38,SM-S908E,2212343,30,-105.98782996882986,14.0,52.0,train,0.7391304347826086,0.0,0.0,0.8125,0.6949152542372883,0.7755102040816326,0.7142857142857142,0.7714285714285716,0.8548387096774194,0.728813559322034,0.6379310344827587,0.5892857142857142,0.8571428571428572,0.9090909090909092,0.0,0.6603773584905661,0.7777777777777777,0.0,0.0,0.7611940298507462,0.6949152542372883,0.7551020408163265,0.7380952380952381,0.7941176470588234,0.8387096774193548,0.728813559322034,0.6379310344827587,0.5892857142857142,0.8372093023255813,0.8571428571428572,0.0,0.6603773584905661,0.5964912280701755,0.6140350877192982,0.6296296296296295,0.6296296296296295
2025:01:13:10:59:21,RP38,SM-S908E,2212343,28,56.66081450648906,14.0,52.0,train,0.0,0.6000000000000001,0.0,0.609375,0.7796610169491527,0.5102040816326532,0.6904761904761905,0.6285714285714286,0.8387096774193548,0.8813559322033899,0.8620689655172413,0.7321428571428571,0.0,0.8787878787878789,0.5357142857142856,0.6603773584905661,0.0,0.6000000000000001,0.0,0.5820895522388059,0.7627118644067797,0.5102040816326532,0.6904761904761905,0.6470588235294117,0.8225806451612903,0.8813559322033899,0.8620689655172413,0.7321428571428571,0.0,0.8285714285714287,0.5357142857142856,0.6603773584905661,0.0,0.0,0.5555555555555556,0.5555555555555556
2025:01:13:11:02:23,RP38,SM-S908E,2212343,24,-32.04647486202891,14.0,52.0,train,0.0,0.4285714285714288,0.0,0.0,0.6271186440677967,0.0,0.8571428571428572,0.0,0.8709677419354839,0.9152542372881357,0.7586206896551724,0.8214285714285714,0.9047619047619047,0.6363636363636362,0.5357142857142856,0.509433962264151,0.0,0.4285714285714288,0.0,0.0,0.6101694915254239,0.0,0.8571428571428572,0.0,0.8709677419354839,0.9152542372881357,0.7586206896551724,0.8214285714285714,0.0,0.0,0.5357142857142856,0.49056603773584917,0.0,0.0,0.5462962962962963,0.5462962962962963
2025:01:13:11:02:57,RP38,SM-S908E,2212343,24,-29.3943391720376,14.0,52.0,train,0.0,0.4571428571428573,0.0,0.0,0.6271186440677967,0.653061224489796,0.8333333333333333,0.0,0.9032258064516129,0.9152542372881357,0.8275862068965517,0.7857142857142857,0.0,0.7272727272727275,0.0,0.5471698113207548,0.0,0.4571428571428573,0.0,0.0,0.6440677966101696,0.653061224489796,0.8333333333333333,0.0,0.9193548387096774,0.9152542372881357,0.8275862068965517,0.7857142857142857,0.0,0.6857142857142859,0.0,0.5471698113207548,0.0,0.0,0.40740740740740744,0.38888888888888884
2025:01:13:10:53:02,RP38,SM-S908E,2212343,29,169.012648852893,14.0,52.0,train,0.7826086956521738,0.5714285714285716,0.0,0.0,0.6779661016949153,0.6938775510204083,0.6190476190476191,0.6285714285714286,0.7903225806451613,0.8644067796610171,0.0,0.5178571428571428,0.0,0.9393939393939394,0.6964285714285714,0.7169811320754718,0.0,0.5714285714285716,0.0,0.6417910447761194,0.6779661016949153,0.6938775510204083,0.6190476190476191,0.5882352941176467,0.7903225806451613,0.8644067796610171,0.0,0.5,0.0,0.0,0.6964285714285714,0.7169811320754718,0.6491228070175439,0.6491228070175439,0.574074074074074,0.5555555555555556
2025:01:13:10:59:56,RP38,SM-S908E,2212343,26,-27.742568884737466,14.0,52.0,train,0.0,0.5428571428571431,0.0,0.6875,0.728813559322034,0.7551020408163265,0.7380952380952381,0.8,0.8709677419354839,0.8644067796610171,0.9482758620689655,0.6785714285714286,0.0,0.8787878787878789,0.0,0.6226415094339623,0.0,0.5428571428571431,0.0,0.6417910447761194,0.728813559322034,0.7551020408163265,0.7380952380952381,0.7647058823529411,0.8709677419354839,0.8644067796610171,0.9310344827586207,0.6785714285714286,0.0,0.8285714285714287,0.0,0.6226415094339623,0.0,0.0,0.5185185185185186,0.5185185185185186
2025:01:13:10:56:25,RP38,SM-S908E,2212343,24,60.68524886004953,14.0,52.0,validation,0.0,0.6285714285714286,0.0,0.0,0.8135593220338984,0.0,0.7857142857142856,0.4571428571428573,0.6774193548387096,0.7966101694915255,0.9137931034482758,0.7321428571428571,0.8571428571428572,0.7878787878787881,0.6607142857142856,0.7169811320754718,0.0,0.6285714285714286,0.0,0.0,0.8135593220338984,0.0,0.7857142857142856,0.0,0.6774193548387096,0.7966101694915255,0.0,0.7321428571428571,0.0,0.7428571428571429,0.6607142857142856,0.6981132075471699,0.8596491228070176,0.0,0.6296296296296295,0.6296296296296295
2025:01:13:10:49:54,RP38,SM-S908E,2212343,34,-104.31025538131041,14.0,52.0,validation,1.0217391304347825,0.5714285714285716,0.0,0.703125,0.6271186440677967,0.5918367346938775,0.7857142857142856,0.7428571428571429,0.8870967741935484,0.8474576271186441,0.6724137931034483,0.5,0.8095238095238095,0.8181818181818183,0.5357142857142856,0.5471698113207548,0.8444444444444443,0.5428571428571431,0.0,0.6716417910447761,0.6271186440677967,0.5918367346938775,0.7857142857142856,0.7647058823529411,0.8870967741935484,0.8474576271186441,0.6551724137931034,0.5,0.558139534883721,0.7714285714285716,0.5357142857142856,0.5283018867924529,0.49122807017543857,0.49122807017543857,0.0,0.0
2025:01:13:11:01:05,RP38,SM-S908E,2212343,31,-32.24024116693302,14.0,52.0,validation,0.4782608695652173,0.4571428571428573,0.0,0.5,0.576271186440678,0.7142857142857144,0.8095238095238095,0.5714285714285716,0.7580645161290323,0.8644067796610171,0.8103448275862069,0.7678571428571428,0.0,0.8181818181818183,0.375,0.4339622641509435,0.0,0.4285714285714288,0.0,0.4776119402985074,0.576271186440678,0.6734693877551021,0.8095238095238095,0.5882352941176467,0.7580645161290323,0.8644067796610171,0.8103448275862069,0.7678571428571428,0.0,0.7714285714285716,0.5,0.4339622641509435,0.0,0.0,0.35185185185185186,0.35185185185185186
2025:01:13:10:50:29,RP38,SM-S908E,2212343,27,-116.17077967857193,14.0,52.0,test,0.6739130434782608,0.48571428571428577,0.0,0.84375,0.7457627118644069,0.653061224489796,0.5,0.0,0.8387096774193548,0.8813559322033899,0.0,0.5535714285714286,0.0,0.9090909090909092,0.625,0.679245283018868,0.6666666666666665,0.48571428571428577,0.0,0.8059701492537312,0.7457627118644069,0.6326530612244898,0.5,0.6764705882352939,0.8387096774193548,0.8813559322033899,0.0,0.5535714285714286,0.0,0.8571428571428572,0.625,0.679245283018868,0.0,0.0,0.40740740740740744,0.40740740740740744
2025:01:13:10:54:57,RP38,SM-S908E,2212343,29,177.872169188286,14.0,52.0,test,0.0,0.6857142857142859,0.0,0.71875,0.8474576271186441,0.7142857142857144,0.8095238095238095,0.8,0.7419354838709677,0.8135593220338984,0.9137931034482758,0.75,0.0,0.7878787878787881,0.7321428571428571,0.7924528301886793,0.0,0.6857142857142859,0.0,0.6865671641791045,0.8305084745762713,0.6938775510204083,0.8095238095238095,0.7352941176470584,0.7419354838709677,0.8135593220338984,0.9137931034482758,0.75,0.0,0.7428571428571429,0.7321428571428571,0.7924528301886793,0.0,0.0,0.537037037037037,0.537037037037037
2025:01:13:10:57:47,RP38,SM-S908E,2212343,30,51.88483485080224,14.0,52.0,test,0.0,0.657142857142857,0.0,0.65625,0.728813559322034,0.0,0.7619047619047619,0.7714285714285716,0.7903225806451613,0.8813559322033899,0.8793103448275862,0.6964285714285714,1.2142857142857142,0.8787878787878789,0.625,0.6603773584905661,0.0,0.657142857142857,0.0,0.6119402985074626,0.728813559322034,0.0,0.7619047619047619,0.7647058823529411,0.7903225806451613,0.8813559322033899,0.8793103448275862,0.6964285714285714,1.0465116279069768,0.8285714285714287,0.6428571428571428,0.6603773584905661,0.0,0.0,0.5185185185185186,0.5185185185185186
2025:01:13:11:41:28,RP39,SM-S908E,2212343,32,-39.31381080194198,22.0,52.0,train,0.5217391304347827,0.657142857142857,0.0,0.734375,0.728813559322034,0.5510204081632655,0.8333333333333333,0.7142857142857144,0.9032258064516129,0.7966101694915255,0.8103448275862069,0.7678571428571428,0.8571428571428572,0.0,0.5178571428571428,0.7735849056603774,0.5333333333333332,0.5285714285714285,0.0,0.7014925373134328,0.728813559322034,0.5510204081632655,0.8333333333333333,0.7352941176470584,0.9032258064516129,0.7966101694915255,0.8103448275862069,0.7678571428571428,0.8372093023255813,0.0,0.5178571428571428,0.7735849056603774,0.0,0.0,0.4814814814814814,0.4814814814814814
2025:01:13:11:38:52,RP39,SM-S908E,2212343,36,82.44127567081394,22.0,52.0,train,0.4130434782608696,0.5428571428571431,0.0,0.796875,0.7118644067796611,0.7142857142857144,0.8095238095238095,0.7428571428571429,0.9838709677419355,0.9152542372881357,0.7241379310344828,0.75,0.8095238095238095,0.9090909090909092,0.5535714285714286,0.7358490566037736,0.0,0.5285714285714285,0.0,0.7462686567164178,0.7118644067796611,0.7142857142857144,0.8095238095238095,0.7647058823529411,0.9838709677419355,0.9152542372881357,0.7241379310344828,0.75,0.9069767441860466,0.8571428571428572,0.5714285714285714,0.7169811320754718,0.0,0.0,0.4814814814814814,0.5
2025:01:13:11:38:17,RP39,SM-S908E,2212343,31,79.5639446490244,22.0,52.0,train,0.5217391304347827,0.5714285714285716,0.0,0.734375,0.7796610169491527,0.8571428571428572,0.8333333333333333,0.6000000000000001,0.9032258064516129,0.8813559322033899,0.8793103448275862,0.75,0.0,0.8484848484848486,0.5714285714285714,0.6037735849056605,0.6222222222222222,0.5428571428571431,0.0,0.7014925373134328,0.7796610169491527,0.8571428571428572,0.8333333333333333,0.5882352941176467,0.9032258064516129,0.8813559322033899,0.8793103448275862,0.75,0.0,0.8,0.0,0.6037735849056605,0.0,0.0,0.537037037037037,0.537037037037037
2025:01:13:11:36:28,RP39,SM-S908E,2212343,20,179.20544770713337,22.0,52.0,train,0.0,0.5714285714285716,0.0,0.640625,0.7457627118644069,0.0,0.8571428571428572,0.0,0.8870967741935484,0.9152542372881357,0.9310344827586207,0.7321428571428571,0.0,0.0,0.0,0.679245283018868,0.0,0.5714285714285716,0.0,0.6119402985074626,0.7627118644067797,0.0,0.8571428571428572,0.0,0.0,0.8983050847457629,0.0,0.7321428571428571,0.8837209302325582,0.0,0.5535714285714286,0.6603773584905661,0.0,0.0,0.462962962962963,0.462962962962963
2025:01:13:11:33:20,RP39,SM-S908E,2212343,31,-109.52826223565813,22.0,52.0,train,0.4130434782608696,0.5142857142857142,0.0,0.828125,0.6610169491525425,0.6938775510204083,0.6428571428571428,0.6857142857142859,0.9516129032258064,0.8983050847457629,0.0,0.5892857142857142,0.7380952380952381,0.0,0.6071428571428572,0.5660377358490567,0.42222222222222205,0.5142857142857142,0.5675675675675675,0.7910447761194029,0.6610169491525425,0.6734693877551021,0.6428571428571428,0.617647058823529,0.9516129032258064,0.9152542372881357,0.0,0.5892857142857142,0.7674418604651163,0.5714285714285716,0.6071428571428572,0.5660377358490567,0.0,0.0,0.37037037037037024,0.37037037037037024
2025:01:13:11:32:07,RP39,SM-S908E,2212343,35,-111.6510995145076,22.0,52.0,train,0.0,0.4571428571428573,0.0,0.46875,0.5593220338983051,0.7142857142857144,0.9047619047619047,0.6000000000000001,0.7258064516129032,0.6949152542372883,0.5172413793103448,0.625,0.0,0.7272727272727275,0.5535714285714286,0.5283018867924529,0.5555555555555554,0.4571428571428573,0.0,0.4477611940298507,0.593220338983051,0.7142857142857144,0.9047619047619047,0.5882352941176467,0.7258064516129032,0.6949152542372883,0.5172413793103448,0.625,0.0,0.7142857142857144,0.4285714285714286,0.5283018867924529,0.45614035087719307,0.0,0.2962962962962963,0.2962962962962963
2025:01:13:11:34:00,RP39,SM-S908E,2212343,31,-109.79051074806748,22.0,52.0,train,0.7391304347826086,0.5142857142857142,0.0,0.828125,0.728813559322034,0.7142857142857144,0.7619047619047619,0.657142857142857,0.9516129032258064,0.8305084745762713,0.603448275862069,0.7410714285714285,0.6190476190476191,0.7878787878787881,0.625,0.6037735849056605,0.7555555555555555,0.5142857142857142,0.0,0.7910447761194029,0.728813559322034,0.0,0.7619047619047619,0.6470588235294117,0.9516129032258064,0.8305084745762713,0.603448275862069,0.7410714285714285,0.5813953488372092,0.7428571428571429,0.0,0.6037735849056605,0.5263157894736841,0.0,0.4814814814814814,0.4814814814814814
2025:01:13:11:37:05,RP39,SM-S908E,2212343,29,-179.5172341505097,22.0,52.0,train,0.0,0.5428571428571431,0.0,0.828125,0.7627118644067797,0.8163265306122449,0.8095238095238095,0.6857142857142859,0.9516129032258064,0.9152542372881357,0.896551724137931,0.7678571428571428,0.8571428571428572,0.9090909090909092,0.5625,0.6226415094339623,0.0,0.5142857142857142,0.0,0.7910447761194029,0.7627118644067797,0.8163265306122449,0.8095238095238095,0.8235294117647056,0.967741935483871,0.9152542372881357,0.896551724137931,0.7678571428571428,0.0,0.0,0.75,0.6226415094339623,0.0,0.0,0.5925925925925926,0.5925925925925926
2025:01:13:11:32:46,RP39,SM-S908E,2212343,34,-110.38676500714833,22.0,52.0,train,0.5434782608695652,0.4571428571428573,0.0,0.59375,0.6271186440677967,0.5510204081632655,0.6190476190476191,0.6285714285714286,0.7419354838709677,0.7457627118644069,0.0,0.5535714285714286,0.5476190476190477,0.7575757575757578,0.5714285714285714,0.6226415094339623,0.3999999999999999,0.48571428571428577,0.0,0.5671641791044776,0.6271186440677967,0.5510204081632655,0.6190476190476191,0.617647058823529,0.7258064516129032,0.7457627118644069,0.6551724137931034,0.5535714285714286,0.5348837209302326,0.7142857142857144,0.5535714285714286,0.6415094339622642,0.3859649122807016,0.33333333333333326,0.40740740740740744,0.40740740740740744
2025:01:13:11:40:46,RP39,SM-S908E,2212343,38,98.18246030323036,22.0,52.0,train,0.4565217391304348,0.5142857142857142,0.0,0.71875,0.6440677966101696,0.5714285714285714,0.9047619047619047,0.6285714285714286,0.8709677419354839,0.7966101694915255,0.8448275862068966,0.7857142857142857,0.8809523809523809,0.8787878787878789,0.6071428571428572,0.7169811320754718,0.0,0.5142857142857142,0.0,0.6716417910447761,0.6610169491525425,0.5714285714285714,0.9047619047619047,0.6470588235294117,0.9354838709677419,0.7966101694915255,0.8448275862068966,0.7857142857142857,0.8604651162790697,0.0,0.5714285714285714,0.7169811320754718,0.0,0.42105263157894735,0.5,0.5
2025:01:13:11:39:33,RP39,SM-S908E,2212343,33,92.48928809022475,22.0,52.0,train,0.0,0.5714285714285716,0.0,0.671875,0.7627118644067797,0.6938775510204083,0.976190476190476,0.0,0.8870967741935484,0.9491525423728815,0.7586206896551724,0.7857142857142857,0.8095238095238095,0.9090909090909092,0.5178571428571428,0.679245283018868,0.5555555555555554,0.5428571428571431,0.0,0.6417910447761194,0.7627118644067797,0.6734693877551021,0.976190476190476,0.0,0.8870967741935484,0.9322033898305085,0.7413793103448276,0.7857142857142857,0.7906976744186047,0.0,0.5178571428571428,0.679245283018868,0.5087719298245614,0.5087719298245614,0.38888888888888884,0.38888888888888884
2025:01:13:11:35:52,RP39,SM-S908E,2212343,33,176.26256458400292,22.0,52.0,train,0.5434782608695652,0.5428571428571431,0.0,0.75,0.6779661016949153,0.8163265306122449,0.7857142857142856,0.7428571428571429,0.8870967741935484,0.8474576271186441,0.8793103448275862,0.8035714285714285,0.0,0.9090909090909092,0.6785714285714286,0.6603773584905661,0.5555555555555554,0.5428571428571431,0.0,0.7164179104477612,0.6779661016949153,0.8163265306122449,0.7857142857142856,0.7647058823529411,0.8870967741935484,0.8474576271186441,0.8793103448275862,0.7857142857142857,0.0,0.8571428571428572,0.6607142857142856,0.6603773584905661,0.0,0.631578947368421,0.5555555555555556,0.5555555555555556
2025:01:13:11:35:17,RP39,SM-S908E,2212343,16,177.12605208831073,22.0,52.0,train,0.0,0.0,0.0,0.0,0.593220338983051,0.0,0.6904761904761905,0.0,0.8870967741935484,0.8983050847457629,0.0,0.625,0.0,0.0,0.0,0.6226415094339623,0.0,0.0,0.0,0.0,0.593220338983051,0.0,0.6904761904761905,0.0,0.8870967741935484,0.8813559322033899,0.0,0.6071428571428572,0.0,0.0,0.6607142857142856,0.6037735849056605,0.5614035087719298,0.0,0.4259259259259258,0.4259259259259258
2025:01:13:11:42:39,RP39,SM-S908E,2212343,33,-45.89493352527632,22.0,52.0,train,0.0,0.5428571428571431,0.0,0.5,0.593220338983051,0.5714285714285714,0.8333333333333333,0.8857142857142859,0.8870967741935484,0.7457627118644069,0.7586206896551724,0.6964285714285714,0.7619047619047619,0.0,0.5625,0.4528301886792454,0.0,0.5285714285714285,0.0,0.4925373134328358,0.593220338983051,0.653061224489796,0.8333333333333333,0.9117647058823528,0.6935483870967741,0.7457627118644069,0.7586206896551724,0.6964285714285714,0.7441860465116279,0.0,0.5,0.4716981132075473,0.0,0.0,0.2407407407407407,0.2407407407407407
2025:01:13:11:37:41,RP39,SM-S908E,2212343,35,-179.9337859267257,22.0,52.0,validation,0.36956521739130443,0.6285714285714286,0.0,0.796875,0.7966101694915255,0.7959183673469388,0.7857142857142856,0.657142857142857,0.7903225806451613,0.8983050847457629,0.8448275862068966,0.7678571428571428,0.8809523809523809,0.0,0.5535714285714286,0.5660377358490567,0.0,0.6285714285714286,0.0,0.7462686567164178,0.7966101694915255,0.6734693877551021,0.7619047619047619,0.6764705882352939,0.7741935483870968,0.8983050847457629,0.8275862068965517,0.7678571428571428,1.0,0.7714285714285716,0.625,0.5660377358490567,0.6491228070175439,0.0,0.6111111111111112,0.6111111111111112
2025:01:13:11:42:05,RP39,SM-S908E,2212343,31,-34.725321844429224,22.0,52.0,validation,0.0,0.657142857142857,0.0,0.484375,0.5593220338983051,0.6326530612244898,0.7857142857142856,0.6857142857142859,0.8225806451612903,0.8813559322033899,0.7931034482758621,0.7678571428571428,0.8809523809523809,0.0,0.4642857142857142,0.5471698113207548,0.0,0.657142857142857,0.0,0.0,0.5593220338983051,0.6326530612244898,0.7857142857142856,0.7058823529411762,0.8225806451612903,0.8813559322033899,0.7931034482758621,0.7678571428571428,0.8604651162790697,0.0,0.4642857142857142,0.5471698113207548,0.0,0.0,0.2407407407407407,0.2407407407407407
2025:01:13:11:43:18,RP39,SM-S908E,2212343,31,-48.9927730840999,22.0,52.0,validation,0.3913043478260869,0.657142857142857,0.0,0.0,0.576271186440678,0.5918367346938775,0.7857142857142856,0.8857142857142859,0.7258064516129032,0.7627118644067797,0.7586206896551724,0.6785714285714286,0.0,0.8484848484848486,0.375,0.5660377358490567,0.3999999999999999,0.657142857142857,0.0,0.0,0.576271186440678,0.5918367346938775,0.7857142857142856,0.9117647058823528,0.7258064516129032,0.7627118644067797,0.7586206896551724,0.6607142857142856,0.0,0.8,0.3571428571428572,0.5660377358490567,0.4385964912280702,0.4385964912280702,0.2962962962962963,0.3148148148148149
2025:01:13:11:40:11,RP39,SM-S908E,2212343,35,98.75840893805177,22.0,52.0,test,0.0,0.657142857142857,0.0,0.609375,0.7627118644067797,0.6326530612244898,0.8571428571428572,0.7428571428571429,0.8709677419354839,0.9661016949152543,0.6379310344827587,0.7678571428571428,0.7619047619047619,0.0,0.5357142857142856,0.7169811320754718,0.0,0.657142857142857,0.0,0.5970149253731343,0.7627118644067797,0.6122448979591837,0.8571428571428572,0.7647058823529411,0.8709677419354839,0.9661016949152543,0.6379310344827587,0.7678571428571428,0.8604651162790697,0.0,0.5714285714285714,0.7169811320754718,0.0,0.0,0.40740740740740744,0.40740740740740744
2025:01:13:11:34:34,RP39,SM-S908E,2212343,28,-116.23128402173775,22.0,52.0,test,0.6739130434782608,0.6000000000000001,0.0,0.0,0.728813559322034,0.0,0.7619047619047619,0.6857142857142859,0.9193548387096774,0.7966101694915255,0.5517241379310345,0.5714285714285714,0.6666666666666665,0.0,0.6428571428571428,0.5849056603773586,0.5555555555555554,0.6000000000000001,0.0,0.0,0.728813559322034,0.0,0.7619047619047619,0.8529411764705881,0.9193548387096774,0.7966101694915255,0.5517241379310345,0.5714285714285714,0.0,0.0,0.625,0.5849056603773586,0.5614035087719298,0.5087719298245614,0.4444444444444444,0.462962962962963
2025:01:13:11:44:02,RP39,SM-S908E,2212343,33,-46.91011160584502,22.0,52.0,test,0.30434782608695654,0.657142857142857,0.0,0.0,0.5593220338983051,0.3673469387755104,0.8095238095238095,0.0,0.7096774193548387,0.7796610169491527,0.7068965517241379,0.7678571428571428,0.0,0.8787878787878789,0.4642857142857142,0.49056603773584917,0.3111111111111111,0.657142857142857,0.0,0.5522388059701492,0.5593220338983051,0.5306122448979593,0.8095238095238095,0.0,0.6774193548387096,0.7796610169491527,0.0,0.7678571428571428,0.6046511627906976,0.8285714285714287,0.4107142857142856,0.49056603773584917,0.0,0.0,0.2592592592592593,0.2592592592592593
2025:01:13:11:25:18,RP40,SM-S908E,2212343,35,77.00612927126753,29.0,52.0,train,0.6086956521739131,0.5714285714285716,0.0,0.609375,0.6440677966101696,0.8163265306122449,0.8571428571428572,0.6000000000000001,0.8709677419354839,0.8474576271186441,0.6379310344827587,0.6607142857142856,0.8333333333333333,0.0,0.625,0.6981132075471699,0.0,0.5714285714285716,0.0,0.4925373134328358,0.6440677966101696,0.8163265306122449,0.8571428571428572,0.7941176470588234,0.8548387096774194,0.8474576271186441,0.6379310344827587,0.6607142857142856,0.8139534883720929,0.0,0.5892857142857142,0.6981132075471699,0.0,0.0,0.5,0.5
2025:01:13:11:27:34,RP40,SM-S908E,2212343,26,85.6516326814453,29.0,52.0,train,0.0,0.5714285714285716,0.0,0.0,0.6949152542372883,0.653061224489796,0.8809523809523809,0.0,0.967741935483871,0.8305084745762713,0.0,0.6785714285714286,0.0,0.0,0.5892857142857142,0.679245283018868,0.0,0.5714285714285716,0.0,0.0,0.6949152542372883,0.0,0.8809523809523809,0.0,0.9516129032258064,0.8305084745762713,0.0,0.6607142857142856,0.0,0.0,0.5892857142857142,0.679245283018868,0.0,0.4385964912280702,0.38888888888888884,0.40740740740740744
2025:01:13:11:28:46,RP40,SM-S908E,2212343,29,-52.795161654862,29.0,52.0,train,0.5217391304347827,0.48571428571428577,0.0,0.0,0.6101694915254239,0.6734693877551021,0.8095238095238095,0.5142857142857142,0.967741935483871,0.7966101694915255,0.6379310344827587,0.6785714285714286,0.5714285714285714,0.7878787878787881,0.5714285714285714,0.7169811320754718,0.0,0.48571428571428577,0.0,0.0,0.6779661016949153,0.0,0.8095238095238095,0.49999999999999956,0.967741935483871,0.7966101694915255,0.6379310344827587,0.6785714285714286,0.558139534883721,0.7142857142857144,0.0,0.7169811320754718,0.0,0.0,0.462962962962963,0.462962962962963
2025:01:13:11:24:42,RP40,SM-S908E,2212343,32,178.95806171992973,29.0,52.0,train,0.0,0.5142857142857142,0.0,0.0,0.7796610169491527,0.8979591836734695,0.9523809523809523,0.0,0.9354838709677419,0.8305084745762713,0.0,0.6607142857142856,0.8571428571428572,0.8181818181818183,0.8035714285714285,0.6603773584905661,0.0,0.0,0.0,0.5671641791044776,0.7796610169491527,0.8979591836734695,0.9523809523809523,0.0,0.9516129032258064,0.8305084745762713,0.0,0.6607142857142856,0.8372093023255813,0.7714285714285716,0.6785714285714286,0.6415094339622642,0.4736842105263157,0.4385964912280702,0.4814814814814814,0.5
2025:01:13:11:22:55,RP40,SM-S908E,2212343,29,175.7301779303453,29.0,52.0,train,0.8043478260869565,0.5714285714285716,0.0,0.6875,0.6779661016949153,0.9795918367346939,0.8809523809523809,0.0,0.9838709677419355,0.7966101694915255,0.6551724137931034,0.6785714285714286,0.0,0.6969696969696968,0.0,0.6415094339622642,0.0,0.5714285714285716,0.0,0.6567164179104477,0.6610169491525425,1.0,0.8809523809523809,0.7352941176470584,0.9838709677419355,0.7966101694915255,0.6551724137931034,0.6785714285714286,0.0,0.657142857142857,0.0,0.6415094339622642,0.0,0.0,0.40740740740740744,0.40740740740740744
2025:01:13:11:18:56,RP40,SM-S908E,2212343,31,-114.34955884223524,29.0,52.0,train,0.0,0.48571428571428577,0.0,0.78125,0.7118644067796611,0.6734693877551021,0.0,0.5142857142857142,0.8709677419354839,0.8135593220338984,0.6206896551724137,0.6071428571428572,0.8095238095238095,0.6969696969696968,0.6607142857142856,0.5849056603773586,0.46666666666666656,0.4571428571428573,0.0,0.7462686567164178,0.7118644067796611,0.6734693877551021,0.0,0.49999999999999956,0.8709677419354839,0.8135593220338984,0.603448275862069,0.5892857142857142,0.0,0.657142857142857,0.6607142857142856,0.5849056603773586,0.0,0.5087719298245614,0.3148148148148149,0.3148148148148149
2025:01:13:11:20:30,RP40,SM-S908E,2212343,33,-105.41790885001323,29.0,52.0,train,0.0,0.6857142857142859,0.0,0.484375,0.6101694915254239,0.8163265306122449,0.7619047619047619,0.7714285714285716,0.7580645161290323,0.8644067796610171,0.6379310344827587,0.625,0.0,0.6666666666666665,0.5178571428571428,0.6037735849056605,0.37777777777777777,0.6857142857142859,0.0,0.462686567164179,0.6101694915254239,0.8367346938775511,0.7619047619047619,0.7352941176470584,0.7580645161290323,0.8644067796610171,0.7586206896551724,0.625,0.8139534883720929,0.6285714285714286,0.0,0.6037735849056605,0.0,0.0,0.4259259259259258,0.4259259259259258
2025:01:13:11:21:22,RP40,SM-S908E,2212343,35,-106.86749780127217,29.0,52.0,train,0.7608695652173914,0.5714285714285716,0.0,0.640625,0.7118644067796611,0.6938775510204083,0.8333333333333333,0.5714285714285716,0.9032258064516129,0.7966101694915255,0.6379310344827587,0.6517857142857142,0.7380952380952381,0.6666666666666665,0.5,0.7358490566037736,0.5333333333333332,0.5714285714285716,0.0,0.6119402985074626,0.7118644067796611,0.6938775510204083,0.8333333333333333,0.617647058823529,0.9032258064516129,0.7966101694915255,0.6379310344827587,0.6517857142857142,0.6976744186046511,0.6285714285714286,0.5,0.7358490566037736,0.0,0.0,0.4444444444444444,0.4444444444444444
2025:01:13:11:23:30,RP40,SM-S908E,2212343,26,173.4922678079218,29.0,52.0,train,0.7826086956521738,0.0,0.0,0.0,0.6779661016949153,0.0,0.8095238095238095,0.0,1.0,0.7966101694915255,0.0,0.6428571428571428,0.6904761904761905,0.8787878787878789,0.625,0.6603773584905661,0.7777777777777777,0.5428571428571431,0.0,0.0,0.6779661016949153,0.0,0.8095238095238095,0.0,1.0,0.7966101694915255,0.0,0.6428571428571428,0.0,0.8285714285714287,0.625,0.6603773584905661,0.0,0.0,0.462962962962963,0.462962962962963
2025:01:13:11:26:54,RP40,SM-S908E,2212343,31,88.30290320516596,29.0,52.0,train,0.0,0.5142857142857142,0.0,0.65625,0.7627118644067797,0.7346938775510206,0.8571428571428572,0.48571428571428577,0.8870967741935484,0.8305084745762713,0.6379310344827587,0.5714285714285714,0.6904761904761905,0.7575757575757578,0.0,0.7358490566037736,0.0,0.5142857142857142,0.0,0.626865671641791,0.7796610169491527,0.7346938775510206,0.8571428571428572,0.49999999999999956,0.8870967741935484,0.8305084745762713,0.6379310344827587,0.5714285714285714,0.6744186046511629,0.7142857142857144,0.0,0.7358490566037736,0.0,0.0,0.5,0.5
2025:01:13:11:29:21,RP40,SM-S908E,2212343,30,-41.84941260598164,29.0,52.0,train,0.0,0.4571428571428573,0.0,0.0,0.6440677966101696,0.8367346938775511,0.8809523809523809,0.0,0.7419354838709677,0.8135593220338984,0.6724137931034483,0.6428571428571428,0.6190476190476191,0.8181818181818183,0.4107142857142856,0.5471698113207548,0.0,0.4571428571428573,0.0,0.0,0.6271186440677967,0.8367346938775511,0.8809523809523809,0.0,0.7419354838709677,0.8135593220338984,0.0,0.6428571428571428,0.0,0.7714285714285716,0.4107142857142856,0.5471698113207548,0.0,0.4035087719298245,0.35185185185185186,0.35185185185185186
2025:01:13:11:31:15,RP40,SM-S908E,2212343,34,-44.20773324679869,29.0,52.0,train,0.36956521739130443,0.5142857142857142,0.0,0.515625,0.6779661016949153,0.8163265306122449,0.9047619047619047,0.0,0.6612903225806451,0.7457627118644069,0.6379310344827587,0.6428571428571428,0.8571428571428572,0.8181818181818183,0.5357142857142856,0.5283018867924529,0.37777777777777777,0.5142857142857142,0.0,0.4925373134328358,0.6779661016949153,0.7959183673469388,0.9047619047619047,0.0,0.6451612903225806,0.7457627118644069,0.6379310344827587,0.6428571428571428,0.7209302325581395,0.7428571428571429,0.5178571428571428,0.509433962264151,0.0,0.42105263157894735,0.3148148148148149,0.33333333333333326
2025:01:13:11:28:08,RP40,SM-S908E,2212343,42,74.45047967397625,29.0,52.0,train,0.4782608695652173,0.5142857142857142,0.0,0.484375,0.6779661016949153,0.8367346938775511,0.7857142857142856,0.37142857142857144,0.7903225806451613,0.8644067796610171,0.5344827586206897,0.7142857142857142,0.6190476190476191,0.9090909090909092,0.4821428571428572,0.679245283018868,0.4888888888888887,0.5142857142857142,0.0,0.4776119402985074,0.6779661016949153,0.8367346938775511,0.7857142857142856,0.38235294117647056,0.7903225806451613,0.8644067796610171,0.5172413793103448,0.7142857142857142,0.0,0.8857142857142859,0.4821428571428572,0.679245283018868,0.4736842105263157,0.45614035087719307,0.4444444444444444,0.4444444444444444
2025:01:13:11:24:06,RP40,SM-S908E,2212343,26,177.09944392830485,29.0,52.0,train,0.0,0.5714285714285716,0.0,0.0,0.7118644067796611,0.0,0.8333333333333333,0.7428571428571429,0.9193548387096774,0.8305084745762713,0.7413793103448276,0.6785714285714286,0.6666666666666665,0.7878787878787881,0.0,0.6981132075471699,0.0,0.5714285714285716,0.0,0.0,0.728813559322034,0.0,0.8333333333333333,0.7647058823529411,0.9193548387096774,0.8305084745762713,0.7413793103448276,0.6785714285714286,0.0,0.7428571428571429,0.0,0.6981132075471699,0.0,0.0,0.4444444444444444,0.462962962962963
2025:01:13:11:30:39,RP40,SM-S908E,2212343,36,-33.66923457728819,29.0,52.0,validation,0.0,0.34285714285714297,0.0,0.5625,0.5254237288135595,0.7959183673469388,0.8333333333333333,0.6000000000000001,0.7903225806451613,0.7118644067796611,0.0,0.6428571428571428,0.45238095238095233,0.7272727272727275,0.5178571428571428,0.4528301886792454,0.5333333333333332,0.34285714285714297,0.0,0.5373134328358208,0.5254237288135595,0.7959183673469388,0.8333333333333333,0.617647058823529,0.7903225806451613,0.7118644067796611,0.0,0.6428571428571428,0.4186046511627908,0.6857142857142859,0.625,0.4339622641509435,0.0,0.3508771929824561,0.3148148148148149,0.3148148148148149
2025:01:13:11:19:42,RP40,SM-S908E,2212343,23,-107.63347934800461,29.0,52.0,validation,0.0,0.6000000000000001,0.0,0.6875,0.7796610169491527,0.7755102040816326,0.8333333333333333,0.0,1.0,0.8305084745762713,0.0,0.5714285714285714,0.0,0.7272727272727275,0.5535714285714286,0.6981132075471699,0.0,0.5714285714285716,0.0,0.0,0.7796610169491527,0.0,0.8333333333333333,0.0,1.0806451612903225,0.8305084745762713,0.6724137931034483,0.5714285714285714,0.0,0.0,0.5535714285714286,0.6981132075471699,0.0,0.0,0.4259259259259258,0.4259259259259258
2025:01:13:11:29:57,RP40,SM-S908E,2212343,31,-42.87374426028534,29.0,52.0,validation,0.0,0.4571428571428573,0.0,0.0,0.5254237288135595,0.6938775510204083,0.8809523809523809,0.0,0.6129032258064516,0.6610169491525425,0.0,0.625,0.0,0.9090909090909092,0.3571428571428572,0.6037735849056605,0.5777777777777777,0.4571428571428573,0.0,0.0,0.4915254237288136,0.0,0.8809523809523809,0.4705882352941173,0.564516129032258,0.6610169491525425,0.0,0.625,0.0,0.8285714285714287,0.3392857142857142,0.6037735849056605,0.3859649122807016,0.0,0.2962962962962963,0.3148148148148149
2025:01:13:11:26:08,RP40,SM-S908E,2212343,38,76.9293300084082,29.0,52.0,test,0.7173913043478262,0.6000000000000001,0.0,0.546875,0.6101694915254239,0.7551020408163265,0.7857142857142856,0.6000000000000001,0.9032258064516129,0.8135593220338984,0.6724137931034483,0.6428571428571428,0.6428571428571428,0.8181818181818183,0.5892857142857142,0.7735849056603774,0.5777777777777777,0.6000000000000001,0.0,0.5223880597014925,0.6271186440677967,0.7551020408163265,0.7857142857142856,0.6764705882352939,0.8709677419354839,0.8135593220338984,0.6724137931034483,0.6428571428571428,0.0,0.7714285714285716,0.5892857142857142,0.7735849056603774,0.42105263157894735,0.45614035087719307,0.4814814814814814,0.4814814814814814
2025:01:13:11:22:16,RP40,SM-S908E,2212343,33,174.68825990947784,29.0,52.0,test,0.0,0.5428571428571431,0.0,0.6875,0.728813559322034,0.7755102040816326,0.7619047619047619,0.7142857142857144,1.0483870967741935,0.7796610169491527,0.6379310344827587,0.5714285714285714,0.6428571428571428,0.8181818181818183,0.5714285714285714,0.6037735849056605,0.0,0.0,0.0,0.6417910447761194,0.7457627118644069,0.7755102040816326,0.7619047619047619,0.7058823529411762,1.0483870967741935,0.7796610169491527,0.603448275862069,0.5714285714285714,0.8139534883720929,0.8,0.5892857142857142,0.6037735849056605,0.0,0.0,0.35185185185185186,0.35185185185185186
2025:01:13:11:18:15,RP40,SM-S908E,2212343,36,-115.6860974909369,29.0,52.0,test,0.6739130434782608,0.5714285714285716,0.0,0.71875,0.7457627118644069,1.0408163265306123,0.6428571428571428,0.7714285714285716,0.9516129032258064,0.9152542372881357,0.7586206896551724,0.5892857142857142,0.7380952380952381,0.6969696969696968,0.75,0.679245283018868,0.6888888888888889,0.5714285714285716,0.0,0.6865671641791045,0.7457627118644069,0.0,0.6428571428571428,0.7941176470588234,0.967741935483871,0.8983050847457629,0.7413793103448276,0.5892857142857142,0.7209302325581395,0.657142857142857,0.75,0.679245283018868,0.5438596491228069,0.0,0.38888888888888884,0.38888888888888884
