Time,WiFi fingerprint serial number,WiFi AP serial number,Total number of AP scanned,WiFi SSID,WiFi BSSID,WiFi Frequency (MHz),WiFi RSSI (dBm),Magnetic x (µT),Magnetic y (µT),Magnetic z (µT),GPS Longitude (°),GPS Latitude (°),GPS Altitude (m),Orientation Azimuth (°),Orientation Pitch (°),Orientation Roll (°),Phone Model,Student ID,Reference Point ID
2026:09:06:14:40:54,1,1,25,Pixel_7843,aa:1b:69:bc:a1:79,2462,-75,,,,,,,,,,M2012K11C,2212343,RP46
2026:09:06:14:40:54,1,2,25,DLU-Teacher,88:dc:97:12:65:57,2412,-60,,,,,,,,,,M2012K11C,2212343,RP46
2026:09:06:14:40:54,1,3,25,DLU-Teacher,88:dc:97:12:64:82,2432,-67,,,,,,,,,,M2012K11C,2212343,RP46
2026:09:06:14:40:54,1,4,25,DLU-Teacher,88:dc:97:12:64:83,5300,-74,,,,,,,,,,M2012K11C,2212343,RP46
2026:09:06:14:40:54,1,5,25,DLU-Student-Lib,8e:dc:97:12:62:c7,5500,-79,,,,,,,,,,M2012K11C,2212343,RP46
2026:09:06:14:40:54,1,6,25,DLU-Teacher,88:dc:97:12:65:2a,2417,-71,,,,,,,,,,M2012K11C,2212343,RP46
2026:09:06:14:40:54,1,7,25,Bảo Uyên xinh gái 💗,fe:64:23:07:3e:81,2437,-73,,,,,,,,,,M2012K11C,2212343,RP46
2026:09:06:14:40:54,1,8,25,DLU-Student-Lib,8e:dc:97:12:62:d0,5805,-69,,,,,,,,,,M2012K11C,2212343,RP46
2026:09:06:14:40:54,1,9,25,DLU-Teacher,88:dc:97:12:64:c4,2452,-78,,,,,,,,,,M2012K11C,2212343,RP46
2026:09:06:14:40:54,1,10,25,DLU-Teacher,88:dc:97:12:64:c5,5180,-91,,,,,,,,,,M2012K11C,2212343,RP46
2026:09:06:14:40:54,1,11,25,DLU-Teacher,88:dc:97:12:65:58,5280,-73,,,,,,,,,,M2012K11C,2212343,RP46
2026:09:06:14:40:54,1,12,25,DLU-Student-Lib,8e:dc:97:12:65:2b,5805,-75,,,,,,,,,,M2012K11C,2212343,RP46
2026:09:06:14:40:54,1,13,25,DLU-Teacher,88:dc:97:12:62:c7,5500,-78,,,,,,,,,,M2012K11C,2212343,RP46
2026:09:06:14:40:54,1,14,25,DLU-Student-Lib,8e:dc:97:12:64:82,2432,-67,,,,,,,,,,M2012K11C,2212343,RP46
2026:09:06:14:40:54,1,15,25,DLU-Student-Lib,8e:dc:97:12:64:83,5300,-74,,,,,,,,,,M2012K11C,2212343,RP46
2026:09:06:14:40:54,1,16,25,DLU-Student-Lib,8e:dc:97:12:65:58,5280,-73,,,,,,,,,,M2012K11C,2212343,RP46
2026:09:06:14:40:54,1,17,25,DLU-Student-Lib,8e:dc:97:12:65:57,2412,-63,,,,,,,,,,M2012K11C,2212343,RP46
2026:09:06:14:40:54,1,18,25,DLU-Student-Lib,8e:dc:97:12:65:21,2412,-58,,,,,,,,,,M2012K11C,2212343,RP46
2026:09:06:14:40:54,1,19,25,1.Free Wi-MESH,b4:5d:50:d7:e9:51,5220,-72,,,,,,,,,,M2012K11C,2212343,RP46
2026:09:06:14:40:54,1,20,25,DLU - WIMESH,b4:5d:50:d7:e9:50,5220,-71,,,,,,,,,,M2012K11C,2212343,RP46
2026:09:06:14:40:54,1,21,25,DLU-Student-Lib,8e:dc:97:12:65:22,5765,-62,,,,,,,,,,M2012K11C,2212343,RP46
2026:09:06:14:40:54,1,22,25,DLU-Student-Lib,8e:dc:97:12:65:2a,2417,-71,,,,,,,,,,M2012K11C,2212343,RP46
2026:09:06:14:40:54,1,23,25,DLU-Teacher,88:dc:97:12:65:22,5765,-62,,,,,,,,,,M2012K11C,2212343,RP46
2026:09:06:14:40:54,1,24,25,DLU-ThuVien,68:ff:7b:d4:f1:cf,2422,-71,,,,,,,,,,M2012K11C,2212343,RP46
2026:09:06:14:40:54,1,25,25,DLU-ThuVien,68:ff:7b:d4:f1:ce,5180,-84,,,,,,,,,,M2012K11C,2212343,RP46
2026:09:06:14:41:45,2,1,31,Pixel_7843,aa:1b:69:bc:a1:79,2462,-75,,,,,,,,,,M2012K11C,2212343,RP46
2026:09:06:14:41:45,2,2,31,DLU-Teacher,88:dc:97:12:64:82,2432,-73,,,,,,,,,,M2012K11C,2212343,RP46
2026:09:06:14:41:45,2,3,31,DLU-Teacher,88:dc:97:12:64:83,5300,-75,,,,,,,,,,M2012K11C,2212343,RP46
2026:09:06:14:41:45,2,4,31,DLU-Student-Lib,8e:dc:97:12:62:c7,5500,-77,,,,,,,,,,M2012K11C,2212343,RP46
2026:09:06:14:41:45,2,5,31,DLU-Teacher,88:dc:97:12:65:2b,5805,-73,,,,,,,,,,M2012K11C,2212343,RP46
2026:09:06:14:41:45,2,6,31,DLU-Teacher,88:dc:97:12:65:2a,2417,-67,,,,,,,,,,M2012K11C,2212343,RP46
2026:09:06:14:41:45,2,7,31,Bảo Uyên xinh gái 💗,fe:64:23:07:3e:81,2437,-75,,,,,,,,,,M2012K11C,2212343,RP46
2026:09:06:14:41:45,2,8,31,DLU-Student-Lib,8e:dc:97:12:62:d0,5805,-67,,,,,,,,,,M2012K11C,2212343,RP46
2026:09:06:14:41:45,2,9,31,DLU-Student-Lib,8e:dc:97:12:65:64,5200,-79,,,,,,,,,,M2012K11C,2212343,RP46
2026:09:06:14:41:45,2,10,31,DLU-Teacher,88:dc:97:12:64:c4,2452,-71,,,,,,,,,,M2012K11C,2212343,RP46
2026:09:06:14:41:45,2,11,31,DLU-Teacher,88:dc:97:12:65:58,5280,-67,,,,,,,,,,M2012K11C,2212343,RP46
2026:09:06:14:41:45,2,12,31,DLU-Student-Lib,8e:dc:97:12:64:c4,2452,-72,,,,,,,,,,M2012K11C,2212343,RP46
2026:09:06:14:41:45,2,13,31,DLU-Teacher,88:dc:97:12:65:64,5200,-80,,,,,,,,,,M2012K11C,2212343,RP46
2026:09:06:14:41:45,2,14,31,DLU-Student-Lib,8e:dc:97:12:65:2b,5805,-74,,,,,,,,,,M2012K11C,2212343,RP46
2026:09:06:14:41:45,2,15,31,DLU-Teacher,88:dc:97:12:62:c7,5500,-77,,,,,,,,,,M2012K11C,2212343,RP46
2026:09:06:14:41:45,2,16,31,DLU-Student-Lib,8e:dc:97:12:64:82,2432,-75,,,,,,,,,,M2012K11C,2212343,RP46
2026:09:06:14:41:45,2,17,31,DLU-Student-Lib,8e:dc:97:12:64:83,5300,-75,,,,,,,,,,M2012K11C,2212343,RP46
2026:09:06:14:41:45,2,18,31,DLU-Student-Lib,8e:dc:97:12:65:58,5280,-67,,,,,,,,,,M2012K11C,2212343,RP46
2026:09:06:14:41:45,2,19,31,DLU-Teacher,88:dc:97:12:62:cf,2412,-70,,,,,,,,,,M2012K11C,2212343,RP46
2026:09:06:14:41:45,2,20,31,DLU-Student-Lib,8e:dc:97:12:62:cf,2412,-71,,,,,,,,,,M2012K11C,2212343,RP46
2026:09:06:14:41:45,2,21,31,1.Free Wi-MESH,b4:5d:50:d7:e9:51,5220,-71,,,,,,,,,,M2012K11C,2212343,RP46
2026:09:06:14:41:45,2,22,31,DLU - WIMESH,b4:5d:50:d7:e9:50,5220,-71,,,,,,,,,,M2012K11C,2212343,RP46
2026:09:06:14:41:45,2,23,31,DLU-Student-Lib,8e:dc:97:12:65:22,5765,-59,,,,,,,,,,M2012K11C,2212343,RP46
2026:09:06:14:41:45,2,24,31,DLU-Teacher,88:dc:97:12:62:d0,5805,-67,,,,,,,,,,M2012K11C,2212343,RP46
2026:09:06:14:41:45,2,25,31,DLU - WIMESH,b4:5d:50:d7:e9:40,2462,-78,,,,,,,,,,M2012K11C,2212343,RP46
2026:09:06:14:41:45,2,26,31,DLU-Student-Lib,8e:dc:97:12:65:2a,2417,-72,,,,,,,,,,M2012K11C,2212343,RP46
2026:09:06:14:41:45,2,27,31,DLU-Teacher,88:dc:97:12:65:22,5765,-60,,,,,,,,,,M2012K11C,2212343,RP46
2026:09:06:14:41:45,2,28,31,DLU-ThuVien,68:ff:7b:d4:f1:cf,2422,-72,,,,,,,,,,M2012K11C,2212343,RP46
2026:09:06:14:41:45,2,29,31,DLU-Teacher,88:dc:97:12:65:21,2412,-53,,,,,,,,,,M2012K11C,2212343,RP46
2026:09:06:14:41:45,2,30,31,DLU-ThuVien,68:ff:7b:d4:f1:ce,5180,-85,,,,,,,,,,M2012K11C,2212343,RP46
2026:09:06:14:41:45,2,31,31,1.Free Wi-MESH,b4:5d:50:d7:e9:41,2462,-79,,,,,,,,,,M2012K11C,2212343,RP46
2026:09:06:14:42:36,3,1,29,Pixel_7843,aa:1b:69:bc:a1:79,2462,-80,,,,,,,,,,M2012K11C,2212343,RP46
2026:09:06:14:42:36,3,2,29,DLU-Teacher,88:dc:97:12:65:57,2412,-58,,,,,,,,,,M2012K11C,2212343,RP46
2026:09:06:14:42:36,3,3,29,DLU-Teacher,88:dc:97:12:64:82,2432,-66,,,,,,,,,,M2012K11C,2212343,RP46
2026:09:06:14:42:36,3,4,29,DLU-Teacher,88:dc:97:12:64:83,5300,-75,,,,,,,,,,M2012K11C,2212343,RP46
2026:09:06:14:42:36,3,5,29,DLU-Student-Lib,8e:dc:97:12:62:c7,5500,-79,,,,,,,,,,M2012K11C,2212343,RP46
2026:09:06:14:42:36,3,6,29,DLU-Teacher,88:dc:97:12:65:2b,5805,-75,,,,,,,,,,M2012K11C,2212343,RP46
2026:09:06:14:42:36,3,7,29,DLU-Teacher,88:dc:97:12:65:2a,2417,-71,,,,,,,,,,M2012K11C,2212343,RP46
2026:09:06:14:42:36,3,8,29,Bảo Uyên xinh gái 💗,fe:64:23:07:3e:81,2437,-71,,,,,,,,,,M2012K11C,2212343,RP46
2026:09:06:14:42:36,3,9,29,DLU-Student-Lib,8e:dc:97:12:62:d0,5805,-67,,,,,,,,,,M2012K11C,2212343,RP46
2026:09:06:14:42:36,3,10,29,DLU-Student-Lib,8e:dc:97:12:65:64,5200,-82,,,,,,,,,,M2012K11C,2212343,RP46
2026:09:06:14:42:36,3,11,29,DLU-Teacher,88:dc:97:12:64:c4,2452,-72,,,,,,,,,,M2012K11C,2212343,RP46
2026:09:06:14:42:36,3,12,29,DLU-Teacher,88:dc:97:12:65:58,5280,-71,,,,,,,,,,M2012K11C,2212343,RP46
2026:09:06:14:42:36,3,13,29,DLU-Student-Lib,8e:dc:97:12:64:c4,2452,-74,,,,,,,,,,M2012K11C,2212343,RP46
2026:09:06:14:42:36,3,14,29,DLU-Teacher,88:dc:97:12:65:64,5200,-81,,,,,,,,,,M2012K11C,2212343,RP46
2026:09:06:14:42:36,3,15,29,DLU-Teacher,88:dc:97:12:65:63,2452,-74,,,,,,,,,,M2012K11C,2212343,RP46
2026:09:06:14:42:36,3,16,29,DLU-Student-Lib,8e:dc:97:12:65:2b,5805,-74,,,,,,,,,,M2012K11C,2212343,RP46
2026:09:06:14:42:36,3,17,29,DLU-Teacher,88:dc:97:12:62:c7,5500,-78,,,,,,,,,,M2012K11C,2212343,RP46
2026:09:06:14:42:36,3,18,29,DLU-Student-Lib,8e:dc:97:12:64:82,2432,-66,,,,,,,,,,M2012K11C,2212343,RP46
2026:09:06:14:42:36,3,19,29,DLU-Student-Lib,8e:dc:97:12:64:83,5300,-75,,,,,,,,,,M2012K11C,2212343,RP46
2026:09:06:14:42:36,3,20,29,DLU-Student-Lib,8e:dc:97:12:65:58,5280,-70,,,,,,,,,,M2012K11C,2212343,RP46
2026:09:06:14:42:36,3,21,29,DLU-Teacher,88:dc:97:12:62:cf,2412,-72,,,,,,,,,,M2012K11C,2212343,RP46
2026:09:06:14:42:36,3,22,29,1.Free Wi-MESH,b4:5d:50:d7:e9:51,5220,-71,,,,,,,,,,M2012K11C,2212343,RP46
2026:09:06:14:42:36,3,23,29,DLU - WIMESH,b4:5d:50:d7:e9:50,5220,-71,,,,,,,,,,M2012K11C,2212343,RP46
2026:09:06:14:42:36,3,24,29,DLU-Student-Lib,8e:dc:97:12:65:22,5765,-58,,,,,,,,,,M2012K11C,2212343,RP46
2026:09:06:14:42:36,3,25,29,DLU-Teacher,88:dc:97:12:62:d0,5805,-67,,,,,,,,,,M2012K11C,2212343,RP46
2026:09:06:14:42:36,3,26,29,DLU-Teacher,88:dc:97:12:65:22,5765,-58,,,,,,,,,,M2012K11C,2212343,RP46
2026:09:06:14:42:36,3,27,29,DLU-ThuVien,68:ff:7b:d4:f1:cf,2422,-63,,,,,,,,,,M2012K11C,2212343,RP46
2026:09:06:14:42:36,3,28,29,DLU-Teacher,88:dc:97:12:65:21,2412,-71,,,,,,,,,,M2012K11C,2212343,RP46
2026:09:06:14:42:36,3,29,29,DLU-ThuVien,68:ff:7b:d4:f1:ce,5180,-85,,,,,,,,,,M2012K11C,2212343,RP46
2026:09:06:14:43:28,4,1,29,DLU-Teacher,88:dc:97:12:65:57,2412,-61,,,,,,,,,,M2012K11C,2212343,RP46
2026:09:06:14:43:28,4,2,29,DLU-Teacher,88:dc:97:12:64:82,2432,-71,,,,,,,,,,M2012K11C,2212343,RP46
2026:09:06:14:43:28,4,3,29,DLU-Teacher,88:dc:97:12:64:83,5300,-75,,,,,,,,,,M2012K11C,2212343,RP46
2026:09:06:14:43:28,4,4,29,DLU-Student-Lib,8e:dc:97:12:62:c7,5500,-76,,,,,,,,,,M2012K11C,2212343,RP46
2026:09:06:14:43:28,4,5,29,DLU-Teacher,88:dc:97:12:65:2b,5805,-76,,,,,,,,,,M2012K11C,2212343,RP46
2026:09:06:14:43:28,4,6,29,DLU-Teacher,88:dc:97:12:65:2a,2417,-69,,,,,,,,,,M2012K11C,2212343,RP46
2026:09:06:14:43:28,4,7,29,Bảo Uyên xinh gái 💗,fe:64:23:07:3e:81,2437,-73,,,,,,,,,,M2012K11C,2212343,RP46
2026:09:06:14:43:28,4,8,29,DLU-Student-Lib,8e:dc:97:12:62:d0,5805,-64,,,,,,,,,,M2012K11C,2212343,RP46
2026:09:06:14:43:28,4,9,29,DLU-Student-Lib,8e:dc:97:12:65:64,5200,-79,,,,,,,,,,M2012K11C,2212343,RP46
2026:09:06:14:43:28,4,10,29,DLU-Teacher,88:dc:97:12:64:c4,2452,-72,,,,,,,,,,M2012K11C,2212343,RP46
2026:09:06:14:43:28,4,11,29,DLU-Teacher,88:dc:97:12:65:58,5280,-66,,,,,,,,,,M2012K11C,2212343,RP46
2026:09:06:14:43:28,4,12,29,DLU-Student-Lib,8e:dc:97:12:64:c4,2452,-72,,,,,,,,,,M2012K11C,2212343,RP46
2026:09:06:14:43:28,4,13,29,DLU-Student-Lib,8e:dc:97:12:64:c5,5180,-90,,,,,,,,,,M2012K11C,2212343,RP46
2026:09:06:14:43:28,4,14,29,DLU-Teacher,88:dc:97:12:65:64,5200,-79,,,,,,,,,,M2012K11C,2212343,RP46
2026:09:06:14:43:28,4,15,29,DLU-Student-Lib,8e:dc:97:12:65:2b,5805,-76,,,,,,,,,,M2012K11C,2212343,RP46
2026:09:06:14:43:28,4,16,29,DLU-Teacher,88:dc:97:12:62:c7,5500,-77,,,,,,,,,,M2012K11C,2212343,RP46
2026:09:06:14:43:28,4,17,29,DLU-Student-Lib,8e:dc:97:12:64:83,5300,-75,,,,,,,,,,M2012K11C,2212343,RP46
2026:09:06:14:43:28,4,18,29,DLU-Student-Lib,8e:dc:97:12:65:58,5280,-66,,,,,,,,,,M2012K11C,2212343,RP46
2026:09:06:14:43:28,4,19,29,DLU-Student-Lib,8e:dc:97:12:65:57,2412,-61,,,,,,,,,,M2012K11C,2212343,RP46
2026:09:06:14:43:28,4,20,29,DLU-Student-Lib,8e:dc:97:12:65:21,2412,-56,,,,,,,,,,M2012K11C,2212343,RP46
2026:09:06:14:43:28,4,21,29,1.Free Wi-MESH,b4:5d:50:d7:e9:51,5220,-70,,,,,,,,,,M2012K11C,2212343,RP46
2026:09:06:14:43:28,4,22,29,DLU - WIMESH,b4:5d:50:d7:e9:50,5220,-73,,,,,,,,,,M2012K11C,2212343,RP46
2026:09:06:14:43:28,4,23,29,DLU-Student-Lib,8e:dc:97:12:65:22,5765,-60,,,,,,,,,,M2012K11C,2212343,RP46
2026:09:06:14:43:28,4,24,29,DLU-Teacher,88:dc:97:12:62:d0,5805,-64,,,,,,,,,,M2012K11C,2212343,RP46
2026:09:06:14:43:28,4,25,29,DLU-Student-Lib,8e:dc:97:12:65:2a,2417,-70,,,,,,,,,,M2012K11C,2212343,RP46
2026:09:06:14:43:28,4,26,29,DLU-Teacher,88:dc:97:12:65:22,5765,-60,,,,,,,,,,M2012K11C,2212343,RP46
2026:09:06:14:43:28,4,27,29,DLU-ThuVien,68:ff:7b:d4:f1:cf,2422,-71,,,,,,,,,,M2012K11C,2212343,RP46
2026:09:06:14:43:28,4,28,29,DLU-Teacher,88:dc:97:12:65:21,2412,-54,,,,,,,,,,M2012K11C,2212343,RP46
2026:09:06:14:43:28,4,29,29,DLU-ThuVien,68:ff:7b:d4:f1:ce,5180,-84,,,,,,,,,,M2012K11C,2212343,RP46
2026:09:06:14:44:19,5,1,23,DLU-Teacher,88:dc:97:12:65:57,2412,-56,,,,,,,,,,M2012K11C,2212343,RP46
2026:09:06:14:44:19,5,2,23,DLU-Teacher,88:dc:97:12:64:83,5300,-73,,,,,,,,,,M2012K11C,2212343,RP46
2026:09:06:14:44:19,5,3,23,DLU-Student-Lib,8e:dc:97:12:62:c7,5500,-74,,,,,,,,,,M2012K11C,2212343,RP46
2026:09:06:14:44:19,5,4,23,Bảo Uyên xinh gái 💗,fe:64:23:07:3e:81,2437,-72,,,,,,,,,,M2012K11C,2212343,RP46
2026:09:06:14:44:19,5,5,23,DLU-Student-Lib,8e:dc:97:12:62:d0,5805,-66,,,,,,,,,,M2012K11C,2212343,RP46
2026:09:06:14:44:19,5,6,23,DLU-Student-Lib,8e:dc:97:12:65:64,5200,-80,,,,,,,,,,M2012K11C,2212343,RP46
2026:09:06:14:44:19,5,7,23,DLU-Teacher,88:dc:97:12:64:c4,2452,-69,,,,,,,,,,M2012K11C,2212343,RP46
2026:09:06:14:44:19,5,8,23,DLU-Teacher,88:dc:97:12:65:58,5280,-68,,,,,,,,,,M2012K11C,2212343,RP46
2026:09:06:14:44:19,5,9,23,DLU-Student-Lib,8e:dc:97:12:64:c4,2452,-69,,,,,,,,,,M2012K11C,2212343,RP46
2026:09:06:14:44:19,5,10,23,DLU-Teacher,88:dc:97:12:65:64,5200,-80,,,,,,,,,,M2012K11C,2212343,RP46
2026:09:06:14:44:19,5,11,23,DLU-Teacher,88:dc:97:12:62:c7,5500,-75,,,,,,,,,,M2012K11C,2212343,RP46
2026:09:06:14:44:19,5,12,23,DLU-Student-Lib,8e:dc:97:12:64:83,5300,-73,,,,,,,,,,M2012K11C,2212343,RP46
2026:09:06:14:44:19,5,13,23,DLU-Student-Lib,8e:dc:97:12:65:58,5280,-67,,,,,,,,,,M2012K11C,2212343,RP46
2026:09:06:14:44:19,5,14,23,DLU-Student-Lib,8e:dc:97:12:65:57,2412,-61,,,,,,,,,,M2012K11C,2212343,RP46
2026:09:06:14:44:19,5,15,23,DLU-Student-Lib,8e:dc:97:12:65:21,2412,-55,,,,,,,,,,M2012K11C,2212343,RP46
2026:09:06:14:44:19,5,16,23,1.Free Wi-MESH,b4:5d:50:d7:e9:51,5220,-71,,,,,,,,,,M2012K11C,2212343,RP46
2026:09:06:14:44:19,5,17,23,DLU - WIMESH,b4:5d:50:d7:e9:50,5220,-71,,,,,,,,,,M2012K11C,2212343,RP46
2026:09:06:14:44:19,5,18,23,DLU-Student-Lib,8e:dc:97:12:65:22,5765,-61,,,,,,,,,,M2012K11C,2212343,RP46
2026:09:06:14:44:19,5,19,23,DLU-Teacher,88:dc:97:12:62:d0,5805,-67,,,,,,,,,,M2012K11C,2212343,RP46
2026:09:06:14:44:19,5,20,23,DLU-Teacher,88:dc:97:12:65:22,5765,-61,,,,,,,,,,M2012K11C,2212343,RP46
2026:09:06:14:44:19,5,21,23,DLU-ThuVien,68:ff:7b:d4:f1:cf,2422,-62,,,,,,,,,,M2012K11C,2212343,RP46
2026:09:06:14:44:19,5,22,23,DLU-Teacher,88:dc:97:12:65:21,2412,-56,,,,,,,,,,M2012K11C,2212343,RP46
2026:09:06:14:44:19,5,23,23,DLU-ThuVien,68:ff:7b:d4:f1:ce,5180,-83,,,,,,,,,,M2012K11C,2212343,RP46
2026:09:06:14:45:10,6,1,29,Pixel_7843,aa:1b:69:bc:a1:79,2462,-73,,,,,,,,,,M2012K11C,2212343,RP46
2026:09:06:14:45:10,6,2,29,DLU-Teacher,88:dc:97:12:65:57,2412,-56,,,,,,,,,,M2012K11C,2212343,RP46
2026:09:06:14:45:10,6,3,29,DLU-Teacher,88:dc:97:12:64:82,2432,-66,,,,,,,,,,M2012K11C,2212343,RP46
2026:09:06:14:45:10,6,4,29,DLU-Teacher,88:dc:97:12:64:83,5300,-72,,,,,,,,,,M2012K11C,2212343,RP46
2026:09:06:14:45:10,6,5,29,DLU-Student-Lib,8e:dc:97:12:62:c7,5500,-74,,,,,,,,,,M2012K11C,2212343,RP46
2026:09:06:14:45:10,6,6,29,DLU-Student-Lib,8e:dc:97:12:62:c6,2452,-76,,,,,,,,,,M2012K11C,2212343,RP46
2026:09:06:14:45:10,6,7,29,DLU-Teacher,88:dc:97:12:65:2b,5805,-75,,,,,,,,,,M2012K11C,2212343,RP46
2026:09:06:14:45:10,6,8,29,Bảo Uyên xinh gái 💗,fe:64:23:07:3e:81,2437,-77,,,,,,,,,,M2012K11C,2212343,RP46
2026:09:06:14:45:10,6,9,29,DLU-Student-Lib,8e:dc:97:12:62:d0,5805,-68,,,,,,,,,,M2012K11C,2212343,RP46
2026:09:06:14:45:10,6,10,29,DLU-Student-Lib,8e:dc:97:12:65:64,5200,-78,,,,,,,,,,M2012K11C,2212343,RP46
2026:09:06:14:45:10,6,11,29,DLU-Teacher,88:dc:97:12:64:c4,2452,-75,,,,,,,,,,M2012K11C,2212343,RP46
2026:09:06:14:45:10,6,12,29,DLU-Teacher,88:dc:97:12:65:58,5280,-66,,,,,,,,,,M2012K11C,2212343,RP46
2026:09:06:14:45:10,6,13,29,DLU-Student-Lib,8e:dc:97:12:64:c4,2452,-74,,,,,,,,,,M2012K11C,2212343,RP46
2026:09:06:14:45:10,6,14,29,DLU-Teacher,88:dc:97:12:65:64,5200,-79,,,,,,,,,,M2012K11C,2212343,RP46
2026:09:06:14:45:10,6,15,29,DLU-Student-Lib,8e:dc:97:12:65:2b,5805,-75,,,,,,,,,,M2012K11C,2212343,RP46
2026:09:06:14:45:10,6,16,29,DLU-Teacher,88:dc:97:12:62:c6,2452,-76,,,,,,,,,,M2012K11C,2212343,RP46
2026:09:06:14:45:10,6,17,29,DLU-Teacher,88:dc:97:12:62:c7,5500,-74,,,,,,,,,,M2012K11C,2212343,RP46
2026:09:06:14:45:10,6,18,29,DLU-Student-Lib,8e:dc:97:12:64:82,2432,-66,,,,,,,,,,M2012K11C,2212343,RP46
2026:09:06:14:45:10,6,19,29,DLU-Student-Lib,8e:dc:97:12:64:83,5300,-74,,,,,,,,,,M2012K11C,2212343,RP46
2026:09:06:14:45:10,6,20,29,DLU-Student-Lib,8e:dc:97:12:65:58,5280,-66,,,,,,,,,,M2012K11C,2212343,RP46
2026:09:06:14:45:10,6,21,29,DLU-Student-Lib,8e:dc:97:12:65:57,2412,-57,,,,,,,,,,M2012K11C,2212343,RP46
2026:09:06:14:45:10,6,22,29,DLU-Teacher,88:dc:97:12:62:cf,2412,-75,,,,,,,,,,M2012K11C,2212343,RP46
2026:09:06:14:45:10,6,23,29,1.Free Wi-MESH,b4:5d:50:d7:e9:51,5220,-71,,,,,,,,,,M2012K11C,2212343,RP46
2026:09:06:14:45:10,6,24,29,DLU - WIMESH,b4:5d:50:d7:e9:50,5220,-72,,,,,,,,,,M2012K11C,2212343,RP46
2026:09:06:14:45:10,6,25,29,DLU-Student-Lib,8e:dc:97:12:65:22,5765,-62,,,,,,,,,,M2012K11C,2212343,RP46
2026:09:06:14:45:10,6,26,29,DLU-Teacher,88:dc:97:12:62:d0,5805,-67,,,,,,,,,,M2012K11C,2212343,RP46
2026:09:06:14:45:10,6,27,29,DLU-Student-Lib,8e:dc:97:12:65:2a,2417,-74,,,,,,,,,,M2012K11C,2212343,RP46
2026:09:06:14:45:10,6,28,29,DLU-Teacher,88:dc:97:12:65:22,5765,-62,,,,,,,,,,M2012K11C,2212343,RP46
2026:09:06:14:45:10,6,29,29,DLU-ThuVien,68:ff:7b:d4:f1:cf,2422,-67,,,,,,,,,,M2012K11C,2212343,RP46
2026:09:06:14:46:01,7,1,24,DLU-Teacher,88:dc:97:12:65:57,2412,-58,,,,,,,,,,M2012K11C,2212343,RP46
2026:09:06:14:46:01,7,2,24,DLU-Teacher,88:dc:97:12:64:82,2432,-72,,,,,,,,,,M2012K11C,2212343,RP46
2026:09:06:14:46:01,7,3,24,DLU-Student-Lib,8e:dc:97:12:62:c7,5500,-73,,,,,,,,,,M2012K11C,2212343,RP46
2026:09:06:14:46:01,7,4,24,DLU-Student-Lib,8e:dc:97:12:62:c6,2452,-75,,,,,,,,,,M2012K11C,2212343,RP46
2026:09:06:14:46:01,7,5,24,Bảo Uyên xinh gái 💗,fe:64:23:07:3e:81,2437,-76,,,,,,,,,,M2012K11C,2212343,RP46
2026:09:06:14:46:01,7,6,24,DLU-Student-Lib,8e:dc:97:12:62:d0,5805,-68,,,,,,,,,,M2012K11C,2212343,RP46
2026:09:06:14:46:01,7,7,24,DLU-Student-Lib,8e:dc:97:12:65:64,5200,-81,,,,,,,,,,M2012K11C,2212343,RP46
2026:09:06:14:46:01,7,8,24,DLU-Teacher,88:dc:97:12:65:58,5280,-67,,,,,,,,,,M2012K11C,2212343,RP46
2026:09:06:14:46:01,7,9,24,DLU-Student-Lib,8e:dc:97:12:64:c4,2452,-77,,,,,,,,,,M2012K11C,2212343,RP46
2026:09:06:14:46:01,7,10,24,DLU-Teacher,88:dc:97:12:65:64,5200,-80,,,,,,,,,,M2012K11C,2212343,RP46
2026:09:06:14:46:01,7,11,24,DLU-Teacher,88:dc:97:12:62:c6,2452,-75,,,,,,,,,,M2012K11C,2212343,RP46
2026:09:06:14:46:01,7,12,24,DLU-Teacher,88:dc:97:12:62:c7,5500,-73,,,,,,,,,,M2012K11C,2212343,RP46
2026:09:06:14:46:01,7,13,24,DLU-Student-Lib,8e:dc:97:12:64:82,2432,-70,,,,,,,,,,M2012K11C,2212343,RP46
2026:09:06:14:46:01,7,14,24,DLU-Student-Lib,8e:dc:97:12:65:58,5280,-67,,,,,,,,,,M2012K11C,2212343,RP46
2026:09:06:14:46:01,7,15,24,DLU-Student-Lib,8e:dc:97:12:65:57,2412,-59,,,,,,,,,,M2012K11C,2212343,RP46
2026:09:06:14:46:01,7,16,24,DLU-Student-Lib,8e:dc:97:12:65:21,2412,-63,,,,,,,,,,M2012K11C,2212343,RP46
2026:09:06:14:46:01,7,17,24,1.Free Wi-MESH,b4:5d:50:d7:e9:51,5220,-70,,,,,,,,,,M2012K11C,2212343,RP46
2026:09:06:14:46:01,7,18,24,DLU - WIMESH,b4:5d:50:d7:e9:50,5220,-71,,,,,,,,,,M2012K11C,2212343,RP46
2026:09:06:14:46:01,7,19,24,DLU-Student-Lib,8e:dc:97:12:65:22,5765,-61,,,,,,,,,,M2012K11C,2212343,RP46
2026:09:06:14:46:01,7,20,24,DLU-Teacher,88:dc:97:12:62:d0,5805,-68,,,,,,,,,,M2012K11C,2212343,RP46
2026:09:06:14:46:01,7,21,24,DLU-Teacher,88:dc:97:12:65:22,5765,-60,,,,,,,,,,M2012K11C,2212343,RP46
2026:09:06:14:46:01,7,22,24,DLU-ThuVien,68:ff:7b:d4:f1:cf,2422,-71,,,,,,,,,,M2012K11C,2212343,RP46
2026:09:06:14:46:01,7,23,24,DLU-Teacher,88:dc:97:12:65:21,2412,-59,,,,,,,,,,M2012K11C,2212343,RP46
2026:09:06:14:46:01,7,24,24,DLU-ThuVien,68:ff:7b:d4:f1:ce,5180,-85,,,,,,,,,,M2012K11C,2212343,RP46
2026:09:06:14:46:52,8,1,22,DLU-Teacher,88:dc:97:12:65:57,2412,-59,,,,,,,,,,M2012K11C,2212343,RP46
2026:09:06:14:46:52,8,2,22,DLU-Teacher,88:dc:97:12:64:82,2432,-67,,,,,,,,,,M2012K11C,2212343,RP46
2026:09:06:14:46:52,8,3,22,DLU-Student-Lib,8e:dc:97:12:62:c7,5500,-76,,,,,,,,,,M2012K11C,2212343,RP46
2026:09:06:14:46:52,8,4,22,DLU-Student-Lib,8e:dc:97:12:62:c6,2452,-70,,,,,,,,,,M2012K11C,2212343,RP46
2026:09:06:14:46:52,8,5,22,DLU-Teacher,88:dc:97:12:65:2b,5805,-75,,,,,,,,,,M2012K11C,2212343,RP46
2026:09:06:14:46:52,8,6,22,DLU-Teacher,88:dc:97:12:65:2a,2417,-72,,,,,,,,,,M2012K11C,2212343,RP46
2026:09:06:14:46:52,8,7,22,Bảo Uyên xinh gái 💗,fe:64:23:07:3e:81,2437,-70,,,,,,,,,,M2012K11C,2212343,RP46
2026:09:06:14:46:52,8,8,22,DLU-Student-Lib,8e:dc:97:12:62:d0,5805,-57,,,,,,,,,,M2012K11C,2212343,RP46
2026:09:06:14:46:52,8,9,22,DLU-Student-Lib,8e:dc:97:12:65:64,5200,-81,,,,,,,,,,M2012K11C,2212343,RP46
2026:09:06:14:46:52,8,10,22,DLU-Teacher,88:dc:97:12:65:64,5200,-80,,,,,,,,,,M2012K11C,2212343,RP46
2026:09:06:14:46:52,8,11,22,DLU-Student-Lib,8e:dc:97:12:65:2b,5805,-67,,,,,,,,,,M2012K11C,2212343,RP46
2026:09:06:14:46:52,8,12,22,DLU-Student-Lib,8e:dc:97:12:64:82,2432,-69,,,,,,,,,,M2012K11C,2212343,RP46
2026:09:06:14:46:52,8,13,22,DLU-Student-Lib,8e:dc:97:12:65:57,2412,-59,,,,,,,,,,M2012K11C,2212343,RP46
2026:09:06:14:46:52,8,14,22,DLU-Teacher,88:dc:97:12:62:cf,2412,-71,,,,,,,,,,M2012K11C,2212343,RP46
2026:09:06:14:46:52,8,15,22,DLU-Student-Lib,8e:dc:97:12:65:21,2412,-57,,,,,,,,,,M2012K11C,2212343,RP46
2026:09:06:14:46:52,8,16,22,1.Free Wi-MESH,b4:5d:50:d7:e9:51,5220,-71,,,,,,,,,,M2012K11C,2212343,RP46
2026:09:06:14:46:52,8,17,22,DLU - WIMESH,b4:5d:50:d7:e9:50,5220,-71,,,,,,,,,,M2012K11C,2212343,RP46
2026:09:06:14:46:52,8,18,22,DLU-Student-Lib,8e:dc:97:12:65:22,5765,-54,,,,,,,,,,M2012K11C,2212343,RP46
2026:09:06:14:46:52,8,19,22,DLU-Teacher,88:dc:97:12:62:d0,5805,-63,,,,,,,,,,M2012K11C,2212343,RP46
2026:09:06:14:46:52,8,20,22,DLU-Teacher,88:dc:97:12:65:22,5765,-54,,,,,,,,,,M2012K11C,2212343,RP46
2026:09:06:14:46:52,8,21,22,DLU-ThuVien,68:ff:7b:d4:f1:cf,2422,-71,,,,,,,,,,M2012K11C,2212343,RP46
2026:09:06:14:46:52,8,22,22,DLU-Teacher,88:dc:97:12:65:21,2412,-57,,,,,,,,,,M2012K11C,2212343,RP46
2026:09:06:14:47:44,9,1,30,Pixel_7843,aa:1b:69:bc:a1:79,2462,-75,,,,,,,,,,M2012K11C,2212343,RP46
2026:09:06:14:47:44,9,2,30,DLU-Teacher,88:dc:97:12:64:82,2432,-67,,,,,,,,,,M2012K11C,2212343,RP46
2026:09:06:14:47:44,9,3,30,DLU-Teacher,88:dc:97:12:64:83,5300,-75,,,,,,,,,,M2012K11C,2212343,RP46
2026:09:06:14:47:44,9,4,30,DLU-Student-Lib,8e:dc:97:12:62:c7,5500,-72,,,,,,,,,,M2012K11C,2212343,RP46
2026:09:06:14:47:44,9,5,30,DLU-Teacher,88:dc:97:12:65:2b,5805,-75,,,,,,,,,,M2012K11C,2212343,RP46
2026:09:06:14:47:44,9,6,30,DLU-Teacher,88:dc:97:12:65:2a,2417,-70,,,,,,,,,,M2012K11C,2212343,RP46
2026:09:06:14:47:44,9,7,30,Bảo Uyên xinh gái 💗,fe:64:23:07:3e:81,2437,-76,,,,,,,,,,M2012K11C,2212343,RP46
2026:09:06:14:47:44,9,8,30,DLU-Student-Lib,8e:dc:97:12:62:d0,5805,-67,,,,,,,,,,M2012K11C,2212343,RP46
2026:09:06:14:47:44,9,9,30,DLU-Student-Lib,8e:dc:97:12:65:64,5200,-81,,,,,,,,,,M2012K11C,2212343,RP46
2026:09:06:14:47:44,9,10,30,DLU-Teacher,88:dc:97:12:64:c4,2452,-73,,,,,,,,,,M2012K11C,2212343,RP46
2026:09:06:14:47:44,9,11,30,DLU-Teacher,88:dc:97:12:65:58,5280,-67,,,,,,,,,,M2012K11C,2212343,RP46
2026:09:06:14:47:44,9,12,30,DLU-Teacher,88:dc:97:12:65:64,5200,-82,,,,,,,,,,M2012K11C,2212343,RP46
2026:09:06:14:47:44,9,13,30,DLU-Student-Lib,8e:dc:97:12:65:2b,5805,-74,,,,,,,,,,M2012K11C,2212343,RP46
2026:09:06:14:47:44,9,14,30,DLU-Teacher,88:dc:97:12:62:c6,2452,-69,,,,,,,,,,M2012K11C,2212343,RP46
2026:09:06:14:47:44,9,15,30,DLU-Teacher,88:dc:97:12:62:c7,5500,-72,,,,,,,,,,M2012K11C,2212343,RP46
2026:09:06:14:47:44,9,16,30,DLU-Student-Lib,8e:dc:97:12:64:82,2432,-67,,,,,,,,,,M2012K11C,2212343,RP46
2026:09:06:14:47:44,9,17,30,DLU-Student-Lib,8e:dc:97:12:65:58,5280,-67,,,,,,,,,,M2012K11C,2212343,RP46
2026:09:06:14:47:44,9,18,30,DLU-Teacher,88:dc:97:12:62:cf,2412,-73,,,,,,,,,,M2012K11C,2212343,RP46
2026:09:06:14:47:44,9,19,30,DLU-Student-Lib,8e:dc:97:12:65:21,2412,-63,,,,,,,,,,M2012K11C,2212343,RP46
2026:09:06:14:47:44,9,20,30,1.Free Wi-MESH,b4:5d:50:d7:e9:51,5220,-71,,,,,,,,,,M2012K11C,2212343,RP46
2026:09:06:14:47:44,9,21,30,DLU - WIMESH,b4:5d:50:d7:e9:50,5220,-72,,,,,,,,,,M2012K11C,2212343,RP46
2026:09:06:14:47:44,9,22,30,DLU-Student-Lib,8e:dc:97:12:65:22,5765,-61,,,,,,,,,,M2012K11C,2212343,RP46
2026:09:06:14:47:44,9,23,30,DLU-Teacher,88:dc:97:12:62:d0,5805,-67,,,,,,,,,,M2012K11C,2212343,RP46
2026:09:06:14:47:44,9,24,30,DLU - WIMESH,b4:5d:50:d7:e9:40,2462,-74,,,,,,,,,,M2012K11C,2212343,RP46
2026:09:06:14:47:44,9,25,30,DLU-Student-Lib,8e:dc:97:12:65:2a,2417,-72,,,,,,,,,,M2012K11C,2212343,RP46
2026:09:06:14:47:44,9,26,30,DLU-Teacher,88:dc:97:12:65:22,5765,-61,,,,,,,,,,M2012K11C,2212343,RP46
2026:09:06:14:47:44,9,27,30,DLU-ThuVien,68:ff:7b:d4:f1:cf,2422,-67,,,,,,,,,,M2012K11C,2212343,RP46
2026:09:06:14:47:44,9,28,30,DLU-Teacher,88:dc:97:12:65:21,2412,-62,,,,,,,,,,M2012K11C,2212343,RP46
2026:09:06:14:47:44,9,29,30,DLU-ThuVien,68:ff:7b:d4:f1:ce,5180,-79,,,,,,,,,,M2012K11C,2212343,RP46
2026:09:06:14:47:44,9,30,30,1.Free Wi-MESH,b4:5d:50:d7:e9:41,2462,-78,,,,,,,,,,M2012K11C,2212343,RP46
2026:09:06:14:48:35,10,1,24,DLU-Teacher,88:dc:97:12:65:57,2412,-64,,,,,,,,,,M2012K11C,2212343,RP46
2026:09:06:14:48:35,10,2,24,DLU-Teacher,88:dc:97:12:64:82,2432,-64,,,,,,,,,,M2012K11C,2212343,RP46
2026:09:06:14:48:35,10,3,24,DLU-Teacher,88:dc:97:12:64:83,5300,-73,,,,,,,,,,M2012K11C,2212343,RP46
2026:09:06:14:48:35,10,4,24,DLU-Student-Lib,8e:dc:97:12:62:c7,5500,-71,,,,,,,,,,M2012K11C,2212343,RP46
2026:09:06:14:48:35,10,5,24,DLU-Teacher,88:dc:97:12:65:2b,5805,-75,,,,,,,,,,M2012K11C,2212343,RP46
2026:09:06:14:48:35,10,6,24,DLU-Teacher,88:dc:97:12:65:2a,2417,-68,,,,,,,,,,M2012K11C,2212343,RP46
2026:09:06:14:48:35,10,7,24,Bảo Uyên xinh gái 💗,fe:64:23:07:3e:81,2437,-66,,,,,,,,,,M2012K11C,2212343,RP46
2026:09:06:14:48:35,10,8,24,DLU-Student-Lib,8e:dc:97:12:62:d0,5805,-67,,,,,,,,,,M2012K11C,2212343,RP46
2026:09:06:14:48:35,10,9,24,DLU-Student-Lib,8e:dc:97:12:65:64,5200,-80,,,,,,,,,,M2012K11C,2212343,RP46
2026:09:06:14:48:35,10,10,24,DLU-Teacher,88:dc:97:12:64:c4,2452,-70,,,,,,,,,,M2012K11C,2212343,RP46
2026:09:06:14:48:35,10,11,24,DLU-Teacher,88:dc:97:12:65:64,5200,-80,,,,,,,,,,M2012K11C,2212343,RP46
2026:09:06:14:48:35,10,12,24,DLU-Student-Lib,8e:dc:97:12:65:2b,5805,-74,,,,,,,,,,M2012K11C,2212343,RP46
2026:09:06:14:48:35,10,13,24,DLU-Teacher,88:dc:97:12:62:c6,2452,-72,,,,,,,,,,M2012K11C,2212343,RP46
2026:09:06:14:48:35,10,14,24,DLU-Teacher,88:dc:97:12:62:c7,5500,-71,,,,,,,,,,M2012K11C,2212343,RP46
2026:09:06:14:48:35,10,15,24,DLU-Student-Lib,8e:dc:97:12:64:82,2432,-64,,,,,,,,,,M2012K11C,2212343,RP46
2026:09:06:14:48:35,10,16,24,DLU-Student-Lib,8e:dc:97:12:64:83,5300,-73,,,,,,,,,,M2012K11C,2212343,RP46
2026:09:06:14:48:35,10,17,24,1.Free Wi-MESH,b4:5d:50:d7:e9:51,5220,-71,,,,,,,,,,M2012K11C,2212343,RP46
2026:09:06:14:48:35,10,18,24,DLU - WIMESH,b4:5d:50:d7:e9:50,5220,-71,,,,,,,,,,M2012K11C,2212343,RP46
2026:09:06:14:48:35,10,19,24,DLU-Student-Lib,8e:dc:97:12:65:22,5765,-61,,,,,,,,,,M2012K11C,2212343,RP46
2026:09:06:14:48:35,10,20,24,DLU-Teacher,88:dc:97:12:62:d0,5805,-67,,,,,,,,,,M2012K11C,2212343,RP46
2026:09:06:14:48:35,10,21,24,DLU-Student-Lib,8e:dc:97:12:65:2a,2417,-71,,,,,,,,,,M2012K11C,2212343,RP46
2026:09:06:14:48:35,10,22,24,DLU-Teacher,88:dc:97:12:65:22,5765,-61,,,,,,,,,,M2012K11C,2212343,RP46
2026:09:06:14:48:35,10,23,24,DLU-ThuVien,68:ff:7b:d4:f1:cf,2422,-71,,,,,,,,,,M2012K11C,2212343,RP46
2026:09:06:14:48:35,10,24,24,DLU-ThuVien,68:ff:7b:d4:f1:ce,5180,-80,,,,,,,,,,M2012K11C,2212343,RP46
2026:09:06:14:49:26,11,1,22,Pixel_7843,aa:1b:69:bc:a1:79,2462,-75,,,,,,,,,,M2012K11C,2212343,RP46
2026:09:06:14:49:26,11,2,22,DLU-Teacher,88:dc:97:12:65:57,2412,-65,,,,,,,,,,M2012K11C,2212343,RP46
2026:09:06:14:49:26,11,3,22,DLU-Teacher,88:dc:97:12:64:82,2432,-64,,,,,,,,,,M2012K11C,2212343,RP46
2026:09:06:14:49:26,11,4,22,DLU-Teacher,88:dc:97:12:64:83,5300,-76,,,,,,,,,,M2012K11C,2212343,RP46
2026:09:06:14:49:26,11,5,22,DLU-Teacher,88:dc:97:12:65:2b,5805,-74,,,,,,,,,,M2012K11C,2212343,RP46
2026:09:06:14:49:26,11,6,22,Bảo Uyên xinh gái 💗,fe:64:23:07:3e:81,2437,-76,,,,,,,,,,M2012K11C,2212343,RP46
2026:09:06:14:49:26,11,7,22,DLU-Student-Lib,8e:dc:97:12:62:d0,5805,-66,,,,,,,,,,M2012K11C,2212343,RP46
2026:09:06:14:49:26,11,8,22,DLU-Student-Lib,8e:dc:97:12:65:64,5200,-80,,,,,,,,,,M2012K11C,2212343,RP46
2026:09:06:14:49:26,11,9,22,DLU-Teacher,88:dc:97:12:65:58,5280,-69,,,,,,,,,,M2012K11C,2212343,RP46
2026:09:06:14:49:26,11,10,22,DLU-Teacher,88:dc:97:12:65:64,5200,-81,,,,,,,,,,M2012K11C,2212343,RP46
2026:09:06:14:49:26,11,11,22,DLU-Teacher,88:dc:97:12:65:63,2452,-74,,,,,,,,,,M2012K11C,2212343,RP46
2026:09:06:14:49:26,11,12,22,DLU-Student-Lib,8e:dc:97:12:65:2b,5805,-74,,,,,,,,,,M2012K11C,2212343,RP46
2026:09:06:14:49:26,11,13,22,DLU-Student-Lib,8e:dc:97:12:64:83,5300,-76,,,,,,,,,,M2012K11C,2212343,RP46
2026:09:06:14:49:26,11,14,22,DLU-Student-Lib,8e:dc:97:12:65:58,5280,-69,,,,,,,,,,M2012K11C,2212343,RP46
2026:09:06:14:49:26,11,15,22,DLU-Student-Lib,8e:dc:97:12:65:57,2412,-62,,,,,,,,,,M2012K11C,2212343,RP46
2026:09:06:14:49:26,11,16,22,1.Free Wi-MESH,b4:5d:50:d7:e9:51,5220,-71,,,,,,,,,,M2012K11C,2212343,RP46
2026:09:06:14:49:26,11,17,22,DLU - WIMESH,b4:5d:50:d7:e9:50,5220,-71,,,,,,,,,,M2012K11C,2212343,RP46
2026:09:06:14:49:26,11,18,22,DLU-Student-Lib,8e:dc:97:12:65:22,5765,-60,,,,,,,,,,M2012K11C,2212343,RP46
2026:09:06:14:49:26,11,19,22,DLU-Teacher,88:dc:97:12:62:d0,5805,-66,,,,,,,,,,M2012K11C,2212343,RP46
2026:09:06:14:49:26,11,20,22,DLU-Teacher,88:dc:97:12:65:22,5765,-60,,,,,,,,,,M2012K11C,2212343,RP46
2026:09:06:14:49:26,11,21,22,DLU-ThuVien,68:ff:7b:d4:f1:cf,2422,-71,,,,,,,,,,M2012K11C,2212343,RP46
2026:09:06:14:49:26,11,22,22,DLU-ThuVien,68:ff:7b:d4:f1:ce,5180,-79,,,,,,,,,,M2012K11C,2212343,RP46
2026:09:06:14:50:17,12,1,26,DLU-Teacher,88:dc:97:12:65:57,2412,-63,,,,,,,,,,M2012K11C,2212343,RP46
2026:09:06:14:50:17,12,2,26,DLU-Teacher,88:dc:97:12:64:82,2432,-65,,,,,,,,,,M2012K11C,2212343,RP46
2026:09:06:14:50:17,12,3,26,DLU-Teacher,88:dc:97:12:64:83,5300,-75,,,,,,,,,,M2012K11C,2212343,RP46
2026:09:06:14:50:17,12,4,26,DLU-Student-Lib,8e:dc:97:12:62:c7,5500,-72,,,,,,,,,,M2012K11C,2212343,RP46
2026:09:06:14:50:17,12,5,26,DLU-Teacher,88:dc:97:12:65:2b,5805,-75,,,,,,,,,,M2012K11C,2212343,RP46
2026:09:06:14:50:17,12,6,26,Bảo Uyên xinh gái 💗,fe:64:23:07:3e:81,2437,-71,,,,,,,,,,M2012K11C,2212343,RP46
2026:09:06:14:50:17,12,7,26,DLU-Student-Lib,8e:dc:97:12:62:d0,5805,-66,,,,,,,,,,M2012K11C,2212343,RP46
2026:09:06:14:50:17,12,8,26,DLU-Student-Lib,8e:dc:97:12:65:64,5200,-81,,,,,,,,,,M2012K11C,2212343,RP46
2026:09:06:14:50:17,12,9,26,DLU-Teacher,88:dc:97:12:64:c4,2452,-72,,,,,,,,,,M2012K11C,2212343,RP46
2026:09:06:14:50:17,12,10,26,DLU-Teacher,88:dc:97:12:65:58,5280,-68,,,,,,,,,,M2012K11C,2212343,RP46
2026:09:06:14:50:17,12,11,26,DLU-Student-Lib,8e:dc:97:12:64:c4,2452,-72,,,,,,,,,,M2012K11C,2212343,RP46
2026:09:06:14:50:17,12,12,26,DLU-Teacher,88:dc:97:12:65:64,5200,-81,,,,,,,,,,M2012K11C,2212343,RP46
2026:09:06:14:50:17,12,13,26,DLU-Student-Lib,8e:dc:97:12:65:2b,5805,-75,,,,,,,,,,M2012K11C,2212343,RP46
2026:09:06:14:50:17,12,14,26,DLU-Teacher,88:dc:97:12:62:c7,5500,-71,,,,,,,,,,M2012K11C,2212343,RP46
2026:09:06:14:50:17,12,15,26,DLU-Student-Lib,8e:dc:97:12:64:82,2432,-66,,,,,,,,,,M2012K11C,2212343,RP46
2026:09:06:14:50:17,12,16,26,DLU-Student-Lib,8e:dc:97:12:64:83,5300,-75,,,,,,,,,,M2012K11C,2212343,RP46
2026:09:06:14:50:17,12,17,26,DLU-Student-Lib,8e:dc:97:12:65:58,5280,-67,,,,,,,,,,M2012K11C,2212343,RP46
2026:09:06:14:50:17,12,18,26,DLU-Student-Lib,8e:dc:97:12:65:57,2412,-63,,,,,,,,,,M2012K11C,2212343,RP46
2026:09:06:14:50:17,12,19,26,1.Free Wi-MESH,b4:5d:50:d7:e9:51,5220,-70,,,,,,,,,,M2012K11C,2212343,RP46
2026:09:06:14:50:17,12,20,26,DLU - WIMESH,b4:5d:50:d7:e9:50,5220,-71,,,,,,,,,,M2012K11C,2212343,RP46
2026:09:06:14:50:17,12,21,26,DLU-Student-Lib,8e:dc:97:12:65:22,5765,-61,,,,,,,,,,M2012K11C,2212343,RP46
2026:09:06:14:50:17,12,22,26,DLU-Teacher,88:dc:97:12:62:d0,5805,-66,,,,,,,,,,M2012K11C,2212343,RP46
2026:09:06:14:50:17,12,23,26,DLU - WIMESH,b4:5d:50:d7:e9:40,2462,-75,,,,,,,,,,M2012K11C,2212343,RP46
2026:09:06:14:50:17,12,24,26,DLU-Teacher,88:dc:97:12:65:22,5765,-61,,,,,,,,,,M2012K11C,2212343,RP46
2026:09:06:14:50:17,12,25,26,DLU-ThuVien,68:ff:7b:d4:f1:cf,2422,-71,,,,,,,,,,M2012K11C,2212343,RP46
2026:09:06:14:50:17,12,26,26,DLU-ThuVien,68:ff:7b:d4:f1:ce,5180,-79,,,,,,,,,,M2012K11C,2212343,RP46
2026:09:06:14:51:08,13,1,25,Pixel_7843,aa:1b:69:bc:a1:79,2462,-73,,,,,,,,,,M2012K11C,2212343,RP46
2026:09:06:14:51:08,13,2,25,DLU-Teacher,88:dc:97:12:65:57,2412,-65,,,,,,,,,,M2012K11C,2212343,RP46
2026:09:06:14:51:08,13,3,25,DLU-Teacher,88:dc:97:12:64:82,2432,-65,,,,,,,,,,M2012K11C,2212343,RP46
2026:09:06:14:51:08,13,4,25,DLU-Teacher,88:dc:97:12:64:83,5300,-73,,,,,,,,,,M2012K11C,2212343,RP46
2026:09:06:14:51:08,13,5,25,DLU-Student-Lib,8e:dc:97:12:62:c7,5500,-77,,,,,,,,,,M2012K11C,2212343,RP46
2026:09:06:14:51:08,13,6,25,DLU-Teacher,88:dc:97:12:65:2b,5805,-73,,,,,,,,,,M2012K11C,2212343,RP46
2026:09:06:14:51:08,13,7,25,Bảo Uyên xinh gái 💗,fe:64:23:07:3e:81,2437,-73,,,,,,,,,,M2012K11C,2212343,RP46
2026:09:06:14:51:08,13,8,25,DLU-Student-Lib,8e:dc:97:12:62:d0,5805,-67,,,,,,,,,,M2012K11C,2212343,RP46
2026:09:06:14:51:08,13,9,25,DLU-Student-Lib,8e:dc:97:12:65:63,2452,-72,,,,,,,,,,M2012K11C,2212343,RP46
2026:09:06:14:51:08,13,10,25,DLU-Teacher,88:dc:97:12:64:c4,2452,-72,,,,,,,,,,M2012K11C,2212343,RP46
2026:09:06:14:51:08,13,11,25,DLU-Teacher,88:dc:97:12:65:58,5280,-66,,,,,,,,,,M2012K11C,2212343,RP46
2026:09:06:14:51:08,13,12,25,DLU-Student-Lib,8e:dc:97:12:64:c4,2452,-72,,,,,,,,,,M2012K11C,2212343,RP46
2026:09:06:14:51:08,13,13,25,DLU-Student-Lib,8e:dc:97:12:65:2b,5805,-74,,,,,,,,,,M2012K11C,2212343,RP46
2026:09:06:14:51:08,13,14,25,DLU-Teacher,88:dc:97:12:62:c7,5500,-78,,,,,,,,,,M2012K11C,2212343,RP46
2026:09:06:14:51:08,13,15,25,DLU-Student-Lib,8e:dc:97:12:64:82,2432,-65,,,,,,,,,,M2012K11C,2212343,RP46
2026:09:06:14:51:08,13,16,25,DLU-Student-Lib,8e:dc:97:12:64:83,5300,-74,,,,,,,,,,M2012K11C,2212343,RP46
2026:09:06:14:51:08,13,17,25,DLU-Student-Lib,8e:dc:97:12:65:58,5280,-66,,,,,,,,,,M2012K11C,2212343,RP46
2026:09:06:14:51:08,13,18,25,DLU-Student-Lib,8e:dc:97:12:65:57,2412,-62,,,,,,,,,,M2012K11C,2212343,RP46
2026:09:06:14:51:08,13,19,25,1.Free Wi-MESH,b4:5d:50:d7:e9:51,5220,-71,,,,,,,,,,M2012K11C,2212343,RP46
2026:09:06:14:51:08,13,20,25,DLU - WIMESH,b4:5d:50:d7:e9:50,5220,-71,,,,,,,,,,M2012K11C,2212343,RP46
2026:09:06:14:51:08,13,21,25,DLU-Student-Lib,8e:dc:97:12:65:22,5765,-61,,,,,,,,,,M2012K11C,2212343,RP46
2026:09:06:14:51:08,13,22,25,DLU-Teacher,88:dc:97:12:62:d0,5805,-68,,,,,,,,,,M2012K11C,2212343,RP46
2026:09:06:14:51:08,13,23,25,DLU-Teacher,88:dc:97:12:65:22,5765,-61,,,,,,,,,,M2012K11C,2212343,RP46
2026:09:06:14:51:08,13,24,25,DLU-ThuVien,68:ff:7b:d4:f1:cf,2422,-69,,,,,,,,,,M2012K11C,2212343,RP46
2026:09:06:14:51:08,13,25,25,DLU-ThuVien,68:ff:7b:d4:f1:ce,5180,-80,,,,,,,,,,M2012K11C,2212343,RP46
2026:09:06:14:52:00,14,1,31,Pixel_7843,aa:1b:69:bc:a1:79,2462,-67,,,,,,,,,,M2012K11C,2212343,RP46
2026:09:06:14:52:00,14,2,31,DLU-Teacher,88:dc:97:12:65:57,2412,-59,,,,,,,,,,M2012K11C,2212343,RP46
2026:09:06:14:52:00,14,3,31,DLU-Teacher,88:dc:97:12:64:82,2432,-66,,,,,,,,,,M2012K11C,2212343,RP46
2026:09:06:14:52:00,14,4,31,DLU-Teacher,88:dc:97:12:64:83,5300,-75,,,,,,,,,,M2012K11C,2212343,RP46
2026:09:06:14:52:00,14,5,31,DLU-Student-Lib,8e:dc:97:12:62:c7,5500,-71,,,,,,,,,,M2012K11C,2212343,RP46
2026:09:06:14:52:00,14,6,31,DLU-Teacher,88:dc:97:12:65:2b,5805,-74,,,,,,,,,,M2012K11C,2212343,RP46
2026:09:06:14:52:00,14,7,31,Bảo Uyên xinh gái 💗,fe:64:23:07:3e:81,2437,-73,,,,,,,,,,M2012K11C,2212343,RP46
2026:09:06:14:52:00,14,8,31,DLU-Student-Lib,8e:dc:97:12:62:d0,5805,-67,,,,,,,,,,M2012K11C,2212343,RP46
2026:09:06:14:52:00,14,9,31,DLU-Student-Lib,8e:dc:97:12:65:64,5200,-79,,,,,,,,,,M2012K11C,2212343,RP46
2026:09:06:14:52:00,14,10,31,DLU-Teacher,88:dc:97:12:64:c4,2452,-74,,,,,,,,,,M2012K11C,2212343,RP46
2026:09:06:14:52:00,14,11,31,DLU-Teacher,88:dc:97:12:65:58,5280,-69,,,,,,,,,,M2012K11C,2212343,RP46
2026:09:06:14:52:00,14,12,31,DLU-Student-Lib,8e:dc:97:12:64:c4,2452,-72,,,,,,,,,,M2012K11C,2212343,RP46
2026:09:06:14:52:00,14,13,31,DLU-Teacher,88:dc:97:12:65:64,5200,-80,,,,,,,,,,M2012K11C,2212343,RP46
2026:09:06:14:52:00,14,14,31,DLU-Student-Lib,8e:dc:97:12:65:2b,5805,-75,,,,,,,,,,M2012K11C,2212343,RP46
2026:09:06:14:52:00,14,15,31,DLU-Teacher,88:dc:97:12:62:c6,2452,-69,,,,,,,,,,M2012K11C,2212343,RP46
2026:09:06:14:52:00,14,16,31,DLU-Teacher,88:dc:97:12:62:c7,5500,-71,,,,,,,,,,M2012K11C,2212343,RP46
2026:09:06:14:52:00,14,17,31,DLU-Student-Lib,8e:dc:97:12:64:82,2432,-65,,,,,,,,,,M2012K11C,2212343,RP46
2026:09:06:14:52:00,14,18,31,DLU-Student-Lib,8e:dc:97:12:64:83,5300,-75,,,,,,,,,,M2012K11C,2212343,RP46
2026:09:06:14:52:00,14,19,31,DLU-Student-Lib,8e:dc:97:12:65:58,5280,-68,,,,,,,,,,M2012K11C,2212343,RP46
2026:09:06:14:52:00,14,20,31,DLU-Teacher,88:dc:97:12:62:cf,2412,-71,,,,,,,,,,M2012K11C,2212343,RP46
2026:09:06:14:52:00,14,21,31,DLU-Student-Lib,8e:dc:97:12:65:21,2412,-62,,,,,,,,,,M2012K11C,2212343,RP46
2026:09:06:14:52:00,14,22,31,DLU-Student-Lib,8e:dc:97:12:62:cf,2412,-73,,,,,,,,,,M2012K11C,2212343,RP46
2026:09:06:14:52:00,14,23,31,1.Free Wi-MESH,b4:5d:50:d7:e9:51,5220,-71,,,,,,,,,,M2012K11C,2212343,RP46
2026:09:06:14:52:00,14,24,31,DLU - WIMESH,b4:5d:50:d7:e9:50,5220,-71,,,,,,,,,,M2012K11C,2212343,RP46
2026:09:06:14:52:00,14,25,31,DLU-Student-Lib,8e:dc:97:12:65:22,5765,-61,,,,,,,,,,M2012K11C,2212343,RP46
2026:09:06:14:52:00,14,26,31,DLU-Teacher,88:dc:97:12:62:d0,5805,-66,,,,,,,,,,M2012K11C,2212343,RP46
2026:09:06:14:52:00,14,27,31,DLU - WIMESH,b4:5d:50:d7:e9:40,2462,-77,,,,,,,,,,M2012K11C,2212343,RP46
2026:09:06:14:52:00,14,28,31,DLU-Teacher,88:dc:97:12:65:22,5765,-61,,,,,,,,,,M2012K11C,2212343,RP46
2026:09:06:14:52:00,14,29,31,DLU-ThuVien,68:ff:7b:d4:f1:cf,2422,-71,,,,,,,,,,M2012K11C,2212343,RP46
2026:09:06:14:52:00,14,30,31,DLU-Teacher,88:dc:97:12:65:21,2412,-63,,,,,,,,,,M2012K11C,2212343,RP46
2026:09:06:14:52:00,14,31,31,DLU-ThuVien,68:ff:7b:d4:f1:ce,5180,-80,,,,,,,,,,M2012K11C,2212343,RP46
2026:09:06:14:52:51,15,1,23,Pixel_7843,aa:1b:69:bc:a1:79,2462,-72,,,,,,,,,,M2012K11C,2212343,RP46
2026:09:06:14:52:51,15,2,23,DLU-Teacher,88:dc:97:12:65:57,2412,-58,,,,,,,,,,M2012K11C,2212343,RP46
2026:09:06:14:52:51,15,3,23,DLU-Teacher,88:dc:97:12:64:82,2432,-65,,,,,,,,,,M2012K11C,2212343,RP46
2026:09:06:14:52:51,15,4,23,DLU-Teacher,88:dc:97:12:64:83,5300,-74,,,,,,,,,,M2012K11C,2212343,RP46
2026:09:06:14:52:51,15,5,23,DLU-Student-Lib,8e:dc:97:12:62:c7,5500,-79,,,,,,,,,,M2012K11C,2212343,RP46
2026:09:06:14:52:51,15,6,23,DLU-Teacher,88:dc:97:12:65:2a,2417,-75,,,,,,,,,,M2012K11C,2212343,RP46
2026:09:06:14:52:51,15,7,23,Bảo Uyên xinh gái 💗,fe:64:23:07:3e:81,2437,-69,,,,,,,,,,M2012K11C,2212343,RP46
2026:09:06:14:52:51,15,8,23,DLU-Student-Lib,8e:dc:97:12:65:64,5200,-81,,,,,,,,,,M2012K11C,2212343,RP46
2026:09:06:14:52:51,15,9,23,DLU-Teacher,88:dc:97:12:65:58,5280,-68,,,,,,,,,,M2012K11C,2212343,RP46
2026:09:06:14:52:51,15,10,23,DLU-Teacher,88:dc:97:12:65:64,5200,-80,,,,,,,,,,M2012K11C,2212343,RP46
2026:09:06:14:52:51,15,11,23,DLU-Teacher,88:dc:97:12:62:c7,5500,-79,,,,,,,,,,M2012K11C,2212343,RP46
2026:09:06:14:52:51,15,12,23,DLU-Student-Lib,8e:dc:97:12:64:82,2432,-66,,,,,,,,,,M2012K11C,2212343,RP46
2026:09:06:14:52:51,15,13,23,DLU-Student-Lib,8e:dc:97:12:64:83,5300,-73,,,,,,,,,,M2012K11C,2212343,RP46
2026:09:06:14:52:51,15,14,23,DLU-Student-Lib,8e:dc:97:12:65:58,5280,-68,,,,,,,,,,M2012K11C,2212343,RP46
2026:09:06:14:52:51,15,15,23,DLU-Teacher,88:dc:97:12:62:cf,2412,-71,,,,,,,,,,M2012K11C,2212343,RP46
2026:09:06:14:52:51,15,16,23,DLU-Student-Lib,8e:dc:97:12:62:cf,2412,-70,,,,,,,,,,M2012K11C,2212343,RP46
2026:09:06:14:52:51,15,17,23,1.Free Wi-MESH,b4:5d:50:d7:e9:51,5220,-70,,,,,,,,,,M2012K11C,2212343,RP46
2026:09:06:14:52:51,15,18,23,DLU - WIMESH,b4:5d:50:d7:e9:50,5220,-72,,,,,,,,,,M2012K11C,2212343,RP46
2026:09:06:14:52:51,15,19,23,DLU-Student-Lib,8e:dc:97:12:65:22,5765,-59,,,,,,,,,,M2012K11C,2212343,RP46
2026:09:06:14:52:51,15,20,23,DLU-Student-Lib,8e:dc:97:12:65:2a,2417,-75,,,,,,,,,,M2012K11C,2212343,RP46
2026:09:06:14:52:51,15,21,23,DLU-Teacher,88:dc:97:12:65:22,5765,-59,,,,,,,,,,M2012K11C,2212343,RP46
2026:09:06:14:52:51,15,22,23,DLU-ThuVien,68:ff:7b:d4:f1:cf,2422,-67,,,,,,,,,,M2012K11C,2212343,RP46
2026:09:06:14:52:51,15,23,23,DLU-ThuVien,68:ff:7b:d4:f1:ce,5180,-86,,,,,,,,,,M2012K11C,2212343,RP46
2026:09:06:14:53:42,16,1,28,Pixel_7843,aa:1b:69:bc:a1:79,2462,-76,,,,,,,,,,M2012K11C,2212343,RP46
2026:09:06:14:53:42,16,2,28,DLU-Teacher,88:dc:97:12:65:57,2412,-59,,,,,,,,,,M2012K11C,2212343,RP46
2026:09:06:14:53:42,16,3,28,DLU-Teacher,88:dc:97:12:64:83,5300,-70,,,,,,,,,,M2012K11C,2212343,RP46
2026:09:06:14:53:42,16,4,28,DLU-Student-Lib,8e:dc:97:12:62:c7,5500,-74,,,,,,,,,,M2012K11C,2212343,RP46
2026:09:06:14:53:42,16,5,28,DLU-Teacher,88:dc:97:12:65:2b,5805,-74,,,,,,,,,,M2012K11C,2212343,RP46
2026:09:06:14:53:42,16,6,28,DLU-Teacher,88:dc:97:12:65:2a,2417,-70,,,,,,,,,,M2012K11C,2212343,RP46
2026:09:06:14:53:42,16,7,28,Bảo Uyên xinh gái 💗,fe:64:23:07:3e:81,2437,-75,,,,,,,,,,M2012K11C,2212343,RP46
2026:09:06:14:53:42,16,8,28,DLU-Student-Lib,8e:dc:97:12:62:d0,5805,-66,,,,,,,,,,M2012K11C,2212343,RP46
2026:09:06:14:53:42,16,9,28,DLU-Student-Lib,8e:dc:97:12:65:64,5200,-79,,,,,,,,,,M2012K11C,2212343,RP46
2026:09:06:14:53:42,16,10,28,DLU-Teacher,88:dc:97:12:64:c4,2452,-73,,,,,,,,,,M2012K11C,2212343,RP46
2026:09:06:14:53:42,16,11,28,DLU-Teacher,88:dc:97:12:65:58,5280,-67,,,,,,,,,,M2012K11C,2212343,RP46
2026:09:06:14:53:42,16,12,28,DLU-Student-Lib,8e:dc:97:12:64:c4,2452,-73,,,,,,,,,,M2012K11C,2212343,RP46
2026:09:06:14:53:42,16,13,28,DLU-Teacher,88:dc:97:12:65:64,5200,-80,,,,,,,,,,M2012K11C,2212343,RP46
2026:09:06:14:53:42,16,14,28,DLU-Student-Lib,8e:dc:97:12:65:2b,5805,-74,,,,,,,,,,M2012K11C,2212343,RP46
2026:09:06:14:53:42,16,15,28,DLU-Teacher,88:dc:97:12:62:c7,5500,-74,,,,,,,,,,M2012K11C,2212343,RP46
2026:09:06:14:53:42,16,16,28,DLU-Student-Lib,8e:dc:97:12:64:83,5300,-70,,,,,,,,,,M2012K11C,2212343,RP46
2026:09:06:14:53:42,16,17,28,DLU-Student-Lib,8e:dc:97:12:65:58,5280,-67,,,,,,,,,,M2012K11C,2212343,RP46
2026:09:06:14:53:42,16,18,28,DLU-Student-Lib,8e:dc:97:12:65:57,2412,-63,,,,,,,,,,M2012K11C,2212343,RP46
2026:09:06:14:53:42,16,19,28,DLU-Teacher,88:dc:97:12:62:cf,2412,-68,,,,,,,,,,M2012K11C,2212343,RP46
2026:09:06:14:53:42,16,20,28,DLU-Student-Lib,8e:dc:97:12:65:21,2412,-65,,,,,,,,,,M2012K11C,2212343,RP46
2026:09:06:14:53:42,16,21,28,1.Free Wi-MESH,b4:5d:50:d7:e9:51,5220,-71,,,,,,,,,,M2012K11C,2212343,RP46
2026:09:06:14:53:42,16,22,28,DLU - WIMESH,b4:5d:50:d7:e9:50,5220,-71,,,,,,,,,,M2012K11C,2212343,RP46
2026:09:06:14:53:42,16,23,28,DLU-Student-Lib,8e:dc:97:12:65:22,5765,-60,,,,,,,,,,M2012K11C,2212343,RP46
2026:09:06:14:53:42,16,24,28,DLU-Teacher,88:dc:97:12:62:d0,5805,-66,,,,,,,,,,M2012K11C,2212343,RP46
2026:09:06:14:53:42,16,25,28,DLU-Student-Lib,8e:dc:97:12:65:2a,2417,-72,,,,,,,,,,M2012K11C,2212343,RP46
2026:09:06:14:53:42,16,26,28,DLU-Teacher,88:dc:97:12:65:22,5765,-60,,,,,,,,,,M2012K11C,2212343,RP46
2026:09:06:14:53:42,16,27,28,DLU-ThuVien,68:ff:7b:d4:f1:cf,2422,-69,,,,,,,,,,M2012K11C,2212343,RP46
2026:09:06:14:53:42,16,28,28,DLU-ThuVien,68:ff:7b:d4:f1:ce,5180,-79,,,,,,,,,,M2012K11C,2212343,RP46
2026:09:06:14:54:33,17,1,31,DLU-Teacher,88:dc:97:12:65:54,2427,-88,,,,,,,,,,M2012K11C,2212343,RP46
2026:09:06:14:54:33,17,2,31,DLU-Teacher,88:dc:97:12:65:57,2412,-62,,,,,,,,,,M2012K11C,2212343,RP46
2026:09:06:14:54:33,17,3,31,DLU-Teacher,88:dc:97:12:64:82,2432,-75,,,,,,,,,,M2012K11C,2212343,RP46
2026:09:06:14:54:33,17,4,31,DLU-Teacher,88:dc:97:12:64:83,5300,-75,,,,,,,,,,M2012K11C,2212343,RP46
2026:09:06:14:54:33,17,5,31,DLU-Student-Lib,8e:dc:97:12:62:c7,5500,-74,,,,,,,,,,M2012K11C,2212343,RP46
2026:09:06:14:54:33,17,6,31,DLU-Teacher,88:dc:97:12:65:2b,5805,-74,,,,,,,,,,M2012K11C,2212343,RP46
2026:09:06:14:54:33,17,7,31,DLU-Teacher,88:dc:97:12:65:2a,2417,-70,,,,,,,,,,M2012K11C,2212343,RP46
2026:09:06:14:54:33,17,8,31,Bảo Uyên xinh gái 💗,fe:64:23:07:3e:81,2437,-80,,,,,,,,,,M2012K11C,2212343,RP46
2026:09:06:14:54:33,17,9,31,DLU-Student-Lib,8e:dc:97:12:62:d0,5805,-62,,,,,,,,,,M2012K11C,2212343,RP46
2026:09:06:14:54:33,17,10,31,DLU-Student-Lib,8e:dc:97:12:65:64,5200,-79,,,,,,,,,,M2012K11C,2212343,RP46
2026:09:06:14:54:33,17,11,31,DLU-Teacher,88:dc:97:12:65:58,5280,-67,,,,,,,,,,M2012K11C,2212343,RP46
2026:09:06:14:54:33,17,12,31,DLU-Student-Lib,8e:dc:97:12:64:c4,2452,-68,,,,,,,,,,M2012K11C,2212343,RP46
2026:09:06:14:54:33,17,13,31,DLU-Teacher,88:dc:97:12:65:64,5200,-80,,,,,,,,,,M2012K11C,2212343,RP46
2026:09:06:14:54:33,17,14,31,DLU-Teacher,88:dc:97:12:65:63,2452,-75,,,,,,,,,,M2012K11C,2212343,RP46
2026:09:06:14:54:33,17,15,31,DLU-Student-Lib,8e:dc:97:12:65:2b,5805,-74,,,,,,,,,,M2012K11C,2212343,RP46
2026:09:06:14:54:33,17,16,31,DLU-Teacher,88:dc:97:12:62:c7,5500,-75,,,,,,,,,,M2012K11C,2212343,RP46
2026:09:06:14:54:33,17,17,31,DLU-Student-Lib,8e:dc:97:12:64:82,2432,-76,,,,,,,,,,M2012K11C,2212343,RP46
2026:09:06:14:54:33,17,18,31,DLU-Student-Lib,8e:dc:97:12:64:83,5300,-74,,,,,,,,,,M2012K11C,2212343,RP46
2026:09:06:14:54:33,17,19,31,DLU-Student-Lib,8e:dc:97:12:65:58,5280,-67,,,,,,,,,,M2012K11C,2212343,RP46
2026:09:06:14:54:33,17,20,31,DLU-Student-Lib,8e:dc:97:12:65:57,2412,-63,,,,,,,,,,M2012K11C,2212343,RP46
2026:09:06:14:54:33,17,21,31,DLU-Teacher,88:dc:97:12:62:cf,2412,-71,,,,,,,,,,M2012K11C,2212343,RP46
2026:09:06:14:54:33,17,22,31,DLU-Student-Lib,8e:dc:97:12:65:21,2412,-66,,,,,,,,,,M2012K11C,2212343,RP46
2026:09:06:14:54:33,17,23,31,DLU-Student-Lib,8e:dc:97:12:62:cf,2412,-70,,,,,,,,,,M2012K11C,2212343,RP46
2026:09:06:14:54:33,17,24,31,1.Free Wi-MESH,b4:5d:50:d7:e9:51,5220,-70,,,,,,,,,,M2012K11C,2212343,RP46
2026:09:06:14:54:33,17,25,31,DLU - WIMESH,b4:5d:50:d7:e9:50,5220,-74,,,,,,,,,,M2012K11C,2212343,RP46
2026:09:06:14:54:33,17,26,31,DLU-Student-Lib,8e:dc:97:12:65:22,5765,-57,,,,,,,,,,M2012K11C,2212343,RP46
2026:09:06:14:54:33,17,27,31,DLU-Teacher,88:dc:97:12:62:d0,5805,-64,,,,,,,,,,M2012K11C,2212343,RP46
2026:09:06:14:54:33,17,28,31,DLU-Student-Lib,8e:dc:97:12:65:2a,2417,-70,,,,,,,,,,M2012K11C,2212343,RP46
2026:09:06:14:54:33,17,29,31,DLU-Teacher,88:dc:97:12:65:22,5765,-57,,,,,,,,,,M2012K11C,2212343,RP46
2026:09:06:14:54:33,17,30,31,DLU-ThuVien,68:ff:7b:d4:f1:cf,2422,-68,,,,,,,,,,M2012K11C,2212343,RP46
2026:09:06:14:54:33,17,31,31,DLU-Teacher,88:dc:97:12:65:21,2412,-66,,,,,,,,,,M2012K11C,2212343,RP46
2026:09:06:14:55:24,18,1,30,DLU-Teacher,88:dc:97:12:65:57,2412,-60,,,,,,,,,,M2012K11C,2212343,RP46
2026:09:06:14:55:24,18,2,30,DLU-Teacher,88:dc:97:12:64:82,2432,-70,,,,,,,,,,M2012K11C,2212343,RP46
2026:09:06:14:55:24,18,3,30,DLU-Teacher,88:dc:97:12:64:83,5300,-75,,,,,,,,,,M2012K11C,2212343,RP46
2026:09:06:14:55:24,18,4,30,DLU-Student-Lib,8e:dc:97:12:62:c7,5500,-76,,,,,,,,,,M2012K11C,2212343,RP46
2026:09:06:14:55:24,18,5,30,DLU-Teacher,88:dc:97:12:65:2b,5805,-77,,,,,,,,,,M2012K11C,2212343,RP46
2026:09:06:14:55:24,18,6,30,DLU-Teacher,88:dc:97:12:65:2a,2417,-72,,,,,,,,,,M2012K11C,2212343,RP46
2026:09:06:14:55:24,18,7,30,Bảo Uyên xinh gái 💗,fe:64:23:07:3e:81,2437,-79,,,,,,,,,,M2012K11C,2212343,RP46
2026:09:06:14:55:24,18,8,30,DLU-Student-Lib,8e:dc:97:12:62:d0,5805,-67,,,,,,,,,,M2012K11C,2212343,RP46
2026:09:06:14:55:24,18,9,30,DLU-Student-Lib,8e:dc:97:12:65:63,2452,-79,,,,,,,,,,M2012K11C,2212343,RP46
2026:09:06:14:55:24,18,10,30,DLU-Student-Lib,8e:dc:97:12:65:64,5200,-81,,,,,,,,,,M2012K11C,2212343,RP46
2026:09:06:14:55:24,18,11,30,DLU-Teacher,88:dc:97:12:65:58,5280,-70,,,,,,,,,,M2012K11C,2212343,RP46
2026:09:06:14:55:24,18,12,30,DLU-Teacher,88:dc:97:12:65:64,5200,-81,,,,,,,,,,M2012K11C,2212343,RP46
2026:09:06:14:55:24,18,13,30,DLU-Teacher,88:dc:97:12:65:63,2452,-77,,,,,,,,,,M2012K11C,2212343,RP46
2026:09:06:14:55:24,18,14,30,DLU-Student-Lib,8e:dc:97:12:65:2b,5805,-76,,,,,,,,,,M2012K11C,2212343,RP46
2026:09:06:14:55:24,18,15,30,DLU-Teacher,88:dc:97:12:62:c7,5500,-76,,,,,,,,,,M2012K11C,2212343,RP46
2026:09:06:14:55:24,18,16,30,DLU-Student-Lib,8e:dc:97:12:64:82,2432,-71,,,,,,,,,,M2012K11C,2212343,RP46
2026:09:06:14:55:24,18,17,30,DLU-Student-Lib,8e:dc:97:12:64:83,5300,-75,,,,,,,,,,M2012K11C,2212343,RP46
2026:09:06:14:55:24,18,18,30,DLU-Student-Lib,8e:dc:97:12:65:58,5280,-71,,,,,,,,,,M2012K11C,2212343,RP46
2026:09:06:14:55:24,18,19,30,DLU-Student-Lib,8e:dc:97:12:65:57,2412,-61,,,,,,,,,,M2012K11C,2212343,RP46
2026:09:06:14:55:24,18,20,30,DLU-Teacher,88:dc:97:12:62:cf,2412,-73,,,,,,,,,,M2012K11C,2212343,RP46
2026:09:06:14:55:24,18,21,30,DLU-Student-Lib,8e:dc:97:12:65:21,2412,-60,,,,,,,,,,M2012K11C,2212343,RP46
2026:09:06:14:55:24,18,22,30,DLU-Student-Lib,8e:dc:97:12:62:cf,2412,-74,,,,,,,,,,M2012K11C,2212343,RP46
2026:09:06:14:55:24,18,23,30,1.Free Wi-MESH,b4:5d:50:d7:e9:51,5220,-71,,,,,,,,,,M2012K11C,2212343,RP46
2026:09:06:14:55:24,18,24,30,DLU - WIMESH,b4:5d:50:d7:e9:50,5220,-70,,,,,,,,,,M2012K11C,2212343,RP46
2026:09:06:14:55:24,18,25,30,DLU-Student-Lib,8e:dc:97:12:65:22,5765,-60,,,,,,,,,,M2012K11C,2212343,RP46
2026:09:06:14:55:24,18,26,30,DLU-Teacher,88:dc:97:12:62:d0,5805,-67,,,,,,,,,,M2012K11C,2212343,RP46
2026:09:06:14:55:24,18,27,30,DLU-Teacher,88:dc:97:12:65:22,5765,-60,,,,,,,,,,M2012K11C,2212343,RP46
2026:09:06:14:55:24,18,28,30,DLU-ThuVien,68:ff:7b:d4:f1:cf,2422,-66,,,,,,,,,,M2012K11C,2212343,RP46
2026:09:06:14:55:24,18,29,30,DLU-Teacher,88:dc:97:12:65:21,2412,-58,,,,,,,,,,M2012K11C,2212343,RP46
2026:09:06:14:55:24,18,30,30,DLU-ThuVien,68:ff:7b:d4:f1:ce,5180,-83,,,,,,,,,,M2012K11C,2212343,RP46
2026:09:06:14:56:16,19,1,28,Pixel_7843,aa:1b:69:bc:a1:79,2462,-77,,,,,,,,,,M2012K11C,2212343,RP46
2026:09:06:14:56:16,19,2,28,DLU-Teacher,88:dc:97:12:65:57,2412,-59,,,,,,,,,,M2012K11C,2212343,RP46
2026:09:06:14:56:16,19,3,28,DLU-Teacher,88:dc:97:12:64:82,2432,-68,,,,,,,,,,M2012K11C,2212343,RP46
2026:09:06:14:56:16,19,4,28,DLU-Teacher,88:dc:97:12:64:83,5300,-73,,,,,,,,,,M2012K11C,2212343,RP46
2026:09:06:14:56:16,19,5,28,DLU-Student-Lib,8e:dc:97:12:62:c7,5500,-78,,,,,,,,,,M2012K11C,2212343,RP46
2026:09:06:14:56:16,19,6,28,DLU-Teacher,88:dc:97:12:65:2b,5805,-76,,,,,,,,,,M2012K11C,2212343,RP46
2026:09:06:14:56:16,19,7,28,DLU-Teacher,88:dc:97:12:65:2a,2417,-73,,,,,,,,,,M2012K11C,2212343,RP46
2026:09:06:14:56:16,19,8,28,DLU-Student-Lib,8e:dc:97:12:62:d0,5805,-70,,,,,,,,,,M2012K11C,2212343,RP46
2026:09:06:14:56:16,19,9,28,DLU-Student-Lib,8e:dc:97:12:65:64,5200,-82,,,,,,,,,,M2012K11C,2212343,RP46
2026:09:06:14:56:16,19,10,28,DLU-Teacher,88:dc:97:12:64:c4,2452,-75,,,,,,,,,,M2012K11C,2212343,RP46
2026:09:06:14:56:16,19,11,28,DLU-Teacher,88:dc:97:12:65:58,5280,-69,,,,,,,,,,M2012K11C,2212343,RP46
2026:09:06:14:56:16,19,12,28,DLU-Student-Lib,8e:dc:97:12:64:c4,2452,-72,,,,,,,,,,M2012K11C,2212343,RP46
2026:09:06:14:56:16,19,13,28,DLU-Teacher,88:dc:97:12:65:64,5200,-81,,,,,,,,,,M2012K11C,2212343,RP46
2026:09:06:14:56:16,19,14,28,DLU-Student-Lib,8e:dc:97:12:65:2b,5805,-76,,,,,,,,,,M2012K11C,2212343,RP46
2026:09:06:14:56:16,19,15,28,DLU-Teacher,88:dc:97:12:62:c7,5500,-77,,,,,,,,,,M2012K11C,2212343,RP46
2026:09:06:14:56:16,19,16,28,DLU-Student-Lib,8e:dc:97:12:64:82,2432,-67,,,,,,,,,,M2012K11C,2212343,RP46
2026:09:06:14:56:16,19,17,28,DLU-Student-Lib,8e:dc:97:12:64:83,5300,-73,,,,,,,,,,M2012K11C,2212343,RP46
2026:09:06:14:56:16,19,18,28,DLU-Student-Lib,8e:dc:97:12:65:58,5280,-69,,,,,,,,,,M2012K11C,2212343,RP46
2026:09:06:14:56:16,19,19,28,DLU-Student-Lib,8e:dc:97:12:65:57,2412,-63,,,,,,,,,,M2012K11C,2212343,RP46
2026:09:06:14:56:16,19,20,28,DLU-Student-Lib,8e:dc:97:12:65:21,2412,-65,,,,,,,,,,M2012K11C,2212343,RP46
2026:09:06:14:56:16,19,21,28,1.Free Wi-MESH,b4:5d:50:d7:e9:51,5220,-69,,,,,,,,,,M2012K11C,2212343,RP46
2026:09:06:14:56:16,19,22,28,DLU - WIMESH,b4:5d:50:d7:e9:50,5220,-71,,,,,,,,,,M2012K11C,2212343,RP46
2026:09:06:14:56:16,19,23,28,DLU-Student-Lib,8e:dc:97:12:65:22,5765,-59,,,,,,,,,,M2012K11C,2212343,RP46
2026:09:06:14:56:16,19,24,28,DLU-Teacher,88:dc:97:12:62:d0,5805,-70,,,,,,,,,,M2012K11C,2212343,RP46
2026:09:06:14:56:16,19,25,28,DLU-Student-Lib,8e:dc:97:12:65:2a,2417,-71,,,,,,,,,,M2012K11C,2212343,RP46
2026:09:06:14:56:16,19,26,28,DLU-Teacher,88:dc:97:12:65:22,5765,-59,,,,,,,,,,M2012K11C,2212343,RP46
2026:09:06:14:56:16,19,27,28,DLU-ThuVien,68:ff:7b:d4:f1:cf,2422,-73,,,,,,,,,,M2012K11C,2212343,RP46
2026:09:06:14:56:16,19,28,28,DLU-ThuVien,68:ff:7b:d4:f1:ce,5180,-84,,,,,,,,,,M2012K11C,2212343,RP46
2026:09:06:14:57:07,20,1,27,DLU-Teacher,88:dc:97:12:65:57,2412,-62,,,,,,,,,,M2012K11C,2212343,RP46
2026:09:06:14:57:07,20,2,27,DLU-Teacher,88:dc:97:12:64:82,2432,-72,,,,,,,,,,M2012K11C,2212343,RP46
2026:09:06:14:57:07,20,3,27,DLU-Teacher,88:dc:97:12:64:83,5300,-73,,,,,,,,,,M2012K11C,2212343,RP46
2026:09:06:14:57:07,20,4,27,DLU-Student-Lib,8e:dc:97:12:62:c7,5500,-78,,,,,,,,,,M2012K11C,2212343,RP46
2026:09:06:14:57:07,20,5,27,DLU-Teacher,88:dc:97:12:65:2b,5805,-76,,,,,,,,,,M2012K11C,2212343,RP46
2026:09:06:14:57:07,20,6,27,DLU-Teacher,88:dc:97:12:65:2a,2417,-73,,,,,,,,,,M2012K11C,2212343,RP46
2026:09:06:14:57:07,20,7,27,DLU-Student-Lib,8e:dc:97:12:62:d0,5805,-67,,,,,,,,,,M2012K11C,2212343,RP46
2026:09:06:14:57:07,20,8,27,DLU-Student-Lib,8e:dc:97:12:65:64,5200,-80,,,,,,,,,,M2012K11C,2212343,RP46
2026:09:06:14:57:07,20,9,27,DLU-Teacher,88:dc:97:12:65:58,5280,-71,,,,,,,,,,M2012K11C,2212343,RP46
2026:09:06:14:57:07,20,10,27,DLU-Teacher,88:dc:97:12:65:64,5200,-80,,,,,,,,,,M2012K11C,2212343,RP46
2026:09:06:14:57:07,20,11,27,DLU-Student-Lib,8e:dc:97:12:65:2b,5805,-75,,,,,,,,,,M2012K11C,2212343,RP46
2026:09:06:14:57:07,20,12,27,DLU-Teacher,88:dc:97:12:62:c6,2452,-77,,,,,,,,,,M2012K11C,2212343,RP46
2026:09:06:14:57:07,20,13,27,DLU-Teacher,88:dc:97:12:62:c7,5500,-78,,,,,,,,,,M2012K11C,2212343,RP46
2026:09:06:14:57:07,20,14,27,DLU-Student-Lib,8e:dc:97:12:64:82,2432,-70,,,,,,,,,,M2012K11C,2212343,RP46
2026:09:06:14:57:07,20,15,27,DLU-Student-Lib,8e:dc:97:12:64:83,5300,-73,,,,,,,,,,M2012K11C,2212343,RP46
2026:09:06:14:57:07,20,16,27,DLU-Student-Lib,8e:dc:97:12:65:58,5280,-71,,,,,,,,,,M2012K11C,2212343,RP46
2026:09:06:14:57:07,20,17,27,DLU-Student-Lib,8e:dc:97:12:65:57,2412,-62,,,,,,,,,,M2012K11C,2212343,RP46
2026:09:06:14:57:07,20,18,27,DLU-Teacher,88:dc:97:12:62:cf,2412,-69,,,,,,,,,,M2012K11C,2212343,RP46
2026:09:06:14:57:07,20,19,27,DLU-Student-Lib,8e:dc:97:12:65:21,2412,-65,,,,,,,,,,M2012K11C,2212343,RP46
2026:09:06:14:57:07,20,20,27,DLU-Student-Lib,8e:dc:97:12:62:cf,2412,-72,,,,,,,,,,M2012K11C,2212343,RP46
2026:09:06:14:57:07,20,21,27,DLU - WIMESH,b4:5d:50:d7:e9:50,5220,-73,,,,,,,,,,M2012K11C,2212343,RP46
2026:09:06:14:57:07,20,22,27,DLU-Student-Lib,8e:dc:97:12:65:22,5765,-64,,,,,,,,,,M2012K11C,2212343,RP46
2026:09:06:14:57:07,20,23,27,DLU-Teacher,88:dc:97:12:62:d0,5805,-67,,,,,,,,,,M2012K11C,2212343,RP46
2026:09:06:14:57:07,20,24,27,DLU-Teacher,88:dc:97:12:65:22,5765,-64,,,,,,,,,,M2012K11C,2212343,RP46
2026:09:06:14:57:07,20,25,27,DLU-ThuVien,68:ff:7b:d4:f1:cf,2422,-74,,,,,,,,,,M2012K11C,2212343,RP46
2026:09:06:14:57:07,20,26,27,DLU-Teacher,88:dc:97:12:65:21,2412,-65,,,,,,,,,,M2012K11C,2212343,RP46
2026:09:06:14:57:07,20,27,27,DLU-ThuVien,68:ff:7b:d4:f1:ce,5180,-85,,,,,,,,,,M2012K11C,2212343,RP46
2026:09:06:16:57:14,1,1,32,DLU-Teacher,88:dc:97:12:65:57,2412,-69,,,,,,,,,,M2012K11C,2212343,RP47
2026:09:06:16:57:14,1,2,32,DLU-Teacher,88:dc:97:12:64:82,2432,-64,,,,,,,,,,M2012K11C,2212343,RP47
2026:09:06:16:57:14,1,3,32,DLU-Student-Lib,8e:dc:97:12:62:c7,5500,-57,,,,,,,,,,M2012K11C,2212343,RP47
2026:09:06:16:57:14,1,4,32,DLU-Student-Lib,8e:dc:97:12:62:c6,2452,-65,,,,,,,,,,M2012K11C,2212343,RP47
2026:09:06:16:57:14,1,5,32,DLU-Teacher,88:dc:97:12:65:2b,5805,-78,,,,,,,,,,M2012K11C,2212343,RP47
2026:09:06:16:57:14,1,6,32,DLU-Student-Lib,8e:dc:97:12:62:d0,5805,-67,,,,,,,,,,M2012K11C,2212343,RP47
2026:09:06:16:57:14,1,7,32,TTTV-Intern2026,58:c1:7a:c2:dd:20,2412,-74,,,,,,,,,,M2012K11C,2212343,RP47
2026:09:06:16:57:14,1,8,32,DLU-Student-Lib,8e:dc:97:12:65:64,5200,-81,,,,,,,,,,M2012K11C,2212343,RP47
2026:09:06:16:57:14,1,9,32,DIRECT-ed-HP M203 LaserJet,5e:ea:1d:bb:49:ed,2462,-78,,,,,,,,,,M2012K11C,2212343,RP47
2026:09:06:16:57:14,1,10,32,DLU-Teacher,88:dc:97:12:65:58,5280,-77,,,,,,,,,,M2012K11C,2212343,RP47
2026:09:06:16:57:14,1,11,32,DLU-Student-Lib,8e:dc:97:12:64:c4,2452,-75,,,,,,,,,,M2012K11C,2212343,RP47
2026:09:06:16:57:14,1,12,32,DLU-Teacher,88:dc:97:12:65:64,5200,-81,,,,,,,,,,M2012K11C,2212343,RP47
2026:09:06:16:57:14,1,13,32,DLU-Teacher,88:dc:97:12:65:63,2452,-76,,,,,,,,,,M2012K11C,2212343,RP47
2026:09:06:16:57:14,1,14,32,DLU-Student-Lib,8e:dc:97:12:65:2b,5805,-79,,,,,,,,,,M2012K11C,2212343,RP47
2026:09:06:16:57:14,1,15,32,DLU-Teacher,88:dc:97:12:62:c6,2452,-63,,,,,,,,,,M2012K11C,2212343,RP47
2026:09:06:16:57:14,1,16,32,DLU-Teacher,88:dc:97:12:62:c7,5500,-61,,,,,,,,,,M2012K11C,2212343,RP47
2026:09:06:16:57:14,1,17,32,DLU-Student-Lib,8e:dc:97:12:64:82,2432,-65,,,,,,,,,,M2012K11C,2212343,RP47
2026:09:06:16:57:14,1,18,32,DLU-Student-Lib,8e:dc:97:12:65:58,5280,-77,,,,,,,,,,M2012K11C,2212343,RP47
2026:09:06:16:57:14,1,19,32,DLU-Student-Lib,8e:dc:97:12:65:57,2412,-70,,,,,,,,,,M2012K11C,2212343,RP47
2026:09:06:16:57:14,1,20,32,DLU-Teacher,88:dc:97:12:62:cf,2412,-60,,,,,,,,,,M2012K11C,2212343,RP47
2026:09:06:16:57:14,1,21,32,DLU-Teacher,88:dc:97:12:62:cd,5200,-85,,,,,,,,,,M2012K11C,2212343,RP47
2026:09:06:16:57:14,1,22,32,DLU-Teacher,88:dc:97:12:62:cc,2422,-80,,,,,,,,,,M2012K11C,2212343,RP47
2026:09:06:16:57:14,1,23,32,DLU-Student-Lib,8e:dc:97:12:62:cf,2412,-61,,,,,,,,,,M2012K11C,2212343,RP47
2026:09:06:16:57:14,1,24,32,1.Free Wi-MESH,b4:5d:50:d7:e9:51,5220,-57,,,,,,,,,,M2012K11C,2212343,RP47
2026:09:06:16:57:14,1,25,32,DLU - WIMESH,b4:5d:50:d7:e9:50,5220,-57,,,,,,,,,,M2012K11C,2212343,RP47
2026:09:06:16:57:14,1,26,32,DLU-Student-Lib,8e:dc:97:12:62:cd,5200,-85,,,,,,,,,,M2012K11C,2212343,RP47
2026:09:06:16:57:14,1,27,32,DLU-Student-Lib,8e:dc:97:12:65:22,5765,-80,,,,,,,,,,M2012K11C,2212343,RP47
2026:09:06:16:57:14,1,28,32,DLU-Teacher,88:dc:97:12:62:d0,5805,-66,,,,,,,,,,M2012K11C,2212343,RP47
2026:09:06:16:57:14,1,29,32,DLU - WIMESH,b4:5d:50:d7:e9:40,2462,-52,,,,,,,,,,M2012K11C,2212343,RP47
2026:09:06:16:57:14,1,30,32,DLU-Teacher,88:dc:97:12:65:22,5765,-79,,,,,,,,,,M2012K11C,2212343,RP47
2026:09:06:16:57:14,1,31,32,DLU-Teacher,88:dc:97:12:65:21,2412,-77,,,,,,,,,,M2012K11C,2212343,RP47
2026:09:06:16:57:14,1,32,32,1.Free Wi-MESH,b4:5d:50:d7:e9:41,2462,-50,,,,,,,,,,M2012K11C,2212343,RP47
2026:09:06:16:58:05,2,1,30,DLU-Teacher,88:dc:97:12:65:57,2412,-70,,,,,,,,,,M2012K11C,2212343,RP47
2026:09:06:16:58:05,2,2,30,DLU-Teacher,88:dc:97:12:64:82,2432,-65,,,,,,,,,,M2012K11C,2212343,RP47
2026:09:06:16:58:05,2,3,30,DLU-Teacher,88:dc:97:12:64:83,5300,-64,,,,,,,,,,M2012K11C,2212343,RP47
2026:09:06:16:58:05,2,4,30,DLU-Student-Lib,8e:dc:97:12:62:c7,5500,-59,,,,,,,,,,M2012K11C,2212343,RP47
2026:09:06:16:58:05,2,5,30,DLU-Student-Lib,8e:dc:97:12:62:c6,2452,-66,,,,,,,,,,M2012K11C,2212343,RP47
2026:09:06:16:58:05,2,6,30,DLU-Teacher,88:dc:97:12:65:2b,5805,-78,,,,,,,,,,M2012K11C,2212343,RP47
2026:09:06:16:58:05,2,7,30,DLU-Student-Lib,8e:dc:97:12:62:d0,5805,-68,,,,,,,,,,M2012K11C,2212343,RP47
2026:09:06:16:58:05,2,8,30,DLU-Student-Lib,8e:dc:97:12:65:64,5200,-78,,,,,,,,,,M2012K11C,2212343,RP47
2026:09:06:16:58:05,2,9,30,DLU-Teacher,88:dc:97:12:64:c4,2452,-82,,,,,,,,,,M2012K11C,2212343,RP47
2026:09:06:16:58:05,2,10,30,DLU-Teacher,88:dc:97:12:65:58,5280,-74,,,,,,,,,,M2012K11C,2212343,RP47
2026:09:06:16:58:05,2,11,30,DLU-Student-Lib,8e:dc:97:12:64:c4,2452,-83,,,,,,,,,,M2012K11C,2212343,RP47
2026:09:06:16:58:05,2,12,30,DLU-Teacher,88:dc:97:12:65:64,5200,-78,,,,,,,,,,M2012K11C,2212343,RP47
2026:09:06:16:58:05,2,13,30,DLU-Teacher,88:dc:97:12:65:63,2452,-78,,,,,,,,,,M2012K11C,2212343,RP47
2026:09:06:16:58:05,2,14,30,DLU-Student-Lib,8e:dc:97:12:65:2b,5805,-78,,,,,,,,,,M2012K11C,2212343,RP47
2026:09:06:16:58:05,2,15,30,DLU-Teacher,88:dc:97:12:62:c6,2452,-66,,,,,,,,,,M2012K11C,2212343,RP47
2026:09:06:16:58:05,2,16,30,DLU-Teacher,88:dc:97:12:62:c7,5500,-59,,,,,,,,,,M2012K11C,2212343,RP47
2026:09:06:16:58:05,2,17,30,DLU-Student-Lib,8e:dc:97:12:64:82,2432,-65,,,,,,,,,,M2012K11C,2212343,RP47
2026:09:06:16:58:05,2,18,30,DLU-Student-Lib,8e:dc:97:12:64:83,5300,-64,,,,,,,,,,M2012K11C,2212343,RP47
2026:09:06:16:58:05,2,19,30,DLU-Student-Lib,8e:dc:97:12:65:58,5280,-75,,,,,,,,,,M2012K11C,2212343,RP47
2026:09:06:16:58:05,2,20,30,iPhone (8),b6:40:69:6b:ac:74,2462,-86,,,,,,,,,,M2012K11C,2212343,RP47
2026:09:06:16:58:05,2,21,30,DLU-Teacher,88:dc:97:12:62:cf,2412,-62,,,,,,,,,,M2012K11C,2212343,RP47
2026:09:06:16:58:05,2,22,30,DLU-Teacher,88:dc:97:12:62:cd,5200,-85,,,,,,,,,,M2012K11C,2212343,RP47
2026:09:06:16:58:05,2,23,30,1.Free Wi-MESH,b4:5d:50:d7:e9:51,5220,-56,,,,,,,,,,M2012K11C,2212343,RP47
2026:09:06:16:58:05,2,24,30,DLU - WIMESH,b4:5d:50:d7:e9:50,5220,-57,,,,,,,,,,M2012K11C,2212343,RP47
2026:09:06:16:58:05,2,25,30,DLU-Student-Lib,8e:dc:97:12:62:cd,5200,-86,,,,,,,,,,M2012K11C,2212343,RP47
2026:09:06:16:58:05,2,26,30,DLU-Student-Lib,8e:dc:97:12:65:22,5765,-80,,,,,,,,,,M2012K11C,2212343,RP47
2026:09:06:16:58:05,2,27,30,DLU-Teacher,88:dc:97:12:62:d0,5805,-68,,,,,,,,,,M2012K11C,2212343,RP47
2026:09:06:16:58:05,2,28,30,DLU - WIMESH,b4:5d:50:d7:e9:40,2462,-49,,,,,,,,,,M2012K11C,2212343,RP47
2026:09:06:16:58:05,2,29,30,DLU-Teacher,88:dc:97:12:65:22,5765,-81,,,,,,,,,,M2012K11C,2212343,RP47
2026:09:06:16:58:05,2,30,30,1.Free Wi-MESH,b4:5d:50:d7:e9:41,2462,-51,,,,,,,,,,M2012K11C,2212343,RP47
2026:09:06:16:58:56,3,1,32,DLU-Teacher,88:dc:97:12:65:57,2412,-66,,,,,,,,,,M2012K11C,2212343,RP47
2026:09:06:16:58:56,3,2,32,DLU-Teacher,88:dc:97:12:64:82,2432,-66,,,,,,,,,,M2012K11C,2212343,RP47
2026:09:06:16:58:56,3,3,32,DLU-Teacher,88:dc:97:12:64:83,5300,-65,,,,,,,,,,M2012K11C,2212343,RP47
2026:09:06:16:58:56,3,4,32,DLU-Student-Lib,8e:dc:97:12:62:c7,5500,-61,,,,,,,,,,M2012K11C,2212343,RP47
2026:09:06:16:58:56,3,5,32,DLU-Student-Lib,8e:dc:97:12:62:c6,2452,-63,,,,,,,,,,M2012K11C,2212343,RP47
2026:09:06:16:58:56,3,6,32,DLU-Teacher,88:dc:97:12:65:2b,5805,-75,,,,,,,,,,M2012K11C,2212343,RP47
2026:09:06:16:58:56,3,7,32,DLU_ITC_SRV,7c:7b:68:99:8a:18,2422,-74,,,,,,,,,,M2012K11C,2212343,RP47
2026:09:06:16:58:56,3,8,32,DLU-Student-Lib,8e:dc:97:12:62:d0,5805,-69,,,,,,,,,,M2012K11C,2212343,RP47
2026:09:06:16:58:56,3,9,32,TTTV-Intern2026,58:c1:7a:c2:dd:20,2412,-76,,,,,,,,,,M2012K11C,2212343,RP47
2026:09:06:16:58:56,3,10,32,DLU-Student-Lib,8e:dc:97:12:65:64,5200,-78,,,,,,,,,,M2012K11C,2212343,RP47
2026:09:06:16:58:56,3,11,32,DIRECT-ed-HP M203 LaserJet,5e:ea:1d:bb:49:ed,2462,-77,,,,,,,,,,M2012K11C,2212343,RP47
2026:09:06:16:58:56,3,12,32,DLU-Teacher,88:dc:97:12:65:58,5280,-75,,,,,,,,,,M2012K11C,2212343,RP47
2026:09:06:16:58:56,3,13,32,DLU-Teacher,88:dc:97:12:65:64,5200,-78,,,,,,,,,,M2012K11C,2212343,RP47
2026:09:06:16:58:56,3,14,32,DLU-Teacher,88:dc:97:12:65:63,2452,-80,,,,,,,,,,M2012K11C,2212343,RP47
2026:09:06:16:58:56,3,15,32,DLU-Student-Lib,8e:dc:97:12:65:2b,5805,-75,,,,,,,,,,M2012K11C,2212343,RP47
2026:09:06:16:58:56,3,16,32,DLU-Teacher,88:dc:97:12:62:c6,2452,-62,,,,,,,,,,M2012K11C,2212343,RP47
2026:09:06:16:58:56,3,17,32,DLU-Teacher,88:dc:97:12:62:c7,5500,-61,,,,,,,,,,M2012K11C,2212343,RP47
2026:09:06:16:58:56,3,18,32,DLU-Student-Lib,8e:dc:97:12:64:82,2432,-67,,,,,,,,,,M2012K11C,2212343,RP47
2026:09:06:16:58:56,3,19,32,DLU-Student-Lib,8e:dc:97:12:64:83,5300,-65,,,,,,,,,,M2012K11C,2212343,RP47
2026:09:06:16:58:56,3,20,32,DLU-Student-Lib,8e:dc:97:12:65:58,5280,-74,,,,,,,,,,M2012K11C,2212343,RP47
2026:09:06:16:58:56,3,21,32,Bảo Uyên xinh gái 💗,9a:05:22:19:3f:0e,2437,-80,,,,,,,,,,M2012K11C,2212343,RP47
2026:09:06:16:58:56,3,22,32,DLU-Teacher,88:dc:97:12:62:cf,2412,-66,,,,,,,,,,M2012K11C,2212343,RP47
2026:09:06:16:58:56,3,23,32,DLU-Student-Lib,8e:dc:97:12:65:21,2412,-69,,,,,,,,,,M2012K11C,2212343,RP47
2026:09:06:16:58:56,3,24,32,DLU-Student-Lib,8e:dc:97:12:62:cf,2412,-66,,,,,,,,,,M2012K11C,2212343,RP47
2026:09:06:16:58:56,3,25,32,1.Free Wi-MESH,b4:5d:50:d7:e9:51,5220,-52,,,,,,,,,,M2012K11C,2212343,RP47
2026:09:06:16:58:56,3,26,32,DLU - WIMESH,b4:5d:50:d7:e9:50,5220,-53,,,,,,,,,,M2012K11C,2212343,RP47
2026:09:06:16:58:56,3,27,32,DLU-Student-Lib,8e:dc:97:12:65:22,5765,-79,,,,,,,,,,M2012K11C,2212343,RP47
2026:09:06:16:58:56,3,28,32,DLU-Teacher,88:dc:97:12:62:d0,5805,-68,,,,,,,,,,M2012K11C,2212343,RP47
2026:09:06:16:58:56,3,29,32,DLU - WIMESH,b4:5d:50:d7:e9:40,2462,-54,,,,,,,,,,M2012K11C,2212343,RP47
2026:09:06:16:58:56,3,30,32,DLU-Teacher,88:dc:97:12:65:22,5765,-79,,,,,,,,,,M2012K11C,2212343,RP47
2026:09:06:16:58:56,3,31,32,DLU-Teacher,88:dc:97:12:65:21,2412,-71,,,,,,,,,,M2012K11C,2212343,RP47
2026:09:06:16:58:56,3,32,32,1.Free Wi-MESH,b4:5d:50:d7:e9:41,2462,-52,,,,,,,,,,M2012K11C,2212343,RP47
2026:09:06:16:59:47,4,1,38,DLU-Teacher,88:dc:97:12:64:82,2432,-66,,,,,,,,,,M2012K11C,2212343,RP47
2026:09:06:16:59:47,4,2,38,DLU-Teacher,88:dc:97:12:64:83,5300,-63,,,,,,,,,,M2012K11C,2212343,RP47
2026:09:06:16:59:47,4,3,38,DLU-Student-Lib,8e:dc:97:12:62:c7,5500,-61,,,,,,,,,,M2012K11C,2212343,RP47
2026:09:06:16:59:47,4,4,38,DLU-Student-Lib,8e:dc:97:12:62:c6,2452,-66,,,,,,,,,,M2012K11C,2212343,RP47
2026:09:06:16:59:47,4,5,38,DLU-Teacher,88:dc:97:12:65:2b,5805,-78,,,,,,,,,,M2012K11C,2212343,RP47
2026:09:06:16:59:47,4,6,38,DLU-Teacher,88:dc:97:12:65:2a,2417,-71,,,,,,,,,,M2012K11C,2212343,RP47
2026:09:06:16:59:47,4,7,38,DLU-Student-Lib,8e:dc:97:12:62:d0,5805,-68,,,,,,,,,,M2012K11C,2212343,RP47
2026:09:06:16:59:47,4,8,38,DLU-Student-Lib,8e:dc:97:12:65:63,2452,-75,,,,,,,,,,M2012K11C,2212343,RP47
2026:09:06:16:59:47,4,9,38,TTTV-Intern2026,58:c1:7a:c2:dd:20,2412,-73,,,,,,,,,,M2012K11C,2212343,RP47
2026:09:06:16:59:47,4,10,38,DLU-Student-Lib,8e:dc:97:12:65:64,5200,-81,,,,,,,,,,M2012K11C,2212343,RP47
2026:09:06:16:59:47,4,11,38,DIRECT-ed-HP M203 LaserJet,5e:ea:1d:bb:49:ed,2462,-71,,,,,,,,,,M2012K11C,2212343,RP47
2026:09:06:16:59:47,4,12,38,DLU-Teacher,88:dc:97:12:65:58,5280,-76,,,,,,,,,,M2012K11C,2212343,RP47
2026:09:06:16:59:47,4,13,38,DLU-Student-Lib,8e:dc:97:12:64:c4,2452,-82,,,,,,,,,,M2012K11C,2212343,RP47
2026:09:06:16:59:47,4,14,38,DLU-Teacher,88:dc:97:12:65:64,5200,-80,,,,,,,,,,M2012K11C,2212343,RP47
2026:09:06:16:59:47,4,15,38,DLU-Teacher,88:dc:97:12:65:63,2452,-74,,,,,,,,,,M2012K11C,2212343,RP47
2026:09:06:16:59:47,4,16,38,DLU-Student-Lib,8e:dc:97:12:65:2b,5805,-78,,,,,,,,,,M2012K11C,2212343,RP47
2026:09:06:16:59:47,4,17,38,DLU-Teacher,88:dc:97:12:62:c6,2452,-65,,,,,,,,,,M2012K11C,2212343,RP47
2026:09:06:16:59:47,4,18,38,DLU-Teacher,88:dc:97:12:62:c7,5500,-61,,,,,,,,,,M2012K11C,2212343,RP47
2026:09:06:16:59:47,4,19,38,DLU-Student-Lib,8e:dc:97:12:64:82,2432,-66,,,,,,,,,,M2012K11C,2212343,RP47
2026:09:06:16:59:47,4,20,38,DLU-Student-Lib,8e:dc:97:12:64:83,5300,-64,,,,,,,,,,M2012K11C,2212343,RP47
2026:09:06:16:59:47,4,21,38,DLU - WIMESH,94:b4:0f:e3:1d:40,2462,-84,,,,,,,,,,M2012K11C,2212343,RP47
2026:09:06:16:59:47,4,22,38,Bảo Uyên xinh gái 💗,9a:05:22:19:3f:0e,2437,-70,,,,,,,,,,M2012K11C,2212343,RP47
2026:09:06:16:59:47,4,23,38,DLU-Student-Lib,8e:dc:97:12:65:58,5280,-75,,,,,,,,,,M2012K11C,2212343,RP47
2026:09:06:16:59:47,4,24,38,DLU-Teacher,88:dc:97:12:62:cf,2412,-63,,,,,,,,,,M2012K11C,2212343,RP47
2026:09:06:16:59:47,4,25,38,DLU-Teacher,88:dc:97:12:62:cd,5200,-86,,,,,,,,,,M2012K11C,2212343,RP47
2026:09:06:16:59:47,4,26,38,DLU-Teacher,88:dc:97:12:62:cc,2422,-82,,,,,,,,,,M2012K11C,2212343,RP47
2026:09:06:16:59:47,4,27,38,DLU-Student-Lib,8e:dc:97:12:62:cf,2412,-63,,,,,,,,,,M2012K11C,2212343,RP47
2026:09:06:16:59:47,4,28,38,1.Free Wi-MESH,b4:5d:50:d7:e9:51,5220,-58,,,,,,,,,,M2012K11C,2212343,RP47
2026:09:06:16:59:47,4,29,38,DLU - WIMESH,b4:5d:50:d7:e9:50,5220,-60,,,,,,,,,,M2012K11C,2212343,RP47
2026:09:06:16:59:47,4,30,38,DLU-Student-Lib,8e:dc:97:12:62:cd,5200,-84,,,,,,,,,,M2012K11C,2212343,RP47
2026:09:06:16:59:47,4,31,38,DLU-Student-Lib,8e:dc:97:12:62:cc,2422,-79,,,,,,,,,,M2012K11C,2212343,RP47
2026:09:06:16:59:47,4,32,38,DLU-Student-Lib,8e:dc:97:12:65:22,5765,-81,,,,,,,,,,M2012K11C,2212343,RP47
2026:09:06:16:59:47,4,33,38,DLU-Teacher,88:dc:97:12:62:d0,5805,-67,,,,,,,,,,M2012K11C,2212343,RP47
2026:09:06:16:59:47,4,34,38,DLU - WIMESH,b4:5d:50:d7:e9:40,2462,-49,,,,,,,,,,M2012K11C,2212343,RP47
2026:09:06:16:59:47,4,35,38,DLU-Student-Lib,8e:dc:97:12:65:2a,2417,-75,,,,,,,,,,M2012K11C,2212343,RP47
2026:09:06:16:59:47,4,36,38,DLU-Teacher,88:dc:97:12:65:22,5765,-80,,,,,,,,,,M2012K11C,2212343,RP47
2026:09:06:16:59:47,4,37,38,DLU-Teacher,88:dc:97:12:65:21,2412,-76,,,,,,,,,,M2012K11C,2212343,RP47
2026:09:06:16:59:47,4,38,38,1.Free Wi-MESH,b4:5d:50:d7:e9:41,2462,-50,,,,,,,,,,M2012K11C,2212343,RP47
2026:09:06:17:00:38,5,1,35,DLU-Teacher,88:dc:97:12:65:57,2412,-70,,,,,,,,,,M2012K11C,2212343,RP47
2026:09:06:17:00:38,5,2,35,DLU-Teacher,88:dc:97:12:64:82,2432,-66,,,,,,,,,,M2012K11C,2212343,RP47
2026:09:06:17:00:38,5,3,35,DLU-Teacher,88:dc:97:12:64:83,5300,-63,,,,,,,,,,M2012K11C,2212343,RP47
2026:09:06:17:00:38,5,4,35,DLU-Student-Lib,8e:dc:97:12:62:c7,5500,-59,,,,,,,,,,M2012K11C,2212343,RP47
2026:09:06:17:00:38,5,5,35,DLU-Student-Lib,8e:dc:97:12:62:c6,2452,-64,,,,,,,,,,M2012K11C,2212343,RP47
2026:09:06:17:00:38,5,6,35,DLU-Teacher,88:dc:97:12:65:2b,5805,-77,,,,,,,,,,M2012K11C,2212343,RP47
2026:09:06:17:00:38,5,7,35,DLU-Teacher,88:dc:97:12:65:2a,2417,-74,,,,,,,,,,M2012K11C,2212343,RP47
2026:09:06:17:00:38,5,8,35,DLU-Student-Lib,8e:dc:97:12:62:d0,5805,-68,,,,,,,,,,M2012K11C,2212343,RP47
2026:09:06:17:00:38,5,9,35,DLU-Student-Lib,8e:dc:97:12:65:63,2452,-73,,,,,,,,,,M2012K11C,2212343,RP47
2026:09:06:17:00:38,5,10,35,DLU-Student-Lib,8e:dc:97:12:65:64,5200,-81,,,,,,,,,,M2012K11C,2212343,RP47
2026:09:06:17:00:38,5,11,35,DIRECT-ed-HP M203 LaserJet,5e:ea:1d:bb:49:ed,2462,-75,,,,,,,,,,M2012K11C,2212343,RP47
2026:09:06:17:00:38,5,12,35,DLU-Teacher,88:dc:97:12:65:58,5280,-75,,,,,,,,,,M2012K11C,2212343,RP47
2026:09:06:17:00:38,5,13,35,DLU-Teacher,88:dc:97:12:65:64,5200,-82,,,,,,,,,,M2012K11C,2212343,RP47
2026:09:06:17:00:38,5,14,35,DLU-Teacher,88:dc:97:12:65:63,2452,-74,,,,,,,,,,M2012K11C,2212343,RP47
2026:09:06:17:00:38,5,15,35,DLU-Student-Lib,8e:dc:97:12:65:2b,5805,-77,,,,,,,,,,M2012K11C,2212343,RP47
2026:09:06:17:00:38,5,16,35,DLU-Teacher,88:dc:97:12:62:c6,2452,-64,,,,,,,,,,M2012K11C,2212343,RP47
2026:09:06:17:00:38,5,17,35,DLU-Teacher,88:dc:97:12:62:c7,5500,-59,,,,,,,,,,M2012K11C,2212343,RP47
2026:09:06:17:00:38,5,18,35,DLU-Student-Lib,8e:dc:97:12:64:82,2432,-67,,,,,,,,,,M2012K11C,2212343,RP47
2026:09:06:17:00:38,5,19,35,DLU-Student-Lib,8e:dc:97:12:64:83,5300,-63,,,,,,,,,,M2012K11C,2212343,RP47
2026:09:06:17:00:38,5,20,35,Bảo Uyên xinh gái 💗,9a:05:22:19:3f:0e,2437,-68,,,,,,,,,,M2012K11C,2212343,RP47
2026:09:06:17:00:38,5,21,35,DLU-Student-Lib,8e:dc:97:12:65:58,5280,-75,,,,,,,,,,M2012K11C,2212343,RP47
2026:09:06:17:00:38,5,22,35,DLU-Teacher,88:dc:97:12:62:cf,2412,-63,,,,,,,,,,M2012K11C,2212343,RP47
2026:09:06:17:00:38,5,23,35,DLU-Teacher,88:dc:97:12:62:cd,5200,-84,,,,,,,,,,M2012K11C,2212343,RP47
2026:09:06:17:00:38,5,24,35,DLU-Student-Lib,8e:dc:97:12:65:21,2412,-75,,,,,,,,,,M2012K11C,2212343,RP47
2026:09:06:17:00:38,5,25,35,DLU-ThuVien,54:af:97:6b:ba:ce,2462,-82,,,,,,,,,,M2012K11C,2212343,RP47
2026:09:06:17:00:38,5,26,35,1.Free Wi-MESH,b4:5d:50:d7:e9:51,5220,-56,,,,,,,,,,M2012K11C,2212343,RP47
2026:09:06:17:00:38,5,27,35,DLU - WIMESH,b4:5d:50:d7:e9:50,5220,-57,,,,,,,,,,M2012K11C,2212343,RP47
2026:09:06:17:00:38,5,28,35,DLU-Student-Lib,8e:dc:97:12:62:cd,5200,-83,,,,,,,,,,M2012K11C,2212343,RP47
2026:09:06:17:00:38,5,29,35,DLU-Student-Lib,8e:dc:97:12:62:cc,2422,-71,,,,,,,,,,M2012K11C,2212343,RP47
2026:09:06:17:00:38,5,30,35,DLU-Student-Lib,8e:dc:97:12:65:22,5765,-80,,,,,,,,,,M2012K11C,2212343,RP47
2026:09:06:17:00:38,5,31,35,DLU-Teacher,88:dc:97:12:62:d0,5805,-68,,,,,,,,,,M2012K11C,2212343,RP47
2026:09:06:17:00:38,5,32,35,DLU - WIMESH,b4:5d:50:d7:e9:40,2462,-48,,,,,,,,,,M2012K11C,2212343,RP47
2026:09:06:17:00:38,5,33,35,DLU-Teacher,88:dc:97:12:65:22,5765,-79,,,,,,,,,,M2012K11C,2212343,RP47
2026:09:06:17:00:38,5,34,35,DLU-Teacher,88:dc:97:12:65:21,2412,-72,,,,,,,,,,M2012K11C,2212343,RP47
2026:09:06:17:00:38,5,35,35,1.Free Wi-MESH,b4:5d:50:d7:e9:41,2462,-48,,,,,,,,,,M2012K11C,2212343,RP47
2026:09:06:17:01:30,6,1,30,DLU-Teacher,88:dc:97:12:64:82,2432,-66,,,,,,,,,,M2012K11C,2212343,RP47
2026:09:06:17:01:30,6,2,30,DLU-Teacher,88:dc:97:12:64:83,5300,-66,,,,,,,,,,M2012K11C,2212343,RP47
2026:09:06:17:01:30,6,3,30,DLU-Student-Lib,8e:dc:97:12:62:c6,2452,-64,,,,,,,,,,M2012K11C,2212343,RP47
2026:09:06:17:01:30,6,4,30,DLU-Teacher,88:dc:97:12:65:2a,2417,-75,,,,,,,,,,M2012K11C,2212343,RP47
2026:09:06:17:01:30,6,5,30,TTTV-Intern2026,58:c1:7a:c2:dd:20,2412,-71,,,,,,,,,,M2012K11C,2212343,RP47
2026:09:06:17:01:30,6,6,30,DLU-Student-Lib,8e:dc:97:12:65:64,5200,-79,,,,,,,,,,M2012K11C,2212343,RP47
2026:09:06:17:01:30,6,7,30,DLU-Teacher,88:dc:97:12:64:c4,2452,-79,,,,,,,,,,M2012K11C,2212343,RP47
2026:09:06:17:01:30,6,8,30,DIRECT-ed-HP M203 LaserJet,5e:ea:1d:bb:49:ed,2462,-75,,,,,,,,,,M2012K11C,2212343,RP47
2026:09:06:17:01:30,6,9,30,DLU-Teacher,88:dc:97:12:65:58,5280,-76,,,,,,,,,,M2012K11C,2212343,RP47
2026:09:06:17:01:30,6,10,30,DLU-Student-Lib,8e:dc:97:12:64:c4,2452,-82,,,,,,,,,,M2012K11C,2212343,RP47
2026:09:06:17:01:30,6,11,30,DLU-Teacher,88:dc:97:12:65:64,5200,-81,,,,,,,,,,M2012K11C,2212343,RP47
2026:09:06:17:01:30,6,12,30,DLU-Teacher,88:dc:97:12:65:63,2452,-72,,,,,,,,,,M2012K11C,2212343,RP47
2026:09:06:17:01:30,6,13,30,DLU-Teacher,88:dc:97:12:62:c6,2452,-63,,,,,,,,,,M2012K11C,2212343,RP47
2026:09:06:17:01:30,6,14,30,DLU-Student-Lib,8e:dc:97:12:64:82,2432,-67,,,,,,,,,,M2012K11C,2212343,RP47
2026:09:06:17:01:30,6,15,30,DLU-Student-Lib,8e:dc:97:12:64:83,5300,-65,,,,,,,,,,M2012K11C,2212343,RP47
2026:09:06:17:01:30,6,16,30,Bảo Uyên xinh gái 💗,9a:05:22:19:3f:0e,2437,-68,,,,,,,,,,M2012K11C,2212343,RP47
2026:09:06:17:01:30,6,17,30,DLU-Student-Lib,8e:dc:97:12:65:58,5280,-76,,,,,,,,,,M2012K11C,2212343,RP47
2026:09:06:17:01:30,6,18,30,DLU-Teacher,88:dc:97:12:62:cf,2412,-63,,,,,,,,,,M2012K11C,2212343,RP47
2026:09:06:17:01:30,6,19,30,DLU-Teacher,88:dc:97:12:62:cd,5200,-86,,,,,,,,,,M2012K11C,2212343,RP47
2026:09:06:17:01:30,6,20,30,DLU-Teacher,88:dc:97:12:62:cc,2422,-77,,,,,,,,,,M2012K11C,2212343,RP47
2026:09:06:17:01:30,6,21,30,DLU-Student-Lib,8e:dc:97:12:65:21,2412,-75,,,,,,,,,,M2012K11C,2212343,RP47
2026:09:06:17:01:30,6,22,30,DLU-Student-Lib,8e:dc:97:12:62:cf,2412,-63,,,,,,,,,,M2012K11C,2212343,RP47
2026:09:06:17:01:30,6,23,30,1.Free Wi-MESH,b4:5d:50:d7:e9:51,5220,-56,,,,,,,,,,M2012K11C,2212343,RP47
2026:09:06:17:01:30,6,24,30,DLU - WIMESH,b4:5d:50:d7:e9:50,5220,-56,,,,,,,,,,M2012K11C,2212343,RP47
2026:09:06:17:01:30,6,25,30,DLU-Student-Lib,8e:dc:97:12:62:cd,5200,-86,,,,,,,,,,M2012K11C,2212343,RP47
2026:09:06:17:01:30,6,26,30,DLU-Student-Lib,8e:dc:97:12:62:cc,2422,-83,,,,,,,,,,M2012K11C,2212343,RP47
2026:09:06:17:01:30,6,27,30,DLU - WIMESH,b4:5d:50:d7:e9:40,2462,-49,,,,,,,,,,M2012K11C,2212343,RP47
2026:09:06:17:01:30,6,28,30,DLU-Student-Lib,8e:dc:97:12:65:2a,2417,-76,,,,,,,,,,M2012K11C,2212343,RP47
2026:09:06:17:01:30,6,29,30,DLU-Teacher,88:dc:97:12:65:21,2412,-75,,,,,,,,,,M2012K11C,2212343,RP47
2026:09:06:17:01:30,6,30,30,1.Free Wi-MESH,b4:5d:50:d7:e9:41,2462,-49,,,,,,,,,,M2012K11C,2212343,RP47
2026:09:06:17:02:21,7,1,32,DLU-Teacher,88:dc:97:12:64:82,2432,-67,,,,,,,,,,M2012K11C,2212343,RP47
2026:09:06:17:02:21,7,2,32,DLU-Teacher,88:dc:97:12:64:83,5300,-65,,,,,,,,,,M2012K11C,2212343,RP47
2026:09:06:17:02:21,7,3,32,DLU-Student-Lib,8e:dc:97:12:62:c7,5500,-61,,,,,,,,,,M2012K11C,2212343,RP47
2026:09:06:17:02:21,7,4,32,DLU-Student-Lib,8e:dc:97:12:62:c6,2452,-63,,,,,,,,,,M2012K11C,2212343,RP47
2026:09:06:17:02:21,7,5,32,DLU-Teacher,88:dc:97:12:65:2b,5805,-75,,,,,,,,,,M2012K11C,2212343,RP47
2026:09:06:17:02:21,7,6,32,DLU-Teacher,88:dc:97:12:65:2a,2417,-76,,,,,,,,,,M2012K11C,2212343,RP47
2026:09:06:17:02:21,7,7,32,DLU-Student-Lib,8e:dc:97:12:62:d0,5805,-69,,,,,,,,,,M2012K11C,2212343,RP47
2026:09:06:17:02:21,7,8,32,DLU-Student-Lib,8e:dc:97:12:65:63,2452,-71,,,,,,,,,,M2012K11C,2212343,RP47
2026:09:06:17:02:21,7,9,32,TTTV-Intern2026,58:c1:7a:c2:dd:20,2412,-76,,,,,,,,,,M2012K11C,2212343,RP47
2026:09:06:17:02:21,7,10,32,DLU-Student-Lib,8e:dc:97:12:65:64,5200,-80,,,,,,,,,,M2012K11C,2212343,RP47
2026:09:06:17:02:21,7,11,32,DIRECT-ed-HP M203 LaserJet,5e:ea:1d:bb:49:ed,2462,-64,,,,,,,,,,M2012K11C,2212343,RP47
2026:09:06:17:02:21,7,12,32,DLU-Teacher,88:dc:97:12:65:58,5280,-77,,,,,,,,,,M2012K11C,2212343,RP47
2026:09:06:17:02:21,7,13,32,DLU-Teacher,88:dc:97:12:65:64,5200,-79,,,,,,,,,,M2012K11C,2212343,RP47
2026:09:06:17:02:21,7,14,32,DLU-Teacher,88:dc:97:12:65:63,2452,-71,,,,,,,,,,M2012K11C,2212343,RP47
2026:09:06:17:02:21,7,15,32,DLU-Student-Lib,8e:dc:97:12:65:2b,5805,-75,,,,,,,,,,M2012K11C,2212343,RP47
2026:09:06:17:02:21,7,16,32,DLU-Teacher,88:dc:97:12:62:c6,2452,-64,,,,,,,,,,M2012K11C,2212343,RP47
2026:09:06:17:02:21,7,17,32,DLU-Teacher,88:dc:97:12:62:c7,5500,-60,,,,,,,,,,M2012K11C,2212343,RP47
2026:09:06:17:02:21,7,18,32,DLU-Student-Lib,8e:dc:97:12:64:82,2432,-67,,,,,,,,,,M2012K11C,2212343,RP47
2026:09:06:17:02:21,7,19,32,DLU-Student-Lib,8e:dc:97:12:64:83,5300,-65,,,,,,,,,,M2012K11C,2212343,RP47
2026:09:06:17:02:21,7,20,32,Bảo Uyên xinh gái 💗,9a:05:22:19:3f:0e,2437,-68,,,,,,,,,,M2012K11C,2212343,RP47
2026:09:06:17:02:21,7,21,32,DLU-Student-Lib,8e:dc:97:12:65:58,5280,-77,,,,,,,,,,M2012K11C,2212343,RP47
2026:09:06:17:02:21,7,22,32,DLU-Teacher,88:dc:97:12:62:cf,2412,-64,,,,,,,,,,M2012K11C,2212343,RP47
2026:09:06:17:02:21,7,23,32,DLU-Teacher,88:dc:97:12:62:cd,5200,-87,,,,,,,,,,M2012K11C,2212343,RP47
2026:09:06:17:02:21,7,24,32,DLU-Student-Lib,8e:dc:97:12:65:21,2412,-74,,,,,,,,,,M2012K11C,2212343,RP47
2026:09:06:17:02:21,7,25,32,DLU-Student-Lib,8e:dc:97:12:62:cf,2412,-63,,,,,,,,,,M2012K11C,2212343,RP47
2026:09:06:17:02:21,7,26,32,1.Free Wi-MESH,b4:5d:50:d7:e9:51,5220,-58,,,,,,,,,,M2012K11C,2212343,RP47
2026:09:06:17:02:21,7,27,32,DLU - WIMESH,b4:5d:50:d7:e9:50,5220,-57,,,,,,,,,,M2012K11C,2212343,RP47
2026:09:06:17:02:21,7,28,32,DLU-Student-Lib,8e:dc:97:12:62:cd,5200,-88,,,,,,,,,,M2012K11C,2212343,RP47
2026:09:06:17:02:21,7,29,32,DLU-Teacher,88:dc:97:12:62:d0,5805,-69,,,,,,,,,,M2012K11C,2212343,RP47
2026:09:06:17:02:21,7,30,32,DLU - WIMESH,b4:5d:50:d7:e9:40,2462,-51,,,,,,,,,,M2012K11C,2212343,RP47
2026:09:06:17:02:21,7,31,32,DLU-Teacher,88:dc:97:12:65:21,2412,-74,,,,,,,,,,M2012K11C,2212343,RP47
2026:09:06:17:02:21,7,32,32,1.Free Wi-MESH,b4:5d:50:d7:e9:41,2462,-51,,,,,,,,,,M2012K11C,2212343,RP47
2026:09:06:17:03:12,8,1,32,DLU-Teacher,88:dc:97:12:64:82,2432,-68,,,,,,,,,,M2012K11C,2212343,RP47
2026:09:06:17:03:12,8,2,32,DLU-Student-Lib,8e:dc:97:12:62:c7,5500,-61,,,,,,,,,,M2012K11C,2212343,RP47
2026:09:06:17:03:12,8,3,32,DLU-Student-Lib,8e:dc:97:12:62:c6,2452,-64,,,,,,,,,,M2012K11C,2212343,RP47
2026:09:06:17:03:12,8,4,32,DLU-Teacher,88:dc:97:12:65:2b,5805,-80,,,,,,,,,,M2012K11C,2212343,RP47
2026:09:06:17:03:12,8,5,32,DLU-Teacher,88:dc:97:12:65:2a,2417,-71,,,,,,,,,,M2012K11C,2212343,RP47
2026:09:06:17:03:12,8,6,32,DLU_ITC_SRV,7c:7b:68:99:8a:18,2422,-71,,,,,,,,,,M2012K11C,2212343,RP47
2026:09:06:17:03:12,8,7,32,DLU-Student-Lib,8e:dc:97:12:62:d0,5805,-66,,,,,,,,,,M2012K11C,2212343,RP47
2026:09:06:17:03:12,8,8,32,TTTV-Intern2026,58:c1:7a:c2:dd:20,2412,-74,,,,,,,,,,M2012K11C,2212343,RP47
2026:09:06:17:03:12,8,9,32,DLU-Student-Lib,8e:dc:97:12:65:64,5200,-82,,,,,,,,,,M2012K11C,2212343,RP47
2026:09:06:17:03:12,8,10,32,DIRECT-ed-HP M203 LaserJet,5e:ea:1d:bb:49:ed,2462,-74,,,,,,,,,,M2012K11C,2212343,RP47
2026:09:06:17:03:12,8,11,32,DLU-Teacher,88:dc:97:12:65:58,5280,-76,,,,,,,,,,M2012K11C,2212343,RP47
2026:09:06:17:03:12,8,12,32,DLU-Teacher,88:dc:97:12:65:64,5200,-82,,,,,,,,,,M2012K11C,2212343,RP47
2026:09:06:17:03:12,8,13,32,DLU-Teacher,88:dc:97:12:65:63,2452,-79,,,,,,,,,,M2012K11C,2212343,RP47
2026:09:06:17:03:12,8,14,32,DLU-Student-Lib,8e:dc:97:12:65:2b,5805,-80,,,,,,,,,,M2012K11C,2212343,RP47
2026:09:06:17:03:12,8,15,32,DLU-Teacher,88:dc:97:12:62:c6,2452,-64,,,,,,,,,,M2012K11C,2212343,RP47
2026:09:06:17:03:12,8,16,32,DLU-Teacher,88:dc:97:12:62:c7,5500,-62,,,,,,,,,,M2012K11C,2212343,RP47
2026:09:06:17:03:12,8,17,32,DLU-Student-Lib,8e:dc:97:12:64:82,2432,-69,,,,,,,,,,M2012K11C,2212343,RP47
2026:09:06:17:03:12,8,18,32,Bảo Uyên xinh gái 💗,9a:05:22:19:3f:0e,2437,-71,,,,,,,,,,M2012K11C,2212343,RP47
2026:09:06:17:03:12,8,19,32,DLU-Student-Lib,8e:dc:97:12:65:58,5280,-76,,,,,,,,,,M2012K11C,2212343,RP47
2026:09:06:17:03:12,8,20,32,iPhone (8),b6:40:69:6b:ac:74,2462,-85,,,,,,,,,,M2012K11C,2212343,RP47
2026:09:06:17:03:12,8,21,32,DLU-Teacher,88:dc:97:12:62:cf,2412,-61,,,,,,,,,,M2012K11C,2212343,RP47
2026:09:06:17:03:12,8,22,32,DLU-Teacher,88:dc:97:12:62:cd,5200,-87,,,,,,,,,,M2012K11C,2212343,RP47
2026:09:06:17:03:12,8,23,32,DLU-ThuVien,54:af:97:6b:ba:ce,2462,-83,,,,,,,,,,M2012K11C,2212343,RP47
2026:09:06:17:03:12,8,24,32,1.Free Wi-MESH,b4:5d:50:d7:e9:51,5220,-56,,,,,,,,,,M2012K11C,2212343,RP47
2026:09:06:17:03:12,8,25,32,DLU - WIMESH,b4:5d:50:d7:e9:50,5220,-57,,,,,,,,,,M2012K11C,2212343,RP47
2026:09:06:17:03:12,8,26,32,DLU-Student-Lib,8e:dc:97:12:62:cd,5200,-84,,,,,,,,,,M2012K11C,2212343,RP47
2026:09:06:17:03:12,8,27,32,DLU-Student-Lib,8e:dc:97:12:65:22,5765,-82,,,,,,,,,,M2012K11C,2212343,RP47
2026:09:06:17:03:12,8,28,32,DLU-Teacher,88:dc:97:12:62:d0,5805,-60,,,,,,,,,,M2012K11C,2212343,RP47
2026:09:06:17:03:12,8,29,32,DLU - WIMESH,b4:5d:50:d7:e9:40,2462,-53,,,,,,,,,,M2012K11C,2212343,RP47
2026:09:06:17:03:12,8,30,32,DLU-Teacher,88:dc:97:12:65:22,5765,-81,,,,,,,,,,M2012K11C,2212343,RP47
2026:09:06:17:03:12,8,31,32,DLU-Teacher,88:dc:97:12:65:21,2412,-75,,,,,,,,,,M2012K11C,2212343,RP47
2026:09:06:17:03:12,8,32,32,1.Free Wi-MESH,b4:5d:50:d7:e9:41,2462,-54,,,,,,,,,,M2012K11C,2212343,RP47
2026:09:06:17:04:03,9,1,31,DLU-Teacher,88:dc:97:12:65:57,2412,-71,,,,,,,,,,M2012K11C,2212343,RP47
2026:09:06:17:04:03,9,2,31,DLU-Teacher,88:dc:97:12:64:82,2432,-68,,,,,,,,,,M2012K11C,2212343,RP47
2026:09:06:17:04:03,9,3,31,DLU-Teacher,88:dc:97:12:64:83,5300,-63,,,,,,,,,,M2012K11C,2212343,RP47
2026:09:06:17:04:03,9,4,31,DLU-Student-Lib,8e:dc:97:12:62:c6,2452,-64,,,,,,,,,,M2012K11C,2212343,RP47
2026:09:06:17:04:03,9,5,31,DLU-Student-Lib,8e:dc:97:12:62:d0,5805,-66,,,,,,,,,,M2012K11C,2212343,RP47
2026:09:06:17:04:03,9,6,31,TTTV-Intern2026,58:c1:7a:c2:dd:20,2412,-76,,,,,,,,,,M2012K11C,2212343,RP47
2026:09:06:17:04:03,9,7,31,DLU-Student-Lib,8e:dc:97:12:65:64,5200,-83,,,,,,,,,,M2012K11C,2212343,RP47
2026:09:06:17:04:03,9,8,31,DLU-Teacher,88:dc:97:12:64:c4,2452,-80,,,,,,,,,,M2012K11C,2212343,RP47
2026:09:06:17:04:03,9,9,31,DIRECT-ed-HP M203 LaserJet,5e:ea:1d:bb:49:ed,2462,-73,,,,,,,,,,M2012K11C,2212343,RP47
2026:09:06:17:04:03,9,10,31,DLU-Teacher,88:dc:97:12:65:58,5280,-75,,,,,,,,,,M2012K11C,2212343,RP47
2026:09:06:17:04:03,9,11,31,DLU-Teacher,88:dc:97:12:65:64,5200,-82,,,,,,,,,,M2012K11C,2212343,RP47
2026:09:06:17:04:03,9,12,31,DLU-Student-Lib,8e:dc:97:12:65:2b,5805,-81,,,,,,,,,,M2012K11C,2212343,RP47
2026:09:06:17:04:03,9,13,31,DLU-Teacher,88:dc:97:12:62:c6,2452,-64,,,,,,,,,,M2012K11C,2212343,RP47
2026:09:06:17:04:03,9,14,31,DLU-Student-Lib,8e:dc:97:12:64:82,2432,-68,,,,,,,,,,M2012K11C,2212343,RP47
2026:09:06:17:04:03,9,15,31,DLU-Student-Lib,8e:dc:97:12:64:83,5300,-64,,,,,,,,,,M2012K11C,2212343,RP47
2026:09:06:17:04:03,9,16,31,DLU - WIMESH,94:b4:0f:e3:1d:40,2462,-78,,,,,,,,,,M2012K11C,2212343,RP47
2026:09:06:17:04:03,9,17,31,Bảo Uyên xinh gái 💗,9a:05:22:19:3f:0e,2437,-71,,,,,,,,,,M2012K11C,2212343,RP47
2026:09:06:17:04:03,9,18,31,DLU-Student-Lib,8e:dc:97:12:65:58,5280,-76,,,,,,,,,,M2012K11C,2212343,RP47
2026:09:06:17:04:03,9,19,31,DLU-Student-Lib,8e:dc:97:12:65:57,2412,-71,,,,,,,,,,M2012K11C,2212343,RP47
2026:09:06:17:04:03,9,20,31,DLU-Teacher,88:dc:97:12:62:cf,2412,-63,,,,,,,,,,M2012K11C,2212343,RP47
2026:09:06:17:04:03,9,21,31,DLU-Teacher,88:dc:97:12:62:cd,5200,-87,,,,,,,,,,M2012K11C,2212343,RP47
2026:09:06:17:04:03,9,22,31,DLU-ThuVien,54:af:97:6b:ba:ce,2462,-78,,,,,,,,,,M2012K11C,2212343,RP47
2026:09:06:17:04:03,9,23,31,DLU-Student-Lib,8e:dc:97:12:62:cf,2412,-64,,,,,,,,,,M2012K11C,2212343,RP47
2026:09:06:17:04:03,9,24,31,1.Free Wi-MESH,b4:5d:50:d7:e9:51,5220,-56,,,,,,,,,,M2012K11C,2212343,RP47
2026:09:06:17:04:03,9,25,31,DLU - WIMESH,b4:5d:50:d7:e9:50,5220,-57,,,,,,,,,,M2012K11C,2212343,RP47
2026:09:06:17:04:03,9,26,31,DLU-Student-Lib,8e:dc:97:12:62:cd,5200,-87,,,,,,,,,,M2012K11C,2212343,RP47
2026:09:06:17:04:03,9,27,31,DLU-Student-Lib,8e:dc:97:12:65:22,5765,-81,,,,,,,,,,M2012K11C,2212343,RP47
2026:09:06:17:04:03,9,28,31,DLU-Teacher,88:dc:97:12:62:d0,5805,-66,,,,,,,,,,M2012K11C,2212343,RP47
2026:09:06:17:04:03,9,29,31,DLU - WIMESH,b4:5d:50:d7:e9:40,2462,-53,,,,,,,,,,M2012K11C,2212343,RP47
2026:09:06:17:04:03,9,30,31,DLU-Teacher,88:dc:97:12:65:22,5765,-81,,,,,,,,,,M2012K11C,2212343,RP47
2026:09:06:17:04:03,9,31,31,1.Free Wi-MESH,b4:5d:50:d7:e9:41,2462,-54,,,,,,,,,,M2012K11C,2212343,RP47
2026:09:06:17:04:55,10,1,38,DLU-Teacher,88:dc:97:12:65:57,2412,-75,,,,,,,,,,M2012K11C,2212343,RP47
2026:09:06:17:04:55,10,2,38,DLU-Teacher,88:dc:97:12:64:82,2432,-66,,,,,,,,,,M2012K11C,2212343,RP47
2026:09:06:17:04:55,10,3,38,DLU-Teacher,88:dc:97:12:64:83,5300,-64,,,,,,,,,,M2012K11C,2212343,RP47
2026:09:06:17:04:55,10,4,38,DLU-Student-Lib,8e:dc:97:12:62:c7,5500,-61,,,,,,,,,,M2012K11C,2212343,RP47
2026:09:06:17:04:55,10,5,38,DLU-Student-Lib,8e:dc:97:12:62:c6,2452,-63,,,,,,,,,,M2012K11C,2212343,RP47
2026:09:06:17:04:55,10,6,38,DLU-Teacher,88:dc:97:12:65:2b,5805,-79,,,,,,,,,,M2012K11C,2212343,RP47
2026:09:06:17:04:55,10,7,38,DLU-Teacher,88:dc:97:12:65:2a,2417,-77,,,,,,,,,,M2012K11C,2212343,RP47
2026:09:06:17:04:55,10,8,38,DLU-Student-Lib,8e:dc:97:12:62:d0,5805,-66,,,,,,,,,,M2012K11C,2212343,RP47
2026:09:06:17:04:55,10,9,38,TTTV-Intern2026,58:c1:7a:c2:dd:20,2412,-74,,,,,,,,,,M2012K11C,2212343,RP47
2026:09:06:17:04:55,10,10,38,DLU-Student-Lib,8e:dc:97:12:65:64,5200,-81,,,,,,,,,,M2012K11C,2212343,RP47
2026:09:06:17:04:55,10,11,38,DLU-Teacher,88:dc:97:12:64:c4,2452,-82,,,,,,,,,,M2012K11C,2212343,RP47
2026:09:06:17:04:55,10,12,38,OMCTEST_THAO,7c:7b:68:3a:51:c8,2422,-72,,,,,,,,,,M2012K11C,2212343,RP47
2026:09:06:17:04:55,10,13,38,DLU-Teacher,88:dc:97:12:65:58,5280,-76,,,,,,,,,,M2012K11C,2212343,RP47
2026:09:06:17:04:55,10,14,38,DLU-Student-Lib,8e:dc:97:12:64:c4,2452,-78,,,,,,,,,,M2012K11C,2212343,RP47
2026:09:06:17:04:55,10,15,38,DLU-Teacher,88:dc:97:12:65:64,5200,-82,,,,,,,,,,M2012K11C,2212343,RP47
2026:09:06:17:04:55,10,16,38,DLU-Teacher,88:dc:97:12:65:63,2452,-73,,,,,,,,,,M2012K11C,2212343,RP47
2026:09:06:17:04:55,10,17,38,DLU-Student-Lib,8e:dc:97:12:65:2b,5805,-79,,,,,,,,,,M2012K11C,2212343,RP47
2026:09:06:17:04:55,10,18,38,DLU-Teacher,88:dc:97:12:62:c6,2452,-63,,,,,,,,,,M2012K11C,2212343,RP47
2026:09:06:17:04:55,10,19,38,DLU-Teacher,88:dc:97:12:62:c7,5500,-60,,,,,,,,,,M2012K11C,2212343,RP47
2026:09:06:17:04:55,10,20,38,DLU-Student-Lib,8e:dc:97:12:64:82,2432,-66,,,,,,,,,,M2012K11C,2212343,RP47
2026:09:06:17:04:55,10,21,38,DLU-Student-Lib,8e:dc:97:12:64:83,5300,-64,,,,,,,,,,M2012K11C,2212343,RP47
2026:09:06:17:04:55,10,22,38,Bảo Uyên xinh gái 💗,9a:05:22:19:3f:0e,2437,-70,,,,,,,,,,M2012K11C,2212343,RP47
2026:09:06:17:04:55,10,23,38,DLU-Student-Lib,8e:dc:97:12:65:58,5280,-76,,,,,,,,,,M2012K11C,2212343,RP47
2026:09:06:17:04:55,10,24,38,DLU-Student-Lib,8e:dc:97:12:65:57,2412,-71,,,,,,,,,,M2012K11C,2212343,RP47
2026:09:06:17:04:55,10,25,38,DLU-Teacher,88:dc:97:12:62:cf,2412,-64,,,,,,,,,,M2012K11C,2212343,RP47
2026:09:06:17:04:55,10,26,38,DLU-Teacher,88:dc:97:12:62:cd,5200,-85,,,,,,,,,,M2012K11C,2212343,RP47
2026:09:06:17:04:55,10,27,38,DLU-Student-Lib,8e:dc:97:12:65:21,2412,-75,,,,,,,,,,M2012K11C,2212343,RP47
2026:09:06:17:04:55,10,28,38,DLU-Student-Lib,8e:dc:97:12:62:cf,2412,-64,,,,,,,,,,M2012K11C,2212343,RP47
2026:09:06:17:04:55,10,29,38,1.Free Wi-MESH,b4:5d:50:d7:e9:51,5220,-59,,,,,,,,,,M2012K11C,2212343,RP47
2026:09:06:17:04:55,10,30,38,DLU - WIMESH,b4:5d:50:d7:e9:50,5220,-59,,,,,,,,,,M2012K11C,2212343,RP47
2026:09:06:17:04:55,10,31,38,DLU-Student-Lib,8e:dc:97:12:62:cd,5200,-85,,,,,,,,,,M2012K11C,2212343,RP47
2026:09:06:17:04:55,10,32,38,DLU-Student-Lib,8e:dc:97:12:65:22,5765,-81,,,,,,,,,,M2012K11C,2212343,RP47
2026:09:06:17:04:55,10,33,38,DLU-Teacher,88:dc:97:12:62:d0,5805,-66,,,,,,,,,,M2012K11C,2212343,RP47
2026:09:06:17:04:55,10,34,38,DLU - WIMESH,b4:5d:50:d7:e9:40,2462,-55,,,,,,,,,,M2012K11C,2212343,RP47
2026:09:06:17:04:55,10,35,38,DLU-Student-Lib,8e:dc:97:12:65:2a,2417,-76,,,,,,,,,,M2012K11C,2212343,RP47
2026:09:06:17:04:55,10,36,38,DLU-Teacher,88:dc:97:12:65:22,5765,-81,,,,,,,,,,M2012K11C,2212343,RP47
2026:09:06:17:04:55,10,37,38,DLU-Teacher,88:dc:97:12:65:21,2412,-75,,,,,,,,,,M2012K11C,2212343,RP47
2026:09:06:17:04:55,10,38,38,1.Free Wi-MESH,b4:5d:50:d7:e9:41,2462,-55,,,,,,,,,,M2012K11C,2212343,RP47
2026:09:06:17:05:46,11,1,35,DLU-Teacher,88:dc:97:12:64:82,2432,-65,,,,,,,,,,M2012K11C,2212343,RP47
2026:09:06:17:05:46,11,2,35,DLU-Teacher,88:dc:97:12:64:83,5300,-63,,,,,,,,,,M2012K11C,2212343,RP47
2026:09:06:17:05:46,11,3,35,DLU-Student-Lib,8e:dc:97:12:62:c7,5500,-60,,,,,,,,,,M2012K11C,2212343,RP47
2026:09:06:17:05:46,11,4,35,DLU-Teacher,88:dc:97:12:65:2b,5805,-79,,,,,,,,,,M2012K11C,2212343,RP47
2026:09:06:17:05:46,11,5,35,DLU-Teacher,88:dc:97:12:65:2a,2417,-77,,,,,,,,,,M2012K11C,2212343,RP47
2026:09:06:17:05:46,11,6,35,DLU-Student-Lib,8e:dc:97:12:62:d0,5805,-67,,,,,,,,,,M2012K11C,2212343,RP47
2026:09:06:17:05:46,11,7,35,DLU-Student-Lib,8e:dc:97:12:65:63,2452,-77,,,,,,,,,,M2012K11C,2212343,RP47
2026:09:06:17:05:46,11,8,35,DLU-Student-Lib,8e:dc:97:12:65:64,5200,-80,,,,,,,,,,M2012K11C,2212343,RP47
2026:09:06:17:05:46,11,9,35,DLU-Teacher,88:dc:97:12:64:c4,2452,-80,,,,,,,,,,M2012K11C,2212343,RP47
2026:09:06:17:05:46,11,10,35,DIRECT-ed-HP M203 LaserJet,5e:ea:1d:bb:49:ed,2462,-74,,,,,,,,,,M2012K11C,2212343,RP47
2026:09:06:17:05:46,11,11,35,DLU-Teacher,88:dc:97:12:65:58,5280,-74,,,,,,,,,,M2012K11C,2212343,RP47
2026:09:06:17:05:46,11,12,35,DLU-Student-Lib,8e:dc:97:12:64:c4,2452,-78,,,,,,,,,,M2012K11C,2212343,RP47
2026:09:06:17:05:46,11,13,35,DLU-Teacher,88:dc:97:12:65:64,5200,-79,,,,,,,,,,M2012K11C,2212343,RP47
2026:09:06:17:05:46,11,14,35,DLU-Teacher,88:dc:97:12:65:63,2452,-76,,,,,,,,,,M2012K11C,2212343,RP47
2026:09:06:17:05:46,11,15,35,DLU-Student-Lib,8e:dc:97:12:65:2b,5805,-79,,,,,,,,,,M2012K11C,2212343,RP47
2026:09:06:17:05:46,11,16,35,DLU-Teacher,88:dc:97:12:62:c6,2452,-64,,,,,,,,,,M2012K11C,2212343,RP47
2026:09:06:17:05:46,11,17,35,DLU-Teacher,88:dc:97:12:62:c7,5500,-60,,,,,,,,,,M2012K11C,2212343,RP47
2026:09:06:17:05:46,11,18,35,DLU-Student-Lib,8e:dc:97:12:64:82,2432,-66,,,,,,,,,,M2012K11C,2212343,RP47
2026:09:06:17:05:46,11,19,35,DLU-Student-Lib,8e:dc:97:12:64:83,5300,-63,,,,,,,,,,M2012K11C,2212343,RP47
2026:09:06:17:05:46,11,20,35,DLU - WIMESH,94:b4:0f:e3:1d:40,2462,-80,,,,,,,,,,M2012K11C,2212343,RP47
2026:09:06:17:05:46,11,21,35,Bảo Uyên xinh gái 💗,9a:05:22:19:3f:0e,2437,-67,,,,,,,,,,M2012K11C,2212343,RP47
2026:09:06:17:05:46,11,22,35,DLU-Student-Lib,8e:dc:97:12:65:58,5280,-74,,,,,,,,,,M2012K11C,2212343,RP47
2026:09:06:17:05:46,11,23,35,iPhone (8),b6:40:69:6b:ac:74,2462,-85,,,,,,,,,,M2012K11C,2212343,RP47
2026:09:06:17:05:46,11,24,35,DLU-Teacher,88:dc:97:12:62:cd,5200,-85,,,,,,,,,,M2012K11C,2212343,RP47
2026:09:06:17:05:46,11,25,35,DLU-Teacher,88:dc:97:12:62:cc,2422,-81,,,,,,,,,,M2012K11C,2212343,RP47
2026:09:06:17:05:46,11,26,35,DLU-ThuVien,54:af:97:6b:ba:ce,2462,-78,,,,,,,,,,M2012K11C,2212343,RP47
2026:09:06:17:05:46,11,27,35,1.Free Wi-MESH,b4:5d:50:d7:e9:51,5220,-57,,,,,,,,,,M2012K11C,2212343,RP47
2026:09:06:17:05:46,11,28,35,DLU - WIMESH,b4:5d:50:d7:e9:50,5220,-56,,,,,,,,,,M2012K11C,2212343,RP47
2026:09:06:17:05:46,11,29,35,DLU-Student-Lib,8e:dc:97:12:62:cd,5200,-86,,,,,,,,,,M2012K11C,2212343,RP47
2026:09:06:17:05:46,11,30,35,DLU-Student-Lib,8e:dc:97:12:62:cc,2422,-82,,,,,,,,,,M2012K11C,2212343,RP47
2026:09:06:17:05:46,11,31,35,DLU-Student-Lib,8e:dc:97:12:65:22,5765,-81,,,,,,,,,,M2012K11C,2212343,RP47
2026:09:06:17:05:46,11,32,35,DLU-Teacher,88:dc:97:12:62:d0,5805,-67,,,,,,,,,,M2012K11C,2212343,RP47
2026:09:06:17:05:46,11,33,35,DLU - WIMESH,b4:5d:50:d7:e9:40,2462,-55,,,,,,,,,,M2012K11C,2212343,RP47
2026:09:06:17:05:46,11,34,35,DLU-Teacher,88:dc:97:12:65:22,5765,-81,,,,,,,,,,M2012K11C,2212343,RP47
2026:09:06:17:05:46,11,35,35,1.Free Wi-MESH,b4:5d:50:d7:e9:41,2462,-53,,,,,,,,,,M2012K11C,2212343,RP47
2026:09:06:17:06:37,12,1,33,DLU-Teacher,88:dc:97:12:65:57,2412,-69,,,,,,,,,,M2012K11C,2212343,RP47
2026:09:06:17:06:37,12,2,33,DLU-Teacher,88:dc:97:12:64:82,2432,-63,,,,,,,,,,M2012K11C,2212343,RP47
2026:09:06:17:06:37,12,3,33,DLU-Student-Lib,8e:dc:97:12:62:c7,5500,-60,,,,,,,,,,M2012K11C,2212343,RP47
2026:09:06:17:06:37,12,4,33,DLU-Student-Lib,8e:dc:97:12:62:c6,2452,-65,,,,,,,,,,M2012K11C,2212343,RP47
2026:09:06:17:06:37,12,5,33,DLU-Teacher,88:dc:97:12:65:2b,5805,-78,,,,,,,,,,M2012K11C,2212343,RP47
2026:09:06:17:06:37,12,6,33,DLU-Teacher,88:dc:97:12:65:2a,2417,-76,,,,,,,,,,M2012K11C,2212343,RP47
2026:09:06:17:06:37,12,7,33,DLU-Student-Lib,8e:dc:97:12:62:d0,5805,-67,,,,,,,,,,M2012K11C,2212343,RP47
2026:09:06:17:06:37,12,8,33,DLU-Student-Lib,8e:dc:97:12:65:64,5200,-81,,,,,,,,,,M2012K11C,2212343,RP47
2026:09:06:17:06:37,12,9,33,DLU-Teacher,88:dc:97:12:64:c4,2452,-81,,,,,,,,,,M2012K11C,2212343,RP47
2026:09:06:17:06:37,12,10,33,DIRECT-ed-HP M203 LaserJet,5e:ea:1d:bb:49:ed,2462,-76,,,,,,,,,,M2012K11C,2212343,RP47
2026:09:06:17:06:37,12,11,33,DLU-Teacher,88:dc:97:12:65:58,5280,-75,,,,,,,,,,M2012K11C,2212343,RP47
2026:09:06:17:06:37,12,12,33,DLU-Teacher,88:dc:97:12:65:64,5200,-82,,,,,,,,,,M2012K11C,2212343,RP47
2026:09:06:17:06:37,12,13,33,DLU-Teacher,88:dc:97:12:65:63,2452,-73,,,,,,,,,,M2012K11C,2212343,RP47
2026:09:06:17:06:37,12,14,33,DLU-Student-Lib,8e:dc:97:12:65:2b,5805,-78,,,,,,,,,,M2012K11C,2212343,RP47
2026:09:06:17:06:37,12,15,33,DLU-Teacher,88:dc:97:12:62:c6,2452,-65,,,,,,,,,,M2012K11C,2212343,RP47
2026:09:06:17:06:37,12,16,33,DLU-Teacher,88:dc:97:12:62:c7,5500,-59,,,,,,,,,,M2012K11C,2212343,RP47
2026:09:06:17:06:37,12,17,33,DLU-Student-Lib,8e:dc:97:12:64:82,2432,-66,,,,,,,,,,M2012K11C,2212343,RP47
2026:09:06:17:06:37,12,18,33,Bảo Uyên xinh gái 💗,9a:05:22:19:3f:0e,2437,-69,,,,,,,,,,M2012K11C,2212343,RP47
2026:09:06:17:06:37,12,19,33,DLU-Student-Lib,8e:dc:97:12:65:58,5280,-76,,,,,,,,,,M2012K11C,2212343,RP47
2026:09:06:17:06:37,12,20,33,DLU-Teacher,88:dc:97:12:62:cf,2412,-63,,,,,,,,,,M2012K11C,2212343,RP47
2026:09:06:17:06:37,12,21,33,DLU-Teacher,88:dc:97:12:62:cd,5200,-85,,,,,,,,,,M2012K11C,2212343,RP47
2026:09:06:17:06:37,12,22,33,DLU-ThuVien,54:af:97:6b:ba:ce,2462,-80,,,,,,,,,,M2012K11C,2212343,RP47
2026:09:06:17:06:37,12,23,33,1.Free Wi-MESH,b4:5d:50:d7:e9:51,5220,-57,,,,,,,,,,M2012K11C,2212343,RP47
2026:09:06:17:06:37,12,24,33,DLU - WIMESH,b4:5d:50:d7:e9:50,5220,-57,,,,,,,,,,M2012K11C,2212343,RP47
2026:09:06:17:06:37,12,25,33,DLU-Student-Lib,8e:dc:97:12:62:cd,5200,-85,,,,,,,,,,M2012K11C,2212343,RP47
2026:09:06:17:06:37,12,26,33,DLU-Student-Lib,8e:dc:97:12:62:cc,2422,-81,,,,,,,,,,M2012K11C,2212343,RP47
2026:09:06:17:06:37,12,27,33,DLU-Student-Lib,8e:dc:97:12:65:22,5765,-81,,,,,,,,,,M2012K11C,2212343,RP47
2026:09:06:17:06:37,12,28,33,DLU-Teacher,88:dc:97:12:62:d0,5805,-67,,,,,,,,,,M2012K11C,2212343,RP47
2026:09:06:17:06:37,12,29,33,DLU - WIMESH,b4:5d:50:d7:e9:40,2462,-50,,,,,,,,,,M2012K11C,2212343,RP47
2026:09:06:17:06:37,12,30,33,DLU-Student-Lib,8e:dc:97:12:65:2a,2417,-76,,,,,,,,,,M2012K11C,2212343,RP47
2026:09:06:17:06:37,12,31,33,DLU-Teacher,88:dc:97:12:65:22,5765,-82,,,,,,,,,,M2012K11C,2212343,RP47
2026:09:06:17:06:37,12,32,33,DLU-Teacher,88:dc:97:12:65:21,2412,-74,,,,,,,,,,M2012K11C,2212343,RP47
2026:09:06:17:06:37,12,33,33,1.Free Wi-MESH,b4:5d:50:d7:e9:41,2462,-49,,,,,,,,,,M2012K11C,2212343,RP47
2026:09:06:17:07:28,13,1,30,DLU-Teacher,88:dc:97:12:65:57,2412,-68,,,,,,,,,,M2012K11C,2212343,RP47
2026:09:06:17:07:28,13,2,30,DLU-Teacher,88:dc:97:12:64:82,2432,-65,,,,,,,,,,M2012K11C,2212343,RP47
2026:09:06:17:07:28,13,3,30,DLU-Teacher,88:dc:97:12:64:83,5300,-63,,,,,,,,,,M2012K11C,2212343,RP47
2026:09:06:17:07:28,13,4,30,DLU-Student-Lib,8e:dc:97:12:62:c7,5500,-59,,,,,,,,,,M2012K11C,2212343,RP47
2026:09:06:17:07:28,13,5,30,DLU-Student-Lib,8e:dc:97:12:62:c6,2452,-66,,,,,,,,,,M2012K11C,2212343,RP47
2026:09:06:17:07:28,13,6,30,DLU-Teacher,88:dc:97:12:65:2b,5805,-77,,,,,,,,,,M2012K11C,2212343,RP47
2026:09:06:17:07:28,13,7,30,DLU-Student-Lib,8e:dc:97:12:62:d0,5805,-67,,,,,,,,,,M2012K11C,2212343,RP47
2026:09:06:17:07:28,13,8,30,DLU-Student-Lib,8e:dc:97:12:65:64,5200,-82,,,,,,,,,,M2012K11C,2212343,RP47
2026:09:06:17:07:28,13,9,30,DIRECT-ed-HP M203 LaserJet,5e:ea:1d:bb:49:ed,2462,-73,,,,,,,,,,M2012K11C,2212343,RP47
2026:09:06:17:07:28,13,10,30,DLU-Teacher,88:dc:97:12:65:58,5280,-76,,,,,,,,,,M2012K11C,2212343,RP47
2026:09:06:17:07:28,13,11,30,DLU-Teacher,88:dc:97:12:65:64,5200,-81,,,,,,,,,,M2012K11C,2212343,RP47
2026:09:06:17:07:28,13,12,30,DLU-Teacher,88:dc:97:12:65:63,2452,-71,,,,,,,,,,M2012K11C,2212343,RP47
2026:09:06:17:07:28,13,13,30,DLU-Student-Lib,8e:dc:97:12:65:2b,5805,-79,,,,,,,,,,M2012K11C,2212343,RP47
2026:09:06:17:07:28,13,14,30,DLU-Teacher,88:dc:97:12:62:c6,2452,-66,,,,,,,,,,M2012K11C,2212343,RP47
2026:09:06:17:07:28,13,15,30,DLU-Teacher,88:dc:97:12:62:c7,5500,-59,,,,,,,,,,M2012K11C,2212343,RP47
2026:09:06:17:07:28,13,16,30,DLU-Student-Lib,8e:dc:97:12:64:82,2432,-67,,,,,,,,,,M2012K11C,2212343,RP47
2026:09:06:17:07:28,13,17,30,DLU-Student-Lib,8e:dc:97:12:64:83,5300,-63,,,,,,,,,,M2012K11C,2212343,RP47
2026:09:06:17:07:28,13,18,30,Bảo Uyên xinh gái 💗,9a:05:22:19:3f:0e,2437,-61,,,,,,,,,,M2012K11C,2212343,RP47
2026:09:06:17:07:28,13,19,30,DLU-Student-Lib,8e:dc:97:12:65:58,5280,-76,,,,,,,,,,M2012K11C,2212343,RP47
2026:09:06:17:07:28,13,20,30,DLU-Student-Lib,8e:dc:97:12:65:57,2412,-68,,,,,,,,,,M2012K11C,2212343,RP47
2026:09:06:17:07:28,13,21,30,DLU-Student-Lib,8e:dc:97:12:65:21,2412,-72,,,,,,,,,,M2012K11C,2212343,RP47
2026:09:06:17:07:28,13,22,30,1.Free Wi-MESH,b4:5d:50:d7:e9:51,5220,-57,,,,,,,,,,M2012K11C,2212343,RP47
2026:09:06:17:07:28,13,23,30,DLU - WIMESH,b4:5d:50:d7:e9:50,5220,-57,,,,,,,,,,M2012K11C,2212343,RP47
2026:09:06:17:07:28,13,24,30,DLU-Student-Lib,8e:dc:97:12:62:cd,5200,-85,,,,,,,,,,M2012K11C,2212343,RP47
2026:09:06:17:07:28,13,25,30,DLU-Student-Lib,8e:dc:97:12:65:22,5765,-81,,,,,,,,,,M2012K11C,2212343,RP47
2026:09:06:17:07:28,13,26,30,DLU-Teacher,88:dc:97:12:62:d0,5805,-66,,,,,,,,,,M2012K11C,2212343,RP47
2026:09:06:17:07:28,13,27,30,DLU - WIMESH,b4:5d:50:d7:e9:40,2462,-50,,,,,,,,,,M2012K11C,2212343,RP47
2026:09:06:17:07:28,13,28,30,DLU-Teacher,88:dc:97:12:65:22,5765,-79,,,,,,,,,,M2012K11C,2212343,RP47
2026:09:06:17:07:28,13,29,30,DLU-Teacher,88:dc:97:12:65:21,2412,-74,,,,,,,,,,M2012K11C,2212343,RP47
2026:09:06:17:07:28,13,30,30,1.Free Wi-MESH,b4:5d:50:d7:e9:41,2462,-50,,,,,,,,,,M2012K11C,2212343,RP47
2026:09:06:17:08:19,14,1,38,DLU-Teacher,88:dc:97:12:65:57,2412,-68,,,,,,,,,,M2012K11C,2212343,RP47
2026:09:06:17:08:19,14,2,38,DLU-Teacher,88:dc:97:12:64:82,2432,-66,,,,,,,,,,M2012K11C,2212343,RP47
2026:09:06:17:08:19,14,3,38,DLU-Teacher,88:dc:97:12:64:83,5300,-63,,,,,,,,,,M2012K11C,2212343,RP47
2026:09:06:17:08:19,14,4,38,DLU-Student-Lib,8e:dc:97:12:62:c7,5500,-59,,,,,,,,,,M2012K11C,2212343,RP47
2026:09:06:17:08:19,14,5,38,DLU-Student-Lib,8e:dc:97:12:62:c6,2452,-66,,,,,,,,,,M2012K11C,2212343,RP47
2026:09:06:17:08:19,14,6,38,DLU-Teacher,88:dc:97:12:65:2b,5805,-79,,,,,,,,,,M2012K11C,2212343,RP47
2026:09:06:17:08:19,14,7,38,DLU-Teacher,88:dc:97:12:65:2a,2417,-76,,,,,,,,,,M2012K11C,2212343,RP47
2026:09:06:17:08:19,14,8,38,DLU-Student-Lib,8e:dc:97:12:62:d0,5805,-66,,,,,,,,,,M2012K11C,2212343,RP47
2026:09:06:17:08:19,14,9,38,DLU-Student-Lib,8e:dc:97:12:65:63,2452,-73,,,,,,,,,,M2012K11C,2212343,RP47
2026:09:06:17:08:19,14,10,38,TTTV-Intern2026,58:c1:7a:c2:dd:20,2412,-75,,,,,,,,,,M2012K11C,2212343,RP47
2026:09:06:17:08:19,14,11,38,DLU-Student-Lib,8e:dc:97:12:65:64,5200,-81,,,,,,,,,,M2012K11C,2212343,RP47
2026:09:06:17:08:19,14,12,38,DIRECT-ed-HP M203 LaserJet,5e:ea:1d:bb:49:ed,2462,-74,,,,,,,,,,M2012K11C,2212343,RP47
2026:09:06:17:08:19,14,13,38,DLU-Teacher,88:dc:97:12:65:58,5280,-75,,,,,,,,,,M2012K11C,2212343,RP47
2026:09:06:17:08:19,14,14,38,DLU-Teacher,88:dc:97:12:65:64,5200,-82,,,,,,,,,,M2012K11C,2212343,RP47
2026:09:06:17:08:19,14,15,38,DLU-Teacher,88:dc:97:12:65:63,2452,-76,,,,,,,,,,M2012K11C,2212343,RP47
2026:09:06:17:08:19,14,16,38,DLU-Student-Lib,8e:dc:97:12:65:2b,5805,-78,,,,,,,,,,M2012K11C,2212343,RP47
2026:09:06:17:08:19,14,17,38,DLU-Teacher,88:dc:97:12:62:c6,2452,-64,,,,,,,,,,M2012K11C,2212343,RP47
2026:09:06:17:08:19,14,18,38,DLU-Teacher,88:dc:97:12:62:c7,5500,-59,,,,,,,,,,M2012K11C,2212343,RP47
2026:09:06:17:08:19,14,19,38,DLU-Student-Lib,8e:dc:97:12:64:82,2432,-66,,,,,,,,,,M2012K11C,2212343,RP47
2026:09:06:17:08:19,14,20,38,DLU-Student-Lib,8e:dc:97:12:64:83,5300,-63,,,,,,,,,,M2012K11C,2212343,RP47
2026:09:06:17:08:19,14,21,38,DLU - WIMESH,94:b4:0f:e3:1d:40,2462,-78,,,,,,,,,,M2012K11C,2212343,RP47
2026:09:06:17:08:19,14,22,38,DLU-Student-Lib,8e:dc:97:12:65:58,5280,-76,,,,,,,,,,M2012K11C,2212343,RP47
2026:09:06:17:08:19,14,23,38,Bảo Uyên xinh gái 💗,9a:05:22:19:3f:0e,2437,-87,,,,,,,,,,M2012K11C,2212343,RP47
2026:09:06:17:08:19,14,24,38,DLU-Student-Lib,8e:dc:97:12:65:57,2412,-68,,,,,,,,,,M2012K11C,2212343,RP47
2026:09:06:17:08:19,14,25,38,DLU-Teacher,88:dc:97:12:62:cf,2412,-62,,,,,,,,,,M2012K11C,2212343,RP47
2026:09:06:17:08:19,14,26,38,DLU-Teacher,88:dc:97:12:62:cd,5200,-87,,,,,,,,,,M2012K11C,2212343,RP47
2026:09:06:17:08:19,14,27,38,DLU-Teacher,88:dc:97:12:62:cc,2422,-77,,,,,,,,,,M2012K11C,2212343,RP47
2026:09:06:17:08:19,14,28,38,DLU-Student-Lib,8e:dc:97:12:65:21,2412,-75,,,,,,,,,,M2012K11C,2212343,RP47
2026:09:06:17:08:19,14,29,38,DLU-ThuVien,54:af:97:6b:ba:ce,2462,-78,,,,,,,,,,M2012K11C,2212343,RP47
2026:09:06:17:08:19,14,30,38,DLU-Student-Lib,8e:dc:97:12:62:cf,2412,-63,,,,,,,,,,M2012K11C,2212343,RP47
2026:09:06:17:08:19,14,31,38,1.Free Wi-MESH,b4:5d:50:d7:e9:51,5220,-56,,,,,,,,,,M2012K11C,2212343,RP47
2026:09:06:17:08:19,14,32,38,DLU - WIMESH,b4:5d:50:d7:e9:50,5220,-57,,,,,,,,,,M2012K11C,2212343,RP47
2026:09:06:17:08:19,14,33,38,DLU-Student-Lib,8e:dc:97:12:62:cd,5200,-86,,,,,,,,,,M2012K11C,2212343,RP47
2026:09:06:17:08:19,14,34,38,DLU-Student-Lib,8e:dc:97:12:62:cc,2422,-76,,,,,,,,,,M2012K11C,2212343,RP47
2026:09:06:17:08:19,14,35,38,DLU-Teacher,88:dc:97:12:62:d0,5805,-66,,,,,,,,,,M2012K11C,2212343,RP47
2026:09:06:17:08:19,14,36,38,DLU - WIMESH,b4:5d:50:d7:e9:40,2462,-49,,,,,,,,,,M2012K11C,2212343,RP47
2026:09:06:17:08:19,14,37,38,DLU-Teacher,88:dc:97:12:65:21,2412,-75,,,,,,,,,,M2012K11C,2212343,RP47
2026:09:06:17:08:19,14,38,38,1.Free Wi-MESH,b4:5d:50:d7:e9:41,2462,-49,,,,,,,,,,M2012K11C,2212343,RP47
2026:09:06:17:09:11,15,1,33,DLU-Teacher,88:dc:97:12:65:57,2412,-70,,,,,,,,,,M2012K11C,2212343,RP47
2026:09:06:17:09:11,15,2,33,DLU-Teacher,88:dc:97:12:64:82,2432,-67,,,,,,,,,,M2012K11C,2212343,RP47
2026:09:06:17:09:11,15,3,33,DLU-Teacher,88:dc:97:12:64:83,5300,-63,,,,,,,,,,M2012K11C,2212343,RP47
2026:09:06:17:09:11,15,4,33,DLU-Student-Lib,8e:dc:97:12:62:c7,5500,-59,,,,,,,,,,M2012K11C,2212343,RP47
2026:09:06:17:09:11,15,5,33,DLU-Student-Lib,8e:dc:97:12:62:c6,2452,-66,,,,,,,,,,M2012K11C,2212343,RP47
2026:09:06:17:09:11,15,6,33,DLU-Teacher,88:dc:97:12:65:2b,5805,-78,,,,,,,,,,M2012K11C,2212343,RP47
2026:09:06:17:09:11,15,7,33,DLU-Student-Lib,8e:dc:97:12:62:d0,5805,-67,,,,,,,,,,M2012K11C,2212343,RP47
2026:09:06:17:09:11,15,8,33,DLU-Student-Lib,8e:dc:97:12:65:63,2452,-76,,,,,,,,,,M2012K11C,2212343,RP47
2026:09:06:17:09:11,15,9,33,TTTV-Intern2026,58:c1:7a:c2:dd:20,2412,-75,,,,,,,,,,M2012K11C,2212343,RP47
2026:09:06:17:09:11,15,10,33,DLU-Student-Lib,8e:dc:97:12:65:64,5200,-81,,,,,,,,,,M2012K11C,2212343,RP47
2026:09:06:17:09:11,15,11,33,DIRECT-ed-HP M203 LaserJet,5e:ea:1d:bb:49:ed,2462,-74,,,,,,,,,,M2012K11C,2212343,RP47
2026:09:06:17:09:11,15,12,33,DLU-Teacher,88:dc:97:12:65:58,5280,-76,,,,,,,,,,M2012K11C,2212343,RP47
2026:09:06:17:09:11,15,13,33,DLU-Teacher,88:dc:97:12:65:64,5200,-81,,,,,,,,,,M2012K11C,2212343,RP47
2026:09:06:17:09:11,15,14,33,DLU-Teacher,88:dc:97:12:65:63,2452,-75,,,,,,,,,,M2012K11C,2212343,RP47
2026:09:06:17:09:11,15,15,33,DLU-Student-Lib,8e:dc:97:12:65:2b,5805,-80,,,,,,,,,,M2012K11C,2212343,RP47
2026:09:06:17:09:11,15,16,33,DLU-Teacher,88:dc:97:12:62:c6,2452,-65,,,,,,,,,,M2012K11C,2212343,RP47
2026:09:06:17:09:11,15,17,33,DLU-Teacher,88:dc:97:12:62:c7,5500,-58,,,,,,,,,,M2012K11C,2212343,RP47
2026:09:06:17:09:11,15,18,33,DLU-Student-Lib,8e:dc:97:12:64:82,2432,-67,,,,,,,,,,M2012K11C,2212343,RP47
2026:09:06:17:09:11,15,19,33,DLU-Student-Lib,8e:dc:97:12:64:83,5300,-63,,,,,,,,,,M2012K11C,2212343,RP47
2026:09:06:17:09:11,15,20,33,DLU-Student-Lib,8e:dc:97:12:65:58,5280,-76,,,,,,,,,,M2012K11C,2212343,RP47
2026:09:06:17:09:11,15,21,33,Bảo Uyên xinh gái 💗,9a:05:22:19:3f:0e,2437,-84,,,,,,,,,,M2012K11C,2212343,RP47
2026:09:06:17:09:11,15,22,33,iPhone (8),b6:40:69:6b:ac:74,2462,-83,,,,,,,,,,M2012K11C,2212343,RP47
2026:09:06:17:09:11,15,23,33,DLU-Teacher,88:dc:97:12:62:cf,2412,-64,,,,,,,,,,M2012K11C,2212343,RP47
2026:09:06:17:09:11,15,24,33,DLU-Teacher,88:dc:97:12:62:cd,5200,-86,,,,,,,,,,M2012K11C,2212343,RP47
2026:09:06:17:09:11,15,25,33,DLU-Teacher,88:dc:97:12:62:cc,2422,-76,,,,,,,,,,M2012K11C,2212343,RP47
2026:09:06:17:09:11,15,26,33,DLU-Student-Lib,8e:dc:97:12:62:cf,2412,-63,,,,,,,,,,M2012K11C,2212343,RP47
2026:09:06:17:09:11,15,27,33,1.Free Wi-MESH,b4:5d:50:d7:e9:51,5220,-56,,,,,,,,,,M2012K11C,2212343,RP47
2026:09:06:17:09:11,15,28,33,DLU - WIMESH,b4:5d:50:d7:e9:50,5220,-57,,,,,,,,,,M2012K11C,2212343,RP47
2026:09:06:17:09:11,15,29,33,DLU-Student-Lib,8e:dc:97:12:62:cd,5200,-87,,,,,,,,,,M2012K11C,2212343,RP47
2026:09:06:17:09:11,15,30,33,DLU-Student-Lib,8e:dc:97:12:62:cc,2422,-83,,,,,,,,,,M2012K11C,2212343,RP47
2026:09:06:17:09:11,15,31,33,DLU-Teacher,88:dc:97:12:62:d0,5805,-67,,,,,,,,,,M2012K11C,2212343,RP47
2026:09:06:17:09:11,15,32,33,DLU - WIMESH,b4:5d:50:d7:e9:40,2462,-52,,,,,,,,,,M2012K11C,2212343,RP47
2026:09:06:17:09:11,15,33,33,1.Free Wi-MESH,b4:5d:50:d7:e9:41,2462,-50,,,,,,,,,,M2012K11C,2212343,RP47
2026:09:06:17:10:02,16,1,38,DLU-Teacher,88:dc:97:12:65:57,2412,-73,,,,,,,,,,M2012K11C,2212343,RP47
2026:09:06:17:10:02,16,2,38,DLU-Teacher,88:dc:97:12:64:82,2432,-63,,,,,,,,,,M2012K11C,2212343,RP47
2026:09:06:17:10:02,16,3,38,DLU-Teacher,88:dc:97:12:64:83,5300,-63,,,,,,,,,,M2012K11C,2212343,RP47
2026:09:06:17:10:02,16,4,38,DLU-Student-Lib,8e:dc:97:12:62:c7,5500,-62,,,,,,,,,,M2012K11C,2212343,RP47
2026:09:06:17:10:02,16,5,38,DLU-Student-Lib,8e:dc:97:12:62:c6,2452,-64,,,,,,,,,,M2012K11C,2212343,RP47
2026:09:06:17:10:02,16,6,38,DLU-Teacher,88:dc:97:12:65:2b,5805,-78,,,,,,,,,,M2012K11C,2212343,RP47
2026:09:06:17:10:02,16,7,38,DLU-Teacher,88:dc:97:12:65:2a,2417,-76,,,,,,,,,,M2012K11C,2212343,RP47
2026:09:06:17:10:02,16,8,38,DLU-Student-Lib,8e:dc:97:12:62:d0,5805,-69,,,,,,,,,,M2012K11C,2212343,RP47
2026:09:06:17:10:02,16,9,38,DLU-Student-Lib,8e:dc:97:12:65:64,5200,-79,,,,,,,,,,M2012K11C,2212343,RP47
2026:09:06:17:10:02,16,10,38,DIRECT-ed-HP M203 LaserJet,5e:ea:1d:bb:49:ed,2462,-74,,,,,,,,,,M2012K11C,2212343,RP47
2026:09:06:17:10:02,16,11,38,DLU-Teacher,88:dc:97:12:65:58,5280,-76,,,,,,,,,,M2012K11C,2212343,RP47
2026:09:06:17:10:02,16,12,38,DLU-Teacher,88:dc:97:12:65:64,5200,-81,,,,,,,,,,M2012K11C,2212343,RP47
2026:09:06:17:10:02,16,13,38,DLU-Teacher,88:dc:97:12:65:63,2452,-77,,,,,,,,,,M2012K11C,2212343,RP47
2026:09:06:17:10:02,16,14,38,DLU-Student-Lib,8e:dc:97:12:65:2b,5805,-78,,,,,,,,,,M2012K11C,2212343,RP47
2026:09:06:17:10:02,16,15,38,DLU-Teacher,88:dc:97:12:62:c6,2452,-62,,,,,,,,,,M2012K11C,2212343,RP47
2026:09:06:17:10:02,16,16,38,DLU-Teacher,88:dc:97:12:62:c7,5500,-62,,,,,,,,,,M2012K11C,2212343,RP47
2026:09:06:17:10:02,16,17,38,DLU-Student-Lib,8e:dc:97:12:64:82,2432,-64,,,,,,,,,,M2012K11C,2212343,RP47
2026:09:06:17:10:02,16,18,38,DLU-Student-Lib,8e:dc:97:12:64:83,5300,-63,,,,,,,,,,M2012K11C,2212343,RP47
2026:09:06:17:10:02,16,19,38,DLU-Student-Lib,8e:dc:97:12:65:58,5280,-76,,,,,,,,,,M2012K11C,2212343,RP47
2026:09:06:17:10:02,16,20,38,Bảo Uyên xinh gái 💗,9a:05:22:19:3f:0e,2437,-87,,,,,,,,,,M2012K11C,2212343,RP47
2026:09:06:17:10:02,16,21,38,DLU-Student-Lib,8e:dc:97:12:65:57,2412,-73,,,,,,,,,,M2012K11C,2212343,RP47
2026:09:06:17:10:02,16,22,38,iPhone (8),b6:40:69:6b:ac:74,2462,-80,,,,,,,,,,M2012K11C,2212343,RP47
2026:09:06:17:10:02,16,23,38,DLU-Teacher,88:dc:97:12:62:cf,2412,-62,,,,,,,,,,M2012K11C,2212343,RP47
2026:09:06:17:10:02,16,24,38,DLU-Teacher,88:dc:97:12:62:cd,5200,-86,,,,,,,,,,M2012K11C,2212343,RP47
2026:09:06:17:10:02,16,25,38,DLU-Student-Lib,8e:dc:97:12:65:21,2412,-73,,,,,,,,,,M2012K11C,2212343,RP47
2026:09:06:17:10:02,16,26,38,DLU-ThuVien,54:af:97:6b:ba:ce,2462,-80,,,,,,,,,,M2012K11C,2212343,RP47
2026:09:06:17:10:02,16,27,38,DLU-Student-Lib,8e:dc:97:12:62:cf,2412,-62,,,,,,,,,,M2012K11C,2212343,RP47
2026:09:06:17:10:02,16,28,38,1.Free Wi-MESH,b4:5d:50:d7:e9:51,5220,-54,,,,,,,,,,M2012K11C,2212343,RP47
2026:09:06:17:10:02,16,29,38,DLU - WIMESH,b4:5d:50:d7:e9:50,5220,-57,,,,,,,,,,M2012K11C,2212343,RP47
2026:09:06:17:10:02,16,30,38,DLU-Student-Lib,8e:dc:97:12:62:cd,5200,-85,,,,,,,,,,M2012K11C,2212343,RP47
2026:09:06:17:10:02,16,31,38,DLU-Student-Lib,8e:dc:97:12:62:cc,2422,-78,,,,,,,,,,M2012K11C,2212343,RP47
2026:09:06:17:10:02,16,32,38,DLU-Student-Lib,8e:dc:97:12:65:22,5765,-77,,,,,,,,,,M2012K11C,2212343,RP47
2026:09:06:17:10:02,16,33,38,DLU-Teacher,88:dc:97:12:62:d0,5805,-69,,,,,,,,,,M2012K11C,2212343,RP47
2026:09:06:17:10:02,16,34,38,DLU - WIMESH,b4:5d:50:d7:e9:40,2462,-52,,,,,,,,,,M2012K11C,2212343,RP47
2026:09:06:17:10:02,16,35,38,DLU-Student-Lib,8e:dc:97:12:65:2a,2417,-73,,,,,,,,,,M2012K11C,2212343,RP47
2026:09:06:17:10:02,16,36,38,DLU-Teacher,88:dc:97:12:65:22,5765,-78,,,,,,,,,,M2012K11C,2212343,RP47
2026:09:06:17:10:02,16,37,38,DLU-Teacher,88:dc:97:12:65:21,2412,-76,,,,,,,,,,M2012K11C,2212343,RP47
2026:09:06:17:10:02,16,38,38,1.Free Wi-MESH,b4:5d:50:d7:e9:41,2462,-53,,,,,,,,,,M2012K11C,2212343,RP47
2026:09:06:17:10:53,17,1,32,DLU-Teacher,88:dc:97:12:65:57,2412,-66,,,,,,,,,,M2012K11C,2212343,RP47
2026:09:06:17:10:53,17,2,32,DLU-Teacher,88:dc:97:12:64:82,2432,-60,,,,,,,,,,M2012K11C,2212343,RP47
2026:09:06:17:10:53,17,3,32,DLU-Teacher,88:dc:97:12:64:83,5300,-61,,,,,,,,,,M2012K11C,2212343,RP47
2026:09:06:17:10:53,17,4,32,DLU-Teacher,88:dc:97:12:65:2b,5805,-79,,,,,,,,,,M2012K11C,2212343,RP47
2026:09:06:17:10:53,17,5,32,DLU_ITC_SRV,7c:7b:68:99:8a:18,2422,-71,,,,,,,,,,M2012K11C,2212343,RP47
2026:09:06:17:10:53,17,6,32,DLU-Teacher,88:dc:97:12:65:2a,2417,-73,,,,,,,,,,M2012K11C,2212343,RP47
2026:09:06:17:10:53,17,7,32,DLU-Student-Lib,8e:dc:97:12:62:d0,5805,-72,,,,,,,,,,M2012K11C,2212343,RP47
2026:09:06:17:10:53,17,8,32,DLU-Student-Lib,8e:dc:97:12:65:64,5200,-81,,,,,,,,,,M2012K11C,2212343,RP47
2026:09:06:17:10:53,17,9,32,DIRECT-ed-HP M203 LaserJet,5e:ea:1d:bb:49:ed,2462,-72,,,,,,,,,,M2012K11C,2212343,RP47
2026:09:06:17:10:53,17,10,32,DLU-Teacher,88:dc:97:12:65:58,5280,-75,,,,,,,,,,M2012K11C,2212343,RP47
2026:09:06:17:10:53,17,11,32,DLU-Teacher,88:dc:97:12:65:64,5200,-82,,,,,,,,,,M2012K11C,2212343,RP47
2026:09:06:17:10:53,17,12,32,DLU-Student-Lib,8e:dc:97:12:65:2b,5805,-80,,,,,,,,,,M2012K11C,2212343,RP47
2026:09:06:17:10:53,17,13,32,DLU-Student-Lib,8e:dc:97:12:64:82,2432,-60,,,,,,,,,,M2012K11C,2212343,RP47
2026:09:06:17:10:53,17,14,32,DLU-Student-Lib,8e:dc:97:12:64:83,5300,-61,,,,,,,,,,M2012K11C,2212343,RP47
2026:09:06:17:10:53,17,15,32,DLU-Student-Lib,8e:dc:97:12:65:58,5280,-76,,,,,,,,,,M2012K11C,2212343,RP47
2026:09:06:17:10:53,17,16,32,Bảo Uyên xinh gái 💗,9a:05:22:19:3f:0e,2437,-88,,,,,,,,,,M2012K11C,2212343,RP47
2026:09:06:17:10:53,17,17,32,DLU-Student-Lib,8e:dc:97:12:65:57,2412,-65,,,,,,,,,,M2012K11C,2212343,RP47
2026:09:06:17:10:53,17,18,32,DLU-Teacher,88:dc:97:12:62:cf,2412,-62,,,,,,,,,,M2012K11C,2212343,RP47
2026:09:06:17:10:53,17,19,32,DLU-Teacher,88:dc:97:12:62:cd,5200,-86,,,,,,,,,,M2012K11C,2212343,RP47
2026:09:06:17:10:53,17,20,32,DLU-Teacher,88:dc:97:12:62:cc,2422,-74,,,,,,,,,,M2012K11C,2212343,RP47
2026:09:06:17:10:53,17,21,32,DLU-Student-Lib,8e:dc:97:12:65:21,2412,-73,,,,,,,,,,M2012K11C,2212343,RP47
2026:09:06:17:10:53,17,22,32,1.Free Wi-MESH,b4:5d:50:d7:e9:51,5220,-54,,,,,,,,,,M2012K11C,2212343,RP47
2026:09:06:17:10:53,17,23,32,DLU - WIMESH,b4:5d:50:d7:e9:50,5220,-54,,,,,,,,,,M2012K11C,2212343,RP47
2026:09:06:17:10:53,17,24,32,DLU-Student-Lib,8e:dc:97:12:62:cd,5200,-84,,,,,,,,,,M2012K11C,2212343,RP47
2026:09:06:17:10:53,17,25,32,DLU-Student-Lib,8e:dc:97:12:62:cc,2422,-80,,,,,,,,,,M2012K11C,2212343,RP47
2026:09:06:17:10:53,17,26,32,DLU-Student-Lib,8e:dc:97:12:65:22,5765,-79,,,,,,,,,,M2012K11C,2212343,RP47
2026:09:06:17:10:53,17,27,32,DLU-Teacher,88:dc:97:12:62:d0,5805,-72,,,,,,,,,,M2012K11C,2212343,RP47
2026:09:06:17:10:53,17,28,32,DLU - WIMESH,b4:5d:50:d7:e9:40,2462,-49,,,,,,,,,,M2012K11C,2212343,RP47
2026:09:06:17:10:53,17,29,32,DLU-Student-Lib,8e:dc:97:12:65:2a,2417,-73,,,,,,,,,,M2012K11C,2212343,RP47
2026:09:06:17:10:53,17,30,32,DLU-Teacher,88:dc:97:12:65:22,5765,-80,,,,,,,,,,M2012K11C,2212343,RP47
2026:09:06:17:10:53,17,31,32,DLU-Teacher,88:dc:97:12:65:21,2412,-73,,,,,,,,,,M2012K11C,2212343,RP47
2026:09:06:17:10:53,17,32,32,1.Free Wi-MESH,b4:5d:50:d7:e9:41,2462,-49,,,,,,,,,,M2012K11C,2212343,RP47
2026:09:06:17:11:44,18,1,32,DLU-Teacher,88:dc:97:12:65:57,2412,-69,,,,,,,,,,M2012K11C,2212343,RP47
2026:09:06:17:11:44,18,2,32,DLU-Teacher,88:dc:97:12:64:82,2432,-65,,,,,,,,,,M2012K11C,2212343,RP47
2026:09:06:17:11:44,18,3,32,DLU-Teacher,88:dc:97:12:64:83,5300,-63,,,,,,,,,,M2012K11C,2212343,RP47
2026:09:06:17:11:44,18,4,32,DLU-Student-Lib,8e:dc:97:12:62:c7,5500,-60,,,,,,,,,,M2012K11C,2212343,RP47
2026:09:06:17:11:44,18,5,32,DLU-Student-Lib,8e:dc:97:12:62:c6,2452,-64,,,,,,,,,,M2012K11C,2212343,RP47
2026:09:06:17:11:44,18,6,32,DLU-Teacher,88:dc:97:12:65:2b,5805,-81,,,,,,,,,,M2012K11C,2212343,RP47
2026:09:06:17:11:44,18,7,32,DLU_ITC_SRV,7c:7b:68:99:8a:18,2422,-78,,,,,,,,,,M2012K11C,2212343,RP47
2026:09:06:17:11:44,18,8,32,DLU-Student-Lib,8e:dc:97:12:62:d0,5805,-67,,,,,,,,,,M2012K11C,2212343,RP47
2026:09:06:17:11:44,18,9,32,DLU-Student-Lib,8e:dc:97:12:65:63,2452,-75,,,,,,,,,,M2012K11C,2212343,RP47
2026:09:06:17:11:44,18,10,32,DLU-Student-Lib,8e:dc:97:12:65:64,5200,-80,,,,,,,,,,M2012K11C,2212343,RP47
2026:09:06:17:11:44,18,11,32,DLU-Teacher,88:dc:97:12:65:58,5280,-75,,,,,,,,,,M2012K11C,2212343,RP47
2026:09:06:17:11:44,18,12,32,DLU-Student-Lib,8e:dc:97:12:64:c4,2452,-82,,,,,,,,,,M2012K11C,2212343,RP47
2026:09:06:17:11:44,18,13,32,DLU-Teacher,88:dc:97:12:65:64,5200,-82,,,,,,,,,,M2012K11C,2212343,RP47
2026:09:06:17:11:44,18,14,32,DLU-Teacher,88:dc:97:12:65:63,2452,-74,,,,,,,,,,M2012K11C,2212343,RP47
2026:09:06:17:11:44,18,15,32,DLU-Student-Lib,8e:dc:97:12:65:2b,5805,-80,,,,,,,,,,M2012K11C,2212343,RP47
2026:09:06:17:11:44,18,16,32,DLU-Teacher,88:dc:97:12:62:c6,2452,-63,,,,,,,,,,M2012K11C,2212343,RP47
2026:09:06:17:11:44,18,17,32,DLU-Teacher,88:dc:97:12:62:c7,5500,-60,,,,,,,,,,M2012K11C,2212343,RP47
2026:09:06:17:11:44,18,18,32,DLU-Student-Lib,8e:dc:97:12:64:82,2432,-65,,,,,,,,,,M2012K11C,2212343,RP47
2026:09:06:17:11:44,18,19,32,DLU-Student-Lib,8e:dc:97:12:64:83,5300,-63,,,,,,,,,,M2012K11C,2212343,RP47
2026:09:06:17:11:44,18,20,32,DLU-Student-Lib,8e:dc:97:12:65:58,5280,-75,,,,,,,,,,M2012K11C,2212343,RP47
2026:09:06:17:11:44,18,21,32,Bảo Uyên xinh gái 💗,9a:05:22:19:3f:0e,2437,-88,,,,,,,,,,M2012K11C,2212343,RP47
2026:09:06:17:11:44,18,22,32,DLU-Teacher,88:dc:97:12:62:cd,5200,-85,,,,,,,,,,M2012K11C,2212343,RP47
2026:09:06:17:11:44,18,23,32,1.Free Wi-MESH,b4:5d:50:d7:e9:51,5220,-56,,,,,,,,,,M2012K11C,2212343,RP47
2026:09:06:17:11:44,18,24,32,DLU - WIMESH,b4:5d:50:d7:e9:50,5220,-57,,,,,,,,,,M2012K11C,2212343,RP47
2026:09:06:17:11:44,18,25,32,DLU-Student-Lib,8e:dc:97:12:62:cd,5200,-87,,,,,,,,,,M2012K11C,2212343,RP47
2026:09:06:17:11:44,18,26,32,DLU-Student-Lib,8e:dc:97:12:62:cc,2422,-76,,,,,,,,,,M2012K11C,2212343,RP47
2026:09:06:17:11:44,18,27,32,DLU-Student-Lib,8e:dc:97:12:65:22,5765,-81,,,,,,,,,,M2012K11C,2212343,RP47
2026:09:06:17:11:44,18,28,32,DLU-Teacher,88:dc:97:12:62:d0,5805,-67,,,,,,,,,,M2012K11C,2212343,RP47
2026:09:06:17:11:44,18,29,32,DLU - WIMESH,b4:5d:50:d7:e9:40,2462,-49,,,,,,,,,,M2012K11C,2212343,RP47
2026:09:06:17:11:44,18,30,32,DLU-Teacher,88:dc:97:12:65:22,5765,-81,,,,,,,,,,M2012K11C,2212343,RP47
2026:09:06:17:11:44,18,31,32,DLU-Teacher,88:dc:97:12:65:21,2412,-75,,,,,,,,,,M2012K11C,2212343,RP47
2026:09:06:17:11:44,18,32,32,1.Free Wi-MESH,b4:5d:50:d7:e9:41,2462,-50,,,,,,,,,,M2012K11C,2212343,RP47
2026:09:06:17:12:36,19,1,42,DLU-Teacher,88:dc:97:12:65:57,2412,-69,,,,,,,,,,M2012K11C,2212343,RP47
2026:09:06:17:12:36,19,2,42,DLU-Teacher,88:dc:97:12:64:82,2432,-63,,,,,,,,,,M2012K11C,2212343,RP47
2026:09:06:17:12:36,19,3,42,DLU-Teacher,88:dc:97:12:64:83,5300,-64,,,,,,,,,,M2012K11C,2212343,RP47
2026:09:06:17:12:36,19,4,42,DLU-Student-Lib,8e:dc:97:12:62:c7,5500,-62,,,,,,,,,,M2012K11C,2212343,RP47
2026:09:06:17:12:36,19,5,42,DLU-Student-Lib,8e:dc:97:12:62:c6,2452,-64,,,,,,,,,,M2012K11C,2212343,RP47
2026:09:06:17:12:36,19,6,42,DLU-Teacher,88:dc:97:12:65:2b,5805,-80,,,,,,,,,,M2012K11C,2212343,RP47
2026:09:06:17:12:36,19,7,42,DLU_ITC_SRV,7c:7b:68:99:8a:18,2422,-76,,,,,,,,,,M2012K11C,2212343,RP47
2026:09:06:17:12:36,19,8,42,DLU-Teacher,88:dc:97:12:65:2a,2417,-76,,,,,,,,,,M2012K11C,2212343,RP47
2026:09:06:17:12:36,19,9,42,DLU-Student-Lib,8e:dc:97:12:62:d0,5805,-65,,,,,,,,,,M2012K11C,2212343,RP47
2026:09:06:17:12:36,19,10,42,DLU-Student-Lib,8e:dc:97:12:65:63,2452,-75,,,,,,,,,,M2012K11C,2212343,RP47
2026:09:06:17:12:36,19,11,42,TTTV-Intern2026,58:c1:7a:c2:dd:20,2412,-76,,,,,,,,,,M2012K11C,2212343,RP47
2026:09:06:17:12:36,19,12,42,DLU-Student-Lib,8e:dc:97:12:65:64,5200,-79,,,,,,,,,,M2012K11C,2212343,RP47
2026:09:06:17:12:36,19,13,42,DLU-Teacher,88:dc:97:12:64:c4,2452,-84,,,,,,,,,,M2012K11C,2212343,RP47
2026:09:06:17:12:36,19,14,42,DIRECT-ed-HP M203 LaserJet,5e:ea:1d:bb:49:ed,2462,-74,,,,,,,,,,M2012K11C,2212343,RP47
2026:09:06:17:12:36,19,15,42,DLU-Teacher,88:dc:97:12:65:58,5280,-78,,,,,,,,,,M2012K11C,2212343,RP47
2026:09:06:17:12:36,19,16,42,DLU-Student-Lib,8e:dc:97:12:64:c4,2452,-83,,,,,,,,,,M2012K11C,2212343,RP47
2026:09:06:17:12:36,19,17,42,DLU-Teacher,88:dc:97:12:65:64,5200,-79,,,,,,,,,,M2012K11C,2212343,RP47
2026:09:06:17:12:36,19,18,42,DLU-Teacher,88:dc:97:12:65:63,2452,-73,,,,,,,,,,M2012K11C,2212343,RP47
2026:09:06:17:12:36,19,19,42,DLU-Student-Lib,8e:dc:97:12:65:2b,5805,-81,,,,,,,,,,M2012K11C,2212343,RP47
2026:09:06:17:12:36,19,20,42,DLU-Teacher,88:dc:97:12:62:c6,2452,-62,,,,,,,,,,M2012K11C,2212343,RP47
2026:09:06:17:12:36,19,21,42,DLU-Teacher,88:dc:97:12:62:c7,5500,-62,,,,,,,,,,M2012K11C,2212343,RP47
2026:09:06:17:12:36,19,22,42,DLU-Student-Lib,8e:dc:97:12:64:82,2432,-65,,,,,,,,,,M2012K11C,2212343,RP47
2026:09:06:17:12:36,19,23,42,DLU-Student-Lib,8e:dc:97:12:64:83,5300,-64,,,,,,,,,,M2012K11C,2212343,RP47
2026:09:06:17:12:36,19,24,42,DLU-Student-Lib,8e:dc:97:12:65:58,5280,-78,,,,,,,,,,M2012K11C,2212343,RP47
2026:09:06:17:12:36,19,25,42,DLU-Student-Lib,8e:dc:97:12:65:57,2412,-69,,,,,,,,,,M2012K11C,2212343,RP47
2026:09:06:17:12:36,19,26,42,DLU-Teacher,88:dc:97:12:62:cf,2412,-64,,,,,,,,,,M2012K11C,2212343,RP47
2026:09:06:17:12:36,19,27,42,DLU-Teacher,88:dc:97:12:62:cd,5200,-86,,,,,,,,,,M2012K11C,2212343,RP47
2026:09:06:17:12:36,19,28,42,DLU-Teacher,88:dc:97:12:62:cc,2422,-82,,,,,,,,,,M2012K11C,2212343,RP47
2026:09:06:17:12:36,19,29,42,DLU-Student-Lib,8e:dc:97:12:65:21,2412,-73,,,,,,,,,,M2012K11C,2212343,RP47
2026:09:06:17:12:36,19,30,42,DLU-ThuVien,54:af:97:6b:ba:ce,2462,-76,,,,,,,,,,M2012K11C,2212343,RP47
2026:09:06:17:12:36,19,31,42,DLU-Student-Lib,8e:dc:97:12:62:cf,2412,-64,,,,,,,,,,M2012K11C,2212343,RP47
2026:09:06:17:12:36,19,32,42,1.Free Wi-MESH,b4:5d:50:d7:e9:51,5220,-57,,,,,,,,,,M2012K11C,2212343,RP47
2026:09:06:17:12:36,19,33,42,DLU - WIMESH,b4:5d:50:d7:e9:50,5220,-56,,,,,,,,,,M2012K11C,2212343,RP47
2026:09:06:17:12:36,19,34,42,DLU-Student-Lib,8e:dc:97:12:62:cd,5200,-86,,,,,,,,,,M2012K11C,2212343,RP47
2026:09:06:17:12:36,19,35,42,DLU-Student-Lib,8e:dc:97:12:62:cc,2422,-76,,,,,,,,,,M2012K11C,2212343,RP47
2026:09:06:17:12:36,19,36,42,DLU-Student-Lib,8e:dc:97:12:65:22,5765,-80,,,,,,,,,,M2012K11C,2212343,RP47
2026:09:06:17:12:36,19,37,42,DLU-Teacher,88:dc:97:12:62:d0,5805,-65,,,,,,,,,,M2012K11C,2212343,RP47
2026:09:06:17:12:36,19,38,42,DLU - WIMESH,b4:5d:50:d7:e9:40,2462,-51,,,,,,,,,,M2012K11C,2212343,RP47
2026:09:06:17:12:36,19,39,42,DLU-Student-Lib,8e:dc:97:12:65:2a,2417,-76,,,,,,,,,,M2012K11C,2212343,RP47
2026:09:06:17:12:36,19,40,42,DLU-Teacher,88:dc:97:12:65:22,5765,-80,,,,,,,,,,M2012K11C,2212343,RP47
2026:09:06:17:12:36,19,41,42,DLU-Teacher,88:dc:97:12:65:21,2412,-73,,,,,,,,,,M2012K11C,2212343,RP47
2026:09:06:17:12:36,19,42,42,1.Free Wi-MESH,b4:5d:50:d7:e9:41,2462,-52,,,,,,,,,,M2012K11C,2212343,RP47
2026:09:06:17:13:27,20,1,37,DLU-Teacher,88:dc:97:12:65:57,2412,-69,,,,,,,,,,M2012K11C,2212343,RP47
2026:09:06:17:13:27,20,2,37,DLU-Teacher,88:dc:97:12:64:82,2432,-64,,,,,,,,,,M2012K11C,2212343,RP47
2026:09:06:17:13:27,20,3,37,DLU-Teacher,88:dc:97:12:64:83,5300,-63,,,,,,,,,,M2012K11C,2212343,RP47
2026:09:06:17:13:27,20,4,37,DLU-Student-Lib,8e:dc:97:12:62:c7,5500,-60,,,,,,,,,,M2012K11C,2212343,RP47
2026:09:06:17:13:27,20,5,37,DLU-Student-Lib,8e:dc:97:12:62:c6,2452,-65,,,,,,,,,,M2012K11C,2212343,RP47
2026:09:06:17:13:27,20,6,37,DLU-Teacher,88:dc:97:12:65:2b,5805,-82,,,,,,,,,,M2012K11C,2212343,RP47
2026:09:06:17:13:27,20,7,37,DLU_ITC_SRV,7c:7b:68:99:8a:18,2422,-73,,,,,,,,,,M2012K11C,2212343,RP47
2026:09:06:17:13:27,20,8,37,DLU-Teacher,88:dc:97:12:65:2a,2417,-76,,,,,,,,,,M2012K11C,2212343,RP47
2026:09:06:17:13:27,20,9,37,DLU-Student-Lib,8e:dc:97:12:62:d0,5805,-64,,,,,,,,,,M2012K11C,2212343,RP47
2026:09:06:17:13:27,20,10,37,DLU-Student-Lib,8e:dc:97:12:65:63,2452,-72,,,,,,,,,,M2012K11C,2212343,RP47
2026:09:06:17:13:27,20,11,37,TTTV-Intern2026,58:c1:7a:c2:dd:20,2412,-74,,,,,,,,,,M2012K11C,2212343,RP47
2026:09:06:17:13:27,20,12,37,DLU-Student-Lib,8e:dc:97:12:65:64,5200,-81,,,,,,,,,,M2012K11C,2212343,RP47
2026:09:06:17:13:27,20,13,37,DIRECT-ed-HP M203 LaserJet,5e:ea:1d:bb:49:ed,2462,-76,,,,,,,,,,M2012K11C,2212343,RP47
2026:09:06:17:13:27,20,14,37,DLU-Teacher,88:dc:97:12:65:58,5280,-77,,,,,,,,,,M2012K11C,2212343,RP47
2026:09:06:17:13:27,20,15,37,DLU-Teacher,88:dc:97:12:65:64,5200,-81,,,,,,,,,,M2012K11C,2212343,RP47
2026:09:06:17:13:27,20,16,37,DLU-Teacher,88:dc:97:12:65:63,2452,-71,,,,,,,,,,M2012K11C,2212343,RP47
2026:09:06:17:13:27,20,17,37,DLU-Student-Lib,8e:dc:97:12:65:2b,5805,-81,,,,,,,,,,M2012K11C,2212343,RP47
2026:09:06:17:13:27,20,18,37,DLU-Teacher,88:dc:97:12:62:c6,2452,-64,,,,,,,,,,M2012K11C,2212343,RP47
2026:09:06:17:13:27,20,19,37,DLU-Teacher,88:dc:97:12:62:c7,5500,-60,,,,,,,,,,M2012K11C,2212343,RP47
2026:09:06:17:13:27,20,20,37,DLU-Student-Lib,8e:dc:97:12:64:82,2432,-64,,,,,,,,,,M2012K11C,2212343,RP47
2026:09:06:17:13:27,20,21,37,DLU-Student-Lib,8e:dc:97:12:64:83,5300,-63,,,,,,,,,,M2012K11C,2212343,RP47
2026:09:06:17:13:27,20,22,37,DLU-Student-Lib,8e:dc:97:12:65:58,5280,-78,,,,,,,,,,M2012K11C,2212343,RP47
2026:09:06:17:13:27,20,23,37,DLU-Student-Lib,8e:dc:97:12:65:57,2412,-69,,,,,,,,,,M2012K11C,2212343,RP47
2026:09:06:17:13:27,20,24,37,DLU-Teacher,88:dc:97:12:62:cf,2412,-60,,,,,,,,,,M2012K11C,2212343,RP47
2026:09:06:17:13:27,20,25,37,DLU-Teacher,88:dc:97:12:62:cd,5200,-87,,,,,,,,,,M2012K11C,2212343,RP47
2026:09:06:17:13:27,20,26,37,DLU-ThuVien,54:af:97:6b:ba:ce,2462,-81,,,,,,,,,,M2012K11C,2212343,RP47
2026:09:06:17:13:27,20,27,37,DLU-Student-Lib,8e:dc:97:12:62:cf,2412,-63,,,,,,,,,,M2012K11C,2212343,RP47
2026:09:06:17:13:27,20,28,37,1.Free Wi-MESH,b4:5d:50:d7:e9:51,5220,-56,,,,,,,,,,M2012K11C,2212343,RP47
2026:09:06:17:13:27,20,29,37,DLU - WIMESH,b4:5d:50:d7:e9:50,5220,-56,,,,,,,,,,M2012K11C,2212343,RP47
2026:09:06:17:13:27,20,30,37,DLU-Student-Lib,8e:dc:97:12:62:cd,5200,-84,,,,,,,,,,M2012K11C,2212343,RP47
2026:09:06:17:13:27,20,31,37,DLU-Student-Lib,8e:dc:97:12:62:cc,2422,-81,,,,,,,,,,M2012K11C,2212343,RP47
2026:09:06:17:13:27,20,32,37,DLU-Student-Lib,8e:dc:97:12:65:22,5765,-80,,,,,,,,,,M2012K11C,2212343,RP47
2026:09:06:17:13:27,20,33,37,DLU-Teacher,88:dc:97:12:62:d0,5805,-65,,,,,,,,,,M2012K11C,2212343,RP47
2026:09:06:17:13:27,20,34,37,DLU - WIMESH,b4:5d:50:d7:e9:40,2462,-52,,,,,,,,,,M2012K11C,2212343,RP47
2026:09:06:17:13:27,20,35,37,DLU-Student-Lib,8e:dc:97:12:65:2a,2417,-76,,,,,,,,,,M2012K11C,2212343,RP47
2026:09:06:17:13:27,20,36,37,DLU-Teacher,88:dc:97:12:65:22,5765,-80,,,,,,,,,,M2012K11C,2212343,RP47
2026:09:06:17:13:27,20,37,37,1.Free Wi-MESH,b4:5d:50:d7:e9:41,2462,-51,,,,,,,,,,M2012K11C,2212343,RP47
2026:09:06:16:38:35,1,1,26,DLU-Teacher,88:dc:97:12:65:57,2412,-72,,,,,,,,,,M2012K11C,2212343,RP48
2026:09:06:16:38:35,1,2,26,DLU-Teacher,88:dc:97:12:64:82,2432,-70,,,,,,,,,,M2012K11C,2212343,RP48
2026:09:06:16:38:35,1,3,26,DLU-Student-Lib,8e:dc:97:12:62:c6,2452,-62,,,,,,,,,,M2012K11C,2212343,RP48
2026:09:06:16:38:35,1,4,26,DLU-Teacher,88:dc:97:12:65:2b,5805,-56,,,,,,,,,,M2012K11C,2212343,RP48
2026:09:06:16:38:35,1,5,26,DLU-Student-Lib,8e:dc:97:12:62:d0,5805,-63,,,,,,,,,,M2012K11C,2212343,RP48
2026:09:06:16:38:35,1,6,26,DLU-Student-Lib,8e:dc:97:12:65:64,5200,-51,,,,,,,,,,M2012K11C,2212343,RP48
2026:09:06:16:38:35,1,7,26,DLU-Teacher,88:dc:97:12:65:58,5280,-85,,,,,,,,,,M2012K11C,2212343,RP48
2026:09:06:16:38:35,1,8,26,DLU-Teacher,88:dc:97:12:65:64,5200,-51,,,,,,,,,,M2012K11C,2212343,RP48
2026:09:06:16:38:35,1,9,26,DLU-Teacher,88:dc:97:12:65:63,2452,-46,,,,,,,,,,M2012K11C,2212343,RP48
2026:09:06:16:38:35,1,10,26,DLU-Student-Lib,8e:dc:97:12:65:2b,5805,-56,,,,,,,,,,M2012K11C,2212343,RP48
2026:09:06:16:38:35,1,11,26,DLU-Teacher,88:dc:97:12:62:c6,2452,-63,,,,,,,,,,M2012K11C,2212343,RP48
2026:09:06:16:38:35,1,12,26,DLU-Student-Lib,8e:dc:97:12:64:82,2432,-71,,,,,,,,,,M2012K11C,2212343,RP48
2026:09:06:16:38:35,1,13,26,DLU-Student-Lib,8e:dc:97:12:65:58,5280,-85,,,,,,,,,,M2012K11C,2212343,RP48
2026:09:06:16:38:35,1,14,26,DLU-Student-Lib,8e:dc:97:12:65:57,2412,-68,,,,,,,,,,M2012K11C,2212343,RP48
2026:09:06:16:38:35,1,15,26,iPhone (8),b6:40:69:6b:ac:74,2462,-66,,,,,,,,,,M2012K11C,2212343,RP48
2026:09:06:16:38:35,1,16,26,DLU-Teacher,88:dc:97:12:62:cf,2412,-55,,,,,,,,,,M2012K11C,2212343,RP48
2026:09:06:16:38:35,1,17,26,DLU-Student-Lib,8e:dc:97:12:65:21,2412,-58,,,,,,,,,,M2012K11C,2212343,RP48
2026:09:06:16:38:35,1,18,26,DLU-Student-Lib,8e:dc:97:12:62:cf,2412,-54,,,,,,,,,,M2012K11C,2212343,RP48
2026:09:06:16:38:35,1,19,26,1.Free Wi-MESH,b4:5d:50:d7:e9:51,5220,-68,,,,,,,,,,M2012K11C,2212343,RP48
2026:09:06:16:38:35,1,20,26,DLU - WIMESH,b4:5d:50:d7:e9:50,5220,-68,,,,,,,,,,M2012K11C,2212343,RP48
2026:09:06:16:38:35,1,21,26,DLU-Student-Lib,8e:dc:97:12:65:22,5765,-64,,,,,,,,,,M2012K11C,2212343,RP48
2026:09:06:16:38:35,1,22,26,DLU-Teacher,88:dc:97:12:62:d0,5805,-62,,,,,,,,,,M2012K11C,2212343,RP48
2026:09:06:16:38:35,1,23,26,DLU - WIMESH,b4:5d:50:d7:e9:40,2462,-67,,,,,,,,,,M2012K11C,2212343,RP48
2026:09:06:16:38:35,1,24,26,DLU-Teacher,88:dc:97:12:65:22,5765,-64,,,,,,,,,,M2012K11C,2212343,RP48
2026:09:06:16:38:35,1,25,26,DLU-Teacher,88:dc:97:12:65:21,2412,-58,,,,,,,,,,M2012K11C,2212343,RP48
2026:09:06:16:38:35,1,26,26,1.Free Wi-MESH,b4:5d:50:d7:e9:41,2462,-66,,,,,,,,,,M2012K11C,2212343,RP48
2026:09:06:16:39:26,2,1,30,DLU-Teacher,88:dc:97:12:65:57,2412,-73,,,,,,,,,,M2012K11C,2212343,RP48
2026:09:06:16:39:26,2,2,30,DLU-Teacher,88:dc:97:12:64:82,2432,-76,,,,,,,,,,M2012K11C,2212343,RP48
2026:09:06:16:39:26,2,3,30,DLU-Teacher,88:dc:97:12:64:83,5300,-81,,,,,,,,,,M2012K11C,2212343,RP48
2026:09:06:16:39:26,2,4,30,DLU-Student-Lib,8e:dc:97:12:62:c7,5500,-57,,,,,,,,,,M2012K11C,2212343,RP48
2026:09:06:16:39:26,2,5,30,DLU-Student-Lib,8e:dc:97:12:62:c6,2452,-63,,,,,,,,,,M2012K11C,2212343,RP48
2026:09:06:16:39:26,2,6,30,DLU-Teacher,88:dc:97:12:65:2b,5805,-55,,,,,,,,,,M2012K11C,2212343,RP48
2026:09:06:16:39:26,2,7,30,DLU-Student-Lib,8e:dc:97:12:62:d0,5805,-60,,,,,,,,,,M2012K11C,2212343,RP48
2026:09:06:16:39:26,2,8,30,DLU-Student-Lib,8e:dc:97:12:65:64,5200,-56,,,,,,,,,,M2012K11C,2212343,RP48
2026:09:06:16:39:26,2,9,30,DLU-Teacher,88:dc:97:12:65:64,5200,-57,,,,,,,,,,M2012K11C,2212343,RP48
2026:09:06:16:39:26,2,10,30,DLU-Student-Lib,8e:dc:97:12:65:2b,5805,-56,,,,,,,,,,M2012K11C,2212343,RP48
2026:09:06:16:39:26,2,11,30,DLU-Teacher,88:dc:97:12:62:c6,2452,-65,,,,,,,,,,M2012K11C,2212343,RP48
2026:09:06:16:39:26,2,12,30,DLU-Teacher,88:dc:97:12:62:c7,5500,-57,,,,,,,,,,M2012K11C,2212343,RP48
2026:09:06:16:39:26,2,13,30,DLU-Student-Lib,8e:dc:97:12:64:82,2432,-77,,,,,,,,,,M2012K11C,2212343,RP48
2026:09:06:16:39:26,2,14,30,DLU-Student-Lib,8e:dc:97:12:64:83,5300,-81,,,,,,,,,,M2012K11C,2212343,RP48
2026:09:06:16:39:26,2,15,30,DLU-Student-Lib,8e:dc:97:12:65:57,2412,-74,,,,,,,,,,M2012K11C,2212343,RP48
2026:09:06:16:39:26,2,16,30,iPhone (8),b6:40:69:6b:ac:74,2462,-75,,,,,,,,,,M2012K11C,2212343,RP48
2026:09:06:16:39:26,2,17,30,DLU-Teacher,88:dc:97:12:62:cf,2412,-55,,,,,,,,,,M2012K11C,2212343,RP48
2026:09:06:16:39:26,2,18,30,DLU-Teacher,88:dc:97:12:62:cd,5200,-90,,,,,,,,,,M2012K11C,2212343,RP48
2026:09:06:16:39:26,2,19,30,DLU-Student-Lib,8e:dc:97:12:65:21,2412,-55,,,,,,,,,,M2012K11C,2212343,RP48
2026:09:06:16:39:26,2,20,30,DLU-Student-Lib,8e:dc:97:12:62:cf,2412,-55,,,,,,,,,,M2012K11C,2212343,RP48
2026:09:06:16:39:26,2,21,30,1.Free Wi-MESH,b4:5d:50:d7:e9:51,5220,-69,,,,,,,,,,M2012K11C,2212343,RP48
2026:09:06:16:39:26,2,22,30,DLU - WIMESH,b4:5d:50:d7:e9:50,5220,-70,,,,,,,,,,M2012K11C,2212343,RP48
2026:09:06:16:39:26,2,23,30,DLU-Student-Lib,8e:dc:97:12:65:22,5765,-57,,,,,,,,,,M2012K11C,2212343,RP48
2026:09:06:16:39:26,2,24,30,DLU-Student-TV3-TV4,74:ac:b9:ba:a6:bd,2437,-91,,,,,,,,,,M2012K11C,2212343,RP48
2026:09:06:16:39:26,2,25,30,DLU-Teacher,88:dc:97:12:62:d0,5805,-59,,,,,,,,,,M2012K11C,2212343,RP48
2026:09:06:16:39:26,2,26,30,DLU - WIMESH,b4:5d:50:d7:e9:40,2462,-65,,,,,,,,,,M2012K11C,2212343,RP48
2026:09:06:16:39:26,2,27,30,DLU-Student-Lib,8e:dc:97:12:65:2a,2417,-62,,,,,,,,,,M2012K11C,2212343,RP48
2026:09:06:16:39:26,2,28,30,DLU-Teacher,88:dc:97:12:65:22,5765,-58,,,,,,,,,,M2012K11C,2212343,RP48
2026:09:06:16:39:26,2,29,30,DLU-Teacher,88:dc:97:12:65:21,2412,-55,,,,,,,,,,M2012K11C,2212343,RP48
2026:09:06:16:39:26,2,30,30,1.Free Wi-MESH,b4:5d:50:d7:e9:41,2462,-64,,,,,,,,,,M2012K11C,2212343,RP48
2026:09:06:16:40:17,3,1,37,DLU-Teacher,88:dc:97:12:65:54,2427,-89,,,,,,,,,,M2012K11C,2212343,RP48
2026:09:06:16:40:17,3,2,37,DLU-Teacher,88:dc:97:12:65:57,2412,-73,,,,,,,,,,M2012K11C,2212343,RP48
2026:09:06:16:40:17,3,3,37,DLU-Teacher,88:dc:97:12:64:82,2432,-74,,,,,,,,,,M2012K11C,2212343,RP48
2026:09:06:16:40:17,3,4,37,DLU-Teacher,88:dc:97:12:64:83,5300,-81,,,,,,,,,,M2012K11C,2212343,RP48
2026:09:06:16:40:17,3,5,37,DLU-Student-Lib,8e:dc:97:12:62:c7,5500,-56,,,,,,,,,,M2012K11C,2212343,RP48
2026:09:06:16:40:17,3,6,37,DLU-Student-Lib,8e:dc:97:12:62:c6,2452,-64,,,,,,,,,,M2012K11C,2212343,RP48
2026:09:06:16:40:17,3,7,37,DLU-Teacher,88:dc:97:12:65:2b,5805,-55,,,,,,,,,,M2012K11C,2212343,RP48
2026:09:06:16:40:17,3,8,37,DLU-Teacher,88:dc:97:12:65:2a,2417,-61,,,,,,,,,,M2012K11C,2212343,RP48
2026:09:06:16:40:17,3,9,37,DLU-Student-Lib,8e:dc:97:12:62:d0,5805,-60,,,,,,,,,,M2012K11C,2212343,RP48
2026:09:06:16:40:17,3,10,37,DLU-Student-Lib,8e:dc:97:12:65:63,2452,-44,,,,,,,,,,M2012K11C,2212343,RP48
2026:09:06:16:40:17,3,11,37,DLU-Student-Lib,8e:dc:97:12:65:64,5200,-56,,,,,,,,,,M2012K11C,2212343,RP48
2026:09:06:16:40:17,3,12,37,DLU-Teacher,88:dc:97:12:64:c4,2452,-87,,,,,,,,,,M2012K11C,2212343,RP48
2026:09:06:16:40:17,3,13,37,DLU-Teacher,88:dc:97:12:62:ff,2457,-86,,,,,,,,,,M2012K11C,2212343,RP48
2026:09:06:16:40:17,3,14,37,DLU-Teacher,88:dc:97:12:65:58,5280,-84,,,,,,,,,,M2012K11C,2212343,RP48
2026:09:06:16:40:17,3,15,37,DLU-Teacher,88:dc:97:12:65:64,5200,-55,,,,,,,,,,M2012K11C,2212343,RP48
2026:09:06:16:40:17,3,16,37,DLU-Teacher,88:dc:97:12:65:63,2452,-42,,,,,,,,,,M2012K11C,2212343,RP48
2026:09:06:16:40:17,3,17,37,DLU-Student-Lib,8e:dc:97:12:65:2b,5805,-55,,,,,,,,,,M2012K11C,2212343,RP48
2026:09:06:16:40:17,3,18,37,DLU-Teacher,88:dc:97:12:62:c6,2452,-64,,,,,,,,,,M2012K11C,2212343,RP48
2026:09:06:16:40:17,3,19,37,DLU-Teacher,88:dc:97:12:62:c7,5500,-56,,,,,,,,,,M2012K11C,2212343,RP48
2026:09:06:16:40:17,3,20,37,DLU-Student-Lib,8e:dc:97:12:64:82,2432,-75,,,,,,,,,,M2012K11C,2212343,RP48
2026:09:06:16:40:17,3,21,37,DLU-Student-Lib,8e:dc:97:12:64:83,5300,-81,,,,,,,,,,M2012K11C,2212343,RP48
2026:09:06:16:40:17,3,22,37,DLU-Student-HTTV,8e:dc:97:12:65:54,2427,-89,,,,,,,,,,M2012K11C,2212343,RP48
2026:09:06:16:40:17,3,23,37,DLU-Student-Lib,8e:dc:97:12:65:58,5280,-84,,,,,,,,,,M2012K11C,2212343,RP48
2026:09:06:16:40:17,3,24,37,DLU-Student-Lib,8e:dc:97:12:65:57,2412,-72,,,,,,,,,,M2012K11C,2212343,RP48
2026:09:06:16:40:17,3,25,37,iPhone (8),b6:40:69:6b:ac:74,2462,-75,,,,,,,,,,M2012K11C,2212343,RP48
2026:09:06:16:40:17,3,26,37,DLU-Teacher,88:dc:97:12:62:cf,2412,-54,,,,,,,,,,M2012K11C,2212343,RP48
2026:09:06:16:40:17,3,27,37,DLU-Student-Lib,8e:dc:97:12:65:21,2412,-55,,,,,,,,,,M2012K11C,2212343,RP48
2026:09:06:16:40:17,3,28,37,DLU-Student-Lib,8e:dc:97:12:62:cf,2412,-55,,,,,,,,,,M2012K11C,2212343,RP48
2026:09:06:16:40:17,3,29,37,1.Free Wi-MESH,b4:5d:50:d7:e9:51,5220,-68,,,,,,,,,,M2012K11C,2212343,RP48
2026:09:06:16:40:17,3,30,37,DLU - WIMESH,b4:5d:50:d7:e9:50,5220,-70,,,,,,,,,,M2012K11C,2212343,RP48
2026:09:06:16:40:17,3,31,37,DLU-Student-Lib,8e:dc:97:12:65:22,5765,-58,,,,,,,,,,M2012K11C,2212343,RP48
2026:09:06:16:40:17,3,32,37,DLU-Teacher,88:dc:97:12:62:d0,5805,-60,,,,,,,,,,M2012K11C,2212343,RP48
2026:09:06:16:40:17,3,33,37,DLU - WIMESH,b4:5d:50:d7:e9:40,2462,-64,,,,,,,,,,M2012K11C,2212343,RP48
2026:09:06:16:40:17,3,34,37,DLU-Student-Lib,8e:dc:97:12:65:2a,2417,-61,,,,,,,,,,M2012K11C,2212343,RP48
2026:09:06:16:40:17,3,35,37,DLU-Teacher,88:dc:97:12:65:22,5765,-57,,,,,,,,,,M2012K11C,2212343,RP48
2026:09:06:16:40:17,3,36,37,DLU-Teacher,88:dc:97:12:65:21,2412,-56,,,,,,,,,,M2012K11C,2212343,RP48
2026:09:06:16:40:17,3,37,37,1.Free Wi-MESH,b4:5d:50:d7:e9:41,2462,-64,,,,,,,,,,M2012K11C,2212343,RP48
2026:09:06:16:41:08,4,1,31,DLU-Teacher,88:dc:97:12:65:57,2412,-71,,,,,,,,,,M2012K11C,2212343,RP48
2026:09:06:16:41:08,4,2,31,DLU-Teacher,88:dc:97:12:64:82,2432,-75,,,,,,,,,,M2012K11C,2212343,RP48
2026:09:06:16:41:08,4,3,31,DLU-Teacher,88:dc:97:12:64:83,5300,-80,,,,,,,,,,M2012K11C,2212343,RP48
2026:09:06:16:41:08,4,4,31,DLU-Student-Lib,8e:dc:97:12:62:c7,5500,-57,,,,,,,,,,M2012K11C,2212343,RP48
2026:09:06:16:41:08,4,5,31,DLU-Student-Lib,8e:dc:97:12:62:c6,2452,-66,,,,,,,,,,M2012K11C,2212343,RP48
2026:09:06:16:41:08,4,6,31,DLU-Teacher,88:dc:97:12:65:2b,5805,-56,,,,,,,,,,M2012K11C,2212343,RP48
2026:09:06:16:41:08,4,7,31,DLU-Teacher,88:dc:97:12:65:2a,2417,-62,,,,,,,,,,M2012K11C,2212343,RP48
2026:09:06:16:41:08,4,8,31,DLU-Student-Lib,8e:dc:97:12:62:d0,5805,-59,,,,,,,,,,M2012K11C,2212343,RP48
2026:09:06:16:41:08,4,9,31,DLU-Student-Lib,8e:dc:97:12:65:63,2452,-45,,,,,,,,,,M2012K11C,2212343,RP48
2026:09:06:16:41:08,4,10,31,DLU-Student-Lib,8e:dc:97:12:65:64,5200,-56,,,,,,,,,,M2012K11C,2212343,RP48
2026:09:06:16:41:08,4,11,31,DLU-Teacher,88:dc:97:12:65:58,5280,-86,,,,,,,,,,M2012K11C,2212343,RP48
2026:09:06:16:41:08,4,12,31,DLU-Teacher,88:dc:97:12:65:64,5200,-56,,,,,,,,,,M2012K11C,2212343,RP48
2026:09:06:16:41:08,4,13,31,DLU-Teacher,88:dc:97:12:65:63,2452,-44,,,,,,,,,,M2012K11C,2212343,RP48
2026:09:06:16:41:08,4,14,31,DLU-Student-Lib,8e:dc:97:12:65:2b,5805,-56,,,,,,,,,,M2012K11C,2212343,RP48
2026:09:06:16:41:08,4,15,31,DLU-Teacher,88:dc:97:12:62:c6,2452,-65,,,,,,,,,,M2012K11C,2212343,RP48
2026:09:06:16:41:08,4,16,31,DLU-Teacher,88:dc:97:12:62:c7,5500,-57,,,,,,,,,,M2012K11C,2212343,RP48
2026:09:06:16:41:08,4,17,31,DLU-Student-Lib,8e:dc:97:12:64:83,5300,-79,,,,,,,,,,M2012K11C,2212343,RP48
2026:09:06:16:41:08,4,18,31,DLU-Student-Lib,8e:dc:97:12:65:58,5280,-85,,,,,,,,,,M2012K11C,2212343,RP48
2026:09:06:16:41:08,4,19,31,iPhone (8),b6:40:69:6b:ac:74,2462,-72,,,,,,,,,,M2012K11C,2212343,RP48
2026:09:06:16:41:08,4,20,31,DLU-Teacher,88:dc:97:12:62:cf,2412,-55,,,,,,,,,,M2012K11C,2212343,RP48
2026:09:06:16:41:08,4,21,31,DLU-Student-Lib,8e:dc:97:12:65:21,2412,-55,,,,,,,,,,M2012K11C,2212343,RP48
2026:09:06:16:41:08,4,22,31,DLU - WIMESH,b4:5d:50:d7:e9:50,5220,-69,,,,,,,,,,M2012K11C,2212343,RP48
2026:09:06:16:41:08,4,23,31,DLU-Student-Lib,8e:dc:97:12:62:cd,5200,-89,,,,,,,,,,M2012K11C,2212343,RP48
2026:09:06:16:41:08,4,24,31,DLU-Student-Lib,8e:dc:97:12:62:cc,2422,-78,,,,,,,,,,M2012K11C,2212343,RP48
2026:09:06:16:41:08,4,25,31,DLU-Student-Lib,8e:dc:97:12:65:22,5765,-58,,,,,,,,,,M2012K11C,2212343,RP48
2026:09:06:16:41:08,4,26,31,DLU-Teacher,88:dc:97:12:62:d0,5805,-59,,,,,,,,,,M2012K11C,2212343,RP48
2026:09:06:16:41:08,4,27,31,DLU - WIMESH,b4:5d:50:d7:e9:40,2462,-65,,,,,,,,,,M2012K11C,2212343,RP48
2026:09:06:16:41:08,4,28,31,DLU-Student-Lib,8e:dc:97:12:65:2a,2417,-62,,,,,,,,,,M2012K11C,2212343,RP48
2026:09:06:16:41:08,4,29,31,DLU-Teacher,88:dc:97:12:65:22,5765,-58,,,,,,,,,,M2012K11C,2212343,RP48
2026:09:06:16:41:08,4,30,31,DLU-Teacher,88:dc:97:12:65:21,2412,-56,,,,,,,,,,M2012K11C,2212343,RP48
2026:09:06:16:41:08,4,31,31,1.Free Wi-MESH,b4:5d:50:d7:e9:41,2462,-65,,,,,,,,,,M2012K11C,2212343,RP48
2026:09:06:16:42:00,5,1,37,DLU-Teacher,88:dc:97:12:65:57,2412,-74,,,,,,,,,,M2012K11C,2212343,RP48
2026:09:06:16:42:00,5,2,37,DLU-Teacher,88:dc:97:12:64:82,2432,-74,,,,,,,,,,M2012K11C,2212343,RP48
2026:09:06:16:42:00,5,3,37,DLU-Teacher,88:dc:97:12:64:83,5300,-81,,,,,,,,,,M2012K11C,2212343,RP48
2026:09:06:16:42:00,5,4,37,DLU-Student-Lib,8e:dc:97:12:62:c7,5500,-57,,,,,,,,,,M2012K11C,2212343,RP48
2026:09:06:16:42:00,5,5,37,DLU-Student-Lib,8e:dc:97:12:62:c6,2452,-66,,,,,,,,,,M2012K11C,2212343,RP48
2026:09:06:16:42:00,5,6,37,DLU-Teacher,88:dc:97:12:65:2b,5805,-55,,,,,,,,,,M2012K11C,2212343,RP48
2026:09:06:16:42:00,5,7,37,DLU-Teacher,88:dc:97:12:65:2a,2417,-62,,,,,,,,,,M2012K11C,2212343,RP48
2026:09:06:16:42:00,5,8,37,DLU-Student-Lib,8e:dc:97:12:62:d0,5805,-59,,,,,,,,,,M2012K11C,2212343,RP48
2026:09:06:16:42:00,5,9,37,DLU-Student-Lib,8e:dc:97:12:65:63,2452,-44,,,,,,,,,,M2012K11C,2212343,RP48
2026:09:06:16:42:00,5,10,37,DLU-Student-Lib,8e:dc:97:12:65:64,5200,-56,,,,,,,,,,M2012K11C,2212343,RP48
2026:09:06:16:42:00,5,11,37,DLU-Teacher,88:dc:97:12:64:c4,2452,-80,,,,,,,,,,M2012K11C,2212343,RP48
2026:09:06:16:42:00,5,12,37,DLU-Teacher,88:dc:97:12:65:58,5280,-85,,,,,,,,,,M2012K11C,2212343,RP48
2026:09:06:16:42:00,5,13,37,DLU-Teacher,88:dc:97:12:65:64,5200,-56,,,,,,,,,,M2012K11C,2212343,RP48
2026:09:06:16:42:00,5,14,37,DLU-Teacher,88:dc:97:12:65:63,2452,-45,,,,,,,,,,M2012K11C,2212343,RP48
2026:09:06:16:42:00,5,15,37,DLU-Student-Lib,8e:dc:97:12:65:2b,5805,-55,,,,,,,,,,M2012K11C,2212343,RP48
2026:09:06:16:42:00,5,16,37,DLU-Teacher,88:dc:97:12:62:c6,2452,-65,,,,,,,,,,M2012K11C,2212343,RP48
2026:09:06:16:42:00,5,17,37,DLU-Teacher,88:dc:97:12:62:c7,5500,-56,,,,,,,,,,M2012K11C,2212343,RP48
2026:09:06:16:42:00,5,18,37,DLU-Student-Lib,8e:dc:97:12:64:82,2432,-76,,,,,,,,,,M2012K11C,2212343,RP48
2026:09:06:16:42:00,5,19,37,DLU-Student-Lib,8e:dc:97:12:64:83,5300,-82,,,,,,,,,,M2012K11C,2212343,RP48
2026:09:06:16:42:00,5,20,37,DLU-Teacher,7a:ac:b9:ba:a6:bd,2437,-88,,,,,,,,,,M2012K11C,2212343,RP48
2026:09:06:16:42:00,5,21,37,DLU-Student-HTTV,8e:dc:97:12:62:ff,2457,-86,,,,,,,,,,M2012K11C,2212343,RP48
2026:09:06:16:42:00,5,22,37,DLU-Student-Lib,8e:dc:97:12:65:58,5280,-85,,,,,,,,,,M2012K11C,2212343,RP48
2026:09:06:16:42:00,5,23,37,iPhone (8),b6:40:69:6b:ac:74,2462,-73,,,,,,,,,,M2012K11C,2212343,RP48
2026:09:06:16:42:00,5,24,37,DLU-Teacher,88:dc:97:12:62:cf,2412,-56,,,,,,,,,,M2012K11C,2212343,RP48
2026:09:06:16:42:00,5,25,37,DLU-Teacher,88:dc:97:12:62:cd,5200,-90,,,,,,,,,,M2012K11C,2212343,RP48
2026:09:06:16:42:00,5,26,37,DLU-Student-Lib,8e:dc:97:12:65:21,2412,-55,,,,,,,,,,M2012K11C,2212343,RP48
2026:09:06:16:42:00,5,27,37,1.Free Wi-MESH,b4:5d:50:d7:e9:51,5220,-69,,,,,,,,,,M2012K11C,2212343,RP48
2026:09:06:16:42:00,5,28,37,DLU - WIMESH,b4:5d:50:d7:e9:50,5220,-69,,,,,,,,,,M2012K11C,2212343,RP48
2026:09:06:16:42:00,5,29,37,DLU-Student-Lib,8e:dc:97:12:62:cd,5200,-90,,,,,,,,,,M2012K11C,2212343,RP48
2026:09:06:16:42:00,5,30,37,DLU-Student-Lib,8e:dc:97:12:62:cc,2422,-85,,,,,,,,,,M2012K11C,2212343,RP48
2026:09:06:16:42:00,5,31,37,DLU-Student-Lib,8e:dc:97:12:65:22,5765,-57,,,,,,,,,,M2012K11C,2212343,RP48
2026:09:06:16:42:00,5,32,37,DLU-Teacher,88:dc:97:12:62:d0,5805,-59,,,,,,,,,,M2012K11C,2212343,RP48
2026:09:06:16:42:00,5,33,37,DLU - WIMESH,b4:5d:50:d7:e9:40,2462,-65,,,,,,,,,,M2012K11C,2212343,RP48
2026:09:06:16:42:00,5,34,37,DLU-Student-Lib,8e:dc:97:12:65:2a,2417,-61,,,,,,,,,,M2012K11C,2212343,RP48
2026:09:06:16:42:00,5,35,37,DLU-Teacher,88:dc:97:12:65:22,5765,-58,,,,,,,,,,M2012K11C,2212343,RP48
2026:09:06:16:42:00,5,36,37,DLU-Teacher,88:dc:97:12:65:21,2412,-55,,,,,,,,,,M2012K11C,2212343,RP48
2026:09:06:16:42:00,5,37,37,1.Free Wi-MESH,b4:5d:50:d7:e9:41,2462,-65,,,,,,,,,,M2012K11C,2212343,RP48
2026:09:06:16:42:51,6,1,36,DLU-Teacher,88:dc:97:12:65:57,2412,-72,,,,,,,,,,M2012K11C,2212343,RP48
2026:09:06:16:42:51,6,2,36,DLU-Teacher,88:dc:97:12:64:82,2432,-77,,,,,,,,,,M2012K11C,2212343,RP48
2026:09:06:16:42:51,6,3,36,DLU-Teacher,88:dc:97:12:64:83,5300,-82,,,,,,,,,,M2012K11C,2212343,RP48
2026:09:06:16:42:51,6,4,36,DLU-Student-Lib,8e:dc:97:12:62:c7,5500,-57,,,,,,,,,,M2012K11C,2212343,RP48
2026:09:06:16:42:51,6,5,36,DLU-Student-Lib,8e:dc:97:12:62:c6,2452,-66,,,,,,,,,,M2012K11C,2212343,RP48
2026:09:06:16:42:51,6,6,36,DLU-Teacher,88:dc:97:12:65:2b,5805,-55,,,,,,,,,,M2012K11C,2212343,RP48
2026:09:06:16:42:51,6,7,36,DLU-Teacher,88:dc:97:12:65:2a,2417,-60,,,,,,,,,,M2012K11C,2212343,RP48
2026:09:06:16:42:51,6,8,36,DLU-Student-Lib,8e:dc:97:12:62:d0,5805,-59,,,,,,,,,,M2012K11C,2212343,RP48
2026:09:06:16:42:51,6,9,36,DLU-Student-Lib,8e:dc:97:12:65:63,2452,-45,,,,,,,,,,M2012K11C,2212343,RP48
2026:09:06:16:42:51,6,10,36,DLU-Student-Lib,8e:dc:97:12:65:64,5200,-57,,,,,,,,,,M2012K11C,2212343,RP48
2026:09:06:16:42:51,6,11,36,DLU-Teacher,88:dc:97:12:65:58,5280,-85,,,,,,,,,,M2012K11C,2212343,RP48
2026:09:06:16:42:51,6,12,36,DLU-Teacher,88:dc:97:12:65:64,5200,-57,,,,,,,,,,M2012K11C,2212343,RP48
2026:09:06:16:42:51,6,13,36,DLU-Teacher,88:dc:97:12:65:63,2452,-46,,,,,,,,,,M2012K11C,2212343,RP48
2026:09:06:16:42:51,6,14,36,DLU-Student-Lib,8e:dc:97:12:65:2b,5805,-55,,,,,,,,,,M2012K11C,2212343,RP48
2026:09:06:16:42:51,6,15,36,DLU-Teacher,88:dc:97:12:62:c6,2452,-64,,,,,,,,,,M2012K11C,2212343,RP48
2026:09:06:16:42:51,6,16,36,DLU-Teacher,88:dc:97:12:62:c7,5500,-57,,,,,,,,,,M2012K11C,2212343,RP48
2026:09:06:16:42:51,6,17,36,DLU-Student-Lib,8e:dc:97:12:64:82,2432,-76,,,,,,,,,,M2012K11C,2212343,RP48
2026:09:06:16:42:51,6,18,36,DLU-Student-Lib,8e:dc:97:12:64:83,5300,-82,,,,,,,,,,M2012K11C,2212343,RP48
2026:09:06:16:42:51,6,19,36,DLU-Student-HTTV,8e:dc:97:12:65:54,2427,-88,,,,,,,,,,M2012K11C,2212343,RP48
2026:09:06:16:42:51,6,20,36,DLU-Student-Lib,8e:dc:97:12:65:58,5280,-86,,,,,,,,,,M2012K11C,2212343,RP48
2026:09:06:16:42:51,6,21,36,DLU-Student-Lib,8e:dc:97:12:65:57,2412,-71,,,,,,,,,,M2012K11C,2212343,RP48
2026:09:06:16:42:51,6,22,36,iPhone (8),b6:40:69:6b:ac:74,2462,-68,,,,,,,,,,M2012K11C,2212343,RP48
2026:09:06:16:42:51,6,23,36,DLU-Teacher,88:dc:97:12:62:cf,2412,-57,,,,,,,,,,M2012K11C,2212343,RP48
2026:09:06:16:42:51,6,24,36,DLU-Teacher,88:dc:97:12:62:cd,5200,-90,,,,,,,,,,M2012K11C,2212343,RP48
2026:09:06:16:42:51,6,25,36,DLU-Student-Lib,8e:dc:97:12:65:21,2412,-57,,,,,,,,,,M2012K11C,2212343,RP48
2026:09:06:16:42:51,6,26,36,DLU-Student-Lib,8e:dc:97:12:62:cf,2412,-56,,,,,,,,,,M2012K11C,2212343,RP48
2026:09:06:16:42:51,6,27,36,1.Free Wi-MESH,b4:5d:50:d7:e9:51,5220,-68,,,,,,,,,,M2012K11C,2212343,RP48
2026:09:06:16:42:51,6,28,36,DLU - WIMESH,b4:5d:50:d7:e9:50,5220,-68,,,,,,,,,,M2012K11C,2212343,RP48
2026:09:06:16:42:51,6,29,36,DLU-Student-Lib,8e:dc:97:12:62:cc,2422,-79,,,,,,,,,,M2012K11C,2212343,RP48
2026:09:06:16:42:51,6,30,36,DLU-Student-Lib,8e:dc:97:12:65:22,5765,-58,,,,,,,,,,M2012K11C,2212343,RP48
2026:09:06:16:42:51,6,31,36,DLU-Teacher,88:dc:97:12:62:d0,5805,-59,,,,,,,,,,M2012K11C,2212343,RP48
2026:09:06:16:42:51,6,32,36,DLU - WIMESH,b4:5d:50:d7:e9:40,2462,-66,,,,,,,,,,M2012K11C,2212343,RP48
2026:09:06:16:42:51,6,33,36,DLU-Student-Lib,8e:dc:97:12:65:2a,2417,-61,,,,,,,,,,M2012K11C,2212343,RP48
2026:09:06:16:42:51,6,34,36,DLU-Teacher,88:dc:97:12:65:22,5765,-58,,,,,,,,,,M2012K11C,2212343,RP48
2026:09:06:16:42:51,6,35,36,DLU-Teacher,88:dc:97:12:65:21,2412,-56,,,,,,,,,,M2012K11C,2212343,RP48
2026:09:06:16:42:51,6,36,36,1.Free Wi-MESH,b4:5d:50:d7:e9:41,2462,-65,,,,,,,,,,M2012K11C,2212343,RP48
2026:09:06:16:43:42,7,1,31,DLU-Teacher,88:dc:97:12:65:57,2412,-77,,,,,,,,,,M2012K11C,2212343,RP48
2026:09:06:16:43:42,7,2,31,DLU-Teacher,88:dc:97:12:64:82,2432,-73,,,,,,,,,,M2012K11C,2212343,RP48
2026:09:06:16:43:42,7,3,31,DLU-Teacher,88:dc:97:12:64:83,5300,-80,,,,,,,,,,M2012K11C,2212343,RP48
2026:09:06:16:43:42,7,4,31,DLU-Student-Lib,8e:dc:97:12:62:c7,5500,-57,,,,,,,,,,M2012K11C,2212343,RP48
2026:09:06:16:43:42,7,5,31,DLU-Student-Lib,8e:dc:97:12:62:c6,2452,-65,,,,,,,,,,M2012K11C,2212343,RP48
2026:09:06:16:43:42,7,6,31,DLU-Teacher,88:dc:97:12:65:2a,2417,-62,,,,,,,,,,M2012K11C,2212343,RP48
2026:09:06:16:43:42,7,7,31,DLU-Student-Lib,8e:dc:97:12:65:63,2452,-46,,,,,,,,,,M2012K11C,2212343,RP48
2026:09:06:16:43:42,7,8,31,DLU-Student-Lib,8e:dc:97:12:65:64,5200,-58,,,,,,,,,,M2012K11C,2212343,RP48
2026:09:06:16:43:42,7,9,31,DLU-Teacher,88:dc:97:12:65:58,5280,-85,,,,,,,,,,M2012K11C,2212343,RP48
2026:09:06:16:43:42,7,10,31,DLU-Teacher,88:dc:97:12:65:64,5200,-58,,,,,,,,,,M2012K11C,2212343,RP48
2026:09:06:16:43:42,7,11,31,DLU-Teacher,88:dc:97:12:65:63,2452,-44,,,,,,,,,,M2012K11C,2212343,RP48
2026:09:06:16:43:42,7,12,31,DLU-Student-Lib,8e:dc:97:12:65:2b,5805,-63,,,,,,,,,,M2012K11C,2212343,RP48
2026:09:06:16:43:42,7,13,31,DLU-Teacher,88:dc:97:12:62:c6,2452,-64,,,,,,,,,,M2012K11C,2212343,RP48
2026:09:06:16:43:42,7,14,31,DLU-Teacher,88:dc:97:12:62:c7,5500,-57,,,,,,,,,,M2012K11C,2212343,RP48
2026:09:06:16:43:42,7,15,31,DLU-Student-Lib,8e:dc:97:12:64:82,2432,-74,,,,,,,,,,M2012K11C,2212343,RP48
2026:09:06:16:43:42,7,16,31,DLU-Student-Lib,8e:dc:97:12:64:83,5300,-81,,,,,,,,,,M2012K11C,2212343,RP48
2026:09:06:16:43:42,7,17,31,DLU-Student-Lib,8e:dc:97:12:65:58,5280,-85,,,,,,,,,,M2012K11C,2212343,RP48
2026:09:06:16:43:42,7,18,31,iPhone (8),b6:40:69:6b:ac:74,2462,-77,,,,,,,,,,M2012K11C,2212343,RP48
2026:09:06:16:43:42,7,19,31,DLU-Teacher,88:dc:97:12:62:cf,2412,-57,,,,,,,,,,M2012K11C,2212343,RP48
2026:09:06:16:43:42,7,20,31,DLU-Teacher,88:dc:97:12:62:cd,5200,-89,,,,,,,,,,M2012K11C,2212343,RP48
2026:09:06:16:43:42,7,21,31,DLU-Student-Lib,8e:dc:97:12:65:21,2412,-60,,,,,,,,,,M2012K11C,2212343,RP48
2026:09:06:16:43:42,7,22,31,DLU-Student-Lib,8e:dc:97:12:62:cf,2412,-56,,,,,,,,,,M2012K11C,2212343,RP48
2026:09:06:16:43:42,7,23,31,1.Free Wi-MESH,b4:5d:50:d7:e9:51,5220,-69,,,,,,,,,,M2012K11C,2212343,RP48
2026:09:06:16:43:42,7,24,31,DLU - WIMESH,b4:5d:50:d7:e9:50,5220,-69,,,,,,,,,,M2012K11C,2212343,RP48
2026:09:06:16:43:42,7,25,31,DLU-Student-Lib,8e:dc:97:12:62:cd,5200,-89,,,,,,,,,,M2012K11C,2212343,RP48
2026:09:06:16:43:42,7,26,31,DLU-Student-Lib,8e:dc:97:12:65:22,5765,-58,,,,,,,,,,M2012K11C,2212343,RP48
2026:09:06:16:43:42,7,27,31,DLU - WIMESH,b4:5d:50:d7:e9:40,2462,-66,,,,,,,,,,M2012K11C,2212343,RP48
2026:09:06:16:43:42,7,28,31,DLU-Student-Lib,8e:dc:97:12:65:2a,2417,-63,,,,,,,,,,M2012K11C,2212343,RP48
2026:09:06:16:43:42,7,29,31,DLU-Teacher,88:dc:97:12:65:22,5765,-58,,,,,,,,,,M2012K11C,2212343,RP48
2026:09:06:16:43:42,7,30,31,DLU-Teacher,88:dc:97:12:65:21,2412,-60,,,,,,,,,,M2012K11C,2212343,RP48
2026:09:06:16:43:42,7,31,31,1.Free Wi-MESH,b4:5d:50:d7:e9:41,2462,-67,,,,,,,,,,M2012K11C,2212343,RP48
2026:09:06:16:44:33,8,1,32,DLU-Teacher,88:dc:97:12:65:57,2412,-75,,,,,,,,,,M2012K11C,2212343,RP48
2026:09:06:16:44:33,8,2,32,DLU-Teacher,88:dc:97:12:64:82,2432,-73,,,,,,,,,,M2012K11C,2212343,RP48
2026:09:06:16:44:33,8,3,32,DLU-Teacher,88:dc:97:12:64:83,5300,-82,,,,,,,,,,M2012K11C,2212343,RP48
2026:09:06:16:44:33,8,4,32,DLU-Student-Lib,8e:dc:97:12:62:c7,5500,-69,,,,,,,,,,M2012K11C,2212343,RP48
2026:09:06:16:44:33,8,5,32,DLU-Student-Lib,8e:dc:97:12:62:c6,2452,-73,,,,,,,,,,M2012K11C,2212343,RP48
2026:09:06:16:44:33,8,6,32,DLU-Teacher,88:dc:97:12:65:2b,5805,-55,,,,,,,,,,M2012K11C,2212343,RP48
2026:09:06:16:44:33,8,7,32,DLU-Teacher,88:dc:97:12:65:2a,2417,-60,,,,,,,,,,M2012K11C,2212343,RP48
2026:09:06:16:44:33,8,8,32,DLU-Student-Lib,8e:dc:97:12:62:d0,5805,-67,,,,,,,,,,M2012K11C,2212343,RP48
2026:09:06:16:44:33,8,9,32,DLU-Student-Lib,8e:dc:97:12:65:63,2452,-51,,,,,,,,,,M2012K11C,2212343,RP48
2026:09:06:16:44:33,8,10,32,DLU-Student-Lib,8e:dc:97:12:65:64,5200,-61,,,,,,,,,,M2012K11C,2212343,RP48
2026:09:06:16:44:33,8,11,32,DLU-Student-Lib,8e:dc:97:12:64:c4,2452,-88,,,,,,,,,,M2012K11C,2212343,RP48
2026:09:06:16:44:33,8,12,32,DLU-Teacher,88:dc:97:12:65:64,5200,-61,,,,,,,,,,M2012K11C,2212343,RP48
2026:09:06:16:44:33,8,13,32,DLU-Teacher,88:dc:97:12:65:63,2452,-51,,,,,,,,,,M2012K11C,2212343,RP48
2026:09:06:16:44:33,8,14,32,DLU-Student-Lib,8e:dc:97:12:65:2b,5805,-55,,,,,,,,,,M2012K11C,2212343,RP48
2026:09:06:16:44:33,8,15,32,DLU-Teacher,88:dc:97:12:62:c6,2452,-74,,,,,,,,,,M2012K11C,2212343,RP48
2026:09:06:16:44:33,8,16,32,DLU-Teacher,88:dc:97:12:62:c7,5500,-69,,,,,,,,,,M2012K11C,2212343,RP48
2026:09:06:16:44:33,8,17,32,DLU-Student-Lib,8e:dc:97:12:64:82,2432,-71,,,,,,,,,,M2012K11C,2212343,RP48
2026:09:06:16:44:33,8,18,32,DLU-Student-Lib,8e:dc:97:12:64:83,5300,-83,,,,,,,,,,M2012K11C,2212343,RP48
2026:09:06:16:44:33,8,19,32,DLU-Student-Lib,8e:dc:97:12:65:57,2412,-74,,,,,,,,,,M2012K11C,2212343,RP48
2026:09:06:16:44:33,8,20,32,iPhone (8),b6:40:69:6b:ac:74,2462,-78,,,,,,,,,,M2012K11C,2212343,RP48
2026:09:06:16:44:33,8,21,32,DLU-Teacher,88:dc:97:12:62:cf,2412,-62,,,,,,,,,,M2012K11C,2212343,RP48
2026:09:06:16:44:33,8,22,32,DLU-Student-Lib,8e:dc:97:12:65:21,2412,-56,,,,,,,,,,M2012K11C,2212343,RP48
2026:09:06:16:44:33,8,23,32,DLU-Student-Lib,8e:dc:97:12:62:cf,2412,-63,,,,,,,,,,M2012K11C,2212343,RP48
2026:09:06:16:44:33,8,24,32,1.Free Wi-MESH,b4:5d:50:d7:e9:51,5220,-67,,,,,,,,,,M2012K11C,2212343,RP48
2026:09:06:16:44:33,8,25,32,DLU - WIMESH,b4:5d:50:d7:e9:50,5220,-67,,,,,,,,,,M2012K11C,2212343,RP48
2026:09:06:16:44:33,8,26,32,DLU-Student-Lib,8e:dc:97:12:65:22,5765,-60,,,,,,,,,,M2012K11C,2212343,RP48
2026:09:06:16:44:33,8,27,32,DLU-Teacher,88:dc:97:12:62:d0,5805,-68,,,,,,,,,,M2012K11C,2212343,RP48
2026:09:06:16:44:33,8,28,32,DLU - WIMESH,b4:5d:50:d7:e9:40,2462,-71,,,,,,,,,,M2012K11C,2212343,RP48
2026:09:06:16:44:33,8,29,32,DLU-Student-Lib,8e:dc:97:12:65:2a,2417,-59,,,,,,,,,,M2012K11C,2212343,RP48
2026:09:06:16:44:33,8,30,32,DLU-Teacher,88:dc:97:12:65:22,5765,-60,,,,,,,,,,M2012K11C,2212343,RP48
2026:09:06:16:44:33,8,31,32,DLU-Teacher,88:dc:97:12:65:21,2412,-56,,,,,,,,,,M2012K11C,2212343,RP48
2026:09:06:16:44:33,8,32,32,1.Free Wi-MESH,b4:5d:50:d7:e9:41,2462,-71,,,,,,,,,,M2012K11C,2212343,RP48
2026:09:06:16:45:24,9,1,30,DLU-Teacher,88:dc:97:12:64:82,2432,-77,,,,,,,,,,M2012K11C,2212343,RP48
2026:09:06:16:45:24,9,2,30,DLU-Teacher,88:dc:97:12:64:83,5300,-80,,,,,,,,,,M2012K11C,2212343,RP48
2026:09:06:16:45:24,9,3,30,DLU-Student-Lib,8e:dc:97:12:62:c7,5500,-56,,,,,,,,,,M2012K11C,2212343,RP48
2026:09:06:16:45:24,9,4,30,DLU-Student-Lib,8e:dc:97:12:62:c6,2452,-64,,,,,,,,,,M2012K11C,2212343,RP48
2026:09:06:16:45:24,9,5,30,DLU-Teacher,88:dc:97:12:65:2b,5805,-56,,,,,,,,,,M2012K11C,2212343,RP48
2026:09:06:16:45:24,9,6,30,DLU-Teacher,88:dc:97:12:65:2a,2417,-63,,,,,,,,,,M2012K11C,2212343,RP48
2026:09:06:16:45:24,9,7,30,DLU-Student-Lib,8e:dc:97:12:62:d0,5805,-60,,,,,,,,,,M2012K11C,2212343,RP48
2026:09:06:16:45:24,9,8,30,DLU-Student-Lib,8e:dc:97:12:65:63,2452,-46,,,,,,,,,,M2012K11C,2212343,RP48
2026:09:06:16:45:24,9,9,30,DLU-Student-Lib,8e:dc:97:12:65:64,5200,-57,,,,,,,,,,M2012K11C,2212343,RP48
2026:09:06:16:45:24,9,10,30,DLU-Teacher,88:dc:97:12:65:58,5280,-86,,,,,,,,,,M2012K11C,2212343,RP48
2026:09:06:16:45:24,9,11,30,DLU-Teacher,88:dc:97:12:65:64,5200,-56,,,,,,,,,,M2012K11C,2212343,RP48
2026:09:06:16:45:24,9,12,30,DLU-Teacher,88:dc:97:12:65:63,2452,-44,,,,,,,,,,M2012K11C,2212343,RP48
2026:09:06:16:45:24,9,13,30,DLU-Student-Lib,8e:dc:97:12:65:2b,5805,-56,,,,,,,,,,M2012K11C,2212343,RP48
2026:09:06:16:45:24,9,14,30,DLU-Teacher,88:dc:97:12:62:c6,2452,-64,,,,,,,,,,M2012K11C,2212343,RP48
2026:09:06:16:45:24,9,15,30,DLU-Teacher,88:dc:97:12:62:c7,5500,-56,,,,,,,,,,M2012K11C,2212343,RP48
2026:09:06:16:45:24,9,16,30,DLU-Student-Lib,8e:dc:97:12:64:82,2432,-75,,,,,,,,,,M2012K11C,2212343,RP48
2026:09:06:16:45:24,9,17,30,DLU-Student-Lib,8e:dc:97:12:64:83,5300,-80,,,,,,,,,,M2012K11C,2212343,RP48
2026:09:06:16:45:24,9,18,30,DLU-Student-Lib,8e:dc:97:12:65:58,5280,-87,,,,,,,,,,M2012K11C,2212343,RP48
2026:09:06:16:45:24,9,19,30,DLU-Student-Lib,8e:dc:97:12:65:57,2412,-73,,,,,,,,,,M2012K11C,2212343,RP48
2026:09:06:16:45:24,9,20,30,iPhone (8),b6:40:69:6b:ac:74,2462,-67,,,,,,,,,,M2012K11C,2212343,RP48
2026:09:06:16:45:24,9,21,30,DLU-Teacher,88:dc:97:12:62:cf,2412,-57,,,,,,,,,,M2012K11C,2212343,RP48
2026:09:06:16:45:24,9,22,30,DLU-Teacher,88:dc:97:12:62:cc,2422,-80,,,,,,,,,,M2012K11C,2212343,RP48
2026:09:06:16:45:24,9,23,30,1.Free Wi-MESH,b4:5d:50:d7:e9:51,5220,-68,,,,,,,,,,M2012K11C,2212343,RP48
2026:09:06:16:45:24,9,24,30,DLU - WIMESH,b4:5d:50:d7:e9:50,5220,-68,,,,,,,,,,M2012K11C,2212343,RP48
2026:09:06:16:45:24,9,25,30,DLU-Student-Lib,8e:dc:97:12:62:cc,2422,-80,,,,,,,,,,M2012K11C,2212343,RP48
2026:09:06:16:45:24,9,26,30,DLU-Student-Lib,8e:dc:97:12:65:22,5765,-56,,,,,,,,,,M2012K11C,2212343,RP48
2026:09:06:16:45:24,9,27,30,DLU-Teacher,88:dc:97:12:62:d0,5805,-60,,,,,,,,,,M2012K11C,2212343,RP48
2026:09:06:16:45:24,9,28,30,DLU-Student-Lib,8e:dc:97:12:65:2a,2417,-62,,,,,,,,,,M2012K11C,2212343,RP48
2026:09:06:16:45:24,9,29,30,DLU-Teacher,88:dc:97:12:65:22,5765,-56,,,,,,,,,,M2012K11C,2212343,RP48
2026:09:06:16:45:24,9,30,30,DLU-Teacher,88:dc:97:12:65:21,2412,-55,,,,,,,,,,M2012K11C,2212343,RP48
2026:09:06:16:46:16,10,1,34,DLU-Teacher,88:dc:97:12:65:57,2412,-73,,,,,,,,,,M2012K11C,2212343,RP48
2026:09:06:16:46:16,10,2,34,DLU-Teacher,88:dc:97:12:64:82,2432,-76,,,,,,,,,,M2012K11C,2212343,RP48
2026:09:06:16:46:16,10,3,34,DLU-Teacher,88:dc:97:12:64:83,5300,-79,,,,,,,,,,M2012K11C,2212343,RP48
2026:09:06:16:46:16,10,4,34,DLU-Student-Lib,8e:dc:97:12:62:c7,5500,-57,,,,,,,,,,M2012K11C,2212343,RP48
2026:09:06:16:46:16,10,5,34,DLU-Teacher,88:dc:97:12:65:2b,5805,-57,,,,,,,,,,M2012K11C,2212343,RP48
2026:09:06:16:46:16,10,6,34,DLU-Teacher,88:dc:97:12:65:2a,2417,-61,,,,,,,,,,M2012K11C,2212343,RP48
2026:09:06:16:46:16,10,7,34,DLU-Student-Lib,8e:dc:97:12:62:d0,5805,-59,,,,,,,,,,M2012K11C,2212343,RP48
2026:09:06:16:46:16,10,8,34,DLU-Student-Lib,8e:dc:97:12:65:63,2452,-45,,,,,,,,,,M2012K11C,2212343,RP48
2026:09:06:16:46:16,10,9,34,DLU-Student-Lib,8e:dc:97:12:65:64,5200,-57,,,,,,,,,,M2012K11C,2212343,RP48
2026:09:06:16:46:16,10,10,34,DLU-Teacher,88:dc:97:12:64:c4,2452,-87,,,,,,,,,,M2012K11C,2212343,RP48
2026:09:06:16:46:16,10,11,34,DLU-Teacher,88:dc:97:12:65:58,5280,-86,,,,,,,,,,M2012K11C,2212343,RP48
2026:09:06:16:46:16,10,12,34,DLU-Teacher,88:dc:97:12:65:64,5200,-56,,,,,,,,,,M2012K11C,2212343,RP48
2026:09:06:16:46:16,10,13,34,DLU-Teacher,88:dc:97:12:65:63,2452,-45,,,,,,,,,,M2012K11C,2212343,RP48
2026:09:06:16:46:16,10,14,34,DLU-Student-Lib,8e:dc:97:12:65:2b,5805,-56,,,,,,,,,,M2012K11C,2212343,RP48
2026:09:06:16:46:16,10,15,34,DLU-Teacher,88:dc:97:12:62:c6,2452,-64,,,,,,,,,,M2012K11C,2212343,RP48
2026:09:06:16:46:16,10,16,34,DLU-Teacher,88:dc:97:12:62:c7,5500,-57,,,,,,,,,,M2012K11C,2212343,RP48
2026:09:06:16:46:16,10,17,34,DLU-Student-Lib,8e:dc:97:12:64:82,2432,-77,,,,,,,,,,M2012K11C,2212343,RP48
2026:09:06:16:46:16,10,18,34,DLU-Student-Lib,8e:dc:97:12:64:83,5300,-79,,,,,,,,,,M2012K11C,2212343,RP48
2026:09:06:16:46:16,10,19,34,DLU-Student-Lib,8e:dc:97:12:65:58,5280,-85,,,,,,,,,,M2012K11C,2212343,RP48
2026:09:06:16:46:16,10,20,34,DLU-Student-Lib,8e:dc:97:12:65:57,2412,-75,,,,,,,,,,M2012K11C,2212343,RP48
2026:09:06:16:46:16,10,21,34,iPhone (8),b6:40:69:6b:ac:74,2462,-67,,,,,,,,,,M2012K11C,2212343,RP48
2026:09:06:16:46:16,10,22,34,DLU-Teacher,88:dc:97:12:62:cf,2412,-53,,,,,,,,,,M2012K11C,2212343,RP48
2026:09:06:16:46:16,10,23,34,DLU-Student-Lib,8e:dc:97:12:65:21,2412,-56,,,,,,,,,,M2012K11C,2212343,RP48
2026:09:06:16:46:16,10,24,34,DLU-Student-Lib,8e:dc:97:12:62:cf,2412,-56,,,,,,,,,,M2012K11C,2212343,RP48
2026:09:06:16:46:16,10,25,34,1.Free Wi-MESH,b4:5d:50:d7:e9:51,5220,-69,,,,,,,,,,M2012K11C,2212343,RP48
2026:09:06:16:46:16,10,26,34,DLU - WIMESH,b4:5d:50:d7:e9:50,5220,-70,,,,,,,,,,M2012K11C,2212343,RP48
2026:09:06:16:46:16,10,27,34,DLU-Student-Lib,8e:dc:97:12:62:cd,5200,-89,,,,,,,,,,M2012K11C,2212343,RP48
2026:09:06:16:46:16,10,28,34,DLU-Student-Lib,8e:dc:97:12:65:22,5765,-56,,,,,,,,,,M2012K11C,2212343,RP48
2026:09:06:16:46:16,10,29,34,DLU-Teacher,88:dc:97:12:62:d0,5805,-59,,,,,,,,,,M2012K11C,2212343,RP48
2026:09:06:16:46:16,10,30,34,DLU - WIMESH,b4:5d:50:d7:e9:40,2462,-67,,,,,,,,,,M2012K11C,2212343,RP48
2026:09:06:16:46:16,10,31,34,DLU-Student-Lib,8e:dc:97:12:65:2a,2417,-61,,,,,,,,,,M2012K11C,2212343,RP48
2026:09:06:16:46:16,10,32,34,DLU-Teacher,88:dc:97:12:65:22,5765,-56,,,,,,,,,,M2012K11C,2212343,RP48
2026:09:06:16:46:16,10,33,34,DLU-Teacher,88:dc:97:12:65:21,2412,-54,,,,,,,,,,M2012K11C,2212343,RP48
2026:09:06:16:46:16,10,34,34,1.Free Wi-MESH,b4:5d:50:d7:e9:41,2462,-67,,,,,,,,,,M2012K11C,2212343,RP48
2026:09:06:16:47:07,11,1,32,DLU-Teacher,88:dc:97:12:65:54,2427,-89,,,,,,,,,,M2012K11C,2212343,RP48
2026:09:06:16:47:07,11,2,32,DLU-Teacher,88:dc:97:12:65:57,2412,-74,,,,,,,,,,M2012K11C,2212343,RP48
2026:09:06:16:47:07,11,3,32,DLU-Teacher,88:dc:97:12:64:82,2432,-77,,,,,,,,,,M2012K11C,2212343,RP48
2026:09:06:16:47:07,11,4,32,DLU-Teacher,88:dc:97:12:64:83,5300,-81,,,,,,,,,,M2012K11C,2212343,RP48
2026:09:06:16:47:07,11,5,32,DLU-Student-Lib,8e:dc:97:12:62:c7,5500,-57,,,,,,,,,,M2012K11C,2212343,RP48
2026:09:06:16:47:07,11,6,32,DLU-Student-Lib,8e:dc:97:12:62:c6,2452,-64,,,,,,,,,,M2012K11C,2212343,RP48
2026:09:06:16:47:07,11,7,32,DLU-Teacher,88:dc:97:12:65:2b,5805,-55,,,,,,,,,,M2012K11C,2212343,RP48
2026:09:06:16:47:07,11,8,32,DLU-Teacher,88:dc:97:12:65:2a,2417,-61,,,,,,,,,,M2012K11C,2212343,RP48
2026:09:06:16:47:07,11,9,32,DLU-Student-Lib,8e:dc:97:12:62:d0,5805,-60,,,,,,,,,,M2012K11C,2212343,RP48
2026:09:06:16:47:07,11,10,32,DLU-Student-Lib,8e:dc:97:12:65:64,5200,-55,,,,,,,,,,M2012K11C,2212343,RP48
2026:09:06:16:47:07,11,11,32,DLU-Teacher,88:dc:97:12:65:64,5200,-56,,,,,,,,,,M2012K11C,2212343,RP48
2026:09:06:16:47:07,11,12,32,DLU-Teacher,88:dc:97:12:65:63,2452,-46,,,,,,,,,,M2012K11C,2212343,RP48
2026:09:06:16:47:07,11,13,32,DLU-Student-Lib,8e:dc:97:12:65:2b,5805,-55,,,,,,,,,,M2012K11C,2212343,RP48
2026:09:06:16:47:07,11,14,32,DLU-Teacher,88:dc:97:12:62:c6,2452,-65,,,,,,,,,,M2012K11C,2212343,RP48
2026:09:06:16:47:07,11,15,32,DLU-Teacher,88:dc:97:12:62:c7,5500,-57,,,,,,,,,,M2012K11C,2212343,RP48
2026:09:06:16:47:07,11,16,32,DLU-Student-Lib,8e:dc:97:12:64:82,2432,-75,,,,,,,,,,M2012K11C,2212343,RP48
2026:09:06:16:47:07,11,17,32,DLU-Teacher,7a:ac:b9:ba:a6:bd,2437,-89,,,,,,,,,,M2012K11C,2212343,RP48
2026:09:06:16:47:07,11,18,32,DLU-Student-HTTV,8e:dc:97:12:62:ff,2457,-85,,,,,,,,,,M2012K11C,2212343,RP48
2026:09:06:16:47:07,11,19,32,iPhone (8),b6:40:69:6b:ac:74,2462,-77,,,,,,,,,,M2012K11C,2212343,RP48
2026:09:06:16:47:07,11,20,32,DLU-Teacher,88:dc:97:12:62:cf,2412,-56,,,,,,,,,,M2012K11C,2212343,RP48
2026:09:06:16:47:07,11,21,32,DLU-Teacher,88:dc:97:12:62:cd,5200,-89,,,,,,,,,,M2012K11C,2212343,RP48
2026:09:06:16:47:07,11,22,32,DLU-Student-Lib,8e:dc:97:12:65:21,2412,-55,,,,,,,,,,M2012K11C,2212343,RP48
2026:09:06:16:47:07,11,23,32,DLU-Student-Lib,8e:dc:97:12:62:cf,2412,-57,,,,,,,,,,M2012K11C,2212343,RP48
2026:09:06:16:47:07,11,24,32,1.Free Wi-MESH,b4:5d:50:d7:e9:51,5220,-69,,,,,,,,,,M2012K11C,2212343,RP48
2026:09:06:16:47:07,11,25,32,DLU - WIMESH,b4:5d:50:d7:e9:50,5220,-69,,,,,,,,,,M2012K11C,2212343,RP48
2026:09:06:16:47:07,11,26,32,DLU-Student-Lib,8e:dc:97:12:65:22,5765,-55,,,,,,,,,,M2012K11C,2212343,RP48
2026:09:06:16:47:07,11,27,32,DLU-Teacher,88:dc:97:12:62:d0,5805,-59,,,,,,,,,,M2012K11C,2212343,RP48
2026:09:06:16:47:07,11,28,32,DLU - WIMESH,b4:5d:50:d7:e9:40,2462,-64,,,,,,,,,,M2012K11C,2212343,RP48
2026:09:06:16:47:07,11,29,32,DLU-Student-Lib,8e:dc:97:12:65:2a,2417,-61,,,,,,,,,,M2012K11C,2212343,RP48
2026:09:06:16:47:07,11,30,32,DLU-Teacher,88:dc:97:12:65:22,5765,-55,,,,,,,,,,M2012K11C,2212343,RP48
2026:09:06:16:47:07,11,31,32,DLU-Teacher,88:dc:97:12:65:21,2412,-55,,,,,,,,,,M2012K11C,2212343,RP48
2026:09:06:16:47:07,11,32,32,1.Free Wi-MESH,b4:5d:50:d7:e9:41,2462,-64,,,,,,,,,,M2012K11C,2212343,RP48
2026:09:06:16:47:58,12,1,34,DLU-Teacher,88:dc:97:12:65:57,2412,-73,,,,,,,,,,M2012K11C,2212343,RP48
2026:09:06:16:47:58,12,2,34,DLU-Teacher,88:dc:97:12:64:82,2432,-76,,,,,,,,,,M2012K11C,2212343,RP48
2026:09:06:16:47:58,12,3,34,DLU-Teacher,88:dc:97:12:64:83,5300,-82,,,,,,,,,,M2012K11C,2212343,RP48
2026:09:06:16:47:58,12,4,34,DLU-Student-Lib,8e:dc:97:12:62:c7,5500,-56,,,,,,,,,,M2012K11C,2212343,RP48
2026:09:06:16:47:58,12,5,34,DLU-Student-Lib,8e:dc:97:12:62:c6,2452,-66,,,,,,,,,,M2012K11C,2212343,RP48
2026:09:06:16:47:58,12,6,34,DLU-Teacher,88:dc:97:12:65:2b,5805,-54,,,,,,,,,,M2012K11C,2212343,RP48
2026:09:06:16:47:58,12,7,34,DLU-Teacher,88:dc:97:12:65:2a,2417,-61,,,,,,,,,,M2012K11C,2212343,RP48
2026:09:06:16:47:58,12,8,34,DLU-Student-Lib,8e:dc:97:12:62:d0,5805,-60,,,,,,,,,,M2012K11C,2212343,RP48
2026:09:06:16:47:58,12,9,34,DLU-Student-Lib,8e:dc:97:12:65:63,2452,-46,,,,,,,,,,M2012K11C,2212343,RP48
2026:09:06:16:47:58,12,10,34,DLU-Student-Lib,8e:dc:97:12:65:64,5200,-55,,,,,,,,,,M2012K11C,2212343,RP48
2026:09:06:16:47:58,12,11,34,DLU-Teacher,88:dc:97:12:65:58,5280,-86,,,,,,,,,,M2012K11C,2212343,RP48
2026:09:06:16:47:58,12,12,34,DLU-Teacher,88:dc:97:12:65:64,5200,-55,,,,,,,,,,M2012K11C,2212343,RP48
2026:09:06:16:47:58,12,13,34,DLU-Teacher,88:dc:97:12:65:63,2452,-46,,,,,,,,,,M2012K11C,2212343,RP48
2026:09:06:16:47:58,12,14,34,DLU-Student-Lib,8e:dc:97:12:65:2b,5805,-54,,,,,,,,,,M2012K11C,2212343,RP48
2026:09:06:16:47:58,12,15,34,DLU-Teacher,88:dc:97:12:62:c6,2452,-64,,,,,,,,,,M2012K11C,2212343,RP48
2026:09:06:16:47:58,12,16,34,DLU-Teacher,88:dc:97:12:62:c7,5500,-56,,,,,,,,,,M2012K11C,2212343,RP48
2026:09:06:16:47:58,12,17,34,DLU-Student-Lib,8e:dc:97:12:64:82,2432,-76,,,,,,,,,,M2012K11C,2212343,RP48
2026:09:06:16:47:58,12,18,34,DLU-Student-Lib,8e:dc:97:12:64:83,5300,-81,,,,,,,,,,M2012K11C,2212343,RP48
2026:09:06:16:47:58,12,19,34,DLU-Student-HTTV,8e:dc:97:12:65:54,2427,-90,,,,,,,,,,M2012K11C,2212343,RP48
2026:09:06:16:47:58,12,20,34,DLU-Teacher,7a:ac:b9:ba:a6:bd,2437,-91,,,,,,,,,,M2012K11C,2212343,RP48
2026:09:06:16:47:58,12,21,34,DLU-Student-Lib,8e:dc:97:12:65:58,5280,-88,,,,,,,,,,M2012K11C,2212343,RP48
2026:09:06:16:47:58,12,22,34,DLU-Teacher,88:dc:97:12:62:cf,2412,-56,,,,,,,,,,M2012K11C,2212343,RP48
2026:09:06:16:47:58,12,23,34,DLU-Student-Lib,8e:dc:97:12:62:cf,2412,-56,,,,,,,,,,M2012K11C,2212343,RP48
2026:09:06:16:47:58,12,24,34,1.Free Wi-MESH,b4:5d:50:d7:e9:51,5220,-70,,,,,,,,,,M2012K11C,2212343,RP48
2026:09:06:16:47:58,12,25,34,DLU - WIMESH,b4:5d:50:d7:e9:50,5220,-70,,,,,,,,,,M2012K11C,2212343,RP48
2026:09:06:16:47:58,12,26,34,DLU-Student-Lib,8e:dc:97:12:62:cc,2422,-78,,,,,,,,,,M2012K11C,2212343,RP48
2026:09:06:16:47:58,12,27,34,DLU-Student-Lib,8e:dc:97:12:65:22,5765,-57,,,,,,,,,,M2012K11C,2212343,RP48
2026:09:06:16:47:58,12,28,34,DLU-Student-TV3-TV4,74:ac:b9:ba:a6:bd,2437,-88,,,,,,,,,,M2012K11C,2212343,RP48
2026:09:06:16:47:58,12,29,34,DLU-Teacher,88:dc:97:12:62:d0,5805,-60,,,,,,,,,,M2012K11C,2212343,RP48
2026:09:06:16:47:58,12,30,34,DLU - WIMESH,b4:5d:50:d7:e9:40,2462,-65,,,,,,,,,,M2012K11C,2212343,RP48
2026:09:06:16:47:58,12,31,34,DLU-Student-Lib,8e:dc:97:12:65:2a,2417,-61,,,,,,,,,,M2012K11C,2212343,RP48
2026:09:06:16:47:58,12,32,34,DLU-Teacher,88:dc:97:12:65:22,5765,-56,,,,,,,,,,M2012K11C,2212343,RP48
2026:09:06:16:47:58,12,33,34,DLU-Teacher,88:dc:97:12:65:21,2412,-57,,,,,,,,,,M2012K11C,2212343,RP48
2026:09:06:16:47:58,12,34,34,1.Free Wi-MESH,b4:5d:50:d7:e9:41,2462,-65,,,,,,,,,,M2012K11C,2212343,RP48
2026:09:06:16:48:49,13,1,32,DLU-Teacher,88:dc:97:12:65:54,2427,-89,,,,,,,,,,M2012K11C,2212343,RP48
2026:09:06:16:48:49,13,2,32,DLU-Teacher,88:dc:97:12:65:57,2412,-74,,,,,,,,,,M2012K11C,2212343,RP48
2026:09:06:16:48:49,13,3,32,DLU-Teacher,88:dc:97:12:64:82,2432,-77,,,,,,,,,,M2012K11C,2212343,RP48
2026:09:06:16:48:49,13,4,32,DLU-Student-Lib,8e:dc:97:12:62:c7,5500,-57,,,,,,,,,,M2012K11C,2212343,RP48
2026:09:06:16:48:49,13,5,32,DLU-Student-Lib,8e:dc:97:12:62:c6,2452,-65,,,,,,,,,,M2012K11C,2212343,RP48
2026:09:06:16:48:49,13,6,32,DLU-Teacher,88:dc:97:12:65:2b,5805,-54,,,,,,,,,,M2012K11C,2212343,RP48
2026:09:06:16:48:49,13,7,32,DLU-Teacher,88:dc:97:12:65:2a,2417,-62,,,,,,,,,,M2012K11C,2212343,RP48
2026:09:06:16:48:49,13,8,32,DLU-Student-Lib,8e:dc:97:12:62:d0,5805,-59,,,,,,,,,,M2012K11C,2212343,RP48
2026:09:06:16:48:49,13,9,32,DLU-Student-Lib,8e:dc:97:12:65:63,2452,-46,,,,,,,,,,M2012K11C,2212343,RP48
2026:09:06:16:48:49,13,10,32,DLU-Student-Lib,8e:dc:97:12:65:64,5200,-56,,,,,,,,,,M2012K11C,2212343,RP48
2026:09:06:16:48:49,13,11,32,DLU-Teacher,88:dc:97:12:65:58,5280,-86,,,,,,,,,,M2012K11C,2212343,RP48
2026:09:06:16:48:49,13,12,32,DLU-Teacher,88:dc:97:12:65:64,5200,-56,,,,,,,,,,M2012K11C,2212343,RP48
2026:09:06:16:48:49,13,13,32,DLU-Teacher,88:dc:97:12:65:63,2452,-45,,,,,,,,,,M2012K11C,2212343,RP48
2026:09:06:16:48:49,13,14,32,DLU-Student-Lib,8e:dc:97:12:65:2b,5805,-54,,,,,,,,,,M2012K11C,2212343,RP48
2026:09:06:16:48:49,13,15,32,DLU-Teacher,88:dc:97:12:62:c6,2452,-65,,,,,,,,,,M2012K11C,2212343,RP48
2026:09:06:16:48:49,13,16,32,DLU-Teacher,88:dc:97:12:62:c7,5500,-57,,,,,,,,,,M2012K11C,2212343,RP48
2026:09:06:16:48:49,13,17,32,DLU-Student-Lib,8e:dc:97:12:64:82,2432,-76,,,,,,,,,,M2012K11C,2212343,RP48
2026:09:06:16:48:49,13,18,32,DLU-Student-HTTV,8e:dc:97:12:65:54,2427,-89,,,,,,,,,,M2012K11C,2212343,RP48
2026:09:06:16:48:49,13,19,32,DLU-Student-Lib,8e:dc:97:12:65:58,5280,-86,,,,,,,,,,M2012K11C,2212343,RP48
2026:09:06:16:48:49,13,20,32,DLU-Student-Lib,8e:dc:97:12:65:57,2412,-72,,,,,,,,,,M2012K11C,2212343,RP48
2026:09:06:16:48:49,13,21,32,iPhone (8),b6:40:69:6b:ac:74,2462,-77,,,,,,,,,,M2012K11C,2212343,RP48
2026:09:06:16:48:49,13,22,32,DLU-Teacher,88:dc:97:12:62:cf,2412,-57,,,,,,,,,,M2012K11C,2212343,RP48
2026:09:06:16:48:49,13,23,32,DLU-Student-Lib,8e:dc:97:12:65:21,2412,-56,,,,,,,,,,M2012K11C,2212343,RP48
2026:09:06:16:48:49,13,24,32,DLU-Student-Lib,8e:dc:97:12:62:cf,2412,-55,,,,,,,,,,M2012K11C,2212343,RP48
2026:09:06:16:48:49,13,25,32,1.Free Wi-MESH,b4:5d:50:d7:e9:51,5220,-69,,,,,,,,,,M2012K11C,2212343,RP48
2026:09:06:16:48:49,13,26,32,DLU - WIMESH,b4:5d:50:d7:e9:50,5220,-69,,,,,,,,,,M2012K11C,2212343,RP48
2026:09:06:16:48:49,13,27,32,DLU-Student-Lib,8e:dc:97:12:62:cc,2422,-80,,,,,,,,,,M2012K11C,2212343,RP48
2026:09:06:16:48:49,13,28,32,DLU-Student-Lib,8e:dc:97:12:65:22,5765,-57,,,,,,,,,,M2012K11C,2212343,RP48
2026:09:06:16:48:49,13,29,32,DLU-Teacher,88:dc:97:12:62:d0,5805,-59,,,,,,,,,,M2012K11C,2212343,RP48
2026:09:06:16:48:49,13,30,32,DLU-Teacher,88:dc:97:12:65:22,5765,-57,,,,,,,,,,M2012K11C,2212343,RP48
2026:09:06:16:48:49,13,31,32,DLU-Teacher,88:dc:97:12:65:21,2412,-55,,,,,,,,,,M2012K11C,2212343,RP48
2026:09:06:16:48:49,13,32,32,1.Free Wi-MESH,b4:5d:50:d7:e9:41,2462,-66,,,,,,,,,,M2012K11C,2212343,RP48
2026:09:06:16:49:41,14,1,30,DLU-Teacher,88:dc:97:12:65:57,2412,-70,,,,,,,,,,M2012K11C,2212343,RP48
2026:09:06:16:49:41,14,2,30,DLU-Teacher,88:dc:97:12:64:82,2432,-75,,,,,,,,,,M2012K11C,2212343,RP48
2026:09:06:16:49:41,14,3,30,DLU-Teacher,88:dc:97:12:64:83,5300,-81,,,,,,,,,,M2012K11C,2212343,RP48
2026:09:06:16:49:41,14,4,30,DLU-Student-Lib,8e:dc:97:12:62:c7,5500,-57,,,,,,,,,,M2012K11C,2212343,RP48
2026:09:06:16:49:41,14,5,30,DLU-Student-Lib,8e:dc:97:12:62:c6,2452,-65,,,,,,,,,,M2012K11C,2212343,RP48
2026:09:06:16:49:41,14,6,30,DLU-Teacher,88:dc:97:12:65:2b,5805,-56,,,,,,,,,,M2012K11C,2212343,RP48
2026:09:06:16:49:41,14,7,30,DLU-Student-Lib,8e:dc:97:12:62:d0,5805,-60,,,,,,,,,,M2012K11C,2212343,RP48
2026:09:06:16:49:41,14,8,30,DLU-Student-Lib,8e:dc:97:12:65:64,5200,-55,,,,,,,,,,M2012K11C,2212343,RP48
2026:09:06:16:49:41,14,9,30,DLU-Teacher,88:dc:97:12:65:58,5280,-86,,,,,,,,,,M2012K11C,2212343,RP48
2026:09:06:16:49:41,14,10,30,DLU-Teacher,88:dc:97:12:65:64,5200,-55,,,,,,,,,,M2012K11C,2212343,RP48
2026:09:06:16:49:41,14,11,30,DLU-Student-Lib,8e:dc:97:12:65:2b,5805,-56,,,,,,,,,,M2012K11C,2212343,RP48
2026:09:06:16:49:41,14,12,30,DLU-Teacher,88:dc:97:12:62:c6,2452,-65,,,,,,,,,,M2012K11C,2212343,RP48
2026:09:06:16:49:41,14,13,30,DLU-Teacher,88:dc:97:12:62:c7,5500,-57,,,,,,,,,,M2012K11C,2212343,RP48
2026:09:06:16:49:41,14,14,30,DLU-Student-Lib,8e:dc:97:12:64:82,2432,-74,,,,,,,,,,M2012K11C,2212343,RP48
2026:09:06:16:49:41,14,15,30,DLU-Student-Lib,8e:dc:97:12:64:83,5300,-81,,,,,,,,,,M2012K11C,2212343,RP48
2026:09:06:16:49:41,14,16,30,DLU-Teacher,7a:ac:b9:ba:a6:bd,2437,-89,,,,,,,,,,M2012K11C,2212343,RP48
2026:09:06:16:49:41,14,17,30,DLU-Student-Lib,8e:dc:97:12:65:58,5280,-86,,,,,,,,,,M2012K11C,2212343,RP48
2026:09:06:16:49:41,14,18,30,DLU-Student-Lib,8e:dc:97:12:65:57,2412,-73,,,,,,,,,,M2012K11C,2212343,RP48
2026:09:06:16:49:41,14,19,30,iPhone (8),b6:40:69:6b:ac:74,2462,-79,,,,,,,,,,M2012K11C,2212343,RP48
2026:09:06:16:49:41,14,20,30,DLU-Teacher,88:dc:97:12:62:cf,2412,-55,,,,,,,,,,M2012K11C,2212343,RP48
2026:09:06:16:49:41,14,21,30,DLU-Student-Lib,8e:dc:97:12:62:cf,2412,-54,,,,,,,,,,M2012K11C,2212343,RP48
2026:09:06:16:49:41,14,22,30,1.Free Wi-MESH,b4:5d:50:d7:e9:51,5220,-70,,,,,,,,,,M2012K11C,2212343,RP48
2026:09:06:16:49:41,14,23,30,DLU - WIMESH,b4:5d:50:d7:e9:50,5220,-69,,,,,,,,,,M2012K11C,2212343,RP48
2026:09:06:16:49:41,14,24,30,DLU-Student-Lib,8e:dc:97:12:62:cd,5200,-89,,,,,,,,,,M2012K11C,2212343,RP48
2026:09:06:16:49:41,14,25,30,DLU-Student-Lib,8e:dc:97:12:65:22,5765,-56,,,,,,,,,,M2012K11C,2212343,RP48
2026:09:06:16:49:41,14,26,30,DLU-Teacher,88:dc:97:12:62:d0,5805,-60,,,,,,,,,,M2012K11C,2212343,RP48
2026:09:06:16:49:41,14,27,30,DLU - WIMESH,b4:5d:50:d7:e9:40,2462,-65,,,,,,,,,,M2012K11C,2212343,RP48
2026:09:06:16:49:41,14,28,30,DLU-Teacher,88:dc:97:12:65:22,5765,-57,,,,,,,,,,M2012K11C,2212343,RP48
2026:09:06:16:49:41,14,29,30,DLU-Teacher,88:dc:97:12:65:21,2412,-55,,,,,,,,,,M2012K11C,2212343,RP48
2026:09:06:16:49:41,14,30,30,1.Free Wi-MESH,b4:5d:50:d7:e9:41,2462,-66,,,,,,,,,,M2012K11C,2212343,RP48
2026:09:06:16:50:32,15,1,39,DLU-Teacher,88:dc:97:12:65:54,2427,-90,,,,,,,,,,M2012K11C,2212343,RP48
2026:09:06:16:50:32,15,2,39,DLU-Teacher,88:dc:97:12:65:57,2412,-74,,,,,,,,,,M2012K11C,2212343,RP48
2026:09:06:16:50:32,15,3,39,DLU-Teacher,88:dc:97:12:64:82,2432,-76,,,,,,,,,,M2012K11C,2212343,RP48
2026:09:06:16:50:32,15,4,39,DLU-Teacher,88:dc:97:12:64:83,5300,-79,,,,,,,,,,M2012K11C,2212343,RP48
2026:09:06:16:50:32,15,5,39,DLU-Student-Lib,8e:dc:97:12:62:c7,5500,-56,,,,,,,,,,M2012K11C,2212343,RP48
2026:09:06:16:50:32,15,6,39,DLU-Student-Lib,8e:dc:97:12:62:c6,2452,-65,,,,,,,,,,M2012K11C,2212343,RP48
2026:09:06:16:50:32,15,7,39,DLU-Teacher,88:dc:97:12:65:2b,5805,-55,,,,,,,,,,M2012K11C,2212343,RP48
2026:09:06:16:50:32,15,8,39,DLU-Teacher,88:dc:97:12:65:2a,2417,-61,,,,,,,,,,M2012K11C,2212343,RP48
2026:09:06:16:50:32,15,9,39,DLU-Student-Lib,8e:dc:97:12:62:d0,5805,-60,,,,,,,,,,M2012K11C,2212343,RP48
2026:09:06:16:50:32,15,10,39,DLU-Student-Lib,8e:dc:97:12:65:63,2452,-45,,,,,,,,,,M2012K11C,2212343,RP48
2026:09:06:16:50:32,15,11,39,DLU-Student-Lib,8e:dc:97:12:65:64,5200,-57,,,,,,,,,,M2012K11C,2212343,RP48
2026:09:06:16:50:32,15,12,39,DLU-Teacher,88:dc:97:12:65:58,5280,-86,,,,,,,,,,M2012K11C,2212343,RP48
2026:09:06:16:50:32,15,13,39,DLU-Teacher,88:dc:97:12:65:64,5200,-56,,,,,,,,,,M2012K11C,2212343,RP48
2026:09:06:16:50:32,15,14,39,DLU-Teacher,88:dc:97:12:65:63,2452,-45,,,,,,,,,,M2012K11C,2212343,RP48
2026:09:06:16:50:32,15,15,39,DLU-Student-Lib,8e:dc:97:12:65:2b,5805,-57,,,,,,,,,,M2012K11C,2212343,RP48
2026:09:06:16:50:32,15,16,39,DLU-Teacher,88:dc:97:12:62:c6,2452,-64,,,,,,,,,,M2012K11C,2212343,RP48
2026:09:06:16:50:32,15,17,39,DLU-Teacher,88:dc:97:12:62:c7,5500,-57,,,,,,,,,,M2012K11C,2212343,RP48
2026:09:06:16:50:32,15,18,39,DLU-Student-TV1-TV2,74:ac:b9:6a:1a:1f,2412,-77,,,,,,,,,,M2012K11C,2212343,RP48
2026:09:06:16:50:32,15,19,39,DLU-Student-Lib,8e:dc:97:12:64:82,2432,-77,,,,,,,,,,M2012K11C,2212343,RP48
2026:09:06:16:50:32,15,20,39,DLU-Student-Lib,8e:dc:97:12:64:83,5300,-79,,,,,,,,,,M2012K11C,2212343,RP48
2026:09:06:16:50:32,15,21,39,DLU-Student-Lib,8e:dc:97:12:65:58,5280,-86,,,,,,,,,,M2012K11C,2212343,RP48
2026:09:06:16:50:32,15,22,39,DLU-Student-Lib,8e:dc:97:12:65:57,2412,-73,,,,,,,,,,M2012K11C,2212343,RP48
2026:09:06:16:50:32,15,23,39,iPhone (8),b6:40:69:6b:ac:74,2462,-74,,,,,,,,,,M2012K11C,2212343,RP48
2026:09:06:16:50:32,15,24,39,DLU-Teacher,88:dc:97:12:62:cf,2412,-56,,,,,,,,,,M2012K11C,2212343,RP48
2026:09:06:16:50:32,15,25,39,DLU-Teacher,88:dc:97:12:62:cd,5200,-89,,,,,,,,,,M2012K11C,2212343,RP48
2026:09:06:16:50:32,15,26,39,DLU-Teacher,88:dc:97:12:62:cc,2422,-80,,,,,,,,,,M2012K11C,2212343,RP48
2026:09:06:16:50:32,15,27,39,DLU-Student-Lib,8e:dc:97:12:65:21,2412,-56,,,,,,,,,,M2012K11C,2212343,RP48
2026:09:06:16:50:32,15,28,39,DLU-Student-Lib,8e:dc:97:12:62:cf,2412,-56,,,,,,,,,,M2012K11C,2212343,RP48
2026:09:06:16:50:32,15,29,39,1.Free Wi-MESH,b4:5d:50:d7:e9:51,5220,-69,,,,,,,,,,M2012K11C,2212343,RP48
2026:09:06:16:50:32,15,30,39,DLU - WIMESH,b4:5d:50:d7:e9:50,5220,-69,,,,,,,,,,M2012K11C,2212343,RP48
2026:09:06:16:50:32,15,31,39,DLU-Student-Lib,8e:dc:97:12:62:cd,5200,-90,,,,,,,,,,M2012K11C,2212343,RP48
2026:09:06:16:50:32,15,32,39,DLU-Student-Lib,8e:dc:97:12:62:cc,2422,-81,,,,,,,,,,M2012K11C,2212343,RP48
2026:09:06:16:50:32,15,33,39,DLU-Student-Lib,8e:dc:97:12:65:22,5765,-57,,,,,,,,,,M2012K11C,2212343,RP48
2026:09:06:16:50:32,15,34,39,DLU-Teacher,88:dc:97:12:62:d0,5805,-60,,,,,,,,,,M2012K11C,2212343,RP48
2026:09:06:16:50:32,15,35,39,DLU - WIMESH,b4:5d:50:d7:e9:40,2462,-66,,,,,,,,,,M2012K11C,2212343,RP48
2026:09:06:16:50:32,15,36,39,DLU-Student-Lib,8e:dc:97:12:65:2a,2417,-61,,,,,,,,,,M2012K11C,2212343,RP48
2026:09:06:16:50:32,15,37,39,DLU-Teacher,88:dc:97:12:65:22,5765,-58,,,,,,,,,,M2012K11C,2212343,RP48
2026:09:06:16:50:32,15,38,39,DLU-Teacher,88:dc:97:12:65:21,2412,-55,,,,,,,,,,M2012K11C,2212343,RP48
2026:09:06:16:50:32,15,39,39,1.Free Wi-MESH,b4:5d:50:d7:e9:41,2462,-65,,,,,,,,,,M2012K11C,2212343,RP48
2026:09:06:16:51:23,16,1,33,DLU-Teacher,88:dc:97:12:65:57,2412,-73,,,,,,,,,,M2012K11C,2212343,RP48
2026:09:06:16:51:23,16,2,33,DLU-Teacher,88:dc:97:12:64:82,2432,-75,,,,,,,,,,M2012K11C,2212343,RP48
2026:09:06:16:51:23,16,3,33,DLU-Teacher,88:dc:97:12:64:83,5300,-79,,,,,,,,,,M2012K11C,2212343,RP48
2026:09:06:16:51:23,16,4,33,DLU-Student-Lib,8e:dc:97:12:62:c7,5500,-57,,,,,,,,,,M2012K11C,2212343,RP48
2026:09:06:16:51:23,16,5,33,DLU-Student-Lib,8e:dc:97:12:62:c6,2452,-65,,,,,,,,,,M2012K11C,2212343,RP48
2026:09:06:16:51:23,16,6,33,DLU-Teacher,88:dc:97:12:65:2b,5805,-56,,,,,,,,,,M2012K11C,2212343,RP48
2026:09:06:16:51:23,16,7,33,DLU-Teacher,88:dc:97:12:65:2a,2417,-61,,,,,,,,,,M2012K11C,2212343,RP48
2026:09:06:16:51:23,16,8,33,DLU_ITC_SRV,7c:7b:68:99:8a:18,2422,-82,,,,,,,,,,M2012K11C,2212343,RP48
2026:09:06:16:51:23,16,9,33,DLU-Student-Lib,8e:dc:97:12:62:d0,5805,-60,,,,,,,,,,M2012K11C,2212343,RP48
2026:09:06:16:51:23,16,10,33,DLU-Student-Lib,8e:dc:97:12:65:63,2452,-45,,,,,,,,,,M2012K11C,2212343,RP48
2026:09:06:16:51:23,16,11,33,DLU-Student-Lib,8e:dc:97:12:65:64,5200,-55,,,,,,,,,,M2012K11C,2212343,RP48
2026:09:06:16:51:23,16,12,33,DLU-Teacher,88:dc:97:12:64:c4,2452,-88,,,,,,,,,,M2012K11C,2212343,RP48
2026:09:06:16:51:23,16,13,33,DLU-Teacher,88:dc:97:12:65:58,5280,-85,,,,,,,,,,M2012K11C,2212343,RP48
2026:09:06:16:51:23,16,14,33,DLU-Teacher,88:dc:97:12:65:64,5200,-55,,,,,,,,,,M2012K11C,2212343,RP48
2026:09:06:16:51:23,16,15,33,DLU-Teacher,88:dc:97:12:65:63,2452,-45,,,,,,,,,,M2012K11C,2212343,RP48
2026:09:06:16:51:23,16,16,33,DLU-Student-Lib,8e:dc:97:12:65:2b,5805,-56,,,,,,,,,,M2012K11C,2212343,RP48
2026:09:06:16:51:23,16,17,33,DLU-Teacher,88:dc:97:12:62:c6,2452,-65,,,,,,,,,,M2012K11C,2212343,RP48
2026:09:06:16:51:23,16,18,33,DLU-Teacher,88:dc:97:12:62:c7,5500,-57,,,,,,,,,,M2012K11C,2212343,RP48
2026:09:06:16:51:23,16,19,33,DLU-Student-Lib,8e:dc:97:12:64:82,2432,-75,,,,,,,,,,M2012K11C,2212343,RP48
2026:09:06:16:51:23,16,20,33,DLU-Student-Lib,8e:dc:97:12:64:83,5300,-79,,,,,,,,,,M2012K11C,2212343,RP48
2026:09:06:16:51:23,16,21,33,iPhone (8),b6:40:69:6b:ac:74,2462,-68,,,,,,,,,,M2012K11C,2212343,RP48
2026:09:06:16:51:23,16,22,33,DLU-Teacher,88:dc:97:12:62:cf,2412,-57,,,,,,,,,,M2012K11C,2212343,RP48
2026:09:06:16:51:23,16,23,33,DLU-Student-Lib,8e:dc:97:12:65:21,2412,-56,,,,,,,,,,M2012K11C,2212343,RP48
2026:09:06:16:51:23,16,24,33,DLU-Student-Lib,8e:dc:97:12:62:cf,2412,-55,,,,,,,,,,M2012K11C,2212343,RP48
2026:09:06:16:51:23,16,25,33,1.Free Wi-MESH,b4:5d:50:d7:e9:51,5220,-68,,,,,,,,,,M2012K11C,2212343,RP48
2026:09:06:16:51:23,16,26,33,DLU - WIMESH,b4:5d:50:d7:e9:50,5220,-67,,,,,,,,,,M2012K11C,2212343,RP48
2026:09:06:16:51:23,16,27,33,DLU-Student-Lib,8e:dc:97:12:62:cd,5200,-89,,,,,,,,,,M2012K11C,2212343,RP48
2026:09:06:16:51:23,16,28,33,DLU-Student-Lib,8e:dc:97:12:65:22,5765,-56,,,,,,,,,,M2012K11C,2212343,RP48
2026:09:06:16:51:23,16,29,33,DLU-Teacher,88:dc:97:12:62:d0,5805,-59,,,,,,,,,,M2012K11C,2212343,RP48
2026:09:06:16:51:23,16,30,33,DLU - WIMESH,b4:5d:50:d7:e9:40,2462,-67,,,,,,,,,,M2012K11C,2212343,RP48
2026:09:06:16:51:23,16,31,33,DLU-Student-Lib,8e:dc:97:12:65:2a,2417,-62,,,,,,,,,,M2012K11C,2212343,RP48
2026:09:06:16:51:23,16,32,33,DLU-Teacher,88:dc:97:12:65:22,5765,-56,,,,,,,,,,M2012K11C,2212343,RP48
2026:09:06:16:51:23,16,33,33,DLU-Teacher,88:dc:97:12:65:21,2412,-55,,,,,,,,,,M2012K11C,2212343,RP48
2026:09:06:16:52:14,17,1,32,DLU-Teacher,88:dc:97:12:65:54,2427,-90,,,,,,,,,,M2012K11C,2212343,RP48
2026:09:06:16:52:14,17,2,32,DLU-Teacher,88:dc:97:12:64:82,2432,-74,,,,,,,,,,M2012K11C,2212343,RP48
2026:09:06:16:52:14,17,3,32,DLU-Teacher,88:dc:97:12:64:83,5300,-80,,,,,,,,,,M2012K11C,2212343,RP48
2026:09:06:16:52:14,17,4,32,DLU-Student-Lib,8e:dc:97:12:62:c7,5500,-57,,,,,,,,,,M2012K11C,2212343,RP48
2026:09:06:16:52:14,17,5,32,DLU-Student-Lib,8e:dc:97:12:62:c6,2452,-63,,,,,,,,,,M2012K11C,2212343,RP48
2026:09:06:16:52:14,17,6,32,DLU-Teacher,88:dc:97:12:65:2b,5805,-56,,,,,,,,,,M2012K11C,2212343,RP48
2026:09:06:16:52:14,17,7,32,DLU-Teacher,88:dc:97:12:65:2a,2417,-61,,,,,,,,,,M2012K11C,2212343,RP48
2026:09:06:16:52:14,17,8,32,DLU-Student-Lib,8e:dc:97:12:62:d0,5805,-59,,,,,,,,,,M2012K11C,2212343,RP48
2026:09:06:16:52:14,17,9,32,DLU-Student-Lib,8e:dc:97:12:65:63,2452,-46,,,,,,,,,,M2012K11C,2212343,RP48
2026:09:06:16:52:14,17,10,32,DLU-Student-Lib,8e:dc:97:12:65:64,5200,-55,,,,,,,,,,M2012K11C,2212343,RP48
2026:09:06:16:52:14,17,11,32,DLU-Teacher,88:dc:97:12:65:58,5280,-86,,,,,,,,,,M2012K11C,2212343,RP48
2026:09:06:16:52:14,17,12,32,DLU-Teacher,88:dc:97:12:65:64,5200,-56,,,,,,,,,,M2012K11C,2212343,RP48
2026:09:06:16:52:14,17,13,32,DLU-Teacher,88:dc:97:12:65:63,2452,-45,,,,,,,,,,M2012K11C,2212343,RP48
2026:09:06:16:52:14,17,14,32,DLU-Student-Lib,8e:dc:97:12:65:2b,5805,-56,,,,,,,,,,M2012K11C,2212343,RP48
2026:09:06:16:52:14,17,15,32,DLU-Teacher,88:dc:97:12:62:c6,2452,-64,,,,,,,,,,M2012K11C,2212343,RP48
2026:09:06:16:52:14,17,16,32,DLU-Teacher,88:dc:97:12:62:c7,5500,-57,,,,,,,,,,M2012K11C,2212343,RP48
2026:09:06:16:52:14,17,17,32,DLU-Student-Lib,8e:dc:97:12:64:82,2432,-72,,,,,,,,,,M2012K11C,2212343,RP48
2026:09:06:16:52:14,17,18,32,DLU-Student-Lib,8e:dc:97:12:64:83,5300,-79,,,,,,,,,,M2012K11C,2212343,RP48
2026:09:06:16:52:14,17,19,32,DLU-Student-Lib,8e:dc:97:12:65:58,5280,-85,,,,,,,,,,M2012K11C,2212343,RP48
2026:09:06:16:52:14,17,20,32,iPhone (8),b6:40:69:6b:ac:74,2462,-78,,,,,,,,,,M2012K11C,2212343,RP48
2026:09:06:16:52:14,17,21,32,DLU-Teacher,88:dc:97:12:62:cf,2412,-56,,,,,,,,,,M2012K11C,2212343,RP48
2026:09:06:16:52:14,17,22,32,DLU-Student-Lib,8e:dc:97:12:62:cf,2412,-55,,,,,,,,,,M2012K11C,2212343,RP48
2026:09:06:16:52:14,17,23,32,1.Free Wi-MESH,b4:5d:50:d7:e9:51,5220,-69,,,,,,,,,,M2012K11C,2212343,RP48
2026:09:06:16:52:14,17,24,32,DLU - WIMESH,b4:5d:50:d7:e9:50,5220,-68,,,,,,,,,,M2012K11C,2212343,RP48
2026:09:06:16:52:14,17,25,32,DLU-Student-Lib,8e:dc:97:12:62:cd,5200,-90,,,,,,,,,,M2012K11C,2212343,RP48
2026:09:06:16:52:14,17,26,32,DLU-Student-Lib,8e:dc:97:12:62:cc,2422,-77,,,,,,,,,,M2012K11C,2212343,RP48
2026:09:06:16:52:14,17,27,32,DLU-Student-Lib,8e:dc:97:12:65:22,5765,-57,,,,,,,,,,M2012K11C,2212343,RP48
2026:09:06:16:52:14,17,28,32,DLU-Teacher,88:dc:97:12:62:d0,5805,-59,,,,,,,,,,M2012K11C,2212343,RP48
2026:09:06:16:52:14,17,29,32,DLU - WIMESH,b4:5d:50:d7:e9:40,2462,-67,,,,,,,,,,M2012K11C,2212343,RP48
2026:09:06:16:52:14,17,30,32,DLU-Student-Lib,8e:dc:97:12:65:2a,2417,-62,,,,,,,,,,M2012K11C,2212343,RP48
2026:09:06:16:52:14,17,31,32,DLU-Teacher,88:dc:97:12:65:22,5765,-57,,,,,,,,,,M2012K11C,2212343,RP48
2026:09:06:16:52:14,17,32,32,1.Free Wi-MESH,b4:5d:50:d7:e9:41,2462,-68,,,,,,,,,,M2012K11C,2212343,RP48
2026:09:06:16:53:05,18,1,32,DLU-Teacher,88:dc:97:12:65:57,2412,-77,,,,,,,,,,M2012K11C,2212343,RP48
2026:09:06:16:53:05,18,2,32,DLU-Teacher,88:dc:97:12:64:82,2432,-76,,,,,,,,,,M2012K11C,2212343,RP48
2026:09:06:16:53:05,18,3,32,DLU-Teacher,88:dc:97:12:64:83,5300,-81,,,,,,,,,,M2012K11C,2212343,RP48
2026:09:06:16:53:05,18,4,32,DLU-Student-Lib,8e:dc:97:12:62:c7,5500,-70,,,,,,,,,,M2012K11C,2212343,RP48
2026:09:06:16:53:05,18,5,32,DLU-Student-Lib,8e:dc:97:12:62:c6,2452,-76,,,,,,,,,,M2012K11C,2212343,RP48
2026:09:06:16:53:05,18,6,32,DLU-Teacher,88:dc:97:12:65:2b,5805,-55,,,,,,,,,,M2012K11C,2212343,RP48
2026:09:06:16:53:05,18,7,32,DLU-Teacher,88:dc:97:12:65:2a,2417,-63,,,,,,,,,,M2012K11C,2212343,RP48
2026:09:06:16:53:05,18,8,32,DLU-Student-Lib,8e:dc:97:12:62:d0,5805,-68,,,,,,,,,,M2012K11C,2212343,RP48
2026:09:06:16:53:05,18,9,32,DLU-Student-Lib,8e:dc:97:12:65:63,2452,-48,,,,,,,,,,M2012K11C,2212343,RP48
2026:09:06:16:53:05,18,10,32,DLU-Student-Lib,8e:dc:97:12:65:64,5200,-63,,,,,,,,,,M2012K11C,2212343,RP48
2026:09:06:16:53:05,18,11,32,DLU-Teacher,88:dc:97:12:65:64,5200,-63,,,,,,,,,,M2012K11C,2212343,RP48
2026:09:06:16:53:05,18,12,32,DLU-Teacher,88:dc:97:12:65:63,2452,-47,,,,,,,,,,M2012K11C,2212343,RP48
2026:09:06:16:53:05,18,13,32,DLU-Student-Lib,8e:dc:97:12:65:2b,5805,-55,,,,,,,,,,M2012K11C,2212343,RP48
2026:09:06:16:53:05,18,14,32,DLU-Teacher,88:dc:97:12:62:c6,2452,-77,,,,,,,,,,M2012K11C,2212343,RP48
2026:09:06:16:53:05,18,15,32,DLU-Teacher,88:dc:97:12:62:c7,5500,-70,,,,,,,,,,M2012K11C,2212343,RP48
2026:09:06:16:53:05,18,16,32,DLU-Student-Lib,8e:dc:97:12:64:82,2432,-77,,,,,,,,,,M2012K11C,2212343,RP48
2026:09:06:16:53:05,18,17,32,DLU-Student-Lib,8e:dc:97:12:64:83,5300,-80,,,,,,,,,,M2012K11C,2212343,RP48
2026:09:06:16:53:05,18,18,32,DLU-Student-HTTV,8e:dc:97:12:65:54,2427,-90,,,,,,,,,,M2012K11C,2212343,RP48
2026:09:06:16:53:05,18,19,32,DLU-Student-Lib,8e:dc:97:12:65:57,2412,-76,,,,,,,,,,M2012K11C,2212343,RP48
2026:09:06:16:53:05,18,20,32,iPhone (8),b6:40:69:6b:ac:74,2462,-78,,,,,,,,,,M2012K11C,2212343,RP48
2026:09:06:16:53:05,18,21,32,DLU-Teacher,88:dc:97:12:62:cf,2412,-64,,,,,,,,,,M2012K11C,2212343,RP48
2026:09:06:16:53:05,18,22,32,DLU-Student-Lib,8e:dc:97:12:65:21,2412,-59,,,,,,,,,,M2012K11C,2212343,RP48
2026:09:06:16:53:05,18,23,32,DLU-Student-Lib,8e:dc:97:12:62:cf,2412,-63,,,,,,,,,,M2012K11C,2212343,RP48
2026:09:06:16:53:05,18,24,32,1.Free Wi-MESH,b4:5d:50:d7:e9:51,5220,-67,,,,,,,,,,M2012K11C,2212343,RP48
2026:09:06:16:53:05,18,25,32,DLU - WIMESH,b4:5d:50:d7:e9:50,5220,-70,,,,,,,,,,M2012K11C,2212343,RP48
2026:09:06:16:53:05,18,26,32,DLU-Student-Lib,8e:dc:97:12:65:22,5765,-65,,,,,,,,,,M2012K11C,2212343,RP48
2026:09:06:16:53:05,18,27,32,DLU-Teacher,88:dc:97:12:62:d0,5805,-67,,,,,,,,,,M2012K11C,2212343,RP48
2026:09:06:16:53:05,18,28,32,DLU - WIMESH,b4:5d:50:d7:e9:40,2462,-63,,,,,,,,,,M2012K11C,2212343,RP48
2026:09:06:16:53:05,18,29,32,DLU-Student-Lib,8e:dc:97:12:65:2a,2417,-62,,,,,,,,,,M2012K11C,2212343,RP48
2026:09:06:16:53:05,18,30,32,DLU-Teacher,88:dc:97:12:65:22,5765,-65,,,,,,,,,,M2012K11C,2212343,RP48
2026:09:06:16:53:05,18,31,32,DLU-Teacher,88:dc:97:12:65:21,2412,-61,,,,,,,,,,M2012K11C,2212343,RP48
2026:09:06:16:53:05,18,32,32,1.Free Wi-MESH,b4:5d:50:d7:e9:41,2462,-63,,,,,,,,,,M2012K11C,2212343,RP48
2026:09:06:16:53:57,19,1,29,DLU-Teacher,88:dc:97:12:65:57,2412,-76,,,,,,,,,,M2012K11C,2212343,RP48
2026:09:06:16:53:57,19,2,29,DLU-Teacher,88:dc:97:12:64:82,2432,-76,,,,,,,,,,M2012K11C,2212343,RP48
2026:09:06:16:53:57,19,3,29,DLU-Teacher,88:dc:97:12:64:83,5300,-80,,,,,,,,,,M2012K11C,2212343,RP48
2026:09:06:16:53:57,19,4,29,DLU-Student-Lib,8e:dc:97:12:62:c7,5500,-72,,,,,,,,,,M2012K11C,2212343,RP48
2026:09:06:16:53:57,19,5,29,DLU-Student-Lib,8e:dc:97:12:62:c6,2452,-78,,,,,,,,,,M2012K11C,2212343,RP48
2026:09:06:16:53:57,19,6,29,DLU-Teacher,88:dc:97:12:65:2b,5805,-56,,,,,,,,,,M2012K11C,2212343,RP48
2026:09:06:16:53:57,19,7,29,DLU-Teacher,88:dc:97:12:65:2a,2417,-60,,,,,,,,,,M2012K11C,2212343,RP48
2026:09:06:16:53:57,19,8,29,DLU-Student-Lib,8e:dc:97:12:62:d0,5805,-66,,,,,,,,,,M2012K11C,2212343,RP48
2026:09:06:16:53:57,19,9,29,DLU-Student-Lib,8e:dc:97:12:65:63,2452,-52,,,,,,,,,,M2012K11C,2212343,RP48
2026:09:06:16:53:57,19,10,29,DLU-Student-Lib,8e:dc:97:12:65:64,5200,-63,,,,,,,,,,M2012K11C,2212343,RP48
2026:09:06:16:53:57,19,11,29,DLU-Teacher,88:dc:97:12:65:64,5200,-62,,,,,,,,,,M2012K11C,2212343,RP48
2026:09:06:16:53:57,19,12,29,DLU-Teacher,88:dc:97:12:65:63,2452,-53,,,,,,,,,,M2012K11C,2212343,RP48
2026:09:06:16:53:57,19,13,29,DLU-Student-Lib,8e:dc:97:12:65:2b,5805,-56,,,,,,,,,,M2012K11C,2212343,RP48
2026:09:06:16:53:57,19,14,29,DLU-Teacher,88:dc:97:12:62:c6,2452,-76,,,,,,,,,,M2012K11C,2212343,RP48
2026:09:06:16:53:57,19,15,29,DLU-Teacher,88:dc:97:12:62:c7,5500,-72,,,,,,,,,,M2012K11C,2212343,RP48
2026:09:06:16:53:57,19,16,29,DLU-Student-Lib,8e:dc:97:12:64:83,5300,-81,,,,,,,,,,M2012K11C,2212343,RP48
2026:09:06:16:53:57,19,17,29,DLU-Student-Lib,8e:dc:97:12:65:57,2412,-76,,,,,,,,,,M2012K11C,2212343,RP48
2026:09:06:16:53:57,19,18,29,iPhone (8),b6:40:69:6b:ac:74,2462,-80,,,,,,,,,,M2012K11C,2212343,RP48
2026:09:06:16:53:57,19,19,29,DLU-Teacher,88:dc:97:12:62:cf,2412,-62,,,,,,,,,,M2012K11C,2212343,RP48
2026:09:06:16:53:57,19,20,29,DLU-Student-Lib,8e:dc:97:12:65:21,2412,-60,,,,,,,,,,M2012K11C,2212343,RP48
2026:09:06:16:53:57,19,21,29,DLU-Student-Lib,8e:dc:97:12:62:cf,2412,-63,,,,,,,,,,M2012K11C,2212343,RP48
2026:09:06:16:53:57,19,22,29,1.Free Wi-MESH,b4:5d:50:d7:e9:51,5220,-67,,,,,,,,,,M2012K11C,2212343,RP48
2026:09:06:16:53:57,19,23,29,DLU - WIMESH,b4:5d:50:d7:e9:50,5220,-68,,,,,,,,,,M2012K11C,2212343,RP48
2026:09:06:16:53:57,19,24,29,DLU-Student-Lib,8e:dc:97:12:65:22,5765,-63,,,,,,,,,,M2012K11C,2212343,RP48
2026:09:06:16:53:57,19,25,29,DLU-Student-TV3-TV4,74:ac:b9:ba:a6:bd,2437,-88,,,,,,,,,,M2012K11C,2212343,RP48
2026:09:06:16:53:57,19,26,29,DLU-Teacher,88:dc:97:12:62:d0,5805,-66,,,,,,,,,,M2012K11C,2212343,RP48
2026:09:06:16:53:57,19,27,29,DLU-Student-Lib,8e:dc:97:12:65:2a,2417,-59,,,,,,,,,,M2012K11C,2212343,RP48
2026:09:06:16:53:57,19,28,29,DLU-Teacher,88:dc:97:12:65:22,5765,-63,,,,,,,,,,M2012K11C,2212343,RP48
2026:09:06:16:53:57,19,29,29,DLU-Teacher,88:dc:97:12:65:21,2412,-61,,,,,,,,,,M2012K11C,2212343,RP48
2026:09:06:16:54:48,20,1,33,DLU-Teacher,88:dc:97:12:65:54,2427,-89,,,,,,,,,,M2012K11C,2212343,RP48
2026:09:06:16:54:48,20,2,33,DLU-Teacher,88:dc:97:12:65:57,2412,-75,,,,,,,,,,M2012K11C,2212343,RP48
2026:09:06:16:54:48,20,3,33,DLU-Teacher,88:dc:97:12:64:82,2432,-81,,,,,,,,,,M2012K11C,2212343,RP48
2026:09:06:16:54:48,20,4,33,DLU-Teacher,88:dc:97:12:64:83,5300,-82,,,,,,,,,,M2012K11C,2212343,RP48
2026:09:06:16:54:48,20,5,33,DLU-Student-Lib,8e:dc:97:12:62:c7,5500,-70,,,,,,,,,,M2012K11C,2212343,RP48
2026:09:06:16:54:48,20,6,33,DLU-Student-Lib,8e:dc:97:12:62:c6,2452,-75,,,,,,,,,,M2012K11C,2212343,RP48
2026:09:06:16:54:48,20,7,33,DLU-Teacher,88:dc:97:12:65:2b,5805,-55,,,,,,,,,,M2012K11C,2212343,RP48
2026:09:06:16:54:48,20,8,33,DLU-Teacher,88:dc:97:12:65:2a,2417,-61,,,,,,,,,,M2012K11C,2212343,RP48
2026:09:06:16:54:48,20,9,33,DLU-Student-Lib,8e:dc:97:12:62:d0,5805,-69,,,,,,,,,,M2012K11C,2212343,RP48
2026:09:06:16:54:48,20,10,33,DLU-Student-Lib,8e:dc:97:12:65:63,2452,-48,,,,,,,,,,M2012K11C,2212343,RP48
2026:09:06:16:54:48,20,11,33,DLU-Student-Lib,8e:dc:97:12:65:64,5200,-61,,,,,,,,,,M2012K11C,2212343,RP48
2026:09:06:16:54:48,20,12,33,OMCTEST_THAO,7c:7b:68:3a:51:c8,2422,-82,,,,,,,,,,M2012K11C,2212343,RP48
2026:09:06:16:54:48,20,13,33,DLU-Teacher,88:dc:97:12:65:64,5200,-56,,,,,,,,,,M2012K11C,2212343,RP48
2026:09:06:16:54:48,20,14,33,DLU-Teacher,88:dc:97:12:65:63,2452,-46,,,,,,,,,,M2012K11C,2212343,RP48
2026:09:06:16:54:48,20,15,33,DLU-Student-Lib,8e:dc:97:12:65:2b,5805,-55,,,,,,,,,,M2012K11C,2212343,RP48
2026:09:06:16:54:48,20,16,33,DLU-Teacher,88:dc:97:12:62:c6,2452,-74,,,,,,,,,,M2012K11C,2212343,RP48
2026:09:06:16:54:48,20,17,33,DLU-Teacher,88:dc:97:12:62:c7,5500,-70,,,,,,,,,,M2012K11C,2212343,RP48
2026:09:06:16:54:48,20,18,33,DLU-Student-Lib,8e:dc:97:12:64:82,2432,-81,,,,,,,,,,M2012K11C,2212343,RP48
2026:09:06:16:54:48,20,19,33,DLU-Student-Lib,8e:dc:97:12:64:83,5300,-82,,,,,,,,,,M2012K11C,2212343,RP48
2026:09:06:16:54:48,20,20,33,DLU-Student-Lib,8e:dc:97:12:65:57,2412,-75,,,,,,,,,,M2012K11C,2212343,RP48
2026:09:06:16:54:48,20,21,33,DLU-Teacher,88:dc:97:12:62:cf,2412,-61,,,,,,,,,,M2012K11C,2212343,RP48
2026:09:06:16:54:48,20,22,33,DLU-Teacher,88:dc:97:12:62:cc,2422,-87,,,,,,,,,,M2012K11C,2212343,RP48
2026:09:06:16:54:48,20,23,33,DLU-Student-Lib,8e:dc:97:12:65:21,2412,-64,,,,,,,,,,M2012K11C,2212343,RP48
2026:09:06:16:54:48,20,24,33,1.Free Wi-MESH,b4:5d:50:d7:e9:51,5220,-66,,,,,,,,,,M2012K11C,2212343,RP48
2026:09:06:16:54:48,20,25,33,DLU - WIMESH,b4:5d:50:d7:e9:50,5220,-67,,,,,,,,,,M2012K11C,2212343,RP48
2026:09:06:16:54:48,20,26,33,DLU-Student-Lib,8e:dc:97:12:62:cc,2422,-87,,,,,,,,,,M2012K11C,2212343,RP48
2026:09:06:16:54:48,20,27,33,DLU-Student-Lib,8e:dc:97:12:65:22,5765,-64,,,,,,,,,,M2012K11C,2212343,RP48
2026:09:06:16:54:48,20,28,33,DLU-Teacher,88:dc:97:12:62:d0,5805,-69,,,,,,,,,,M2012K11C,2212343,RP48
2026:09:06:16:54:48,20,29,33,DLU - WIMESH,b4:5d:50:d7:e9:40,2462,-65,,,,,,,,,,M2012K11C,2212343,RP48
2026:09:06:16:54:48,20,30,33,DLU-Student-Lib,8e:dc:97:12:65:2a,2417,-61,,,,,,,,,,M2012K11C,2212343,RP48
2026:09:06:16:54:48,20,31,33,DLU-Teacher,88:dc:97:12:65:22,5765,-64,,,,,,,,,,M2012K11C,2212343,RP48
2026:09:06:16:54:48,20,32,33,DLU-Teacher,88:dc:97:12:65:21,2412,-64,,,,,,,,,,M2012K11C,2212343,RP48
2026:09:06:16:54:48,20,33,33,1.Free Wi-MESH,b4:5d:50:d7:e9:41,2462,-66,,,,,,,,,,M2012K11C,2212343,RP48
2026:09:06:16:20:31,1,1,16,DLU-Teacher,88:dc:97:12:65:2b,5805,-53,,,,,,,,,,M2012K11C,2212343,RP49
2026:09:06:16:20:31,1,2,16,DLU-Student-Lib,8e:dc:97:12:62:d0,5805,-66,,,,,,,,,,M2012K11C,2212343,RP49
2026:09:06:16:20:31,1,3,16,DLU-Student-Lib,8e:dc:97:12:65:63,2452,-66,,,,,,,,,,M2012K11C,2212343,RP49
2026:09:06:16:20:31,1,4,16,DLU-Student-Lib,8e:dc:97:12:65:64,5200,-59,,,,,,,,,,M2012K11C,2212343,RP49
2026:09:06:16:20:31,1,5,16,DLU-Teacher,88:dc:97:12:65:64,5200,-58,,,,,,,,,,M2012K11C,2212343,RP49
2026:09:06:16:20:31,1,6,16,DLU-Teacher,88:dc:97:12:65:63,2452,-66,,,,,,,,,,M2012K11C,2212343,RP49
2026:09:06:16:20:31,1,7,16,DLU-Student-Lib,8e:dc:97:12:65:2b,5805,-53,,,,,,,,,,M2012K11C,2212343,RP49
2026:09:06:16:20:31,1,8,16,DLU-Teacher,88:dc:97:12:62:c6,2452,-68,,,,,,,,,,M2012K11C,2212343,RP49
2026:09:06:16:20:31,1,9,16,DLU-Teacher,88:dc:97:12:62:c7,5500,-87,,,,,,,,,,M2012K11C,2212343,RP49
2026:09:06:16:20:31,1,10,16,DLU-Teacher,88:dc:97:12:62:cf,2412,-58,,,,,,,,,,M2012K11C,2212343,RP49
2026:09:06:16:20:31,1,11,16,DLU-Student-Lib,8e:dc:97:12:62:cf,2412,-59,,,,,,,,,,M2012K11C,2212343,RP49
2026:09:06:16:20:31,1,12,16,1.Free Wi-MESH,b4:5d:50:d7:e9:51,5220,-63,,,,,,,,,,M2012K11C,2212343,RP49
2026:09:06:16:20:31,1,13,16,DLU - WIMESH,b4:5d:50:d7:e9:50,5220,-65,,,,,,,,,,M2012K11C,2212343,RP49
2026:09:06:16:20:31,1,14,16,DLU-Teacher,88:dc:97:12:62:d0,5805,-66,,,,,,,,,,M2012K11C,2212343,RP49
2026:09:06:16:20:31,1,15,16,DLU - WIMESH,b4:5d:50:d7:e9:40,2462,-74,,,,,,,,,,M2012K11C,2212343,RP49
2026:09:06:16:20:31,1,16,16,1.Free Wi-MESH,b4:5d:50:d7:e9:41,2462,-72,,,,,,,,,,M2012K11C,2212343,RP49
2026:09:06:16:21:22,2,1,32,DLU-Teacher,88:dc:97:12:65:57,2412,-60,,,,,,,,,,M2012K11C,2212343,RP49
2026:09:06:16:21:22,2,2,32,DLU-Teacher,88:dc:97:12:64:82,2432,-62,,,,,,,,,,M2012K11C,2212343,RP49
2026:09:06:16:21:22,2,3,32,DLU-Teacher,88:dc:97:12:64:83,5300,-79,,,,,,,,,,M2012K11C,2212343,RP49
2026:09:06:16:21:22,2,4,32,DLU-Student-Lib,8e:dc:97:12:62:c7,5500,-79,,,,,,,,,,M2012K11C,2212343,RP49
2026:09:06:16:21:22,2,5,32,DLU-Teacher,88:dc:97:12:65:2b,5805,-54,,,,,,,,,,M2012K11C,2212343,RP49
2026:09:06:16:21:22,2,6,32,DLU-Teacher,88:dc:97:12:65:2a,2417,-44,,,,,,,,,,M2012K11C,2212343,RP49
2026:09:06:16:21:22,2,7,32,DLU-Student-Lib,8e:dc:97:12:62:d0,5805,-67,,,,,,,,,,M2012K11C,2212343,RP49
2026:09:06:16:21:22,2,8,32,DLU-Student-Lib,8e:dc:97:12:65:63,2452,-68,,,,,,,,,,M2012K11C,2212343,RP49
2026:09:06:16:21:22,2,9,32,DLU-Student-Lib,8e:dc:97:12:65:64,5200,-55,,,,,,,,,,M2012K11C,2212343,RP49
2026:09:06:16:21:22,2,10,32,DLU-Teacher,88:dc:97:12:65:58,5280,-73,,,,,,,,,,M2012K11C,2212343,RP49
2026:09:06:16:21:22,2,11,32,DLU-Teacher,88:dc:97:12:65:64,5200,-55,,,,,,,,,,M2012K11C,2212343,RP49
2026:09:06:16:21:22,2,12,32,DLU-Teacher,88:dc:97:12:65:63,2452,-66,,,,,,,,,,M2012K11C,2212343,RP49
2026:09:06:16:21:22,2,13,32,DLU-Student-Lib,8e:dc:97:12:65:2b,5805,-55,,,,,,,,,,M2012K11C,2212343,RP49
2026:09:06:16:21:22,2,14,32,DLU-Teacher,88:dc:97:12:62:c6,2452,-74,,,,,,,,,,M2012K11C,2212343,RP49
2026:09:06:16:21:22,2,15,32,DLU-Teacher,88:dc:97:12:62:c7,5500,-79,,,,,,,,,,M2012K11C,2212343,RP49
2026:09:06:16:21:22,2,16,32,DLU-Student-Lib,8e:dc:97:12:64:82,2432,-62,,,,,,,,,,M2012K11C,2212343,RP49
2026:09:06:16:21:22,2,17,32,DLU-Student-Lib,8e:dc:97:12:64:83,5300,-80,,,,,,,,,,M2012K11C,2212343,RP49
2026:09:06:16:21:22,2,18,32,DLU-Student-Lib,8e:dc:97:12:65:58,5280,-74,,,,,,,,,,M2012K11C,2212343,RP49
2026:09:06:16:21:22,2,19,32,DLU-Student-Lib,8e:dc:97:12:65:57,2412,-60,,,,,,,,,,M2012K11C,2212343,RP49
2026:09:06:16:21:22,2,20,32,iPhone (8),b6:40:69:6b:ac:74,2462,-73,,,,,,,,,,M2012K11C,2212343,RP49
2026:09:06:16:21:22,2,21,32,DLU-Teacher,88:dc:97:12:62:cf,2412,-58,,,,,,,,,,M2012K11C,2212343,RP49
2026:09:06:16:21:22,2,22,32,DLU-Student-Lib,8e:dc:97:12:65:21,2412,-60,,,,,,,,,,M2012K11C,2212343,RP49
2026:09:06:16:21:22,2,23,32,DLU-Student-Lib,8e:dc:97:12:62:cf,2412,-58,,,,,,,,,,M2012K11C,2212343,RP49
2026:09:06:16:21:22,2,24,32,1.Free Wi-MESH,b4:5d:50:d7:e9:51,5220,-65,,,,,,,,,,M2012K11C,2212343,RP49
2026:09:06:16:21:22,2,25,32,DLU - WIMESH,b4:5d:50:d7:e9:50,5220,-65,,,,,,,,,,M2012K11C,2212343,RP49
2026:09:06:16:21:22,2,26,32,DLU-Student-Lib,8e:dc:97:12:65:22,5765,-67,,,,,,,,,,M2012K11C,2212343,RP49
2026:09:06:16:21:22,2,27,32,DLU-Teacher,88:dc:97:12:62:d0,5805,-67,,,,,,,,,,M2012K11C,2212343,RP49
2026:09:06:16:21:22,2,28,32,DLU - WIMESH,b4:5d:50:d7:e9:40,2462,-76,,,,,,,,,,M2012K11C,2212343,RP49
2026:09:06:16:21:22,2,29,32,DLU-Student-Lib,8e:dc:97:12:65:2a,2417,-44,,,,,,,,,,M2012K11C,2212343,RP49
2026:09:06:16:21:22,2,30,32,DLU-Teacher,88:dc:97:12:65:22,5765,-66,,,,,,,,,,M2012K11C,2212343,RP49
2026:09:06:16:21:22,2,31,32,DLU-Teacher,88:dc:97:12:65:21,2412,-60,,,,,,,,,,M2012K11C,2212343,RP49
2026:09:06:16:21:22,2,32,32,1.Free Wi-MESH,b4:5d:50:d7:e9:41,2462,-76,,,,,,,,,,M2012K11C,2212343,RP49
2026:09:06:16:22:13,3,1,29,DLU-Teacher,88:dc:97:12:65:55,5260,-87,,,,,,,,,,M2012K11C,2212343,RP49
2026:09:06:16:22:13,3,2,29,DLU-Teacher,88:dc:97:12:64:82,2432,-70,,,,,,,,,,M2012K11C,2212343,RP49
2026:09:06:16:22:13,3,3,29,DLU-Teacher,88:dc:97:12:64:83,5300,-84,,,,,,,,,,M2012K11C,2212343,RP49
2026:09:06:16:22:13,3,4,29,DLU-Student-Lib,8e:dc:97:12:62:c7,5500,-82,,,,,,,,,,M2012K11C,2212343,RP49
2026:09:06:16:22:13,3,5,29,DLU-Teacher,88:dc:97:12:65:2b,5805,-52,,,,,,,,,,M2012K11C,2212343,RP49
2026:09:06:16:22:13,3,6,29,DLU-Teacher,88:dc:97:12:65:2a,2417,-59,,,,,,,,,,M2012K11C,2212343,RP49
2026:09:06:16:22:13,3,7,29,DLU-Student-Lib,8e:dc:97:12:62:d0,5805,-63,,,,,,,,,,M2012K11C,2212343,RP49
2026:09:06:16:22:13,3,8,29,DLU-Student-Lib,8e:dc:97:12:65:63,2452,-67,,,,,,,,,,M2012K11C,2212343,RP49
2026:09:06:16:22:13,3,9,29,DLU-Student-Lib,8e:dc:97:12:65:64,5200,-62,,,,,,,,,,M2012K11C,2212343,RP49
2026:09:06:16:22:13,3,10,29,DLU-Teacher,88:dc:97:12:64:c4,2452,-79,,,,,,,,,,M2012K11C,2212343,RP49
2026:09:06:16:22:13,3,11,29,DLU-Teacher,88:dc:97:12:65:58,5280,-81,,,,,,,,,,M2012K11C,2212343,RP49
2026:09:06:16:22:13,3,12,29,DLU-Teacher,88:dc:97:12:65:64,5200,-63,,,,,,,,,,M2012K11C,2212343,RP49
2026:09:06:16:22:13,3,13,29,DLU-Teacher,88:dc:97:12:65:63,2452,-67,,,,,,,,,,M2012K11C,2212343,RP49
2026:09:06:16:22:13,3,14,29,DLU-Student-Lib,8e:dc:97:12:65:2b,5805,-53,,,,,,,,,,M2012K11C,2212343,RP49
2026:09:06:16:22:13,3,15,29,DLU-Teacher,88:dc:97:12:62:c7,5500,-83,,,,,,,,,,M2012K11C,2212343,RP49
2026:09:06:16:22:13,3,16,29,DLU-Student-Lib,8e:dc:97:12:64:82,2432,-71,,,,,,,,,,M2012K11C,2212343,RP49
2026:09:06:16:22:13,3,17,29,DLU-Student-Lib,8e:dc:97:12:65:58,5280,-80,,,,,,,,,,M2012K11C,2212343,RP49
2026:09:06:16:22:13,3,18,29,iPhone (8),b6:40:69:6b:ac:74,2462,-80,,,,,,,,,,M2012K11C,2212343,RP49
2026:09:06:16:22:13,3,19,29,DLU-Teacher,88:dc:97:12:62:cf,2412,-56,,,,,,,,,,M2012K11C,2212343,RP49
2026:09:06:16:22:13,3,20,29,DLU-Student-Lib,8e:dc:97:12:62:cf,2412,-57,,,,,,,,,,M2012K11C,2212343,RP49
2026:09:06:16:22:13,3,21,29,1.Free Wi-MESH,b4:5d:50:d7:e9:51,5220,-69,,,,,,,,,,M2012K11C,2212343,RP49
2026:09:06:16:22:13,3,22,29,DLU - WIMESH,b4:5d:50:d7:e9:50,5220,-69,,,,,,,,,,M2012K11C,2212343,RP49
2026:09:06:16:22:13,3,23,29,DLU-Student-Lib,8e:dc:97:12:65:22,5765,-69,,,,,,,,,,M2012K11C,2212343,RP49
2026:09:06:16:22:13,3,24,29,DLU-Teacher,88:dc:97:12:62:d0,5805,-62,,,,,,,,,,M2012K11C,2212343,RP49
2026:09:06:16:22:13,3,25,29,DLU - WIMESH,b4:5d:50:d7:e9:40,2462,-70,,,,,,,,,,M2012K11C,2212343,RP49
2026:09:06:16:22:13,3,26,29,DLU-Student-Lib,8e:dc:97:12:65:2a,2417,-60,,,,,,,,,,M2012K11C,2212343,RP49
2026:09:06:16:22:13,3,27,29,DLU-Teacher,88:dc:97:12:65:22,5765,-69,,,,,,,,,,M2012K11C,2212343,RP49
2026:09:06:16:22:13,3,28,29,DLU-Teacher,88:dc:97:12:65:21,2412,-64,,,,,,,,,,M2012K11C,2212343,RP49
2026:09:06:16:22:13,3,29,29,1.Free Wi-MESH,b4:5d:50:d7:e9:41,2462,-74,,,,,,,,,,M2012K11C,2212343,RP49
2026:09:06:16:23:04,4,1,25,DLU-Teacher,88:dc:97:12:65:57,2412,-61,,,,,,,,,,M2012K11C,2212343,RP49
2026:09:06:16:23:04,4,2,25,DLU-Teacher,88:dc:97:12:64:82,2432,-68,,,,,,,,,,M2012K11C,2212343,RP49
2026:09:06:16:23:04,4,3,25,DLU-Teacher,88:dc:97:12:64:83,5300,-81,,,,,,,,,,M2012K11C,2212343,RP49
2026:09:06:16:23:04,4,4,25,DLU-Student-Lib,8e:dc:97:12:62:c7,5500,-80,,,,,,,,,,M2012K11C,2212343,RP49
2026:09:06:16:23:04,4,5,25,DLU-Teacher,88:dc:97:12:65:2b,5805,-54,,,,,,,,,,M2012K11C,2212343,RP49
2026:09:06:16:23:04,4,6,25,DLU-Teacher,88:dc:97:12:65:2a,2417,-44,,,,,,,,,,M2012K11C,2212343,RP49
2026:09:06:16:23:04,4,7,25,DLU-Student-Lib,8e:dc:97:12:62:d0,5805,-62,,,,,,,,,,M2012K11C,2212343,RP49
2026:09:06:16:23:04,4,8,25,DLU-Student-Lib,8e:dc:97:12:65:63,2452,-65,,,,,,,,,,M2012K11C,2212343,RP49
2026:09:06:16:23:04,4,9,25,DLU-Student-Lib,8e:dc:97:12:65:64,5200,-56,,,,,,,,,,M2012K11C,2212343,RP49
2026:09:06:16:23:04,4,10,25,DLU-Teacher,88:dc:97:12:65:64,5200,-55,,,,,,,,,,M2012K11C,2212343,RP49
2026:09:06:16:23:04,4,11,25,DLU-Teacher,88:dc:97:12:65:63,2452,-66,,,,,,,,,,M2012K11C,2212343,RP49
2026:09:06:16:23:04,4,12,25,DLU-Student-Lib,8e:dc:97:12:65:2b,5805,-53,,,,,,,,,,M2012K11C,2212343,RP49
2026:09:06:16:23:04,4,13,25,DLU-Teacher,88:dc:97:12:62:c7,5500,-80,,,,,,,,,,M2012K11C,2212343,RP49
2026:09:06:16:23:04,4,14,25,DLU-Student-Lib,8e:dc:97:12:64:82,2432,-69,,,,,,,,,,M2012K11C,2212343,RP49
2026:09:06:16:23:04,4,15,25,DLU-Student-Lib,8e:dc:97:12:64:83,5300,-79,,,,,,,,,,M2012K11C,2212343,RP49
2026:09:06:16:23:04,4,16,25,DLU-Student-Lib,8e:dc:97:12:65:57,2412,-60,,,,,,,,,,M2012K11C,2212343,RP49
2026:09:06:16:23:04,4,17,25,DLU-Teacher,88:dc:97:12:62:cf,2412,-55,,,,,,,,,,M2012K11C,2212343,RP49
2026:09:06:16:23:04,4,18,25,1.Free Wi-MESH,b4:5d:50:d7:e9:51,5220,-65,,,,,,,,,,M2012K11C,2212343,RP49
2026:09:06:16:23:04,4,19,25,DLU - WIMESH,b4:5d:50:d7:e9:50,5220,-65,,,,,,,,,,M2012K11C,2212343,RP49
2026:09:06:16:23:04,4,20,25,DLU-Student-Lib,8e:dc:97:12:65:22,5765,-67,,,,,,,,,,M2012K11C,2212343,RP49
2026:09:06:16:23:04,4,21,25,DLU-Teacher,88:dc:97:12:62:d0,5805,-61,,,,,,,,,,M2012K11C,2212343,RP49
2026:09:06:16:23:04,4,22,25,DLU-Student-Lib,8e:dc:97:12:65:2a,2417,-42,,,,,,,,,,M2012K11C,2212343,RP49
2026:09:06:16:23:04,4,23,25,DLU-Teacher,88:dc:97:12:65:22,5765,-66,,,,,,,,,,M2012K11C,2212343,RP49
2026:09:06:16:23:04,4,24,25,DLU-Teacher,88:dc:97:12:65:21,2412,-59,,,,,,,,,,M2012K11C,2212343,RP49
2026:09:06:16:23:04,4,25,25,1.Free Wi-MESH,b4:5d:50:d7:e9:41,2462,-76,,,,,,,,,,M2012K11C,2212343,RP49
2026:09:06:16:23:56,5,1,31,DLU-Teacher,88:dc:97:12:65:57,2412,-59,,,,,,,,,,M2012K11C,2212343,RP49
2026:09:06:16:23:56,5,2,31,DLU-Teacher,88:dc:97:12:64:82,2432,-68,,,,,,,,,,M2012K11C,2212343,RP49
2026:09:06:16:23:56,5,3,31,DLU-Teacher,88:dc:97:12:64:83,5300,-81,,,,,,,,,,M2012K11C,2212343,RP49
2026:09:06:16:23:56,5,4,31,DLU-Student-Lib,8e:dc:97:12:62:c6,2452,-72,,,,,,,,,,M2012K11C,2212343,RP49
2026:09:06:16:23:56,5,5,31,DLU-Teacher,88:dc:97:12:65:2b,5805,-52,,,,,,,,,,M2012K11C,2212343,RP49
2026:09:06:16:23:56,5,6,31,DLU-Teacher,88:dc:97:12:65:2a,2417,-44,,,,,,,,,,M2012K11C,2212343,RP49
2026:09:06:16:23:56,5,7,31,DLU-Student-Lib,8e:dc:97:12:62:d0,5805,-62,,,,,,,,,,M2012K11C,2212343,RP49
2026:09:06:16:23:56,5,8,31,DLU-Student-Lib,8e:dc:97:12:65:63,2452,-67,,,,,,,,,,M2012K11C,2212343,RP49
2026:09:06:16:23:56,5,9,31,DLU-Student-Lib,8e:dc:97:12:65:64,5200,-56,,,,,,,,,,M2012K11C,2212343,RP49
2026:09:06:16:23:56,5,10,31,DLU-Teacher,88:dc:97:12:65:58,5280,-73,,,,,,,,,,M2012K11C,2212343,RP49
2026:09:06:16:23:56,5,11,31,DLU-Teacher,88:dc:97:12:65:64,5200,-56,,,,,,,,,,M2012K11C,2212343,RP49
2026:09:06:16:23:56,5,12,31,DLU-Teacher,88:dc:97:12:65:63,2452,-68,,,,,,,,,,M2012K11C,2212343,RP49
2026:09:06:16:23:56,5,13,31,DLU-Student-Lib,8e:dc:97:12:65:2b,5805,-53,,,,,,,,,,M2012K11C,2212343,RP49
2026:09:06:16:23:56,5,14,31,DLU-Teacher,88:dc:97:12:62:c6,2452,-73,,,,,,,,,,M2012K11C,2212343,RP49
2026:09:06:16:23:56,5,15,31,DLU-Teacher,88:dc:97:12:62:c7,5500,-79,,,,,,,,,,M2012K11C,2212343,RP49
2026:09:06:16:23:56,5,16,31,DLU-Student-Lib,8e:dc:97:12:64:82,2432,-68,,,,,,,,,,M2012K11C,2212343,RP49
2026:09:06:16:23:56,5,17,31,DLU-Student-Lib,8e:dc:97:12:64:83,5300,-80,,,,,,,,,,M2012K11C,2212343,RP49
2026:09:06:16:23:56,5,18,31,DLU-Student-Lib,8e:dc:97:12:65:58,5280,-74,,,,,,,,,,M2012K11C,2212343,RP49
2026:09:06:16:23:56,5,19,31,iPhone (8),b6:40:69:6b:ac:74,2462,-75,,,,,,,,,,M2012K11C,2212343,RP49
2026:09:06:16:23:56,5,20,31,DLU-Teacher,88:dc:97:12:62:cf,2412,-53,,,,,,,,,,M2012K11C,2212343,RP49
2026:09:06:16:23:56,5,21,31,DLU-Student-Lib,8e:dc:97:12:65:21,2412,-59,,,,,,,,,,M2012K11C,2212343,RP49
2026:09:06:16:23:56,5,22,31,DLU-Student-Lib,8e:dc:97:12:62:cf,2412,-54,,,,,,,,,,M2012K11C,2212343,RP49
2026:09:06:16:23:56,5,23,31,1.Free Wi-MESH,b4:5d:50:d7:e9:51,5220,-65,,,,,,,,,,M2012K11C,2212343,RP49
2026:09:06:16:23:56,5,24,31,DLU - WIMESH,b4:5d:50:d7:e9:50,5220,-65,,,,,,,,,,M2012K11C,2212343,RP49
2026:09:06:16:23:56,5,25,31,DLU-Student-Lib,8e:dc:97:12:65:22,5765,-64,,,,,,,,,,M2012K11C,2212343,RP49
2026:09:06:16:23:56,5,26,31,DLU-Teacher,88:dc:97:12:62:d0,5805,-62,,,,,,,,,,M2012K11C,2212343,RP49
2026:09:06:16:23:56,5,27,31,DLU - WIMESH,b4:5d:50:d7:e9:40,2462,-77,,,,,,,,,,M2012K11C,2212343,RP49
2026:09:06:16:23:56,5,28,31,DLU-Student-Lib,8e:dc:97:12:65:2a,2417,-45,,,,,,,,,,M2012K11C,2212343,RP49
2026:09:06:16:23:56,5,29,31,DLU-Teacher,88:dc:97:12:65:22,5765,-65,,,,,,,,,,M2012K11C,2212343,RP49
2026:09:06:16:23:56,5,30,31,DLU-Teacher,88:dc:97:12:65:21,2412,-60,,,,,,,,,,M2012K11C,2212343,RP49
2026:09:06:16:23:56,5,31,31,1.Free Wi-MESH,b4:5d:50:d7:e9:41,2462,-76,,,,,,,,,,M2012K11C,2212343,RP49
2026:09:06:16:24:47,6,1,30,DLU-Teacher,88:dc:97:12:65:54,2427,-76,,,,,,,,,,M2012K11C,2212343,RP49
2026:09:06:16:24:47,6,2,30,DLU-Teacher,88:dc:97:12:64:82,2432,-68,,,,,,,,,,M2012K11C,2212343,RP49
2026:09:06:16:24:47,6,3,30,DLU-Teacher,88:dc:97:12:64:83,5300,-78,,,,,,,,,,M2012K11C,2212343,RP49
2026:09:06:16:24:47,6,4,30,DLU-Student-Lib,8e:dc:97:12:62:c7,5500,-79,,,,,,,,,,M2012K11C,2212343,RP49
2026:09:06:16:24:47,6,5,30,DLU-Student-Lib,8e:dc:97:12:62:c6,2452,-71,,,,,,,,,,M2012K11C,2212343,RP49
2026:09:06:16:24:47,6,6,30,DLU-Teacher,88:dc:97:12:65:2b,5805,-55,,,,,,,,,,M2012K11C,2212343,RP49
2026:09:06:16:24:47,6,7,30,DLU-Teacher,88:dc:97:12:65:2a,2417,-47,,,,,,,,,,M2012K11C,2212343,RP49
2026:09:06:16:24:47,6,8,30,DLU-Student-Lib,8e:dc:97:12:62:d0,5805,-62,,,,,,,,,,M2012K11C,2212343,RP49
2026:09:06:16:24:47,6,9,30,DLU-Student-Lib,8e:dc:97:12:65:63,2452,-66,,,,,,,,,,M2012K11C,2212343,RP49
2026:09:06:16:24:47,6,10,30,DLU-Student-Lib,8e:dc:97:12:65:64,5200,-55,,,,,,,,,,M2012K11C,2212343,RP49
2026:09:06:16:24:47,6,11,30,DLU-Teacher,88:dc:97:12:65:58,5280,-72,,,,,,,,,,M2012K11C,2212343,RP49
2026:09:06:16:24:47,6,12,30,DLU-Teacher,88:dc:97:12:65:64,5200,-55,,,,,,,,,,M2012K11C,2212343,RP49
2026:09:06:16:24:47,6,13,30,DLU-Teacher,88:dc:97:12:65:63,2452,-66,,,,,,,,,,M2012K11C,2212343,RP49
2026:09:06:16:24:47,6,14,30,DLU-Student-Lib,8e:dc:97:12:65:2b,5805,-54,,,,,,,,,,M2012K11C,2212343,RP49
2026:09:06:16:24:47,6,15,30,DLU-Teacher,88:dc:97:12:62:c6,2452,-72,,,,,,,,,,M2012K11C,2212343,RP49
2026:09:06:16:24:47,6,16,30,DLU-Teacher,88:dc:97:12:62:c7,5500,-79,,,,,,,,,,M2012K11C,2212343,RP49
2026:09:06:16:24:47,6,17,30,DLU-Student-Lib,8e:dc:97:12:64:82,2432,-69,,,,,,,,,,M2012K11C,2212343,RP49
2026:09:06:16:24:47,6,18,30,DLU-Student-Lib,8e:dc:97:12:64:83,5300,-80,,,,,,,,,,M2012K11C,2212343,RP49
2026:09:06:16:24:47,6,19,30,DLU-Student-Lib,8e:dc:97:12:65:58,5280,-73,,,,,,,,,,M2012K11C,2212343,RP49
2026:09:06:16:24:47,6,20,30,iPhone (8),b6:40:69:6b:ac:74,2462,-70,,,,,,,,,,M2012K11C,2212343,RP49
2026:09:06:16:24:47,6,21,30,DLU-Teacher,88:dc:97:12:62:cf,2412,-54,,,,,,,,,,M2012K11C,2212343,RP49
2026:09:06:16:24:47,6,22,30,DLU-Student-Lib,8e:dc:97:12:65:21,2412,-62,,,,,,,,,,M2012K11C,2212343,RP49
2026:09:06:16:24:47,6,23,30,DLU-Student-Lib,8e:dc:97:12:62:cf,2412,-54,,,,,,,,,,M2012K11C,2212343,RP49
2026:09:06:16:24:47,6,24,30,1.Free Wi-MESH,b4:5d:50:d7:e9:51,5220,-65,,,,,,,,,,M2012K11C,2212343,RP49
2026:09:06:16:24:47,6,25,30,DLU - WIMESH,b4:5d:50:d7:e9:50,5220,-65,,,,,,,,,,M2012K11C,2212343,RP49
2026:09:06:16:24:47,6,26,30,DLU-Student-Lib,8e:dc:97:12:65:22,5765,-66,,,,,,,,,,M2012K11C,2212343,RP49
2026:09:06:16:24:47,6,27,30,DLU-Teacher,88:dc:97:12:62:d0,5805,-62,,,,,,,,,,M2012K11C,2212343,RP49
2026:09:06:16:24:47,6,28,30,DLU - WIMESH,b4:5d:50:d7:e9:40,2462,-77,,,,,,,,,,M2012K11C,2212343,RP49
2026:09:06:16:24:47,6,29,30,DLU-Teacher,88:dc:97:12:65:22,5765,-65,,,,,,,,,,M2012K11C,2212343,RP49
2026:09:06:16:24:47,6,30,30,DLU-Teacher,88:dc:97:12:65:21,2412,-61,,,,,,,,,,M2012K11C,2212343,RP49
2026:09:06:16:25:38,7,1,30,DLU-Teacher,88:dc:97:12:65:54,2427,-79,,,,,,,,,,M2012K11C,2212343,RP49
2026:09:06:16:25:38,7,2,30,DLU-Teacher,88:dc:97:12:65:57,2412,-61,,,,,,,,,,M2012K11C,2212343,RP49
2026:09:06:16:25:38,7,3,30,DLU-Teacher,88:dc:97:12:64:82,2432,-70,,,,,,,,,,M2012K11C,2212343,RP49
2026:09:06:16:25:38,7,4,30,DLU-Student-Lib,8e:dc:97:12:62:c7,5500,-78,,,,,,,,,,M2012K11C,2212343,RP49
2026:09:06:16:25:38,7,5,30,DLU-Student-Lib,8e:dc:97:12:62:c6,2452,-72,,,,,,,,,,M2012K11C,2212343,RP49
2026:09:06:16:25:38,7,6,30,DLU-Teacher,88:dc:97:12:65:2b,5805,-52,,,,,,,,,,M2012K11C,2212343,RP49
2026:09:06:16:25:38,7,7,30,DLU-Teacher,88:dc:97:12:65:2a,2417,-41,,,,,,,,,,M2012K11C,2212343,RP49
2026:09:06:16:25:38,7,8,30,DLU-Student-Lib,8e:dc:97:12:62:d0,5805,-61,,,,,,,,,,M2012K11C,2212343,RP49
2026:09:06:16:25:38,7,9,30,DLU-Student-Lib,8e:dc:97:12:65:63,2452,-66,,,,,,,,,,M2012K11C,2212343,RP49
2026:09:06:16:25:38,7,10,30,DLU-Student-Lib,8e:dc:97:12:65:64,5200,-57,,,,,,,,,,M2012K11C,2212343,RP49
2026:09:06:16:25:38,7,11,30,DLU-Teacher,88:dc:97:12:65:58,5280,-74,,,,,,,,,,M2012K11C,2212343,RP49
2026:09:06:16:25:38,7,12,30,DLU-Teacher,88:dc:97:12:65:64,5200,-56,,,,,,,,,,M2012K11C,2212343,RP49
2026:09:06:16:25:38,7,13,30,DLU-Teacher,88:dc:97:12:65:63,2452,-66,,,,,,,,,,M2012K11C,2212343,RP49
2026:09:06:16:25:38,7,14,30,DLU-Student-Lib,8e:dc:97:12:65:2b,5805,-52,,,,,,,,,,M2012K11C,2212343,RP49
2026:09:06:16:25:38,7,15,30,DLU-Teacher,88:dc:97:12:62:c6,2452,-71,,,,,,,,,,M2012K11C,2212343,RP49
2026:09:06:16:25:38,7,16,30,DLU-Teacher,88:dc:97:12:62:c7,5500,-79,,,,,,,,,,M2012K11C,2212343,RP49
2026:09:06:16:25:38,7,17,30,DLU-Student-Lib,8e:dc:97:12:64:82,2432,-68,,,,,,,,,,M2012K11C,2212343,RP49
2026:09:06:16:25:38,7,18,30,DLU-Student-Lib,8e:dc:97:12:65:58,5280,-74,,,,,,,,,,M2012K11C,2212343,RP49
2026:09:06:16:25:38,7,19,30,DLU-Student-Lib,8e:dc:97:12:65:57,2412,-59,,,,,,,,,,M2012K11C,2212343,RP49
2026:09:06:16:25:38,7,20,30,iPhone (8),b6:40:69:6b:ac:74,2462,-71,,,,,,,,,,M2012K11C,2212343,RP49
2026:09:06:16:25:38,7,21,30,DLU-Teacher,88:dc:97:12:62:cf,2412,-52,,,,,,,,,,M2012K11C,2212343,RP49
2026:09:06:16:25:38,7,22,30,DLU-Student-Lib,8e:dc:97:12:65:21,2412,-63,,,,,,,,,,M2012K11C,2212343,RP49
2026:09:06:16:25:38,7,23,30,DLU-Student-Lib,8e:dc:97:12:62:cf,2412,-53,,,,,,,,,,M2012K11C,2212343,RP49
2026:09:06:16:25:38,7,24,30,1.Free Wi-MESH,b4:5d:50:d7:e9:51,5220,-65,,,,,,,,,,M2012K11C,2212343,RP49
2026:09:06:16:25:38,7,25,30,DLU - WIMESH,b4:5d:50:d7:e9:50,5220,-65,,,,,,,,,,M2012K11C,2212343,RP49
2026:09:06:16:25:38,7,26,30,DLU-Student-Lib,8e:dc:97:12:65:22,5765,-66,,,,,,,,,,M2012K11C,2212343,RP49
2026:09:06:16:25:38,7,27,30,DLU-Teacher,88:dc:97:12:62:d0,5805,-61,,,,,,,,,,M2012K11C,2212343,RP49
2026:09:06:16:25:38,7,28,30,DLU-Student-Lib,8e:dc:97:12:65:2a,2417,-43,,,,,,,,,,M2012K11C,2212343,RP49
2026:09:06:16:25:38,7,29,30,DLU-Teacher,88:dc:97:12:65:22,5765,-66,,,,,,,,,,M2012K11C,2212343,RP49
2026:09:06:16:25:38,7,30,30,DLU-Teacher,88:dc:97:12:65:21,2412,-62,,,,,,,,,,M2012K11C,2212343,RP49
2026:09:06:16:26:29,8,1,27,DLU-Teacher,88:dc:97:12:65:57,2412,-60,,,,,,,,,,M2012K11C,2212343,RP49
2026:09:06:16:26:29,8,2,27,DLU-Teacher,88:dc:97:12:64:82,2432,-67,,,,,,,,,,M2012K11C,2212343,RP49
2026:09:06:16:26:29,8,3,27,DLU-Teacher,88:dc:97:12:64:83,5300,-79,,,,,,,,,,M2012K11C,2212343,RP49
2026:09:06:16:26:29,8,4,27,DLU-Student-Lib,8e:dc:97:12:62:c7,5500,-80,,,,,,,,,,M2012K11C,2212343,RP49
2026:09:06:16:26:29,8,5,27,DLU-Teacher,88:dc:97:12:65:2b,5805,-54,,,,,,,,,,M2012K11C,2212343,RP49
2026:09:06:16:26:29,8,6,27,DLU-Teacher,88:dc:97:12:65:2a,2417,-46,,,,,,,,,,M2012K11C,2212343,RP49
2026:09:06:16:26:29,8,7,27,DLU-Student-Lib,8e:dc:97:12:62:d0,5805,-62,,,,,,,,,,M2012K11C,2212343,RP49
2026:09:06:16:26:29,8,8,27,DLU-Teacher,88:dc:97:12:65:58,5280,-74,,,,,,,,,,M2012K11C,2212343,RP49
2026:09:06:16:26:29,8,9,27,DLU-Teacher,88:dc:97:12:65:63,2452,-68,,,,,,,,,,M2012K11C,2212343,RP49
2026:09:06:16:26:29,8,10,27,DLU-Student-Lib,8e:dc:97:12:65:2b,5805,-52,,,,,,,,,,M2012K11C,2212343,RP49
2026:09:06:16:26:29,8,11,27,DLU-Teacher,88:dc:97:12:62:c6,2452,-70,,,,,,,,,,M2012K11C,2212343,RP49
2026:09:06:16:26:29,8,12,27,DLU-Teacher,88:dc:97:12:62:c7,5500,-79,,,,,,,,,,M2012K11C,2212343,RP49
2026:09:06:16:26:29,8,13,27,DLU-Student-Lib,8e:dc:97:12:64:82,2432,-68,,,,,,,,,,M2012K11C,2212343,RP49
2026:09:06:16:26:29,8,14,27,DLU-Student-Lib,8e:dc:97:12:64:83,5300,-79,,,,,,,,,,M2012K11C,2212343,RP49
2026:09:06:16:26:29,8,15,27,DLU-Student-Lib,8e:dc:97:12:65:58,5280,-74,,,,,,,,,,M2012K11C,2212343,RP49
2026:09:06:16:26:29,8,16,27,DLU-Student-Lib,8e:dc:97:12:65:57,2412,-60,,,,,,,,,,M2012K11C,2212343,RP49
2026:09:06:16:26:29,8,17,27,DLU-Teacher,88:dc:97:12:62:cf,2412,-53,,,,,,,,,,M2012K11C,2212343,RP49
2026:09:06:16:26:29,8,18,27,DLU-Student-Lib,8e:dc:97:12:65:21,2412,-59,,,,,,,,,,M2012K11C,2212343,RP49
2026:09:06:16:26:29,8,19,27,DLU-Student-Lib,8e:dc:97:12:62:cf,2412,-54,,,,,,,,,,M2012K11C,2212343,RP49
2026:09:06:16:26:29,8,20,27,1.Free Wi-MESH,b4:5d:50:d7:e9:51,5220,-69,,,,,,,,,,M2012K11C,2212343,RP49
2026:09:06:16:26:29,8,21,27,DLU - WIMESH,b4:5d:50:d7:e9:50,5220,-65,,,,,,,,,,M2012K11C,2212343,RP49
2026:09:06:16:26:29,8,22,27,DLU-Student-Lib,8e:dc:97:12:65:22,5765,-66,,,,,,,,,,M2012K11C,2212343,RP49
2026:09:06:16:26:29,8,23,27,DLU - WIMESH,b4:5d:50:d7:e9:40,2462,-71,,,,,,,,,,M2012K11C,2212343,RP49
2026:09:06:16:26:29,8,24,27,DLU-Student-Lib,8e:dc:97:12:65:2a,2417,-46,,,,,,,,,,M2012K11C,2212343,RP49
2026:09:06:16:26:29,8,25,27,DLU-Teacher,88:dc:97:12:65:22,5765,-65,,,,,,,,,,M2012K11C,2212343,RP49
2026:09:06:16:26:29,8,26,27,DLU-Teacher,88:dc:97:12:65:21,2412,-60,,,,,,,,,,M2012K11C,2212343,RP49
2026:09:06:16:26:29,8,27,27,1.Free Wi-MESH,b4:5d:50:d7:e9:41,2462,-70,,,,,,,,,,M2012K11C,2212343,RP49
2026:09:06:16:27:21,9,1,42,DLU-Teacher,88:dc:97:12:65:55,5260,-89,,,,,,,,,,M2012K11C,2212343,RP49
2026:09:06:16:27:21,9,2,42,DLU-Teacher,88:dc:97:12:65:54,2427,-88,,,,,,,,,,M2012K11C,2212343,RP49
2026:09:06:16:27:21,9,3,42,DLU-Teacher,88:dc:97:12:65:57,2412,-61,,,,,,,,,,M2012K11C,2212343,RP49
2026:09:06:16:27:21,9,4,42,DLU-Teacher,88:dc:97:12:64:82,2432,-69,,,,,,,,,,M2012K11C,2212343,RP49
2026:09:06:16:27:21,9,5,42,DLU-Teacher,88:dc:97:12:64:83,5300,-81,,,,,,,,,,M2012K11C,2212343,RP49
2026:09:06:16:27:21,9,6,42,DLU-Student-Lib,8e:dc:97:12:62:c7,5500,-80,,,,,,,,,,M2012K11C,2212343,RP49
2026:09:06:16:27:21,9,7,42,DLU-Student-Lib,8e:dc:97:12:62:c6,2452,-71,,,,,,,,,,M2012K11C,2212343,RP49
2026:09:06:16:27:21,9,8,42,DLU-Teacher,88:dc:97:12:65:2b,5805,-52,,,,,,,,,,M2012K11C,2212343,RP49
2026:09:06:16:27:21,9,9,42,DLU-Teacher,88:dc:97:12:65:2a,2417,-42,,,,,,,,,,M2012K11C,2212343,RP49
2026:09:06:16:27:21,9,10,42,DLU-Student-Lib,8e:dc:97:12:62:d0,5805,-62,,,,,,,,,,M2012K11C,2212343,RP49
2026:09:06:16:27:21,9,11,42,DLU-Student-Lib,8e:dc:97:12:65:63,2452,-67,,,,,,,,,,M2012K11C,2212343,RP49
2026:09:06:16:27:21,9,12,42,DLU-Student-Lib,8e:dc:97:12:65:64,5200,-57,,,,,,,,,,M2012K11C,2212343,RP49
2026:09:06:16:27:21,9,13,42,DLU-Teacher,88:dc:97:12:64:c4,2452,-83,,,,,,,,,,M2012K11C,2212343,RP49
2026:09:06:16:27:21,9,14,42,DLU-Teacher,88:dc:97:12:65:58,5280,-74,,,,,,,,,,M2012K11C,2212343,RP49
2026:09:06:16:27:21,9,15,42,DLU-Student-Lib,8e:dc:97:12:64:c4,2452,-84,,,,,,,,,,M2012K11C,2212343,RP49
2026:09:06:16:27:21,9,16,42,DLU-Teacher,88:dc:97:12:65:64,5200,-57,,,,,,,,,,M2012K11C,2212343,RP49
2026:09:06:16:27:21,9,17,42,DLU-Teacher,88:dc:97:12:65:63,2452,-68,,,,,,,,,,M2012K11C,2212343,RP49
2026:09:06:16:27:21,9,18,42,Khoi Nghiep Dalat,7c:7b:68:f4:d6:70,2442,-84,,,,,,,,,,M2012K11C,2212343,RP49
2026:09:06:16:27:21,9,19,42,DLU-Student-Lib,8e:dc:97:12:65:2b,5805,-53,,,,,,,,,,M2012K11C,2212343,RP49
2026:09:06:16:27:21,9,20,42,DLU-Teacher,88:dc:97:12:62:c6,2452,-72,,,,,,,,,,M2012K11C,2212343,RP49
2026:09:06:16:27:21,9,21,42,DLU-Teacher,88:dc:97:12:62:c7,5500,-80,,,,,,,,,,M2012K11C,2212343,RP49
2026:09:06:16:27:21,9,22,42,DLU-Student-Lib,8e:dc:97:12:64:82,2432,-68,,,,,,,,,,M2012K11C,2212343,RP49
2026:09:06:16:27:21,9,23,42,DLU-Student-Lib,8e:dc:97:12:64:83,5300,-81,,,,,,,,,,M2012K11C,2212343,RP49
2026:09:06:16:27:21,9,24,42,DLU-Student-HTTV,8e:dc:97:12:65:54,2427,-85,,,,,,,,,,M2012K11C,2212343,RP49
2026:09:06:16:27:21,9,25,42,DLU-Student-HTTV,8e:dc:97:12:65:55,5260,-91,,,,,,,,,,M2012K11C,2212343,RP49
2026:09:06:16:27:21,9,26,42,DLU-Student-Lib,8e:dc:97:12:65:58,5280,-74,,,,,,,,,,M2012K11C,2212343,RP49
2026:09:06:16:27:21,9,27,42,DLU-Student-Lib,8e:dc:97:12:65:57,2412,-59,,,,,,,,,,M2012K11C,2212343,RP49
2026:09:06:16:27:21,9,28,42,DLU-Teacher,88:dc:97:12:62:cf,2412,-55,,,,,,,,,,M2012K11C,2212343,RP49
2026:09:06:16:27:21,9,29,42,DLU-Student-Lib,8e:dc:97:12:65:21,2412,-60,,,,,,,,,,M2012K11C,2212343,RP49
2026:09:06:16:27:21,9,30,42,DLU-Student-Lib,8e:dc:97:12:62:cf,2412,-53,,,,,,,,,,M2012K11C,2212343,RP49
2026:09:06:16:27:21,9,31,42,1.Free Wi-MESH,b4:5d:50:d7:e9:51,5220,-65,,,,,,,,,,M2012K11C,2212343,RP49
2026:09:06:16:27:21,9,32,42,DLU - WIMESH,b4:5d:50:d7:e9:50,5220,-67,,,,,,,,,,M2012K11C,2212343,RP49
2026:09:06:16:27:21,9,33,42,DLU-Student-Lib,8e:dc:97:12:62:cc,2422,-89,,,,,,,,,,M2012K11C,2212343,RP49
2026:09:06:16:27:21,9,34,42,DLU-Student-Lib,8e:dc:97:12:65:22,5765,-66,,,,,,,,,,M2012K11C,2212343,RP49
2026:09:06:16:27:21,9,35,42,DLU-Student-HTTV,8e:dc:97:12:63:00,5240,-89,,,,,,,,,,M2012K11C,2212343,RP49
2026:09:06:16:27:21,9,36,42,DLU-Teacher,88:dc:97:12:62:d0,5805,-62,,,,,,,,,,M2012K11C,2212343,RP49
2026:09:06:16:27:21,9,37,42,DLU - WIMESH,b4:5d:50:d7:e9:40,2462,-76,,,,,,,,,,M2012K11C,2212343,RP49
2026:09:06:16:27:21,9,38,42,DLU-Student-Lib,8e:dc:97:12:65:2a,2417,-44,,,,,,,,,,M2012K11C,2212343,RP49
2026:09:06:16:27:21,9,39,42,DLU-Teacher,88:dc:97:12:65:22,5765,-66,,,,,,,,,,M2012K11C,2212343,RP49
2026:09:06:16:27:21,9,40,42,DLU-Teacher,88:dc:97:12:65:21,2412,-59,,,,,,,,,,M2012K11C,2212343,RP49
2026:09:06:16:27:21,9,41,42,DLU-Teacher,88:dc:97:12:63:00,5240,-88,,,,,,,,,,M2012K11C,2212343,RP49
2026:09:06:16:27:21,9,42,42,1.Free Wi-MESH,b4:5d:50:d7:e9:41,2462,-76,,,,,,,,,,M2012K11C,2212343,RP49
2026:09:06:16:28:12,10,1,32,DLU-Teacher,88:dc:97:12:65:57,2412,-59,,,,,,,,,,M2012K11C,2212343,RP49
2026:09:06:16:28:12,10,2,32,DLU-Teacher,88:dc:97:12:64:82,2432,-68,,,,,,,,,,M2012K11C,2212343,RP49
2026:09:06:16:28:12,10,3,32,DLU-Teacher,88:dc:97:12:64:83,5300,-80,,,,,,,,,,M2012K11C,2212343,RP49
2026:09:06:16:28:12,10,4,32,DLU-Student-Lib,8e:dc:97:12:62:c7,5500,-79,,,,,,,,,,M2012K11C,2212343,RP49
2026:09:06:16:28:12,10,5,32,DLU-Student-Lib,8e:dc:97:12:62:c6,2452,-72,,,,,,,,,,M2012K11C,2212343,RP49
2026:09:06:16:28:12,10,6,32,DLU-Teacher,88:dc:97:12:65:2b,5805,-54,,,,,,,,,,M2012K11C,2212343,RP49
2026:09:06:16:28:12,10,7,32,DLU-Teacher,88:dc:97:12:65:2a,2417,-44,,,,,,,,,,M2012K11C,2212343,RP49
2026:09:06:16:28:12,10,8,32,DLU-Student-Lib,8e:dc:97:12:62:d0,5805,-63,,,,,,,,,,M2012K11C,2212343,RP49
2026:09:06:16:28:12,10,9,32,DLU-Student-Lib,8e:dc:97:12:65:63,2452,-68,,,,,,,,,,M2012K11C,2212343,RP49
2026:09:06:16:28:12,10,10,32,DLU-Student-Lib,8e:dc:97:12:65:64,5200,-55,,,,,,,,,,M2012K11C,2212343,RP49
2026:09:06:16:28:12,10,11,32,DLU-Teacher,88:dc:97:12:64:c4,2452,-81,,,,,,,,,,M2012K11C,2212343,RP49
2026:09:06:16:28:12,10,12,32,DLU-Teacher,88:dc:97:12:65:58,5280,-74,,,,,,,,,,M2012K11C,2212343,RP49
2026:09:06:16:28:12,10,13,32,DLU-Teacher,88:dc:97:12:65:64,5200,-55,,,,,,,,,,M2012K11C,2212343,RP49
2026:09:06:16:28:12,10,14,32,DLU-Teacher,88:dc:97:12:65:63,2452,-65,,,,,,,,,,M2012K11C,2212343,RP49
2026:09:06:16:28:12,10,15,32,DLU-Student-Lib,8e:dc:97:12:65:2b,5805,-54,,,,,,,,,,M2012K11C,2212343,RP49
2026:09:06:16:28:12,10,16,32,DLU-Teacher,88:dc:97:12:62:c6,2452,-72,,,,,,,,,,M2012K11C,2212343,RP49
2026:09:06:16:28:12,10,17,32,DLU-Teacher,88:dc:97:12:62:c7,5500,-78,,,,,,,,,,M2012K11C,2212343,RP49
2026:09:06:16:28:12,10,18,32,DLU-Student-Lib,8e:dc:97:12:64:82,2432,-69,,,,,,,,,,M2012K11C,2212343,RP49
2026:09:06:16:28:12,10,19,32,DLU-Student-Lib,8e:dc:97:12:64:83,5300,-80,,,,,,,,,,M2012K11C,2212343,RP49
2026:09:06:16:28:12,10,20,32,DLU-Student-Lib,8e:dc:97:12:65:58,5280,-74,,,,,,,,,,M2012K11C,2212343,RP49
2026:09:06:16:28:12,10,21,32,DLU-Student-Lib,8e:dc:97:12:65:57,2412,-60,,,,,,,,,,M2012K11C,2212343,RP49
2026:09:06:16:28:12,10,22,32,DLU-Teacher,88:dc:97:12:62:cf,2412,-56,,,,,,,,,,M2012K11C,2212343,RP49
2026:09:06:16:28:12,10,23,32,DLU-Student-Lib,8e:dc:97:12:65:21,2412,-61,,,,,,,,,,M2012K11C,2212343,RP49
2026:09:06:16:28:12,10,24,32,DLU-Student-Lib,8e:dc:97:12:62:cf,2412,-55,,,,,,,,,,M2012K11C,2212343,RP49
2026:09:06:16:28:12,10,25,32,1.Free Wi-MESH,b4:5d:50:d7:e9:51,5220,-65,,,,,,,,,,M2012K11C,2212343,RP49
2026:09:06:16:28:12,10,26,32,DLU - WIMESH,b4:5d:50:d7:e9:50,5220,-65,,,,,,,,,,M2012K11C,2212343,RP49
2026:09:06:16:28:12,10,27,32,DLU-Student-Lib,8e:dc:97:12:65:22,5765,-66,,,,,,,,,,M2012K11C,2212343,RP49
2026:09:06:16:28:12,10,28,32,DLU-Teacher,88:dc:97:12:62:d0,5805,-62,,,,,,,,,,M2012K11C,2212343,RP49
2026:09:06:16:28:12,10,29,32,DLU-Student-Lib,8e:dc:97:12:65:2a,2417,-42,,,,,,,,,,M2012K11C,2212343,RP49
2026:09:06:16:28:12,10,30,32,DLU-Teacher,88:dc:97:12:65:22,5765,-66,,,,,,,,,,M2012K11C,2212343,RP49
2026:09:06:16:28:12,10,31,32,DLU-Teacher,88:dc:97:12:65:21,2412,-60,,,,,,,,,,M2012K11C,2212343,RP49
2026:09:06:16:28:12,10,32,32,DLU-Teacher,88:dc:97:12:63:00,5240,-89,,,,,,,,,,M2012K11C,2212343,RP49
2026:09:06:16:29:03,11,1,27,DLU-Teacher,88:dc:97:12:65:55,5260,-91,,,,,,,,,,M2012K11C,2212343,RP49
2026:09:06:16:29:03,11,2,27,DLU-Teacher,88:dc:97:12:65:57,2412,-60,,,,,,,,,,M2012K11C,2212343,RP49
2026:09:06:16:29:03,11,3,27,DLU-Teacher,88:dc:97:12:64:82,2432,-69,,,,,,,,,,M2012K11C,2212343,RP49
2026:09:06:16:29:03,11,4,27,DLU-Student-Lib,8e:dc:97:12:62:c7,5500,-78,,,,,,,,,,M2012K11C,2212343,RP49
2026:09:06:16:29:03,11,5,27,DLU-Student-Lib,8e:dc:97:12:62:c6,2452,-72,,,,,,,,,,M2012K11C,2212343,RP49
2026:09:06:16:29:03,11,6,27,DLU-Teacher,88:dc:97:12:65:2b,5805,-53,,,,,,,,,,M2012K11C,2212343,RP49
2026:09:06:16:29:03,11,7,27,DLU-Teacher,88:dc:97:12:65:2a,2417,-42,,,,,,,,,,M2012K11C,2212343,RP49
2026:09:06:16:29:03,11,8,27,DLU-Student-Lib,8e:dc:97:12:62:d0,5805,-64,,,,,,,,,,M2012K11C,2212343,RP49
2026:09:06:16:29:03,11,9,27,DLU-Student-Lib,8e:dc:97:12:65:63,2452,-66,,,,,,,,,,M2012K11C,2212343,RP49
2026:09:06:16:29:03,11,10,27,DLU-Student-Lib,8e:dc:97:12:65:64,5200,-57,,,,,,,,,,M2012K11C,2212343,RP49
2026:09:06:16:29:03,11,11,27,DLU-Teacher,88:dc:97:12:65:58,5280,-74,,,,,,,,,,M2012K11C,2212343,RP49
2026:09:06:16:29:03,11,12,27,DLU-Teacher,88:dc:97:12:65:64,5200,-56,,,,,,,,,,M2012K11C,2212343,RP49
2026:09:06:16:29:03,11,13,27,DLU-Teacher,88:dc:97:12:65:63,2452,-66,,,,,,,,,,M2012K11C,2212343,RP49
2026:09:06:16:29:03,11,14,27,DLU-Student-Lib,8e:dc:97:12:65:2b,5805,-52,,,,,,,,,,M2012K11C,2212343,RP49
2026:09:06:16:29:03,11,15,27,DLU-Teacher,88:dc:97:12:62:c6,2452,-74,,,,,,,,,,M2012K11C,2212343,RP49
2026:09:06:16:29:03,11,16,27,DLU-Teacher,88:dc:97:12:62:c7,5500,-78,,,,,,,,,,M2012K11C,2212343,RP49
2026:09:06:16:29:03,11,17,27,DLU-Student-Lib,8e:dc:97:12:65:58,5280,-73,,,,,,,,,,M2012K11C,2212343,RP49
2026:09:06:16:29:03,11,18,27,DLU-Student-Lib,8e:dc:97:12:65:57,2412,-61,,,,,,,,,,M2012K11C,2212343,RP49
2026:09:06:16:29:03,11,19,27,iPhone (8),b6:40:69:6b:ac:74,2462,-76,,,,,,,,,,M2012K11C,2212343,RP49
2026:09:06:16:29:03,11,20,27,DLU-Student-Lib,8e:dc:97:12:65:21,2412,-61,,,,,,,,,,M2012K11C,2212343,RP49
2026:09:06:16:29:03,11,21,27,1.Free Wi-MESH,b4:5d:50:d7:e9:51,5220,-65,,,,,,,,,,M2012K11C,2212343,RP49
2026:09:06:16:29:03,11,22,27,DLU - WIMESH,b4:5d:50:d7:e9:50,5220,-65,,,,,,,,,,M2012K11C,2212343,RP49
2026:09:06:16:29:03,11,23,27,DLU-Student-Lib,8e:dc:97:12:65:22,5765,-67,,,,,,,,,,M2012K11C,2212343,RP49
2026:09:06:16:29:03,11,24,27,DLU-Teacher,88:dc:97:12:62:d0,5805,-64,,,,,,,,,,M2012K11C,2212343,RP49
2026:09:06:16:29:03,11,25,27,DLU-Student-Lib,8e:dc:97:12:65:2a,2417,-44,,,,,,,,,,M2012K11C,2212343,RP49
2026:09:06:16:29:03,11,26,27,DLU-Teacher,88:dc:97:12:65:22,5765,-67,,,,,,,,,,M2012K11C,2212343,RP49
2026:09:06:16:29:03,11,27,27,DLU-Teacher,88:dc:97:12:65:21,2412,-59,,,,,,,,,,M2012K11C,2212343,RP49
2026:09:06:16:29:54,12,1,24,DLU-Teacher,88:dc:97:12:65:54,2427,-77,,,,,,,,,,M2012K11C,2212343,RP49
2026:09:06:16:29:54,12,2,24,DLU-Teacher,88:dc:97:12:64:82,2432,-63,,,,,,,,,,M2012K11C,2212343,RP49
2026:09:06:16:29:54,12,3,24,DLU-Student-Lib,8e:dc:97:12:62:c7,5500,-78,,,,,,,,,,M2012K11C,2212343,RP49
2026:09:06:16:29:54,12,4,24,DLU-Teacher,88:dc:97:12:65:2b,5805,-54,,,,,,,,,,M2012K11C,2212343,RP49
2026:09:06:16:29:54,12,5,24,DLU-Teacher,88:dc:97:12:65:2a,2417,-44,,,,,,,,,,M2012K11C,2212343,RP49
2026:09:06:16:29:54,12,6,24,DLU-Student-Lib,8e:dc:97:12:62:d0,5805,-62,,,,,,,,,,M2012K11C,2212343,RP49
2026:09:06:16:29:54,12,7,24,DLU-Student-Lib,8e:dc:97:12:65:63,2452,-66,,,,,,,,,,M2012K11C,2212343,RP49
2026:09:06:16:29:54,12,8,24,DLU-Student-Lib,8e:dc:97:12:65:64,5200,-56,,,,,,,,,,M2012K11C,2212343,RP49
2026:09:06:16:29:54,12,9,24,DLU-Teacher,88:dc:97:12:65:58,5280,-73,,,,,,,,,,M2012K11C,2212343,RP49
2026:09:06:16:29:54,12,10,24,DLU-Teacher,88:dc:97:12:65:64,5200,-55,,,,,,,,,,M2012K11C,2212343,RP49
2026:09:06:16:29:54,12,11,24,DLU-Teacher,88:dc:97:12:65:63,2452,-57,,,,,,,,,,M2012K11C,2212343,RP49
2026:09:06:16:29:54,12,12,24,DLU-Student-Lib,8e:dc:97:12:65:2b,5805,-54,,,,,,,,,,M2012K11C,2212343,RP49
2026:09:06:16:29:54,12,13,24,DLU-Teacher,88:dc:97:12:62:c7,5500,-78,,,,,,,,,,M2012K11C,2212343,RP49
2026:09:06:16:29:54,12,14,24,DLU-Student-Lib,8e:dc:97:12:64:82,2432,-68,,,,,,,,,,M2012K11C,2212343,RP49
2026:09:06:16:29:54,12,15,24,DLU-Student-HTTV,8e:dc:97:12:65:54,2427,-79,,,,,,,,,,M2012K11C,2212343,RP49
2026:09:06:16:29:54,12,16,24,DLU-Student-Lib,8e:dc:97:12:65:58,5280,-73,,,,,,,,,,M2012K11C,2212343,RP49
2026:09:06:16:29:54,12,17,24,DLU-Teacher,88:dc:97:12:62:cf,2412,-57,,,,,,,,,,M2012K11C,2212343,RP49
2026:09:06:16:29:54,12,18,24,DLU-Student-Lib,8e:dc:97:12:62:cf,2412,-57,,,,,,,,,,M2012K11C,2212343,RP49
2026:09:06:16:29:54,12,19,24,1.Free Wi-MESH,b4:5d:50:d7:e9:51,5220,-64,,,,,,,,,,M2012K11C,2212343,RP49
2026:09:06:16:29:54,12,20,24,DLU - WIMESH,b4:5d:50:d7:e9:50,5220,-65,,,,,,,,,,M2012K11C,2212343,RP49
2026:09:06:16:29:54,12,21,24,DLU-Student-Lib,8e:dc:97:12:65:22,5765,-66,,,,,,,,,,M2012K11C,2212343,RP49
2026:09:06:16:29:54,12,22,24,DLU-Teacher,88:dc:97:12:62:d0,5805,-62,,,,,,,,,,M2012K11C,2212343,RP49
2026:09:06:16:29:54,12,23,24,DLU-Student-Lib,8e:dc:97:12:65:2a,2417,-44,,,,,,,,,,M2012K11C,2212343,RP49
2026:09:06:16:29:54,12,24,24,DLU-Teacher,88:dc:97:12:65:22,5765,-66,,,,,,,,,,M2012K11C,2212343,RP49
2026:09:06:16:30:45,13,1,29,DLU-Teacher,88:dc:97:12:65:54,2427,-87,,,,,,,,,,M2012K11C,2212343,RP49
2026:09:06:16:30:45,13,2,29,DLU-Teacher,88:dc:97:12:64:82,2432,-69,,,,,,,,,,M2012K11C,2212343,RP49
2026:09:06:16:30:45,13,3,29,DLU-Student-Lib,8e:dc:97:12:62:c7,5500,-79,,,,,,,,,,M2012K11C,2212343,RP49
2026:09:06:16:30:45,13,4,29,DLU-Student-Lib,8e:dc:97:12:62:c6,2452,-75,,,,,,,,,,M2012K11C,2212343,RP49
2026:09:06:16:30:45,13,5,29,DLU-Teacher,88:dc:97:12:65:2b,5805,-52,,,,,,,,,,M2012K11C,2212343,RP49
2026:09:06:16:30:45,13,6,29,DLU-Teacher,88:dc:97:12:65:2a,2417,-44,,,,,,,,,,M2012K11C,2212343,RP49
2026:09:06:16:30:45,13,7,29,DLU-Student-Lib,8e:dc:97:12:62:d0,5805,-63,,,,,,,,,,M2012K11C,2212343,RP49
2026:09:06:16:30:45,13,8,29,DLU-Student-Lib,8e:dc:97:12:65:63,2452,-65,,,,,,,,,,M2012K11C,2212343,RP49
2026:09:06:16:30:45,13,9,29,DLU-Student-Lib,8e:dc:97:12:65:64,5200,-56,,,,,,,,,,M2012K11C,2212343,RP49
2026:09:06:16:30:45,13,10,29,DLU-Teacher,88:dc:97:12:65:58,5280,-73,,,,,,,,,,M2012K11C,2212343,RP49
2026:09:06:16:30:45,13,11,29,DLU-Student-Lib,8e:dc:97:12:64:c4,2452,-85,,,,,,,,,,M2012K11C,2212343,RP49
2026:09:06:16:30:45,13,12,29,DLU-Teacher,88:dc:97:12:65:64,5200,-55,,,,,,,,,,M2012K11C,2212343,RP49
2026:09:06:16:30:45,13,13,29,DLU-Teacher,88:dc:97:12:65:63,2452,-67,,,,,,,,,,M2012K11C,2212343,RP49
2026:09:06:16:30:45,13,14,29,DLU-Student-Lib,8e:dc:97:12:65:2b,5805,-53,,,,,,,,,,M2012K11C,2212343,RP49
2026:09:06:16:30:45,13,15,29,DLU-Teacher,88:dc:97:12:62:c6,2452,-73,,,,,,,,,,M2012K11C,2212343,RP49
2026:09:06:16:30:45,13,16,29,DLU-Teacher,88:dc:97:12:62:c7,5500,-79,,,,,,,,,,M2012K11C,2212343,RP49
2026:09:06:16:30:45,13,17,29,DLU-Student-Lib,8e:dc:97:12:64:82,2432,-69,,,,,,,,,,M2012K11C,2212343,RP49
2026:09:06:16:30:45,13,18,29,DLU-Student-HTTV,8e:dc:97:12:65:54,2427,-88,,,,,,,,,,M2012K11C,2212343,RP49
2026:09:06:16:30:45,13,19,29,DLU-Student-Lib,8e:dc:97:12:65:58,5280,-73,,,,,,,,,,M2012K11C,2212343,RP49
2026:09:06:16:30:45,13,20,29,DLU-Teacher,88:dc:97:12:62:cf,2412,-55,,,,,,,,,,M2012K11C,2212343,RP49
2026:09:06:16:30:45,13,21,29,DLU-Student-Lib,8e:dc:97:12:65:21,2412,-61,,,,,,,,,,M2012K11C,2212343,RP49
2026:09:06:16:30:45,13,22,29,DLU-Student-Lib,8e:dc:97:12:62:cf,2412,-54,,,,,,,,,,M2012K11C,2212343,RP49
2026:09:06:16:30:45,13,23,29,1.Free Wi-MESH,b4:5d:50:d7:e9:51,5220,-65,,,,,,,,,,M2012K11C,2212343,RP49
2026:09:06:16:30:45,13,24,29,DLU - WIMESH,b4:5d:50:d7:e9:50,5220,-65,,,,,,,,,,M2012K11C,2212343,RP49
2026:09:06:16:30:45,13,25,29,DLU-Student-Lib,8e:dc:97:12:65:22,5765,-66,,,,,,,,,,M2012K11C,2212343,RP49
2026:09:06:16:30:45,13,26,29,DLU-Teacher,88:dc:97:12:62:d0,5805,-63,,,,,,,,,,M2012K11C,2212343,RP49
2026:09:06:16:30:45,13,27,29,DLU-Student-Lib,8e:dc:97:12:65:2a,2417,-44,,,,,,,,,,M2012K11C,2212343,RP49
2026:09:06:16:30:45,13,28,29,DLU-Teacher,88:dc:97:12:65:22,5765,-66,,,,,,,,,,M2012K11C,2212343,RP49
2026:09:06:16:30:45,13,29,29,DLU-Teacher,88:dc:97:12:65:21,2412,-59,,,,,,,,,,M2012K11C,2212343,RP49
2026:09:06:16:31:37,14,1,36,DLU-Teacher,88:dc:97:12:65:57,2412,-68,,,,,,,,,,M2012K11C,2212343,RP49
2026:09:06:16:31:37,14,2,36,DLU-Teacher,88:dc:97:12:64:82,2432,-72,,,,,,,,,,M2012K11C,2212343,RP49
2026:09:06:16:31:37,14,3,36,DLU-Teacher,88:dc:97:12:64:83,5300,-81,,,,,,,,,,M2012K11C,2212343,RP49
2026:09:06:16:31:37,14,4,36,DLU-Student-Lib,8e:dc:97:12:62:c7,5500,-80,,,,,,,,,,M2012K11C,2212343,RP49
2026:09:06:16:31:37,14,5,36,DLU-Student-Lib,8e:dc:97:12:62:c6,2452,-77,,,,,,,,,,M2012K11C,2212343,RP49
2026:09:06:16:31:37,14,6,36,DLU-Teacher,88:dc:97:12:65:2b,5805,-53,,,,,,,,,,M2012K11C,2212343,RP49
2026:09:06:16:31:37,14,7,36,DLU-Teacher,88:dc:97:12:65:2a,2417,-53,,,,,,,,,,M2012K11C,2212343,RP49
2026:09:06:16:31:37,14,8,36,DLU-Student-Lib,8e:dc:97:12:62:d0,5805,-68,,,,,,,,,,M2012K11C,2212343,RP49
2026:09:06:16:31:37,14,9,36,DLU-Student-Lib,8e:dc:97:12:65:63,2452,-64,,,,,,,,,,M2012K11C,2212343,RP49
2026:09:06:16:31:37,14,10,36,DLU-Student-Lib,8e:dc:97:12:65:64,5200,-58,,,,,,,,,,M2012K11C,2212343,RP49
2026:09:06:16:31:37,14,11,36,DLU-Teacher,88:dc:97:12:64:c4,2452,-88,,,,,,,,,,M2012K11C,2212343,RP49
2026:09:06:16:31:37,14,12,36,DLU-Teacher,88:dc:97:12:65:58,5280,-80,,,,,,,,,,M2012K11C,2212343,RP49
2026:09:06:16:31:37,14,13,36,DLU-Student-Lib,8e:dc:97:12:64:c4,2452,-85,,,,,,,,,,M2012K11C,2212343,RP49
2026:09:06:16:31:37,14,14,36,DLU-Teacher,88:dc:97:12:65:64,5200,-58,,,,,,,,,,M2012K11C,2212343,RP49
2026:09:06:16:31:37,14,15,36,DLU-Teacher,88:dc:97:12:65:63,2452,-64,,,,,,,,,,M2012K11C,2212343,RP49
2026:09:06:16:31:37,14,16,36,DLU-Student-Lib,8e:dc:97:12:65:2b,5805,-55,,,,,,,,,,M2012K11C,2212343,RP49
2026:09:06:16:31:37,14,17,36,DLU-Teacher,88:dc:97:12:62:c6,2452,-75,,,,,,,,,,M2012K11C,2212343,RP49
2026:09:06:16:31:37,14,18,36,DLU-Teacher,88:dc:97:12:62:c7,5500,-79,,,,,,,,,,M2012K11C,2212343,RP49
2026:09:06:16:31:37,14,19,36,DLU-Student-Lib,8e:dc:97:12:64:82,2432,-73,,,,,,,,,,M2012K11C,2212343,RP49
2026:09:06:16:31:37,14,20,36,DLU-Student-Lib,8e:dc:97:12:64:83,5300,-81,,,,,,,,,,M2012K11C,2212343,RP49
2026:09:06:16:31:37,14,21,36,DLU-Student-HTTV,8e:dc:97:12:65:54,2427,-81,,,,,,,,,,M2012K11C,2212343,RP49
2026:09:06:16:31:37,14,22,36,DLU-Student-Lib,8e:dc:97:12:65:58,5280,-81,,,,,,,,,,M2012K11C,2212343,RP49
2026:09:06:16:31:37,14,23,36,DLU-Student-Lib,8e:dc:97:12:65:57,2412,-69,,,,,,,,,,M2012K11C,2212343,RP49
2026:09:06:16:31:37,14,24,36,DLU-Teacher,88:dc:97:12:62:cf,2412,-56,,,,,,,,,,M2012K11C,2212343,RP49
2026:09:06:16:31:37,14,25,36,DLU-Student-Lib,8e:dc:97:12:62:cf,2412,-57,,,,,,,,,,M2012K11C,2212343,RP49
2026:09:06:16:31:37,14,26,36,1.Free Wi-MESH,b4:5d:50:d7:e9:51,5220,-66,,,,,,,,,,M2012K11C,2212343,RP49
2026:09:06:16:31:37,14,27,36,DLU - WIMESH,b4:5d:50:d7:e9:50,5220,-66,,,,,,,,,,M2012K11C,2212343,RP49
2026:09:06:16:31:37,14,28,36,DLU-Student-Lib,8e:dc:97:12:65:22,5765,-71,,,,,,,,,,M2012K11C,2212343,RP49
2026:09:06:16:31:37,14,29,36,DLU-Student-HTTV,8e:dc:97:12:63:00,5240,-87,,,,,,,,,,M2012K11C,2212343,RP49
2026:09:06:16:31:37,14,30,36,DLU-Teacher,88:dc:97:12:62:d0,5805,-68,,,,,,,,,,M2012K11C,2212343,RP49
2026:09:06:16:31:37,14,31,36,DLU - WIMESH,b4:5d:50:d7:e9:40,2462,-72,,,,,,,,,,M2012K11C,2212343,RP49
2026:09:06:16:31:37,14,32,36,DLU-Student-Lib,8e:dc:97:12:65:2a,2417,-53,,,,,,,,,,M2012K11C,2212343,RP49
2026:09:06:16:31:37,14,33,36,DLU-Teacher,88:dc:97:12:65:22,5765,-71,,,,,,,,,,M2012K11C,2212343,RP49
2026:09:06:16:31:37,14,34,36,DLU-Teacher,88:dc:97:12:65:21,2412,-68,,,,,,,,,,M2012K11C,2212343,RP49
2026:09:06:16:31:37,14,35,36,DLU-Teacher,88:dc:97:12:63:00,5240,-86,,,,,,,,,,M2012K11C,2212343,RP49
2026:09:06:16:31:37,14,36,36,1.Free Wi-MESH,b4:5d:50:d7:e9:41,2462,-72,,,,,,,,,,M2012K11C,2212343,RP49
2026:09:06:16:32:28,15,1,32,DLU-Teacher,88:dc:97:12:64:82,2432,-70,,,,,,,,,,M2012K11C,2212343,RP49
2026:09:06:16:32:28,15,2,32,DLU-Teacher,88:dc:97:12:64:83,5300,-79,,,,,,,,,,M2012K11C,2212343,RP49
2026:09:06:16:32:28,15,3,32,DLU-Student-Lib,8e:dc:97:12:62:c7,5500,-78,,,,,,,,,,M2012K11C,2212343,RP49
2026:09:06:16:32:28,15,4,32,DLU-Student-Lib,8e:dc:97:12:62:c6,2452,-70,,,,,,,,,,M2012K11C,2212343,RP49
2026:09:06:16:32:28,15,5,32,DLU-Teacher,88:dc:97:12:65:2b,5805,-53,,,,,,,,,,M2012K11C,2212343,RP49
2026:09:06:16:32:28,15,6,32,DLU-Teacher,88:dc:97:12:65:2a,2417,-44,,,,,,,,,,M2012K11C,2212343,RP49
2026:09:06:16:32:28,15,7,32,DLU-Student-Lib,8e:dc:97:12:62:d0,5805,-62,,,,,,,,,,M2012K11C,2212343,RP49
2026:09:06:16:32:28,15,8,32,DLU-Student-Lib,8e:dc:97:12:65:63,2452,-65,,,,,,,,,,M2012K11C,2212343,RP49
2026:09:06:16:32:28,15,9,32,DLU-Student-Lib,8e:dc:97:12:65:64,5200,-56,,,,,,,,,,M2012K11C,2212343,RP49
2026:09:06:16:32:28,15,10,32,DLU-Teacher,88:dc:97:12:65:58,5280,-73,,,,,,,,,,M2012K11C,2212343,RP49
2026:09:06:16:32:28,15,11,32,DLU-Teacher,88:dc:97:12:65:64,5200,-56,,,,,,,,,,M2012K11C,2212343,RP49
2026:09:06:16:32:28,15,12,32,DLU-Teacher,88:dc:97:12:65:63,2452,-65,,,,,,,,,,M2012K11C,2212343,RP49
2026:09:06:16:32:28,15,13,32,DLU-Student-Lib,8e:dc:97:12:65:2b,5805,-53,,,,,,,,,,M2012K11C,2212343,RP49
2026:09:06:16:32:28,15,14,32,DLU-Teacher,88:dc:97:12:62:c6,2452,-72,,,,,,,,,,M2012K11C,2212343,RP49
2026:09:06:16:32:28,15,15,32,DLU-Teacher,88:dc:97:12:62:c7,5500,-78,,,,,,,,,,M2012K11C,2212343,RP49
2026:09:06:16:32:28,15,16,32,DLU-Student-Lib,8e:dc:97:12:64:82,2432,-70,,,,,,,,,,M2012K11C,2212343,RP49
2026:09:06:16:32:28,15,17,32,DLU-Student-Lib,8e:dc:97:12:64:83,5300,-80,,,,,,,,,,M2012K11C,2212343,RP49
2026:09:06:16:32:28,15,18,32,DLU-Student-Lib,8e:dc:97:12:65:58,5280,-73,,,,,,,,,,M2012K11C,2212343,RP49
2026:09:06:16:32:28,15,19,32,Bảo Uyên xinh gái 💗,9a:05:22:19:3f:0e,2437,-86,,,,,,,,,,M2012K11C,2212343,RP49
2026:09:06:16:32:28,15,20,32,iPhone (8),b6:40:69:6b:ac:74,2462,-73,,,,,,,,,,M2012K11C,2212343,RP49
2026:09:06:16:32:28,15,21,32,DLU-Teacher,88:dc:97:12:62:cf,2412,-53,,,,,,,,,,M2012K11C,2212343,RP49
2026:09:06:16:32:28,15,22,32,DLU-Student-Lib,8e:dc:97:12:65:21,2412,-60,,,,,,,,,,M2012K11C,2212343,RP49
2026:09:06:16:32:28,15,23,32,DLU-Student-Lib,8e:dc:97:12:62:cf,2412,-55,,,,,,,,,,M2012K11C,2212343,RP49
2026:09:06:16:32:28,15,24,32,1.Free Wi-MESH,b4:5d:50:d7:e9:51,5220,-65,,,,,,,,,,M2012K11C,2212343,RP49
2026:09:06:16:32:28,15,25,32,DLU - WIMESH,b4:5d:50:d7:e9:50,5220,-65,,,,,,,,,,M2012K11C,2212343,RP49
2026:09:06:16:32:28,15,26,32,DLU-Student-Lib,8e:dc:97:12:65:22,5765,-66,,,,,,,,,,M2012K11C,2212343,RP49
2026:09:06:16:32:28,15,27,32,DLU-Student-HTTV,8e:dc:97:12:63:00,5240,-88,,,,,,,,,,M2012K11C,2212343,RP49
2026:09:06:16:32:28,15,28,32,DLU-Teacher,88:dc:97:12:62:d0,5805,-61,,,,,,,,,,M2012K11C,2212343,RP49
2026:09:06:16:32:28,15,29,32,DLU-Student-Lib,8e:dc:97:12:65:2a,2417,-44,,,,,,,,,,M2012K11C,2212343,RP49
2026:09:06:16:32:28,15,30,32,DLU-Teacher,88:dc:97:12:65:22,5765,-66,,,,,,,,,,M2012K11C,2212343,RP49
2026:09:06:16:32:28,15,31,32,DLU-Teacher,88:dc:97:12:65:21,2412,-60,,,,,,,,,,M2012K11C,2212343,RP49
2026:09:06:16:32:28,15,32,32,DLU-Teacher,88:dc:97:12:63:00,5240,-88,,,,,,,,,,M2012K11C,2212343,RP49
2026:09:06:16:33:19,16,1,35,DLU-Teacher,88:dc:97:12:65:54,2427,-79,,,,,,,,,,M2012K11C,2212343,RP49
2026:09:06:16:33:19,16,2,35,DLU-Teacher,88:dc:97:12:65:57,2412,-59,,,,,,,,,,M2012K11C,2212343,RP49
2026:09:06:16:33:19,16,3,35,DLU-Teacher,88:dc:97:12:64:82,2432,-67,,,,,,,,,,M2012K11C,2212343,RP49
2026:09:06:16:33:19,16,4,35,DLU-Teacher,88:dc:97:12:64:83,5300,-80,,,,,,,,,,M2012K11C,2212343,RP49
2026:09:06:16:33:19,16,5,35,DLU-Student-Lib,8e:dc:97:12:62:c6,2452,-69,,,,,,,,,,M2012K11C,2212343,RP49
2026:09:06:16:33:19,16,6,35,DLU-Teacher,88:dc:97:12:65:2b,5805,-54,,,,,,,,,,M2012K11C,2212343,RP49
2026:09:06:16:33:19,16,7,35,DLU-Teacher,88:dc:97:12:65:2a,2417,-44,,,,,,,,,,M2012K11C,2212343,RP49
2026:09:06:16:33:19,16,8,35,DLU-Student-Lib,8e:dc:97:12:62:d0,5805,-61,,,,,,,,,,M2012K11C,2212343,RP49
2026:09:06:16:33:19,16,9,35,DLU-Student-Lib,8e:dc:97:12:65:63,2452,-66,,,,,,,,,,M2012K11C,2212343,RP49
2026:09:06:16:33:19,16,10,35,DLU-Student-Lib,8e:dc:97:12:65:64,5200,-56,,,,,,,,,,M2012K11C,2212343,RP49
2026:09:06:16:33:19,16,11,35,DLU-Teacher,88:dc:97:12:62:ff,2457,-80,,,,,,,,,,M2012K11C,2212343,RP49
2026:09:06:16:33:19,16,12,35,DLU-Teacher,88:dc:97:12:65:58,5280,-73,,,,,,,,,,M2012K11C,2212343,RP49
2026:09:06:16:33:19,16,13,35,DLU-Teacher,88:dc:97:12:65:64,5200,-56,,,,,,,,,,M2012K11C,2212343,RP49
2026:09:06:16:33:19,16,14,35,DLU-Teacher,88:dc:97:12:65:63,2452,-67,,,,,,,,,,M2012K11C,2212343,RP49
2026:09:06:16:33:19,16,15,35,DLU-Student-Lib,8e:dc:97:12:65:2b,5805,-55,,,,,,,,,,M2012K11C,2212343,RP49
2026:09:06:16:33:19,16,16,35,DLU-Teacher,88:dc:97:12:62:c6,2452,-71,,,,,,,,,,M2012K11C,2212343,RP49
2026:09:06:16:33:19,16,17,35,DLU-Student-Lib,8e:dc:97:12:64:82,2432,-69,,,,,,,,,,M2012K11C,2212343,RP49
2026:09:06:16:33:19,16,18,35,DLU-Student-Lib,8e:dc:97:12:64:83,5300,-79,,,,,,,,,,M2012K11C,2212343,RP49
2026:09:06:16:33:19,16,19,35,DLU-Student-HTTV,8e:dc:97:12:65:54,2427,-78,,,,,,,,,,M2012K11C,2212343,RP49
2026:09:06:16:33:19,16,20,35,DLU-Student-Lib,8e:dc:97:12:65:58,5280,-73,,,,,,,,,,M2012K11C,2212343,RP49
2026:09:06:16:33:19,16,21,35,DLU-Student-Lib,8e:dc:97:12:65:57,2412,-60,,,,,,,,,,M2012K11C,2212343,RP49
2026:09:06:16:33:19,16,22,35,iPhone (8),b6:40:69:6b:ac:74,2462,-72,,,,,,,,,,M2012K11C,2212343,RP49
2026:09:06:16:33:19,16,23,35,DLU-Teacher,88:dc:97:12:62:cf,2412,-54,,,,,,,,,,M2012K11C,2212343,RP49
2026:09:06:16:33:19,16,24,35,DLU-Student-Lib,8e:dc:97:12:65:21,2412,-58,,,,,,,,,,M2012K11C,2212343,RP49
2026:09:06:16:33:19,16,25,35,DLU-Student-Lib,8e:dc:97:12:62:cf,2412,-52,,,,,,,,,,M2012K11C,2212343,RP49
2026:09:06:16:33:19,16,26,35,1.Free Wi-MESH,b4:5d:50:d7:e9:51,5220,-65,,,,,,,,,,M2012K11C,2212343,RP49
2026:09:06:16:33:19,16,27,35,DLU - WIMESH,b4:5d:50:d7:e9:50,5220,-66,,,,,,,,,,M2012K11C,2212343,RP49
2026:09:06:16:33:19,16,28,35,DLU-Student-Lib,8e:dc:97:12:65:22,5765,-66,,,,,,,,,,M2012K11C,2212343,RP49
2026:09:06:16:33:19,16,29,35,DLU-Student-HTTV,8e:dc:97:12:63:00,5240,-87,,,,,,,,,,M2012K11C,2212343,RP49
2026:09:06:16:33:19,16,30,35,DLU-Teacher,88:dc:97:12:62:d0,5805,-62,,,,,,,,,,M2012K11C,2212343,RP49
2026:09:06:16:33:19,16,31,35,DLU - WIMESH,b4:5d:50:d7:e9:40,2462,-76,,,,,,,,,,M2012K11C,2212343,RP49
2026:09:06:16:33:19,16,32,35,DLU-Student-Lib,8e:dc:97:12:65:2a,2417,-41,,,,,,,,,,M2012K11C,2212343,RP49
2026:09:06:16:33:19,16,33,35,DLU-Teacher,88:dc:97:12:65:22,5765,-66,,,,,,,,,,M2012K11C,2212343,RP49
2026:09:06:16:33:19,16,34,35,DLU-Teacher,88:dc:97:12:65:21,2412,-61,,,,,,,,,,M2012K11C,2212343,RP49
2026:09:06:16:33:19,16,35,35,DLU-Teacher,88:dc:97:12:63:00,5240,-88,,,,,,,,,,M2012K11C,2212343,RP49
2026:09:06:16:34:10,17,1,36,DLU-Teacher,88:dc:97:12:65:55,5260,-89,,,,,,,,,,M2012K11C,2212343,RP49
2026:09:06:16:34:10,17,2,36,DLU-Teacher,88:dc:97:12:65:57,2412,-59,,,,,,,,,,M2012K11C,2212343,RP49
2026:09:06:16:34:10,17,3,36,DLU-Teacher,88:dc:97:12:64:82,2432,-69,,,,,,,,,,M2012K11C,2212343,RP49
2026:09:06:16:34:10,17,4,36,DLU-Teacher,88:dc:97:12:64:83,5300,-80,,,,,,,,,,M2012K11C,2212343,RP49
2026:09:06:16:34:10,17,5,36,DLU-Student-Lib,8e:dc:97:12:62:c7,5500,-78,,,,,,,,,,M2012K11C,2212343,RP49
2026:09:06:16:34:10,17,6,36,DLU-Teacher,88:dc:97:12:65:2b,5805,-54,,,,,,,,,,M2012K11C,2212343,RP49
2026:09:06:16:34:10,17,7,36,DLU-Teacher,88:dc:97:12:65:2a,2417,-45,,,,,,,,,,M2012K11C,2212343,RP49
2026:09:06:16:34:10,17,8,36,DLU-Student-Lib,8e:dc:97:12:62:d0,5805,-62,,,,,,,,,,M2012K11C,2212343,RP49
2026:09:06:16:34:10,17,9,36,DLU-Student-Lib,8e:dc:97:12:65:63,2452,-65,,,,,,,,,,M2012K11C,2212343,RP49
2026:09:06:16:34:10,17,10,36,DLU-Student-Lib,8e:dc:97:12:65:64,5200,-56,,,,,,,,,,M2012K11C,2212343,RP49
2026:09:06:16:34:10,17,11,36,DLU-Teacher,88:dc:97:12:65:58,5280,-73,,,,,,,,,,M2012K11C,2212343,RP49
2026:09:06:16:34:10,17,12,36,DLU-Teacher,88:dc:97:12:65:64,5200,-56,,,,,,,,,,M2012K11C,2212343,RP49
2026:09:06:16:34:10,17,13,36,DLU-Teacher,88:dc:97:12:65:63,2452,-65,,,,,,,,,,M2012K11C,2212343,RP49
2026:09:06:16:34:10,17,14,36,DLU-Student-Lib,8e:dc:97:12:65:2b,5805,-54,,,,,,,,,,M2012K11C,2212343,RP49
2026:09:06:16:34:10,17,15,36,DLU-Teacher,88:dc:97:12:62:c7,5500,-78,,,,,,,,,,M2012K11C,2212343,RP49
2026:09:06:16:34:10,17,16,36,DLU-Student-Lib,8e:dc:97:12:64:82,2432,-69,,,,,,,,,,M2012K11C,2212343,RP49
2026:09:06:16:34:10,17,17,36,DLU-Student-Lib,8e:dc:97:12:64:83,5300,-80,,,,,,,,,,M2012K11C,2212343,RP49
2026:09:06:16:34:10,17,18,36,DLU-Student-HTTV,8e:dc:97:12:65:54,2427,-87,,,,,,,,,,M2012K11C,2212343,RP49
2026:09:06:16:34:10,17,19,36,DLU-Student-HTTV,8e:dc:97:12:62:ff,2457,-74,,,,,,,,,,M2012K11C,2212343,RP49
2026:09:06:16:34:10,17,20,36,DLU-Student-Lib,8e:dc:97:12:65:58,5280,-73,,,,,,,,,,M2012K11C,2212343,RP49
2026:09:06:16:34:10,17,21,36,DLU-Student-Lib,8e:dc:97:12:65:57,2412,-58,,,,,,,,,,M2012K11C,2212343,RP49
2026:09:06:16:34:10,17,22,36,iPhone (8),b6:40:69:6b:ac:74,2462,-72,,,,,,,,,,M2012K11C,2212343,RP49
2026:09:06:16:34:10,17,23,36,DLU-Teacher,88:dc:97:12:62:cf,2412,-55,,,,,,,,,,M2012K11C,2212343,RP49
2026:09:06:16:34:10,17,24,36,DLU-Student-Lib,8e:dc:97:12:65:21,2412,-60,,,,,,,,,,M2012K11C,2212343,RP49
2026:09:06:16:34:10,17,25,36,DLU-Student-Lib,8e:dc:97:12:62:cf,2412,-55,,,,,,,,,,M2012K11C,2212343,RP49
2026:09:06:16:34:10,17,26,36,1.Free Wi-MESH,b4:5d:50:d7:e9:51,5220,-65,,,,,,,,,,M2012K11C,2212343,RP49
2026:09:06:16:34:10,17,27,36,DLU - WIMESH,b4:5d:50:d7:e9:50,5220,-65,,,,,,,,,,M2012K11C,2212343,RP49
2026:09:06:16:34:10,17,28,36,DLU-Student-Lib,8e:dc:97:12:65:22,5765,-65,,,,,,,,,,M2012K11C,2212343,RP49
2026:09:06:16:34:10,17,29,36,DLU-Student-HTTV,8e:dc:97:12:63:00,5240,-88,,,,,,,,,,M2012K11C,2212343,RP49
2026:09:06:16:34:10,17,30,36,DLU-Teacher,88:dc:97:12:62:d0,5805,-62,,,,,,,,,,M2012K11C,2212343,RP49
2026:09:06:16:34:10,17,31,36,DLU - WIMESH,b4:5d:50:d7:e9:40,2462,-75,,,,,,,,,,M2012K11C,2212343,RP49
2026:09:06:16:34:10,17,32,36,DLU-Student-Lib,8e:dc:97:12:65:2a,2417,-45,,,,,,,,,,M2012K11C,2212343,RP49
2026:09:06:16:34:10,17,33,36,DLU-Teacher,88:dc:97:12:65:22,5765,-66,,,,,,,,,,M2012K11C,2212343,RP49
2026:09:06:16:34:10,17,34,36,DLU-Teacher,88:dc:97:12:65:21,2412,-60,,,,,,,,,,M2012K11C,2212343,RP49
2026:09:06:16:34:10,17,35,36,DLU-Teacher,88:dc:97:12:63:00,5240,-88,,,,,,,,,,M2012K11C,2212343,RP49
2026:09:06:16:34:10,17,36,36,1.Free Wi-MESH,b4:5d:50:d7:e9:41,2462,-73,,,,,,,,,,M2012K11C,2212343,RP49
2026:09:06:16:35:01,18,1,32,DLU-Teacher,88:dc:97:12:65:57,2412,-60,,,,,,,,,,M2012K11C,2212343,RP49
2026:09:06:16:35:01,18,2,32,DLU-Teacher,88:dc:97:12:64:82,2432,-69,,,,,,,,,,M2012K11C,2212343,RP49
2026:09:06:16:35:01,18,3,32,DLU-Teacher,88:dc:97:12:64:83,5300,-80,,,,,,,,,,M2012K11C,2212343,RP49
2026:09:06:16:35:01,18,4,32,DLU-Student-Lib,8e:dc:97:12:62:c7,5500,-78,,,,,,,,,,M2012K11C,2212343,RP49
2026:09:06:16:35:01,18,5,32,DLU-Student-Lib,8e:dc:97:12:62:c6,2452,-73,,,,,,,,,,M2012K11C,2212343,RP49
2026:09:06:16:35:01,18,6,32,DLU-Teacher,88:dc:97:12:65:2b,5805,-53,,,,,,,,,,M2012K11C,2212343,RP49
2026:09:06:16:35:01,18,7,32,DLU-Teacher,88:dc:97:12:65:2a,2417,-43,,,,,,,,,,M2012K11C,2212343,RP49
2026:09:06:16:35:01,18,8,32,DLU-Student-Lib,8e:dc:97:12:62:d0,5805,-62,,,,,,,,,,M2012K11C,2212343,RP49
2026:09:06:16:35:01,18,9,32,DLU-Student-Lib,8e:dc:97:12:65:63,2452,-66,,,,,,,,,,M2012K11C,2212343,RP49
2026:09:06:16:35:01,18,10,32,DLU-Student-Lib,8e:dc:97:12:65:64,5200,-57,,,,,,,,,,M2012K11C,2212343,RP49
2026:09:06:16:35:01,18,11,32,DLU-Teacher,88:dc:97:12:65:58,5280,-73,,,,,,,,,,M2012K11C,2212343,RP49
2026:09:06:16:35:01,18,12,32,DLU-Teacher,88:dc:97:12:65:64,5200,-57,,,,,,,,,,M2012K11C,2212343,RP49
2026:09:06:16:35:01,18,13,32,DLU-Teacher,88:dc:97:12:65:63,2452,-65,,,,,,,,,,M2012K11C,2212343,RP49
2026:09:06:16:35:01,18,14,32,Khoi Nghiep Dalat,7c:7b:68:f4:d6:70,2442,-84,,,,,,,,,,M2012K11C,2212343,RP49
2026:09:06:16:35:01,18,15,32,DLU-Student-Lib,8e:dc:97:12:65:2b,5805,-54,,,,,,,,,,M2012K11C,2212343,RP49
2026:09:06:16:35:01,18,16,32,DLU-Teacher,88:dc:97:12:62:c6,2452,-73,,,,,,,,,,M2012K11C,2212343,RP49
2026:09:06:16:35:01,18,17,32,DLU-Teacher,88:dc:97:12:62:c7,5500,-78,,,,,,,,,,M2012K11C,2212343,RP49
2026:09:06:16:35:01,18,18,32,DLU-Student-Lib,8e:dc:97:12:64:82,2432,-68,,,,,,,,,,M2012K11C,2212343,RP49
2026:09:06:16:35:01,18,19,32,DLU-Student-Lib,8e:dc:97:12:64:83,5300,-80,,,,,,,,,,M2012K11C,2212343,RP49
2026:09:06:16:35:01,18,20,32,DLU-Student-HTTV,8e:dc:97:12:65:55,5260,-92,,,,,,,,,,M2012K11C,2212343,RP49
2026:09:06:16:35:01,18,21,32,DLU-Student-Lib,8e:dc:97:12:65:58,5280,-72,,,,,,,,,,M2012K11C,2212343,RP49
2026:09:06:16:35:01,18,22,32,DLU-Student-Lib,8e:dc:97:12:65:57,2412,-58,,,,,,,,,,M2012K11C,2212343,RP49
2026:09:06:16:35:01,18,23,32,DLU-Teacher,88:dc:97:12:62:cf,2412,-57,,,,,,,,,,M2012K11C,2212343,RP49
2026:09:06:16:35:01,18,24,32,DLU-Student-Lib,8e:dc:97:12:65:21,2412,-61,,,,,,,,,,M2012K11C,2212343,RP49
2026:09:06:16:35:01,18,25,32,DLU-Student-Lib,8e:dc:97:12:62:cf,2412,-56,,,,,,,,,,M2012K11C,2212343,RP49
2026:09:06:16:35:01,18,26,32,1.Free Wi-MESH,b4:5d:50:d7:e9:51,5220,-65,,,,,,,,,,M2012K11C,2212343,RP49
2026:09:06:16:35:01,18,27,32,DLU - WIMESH,b4:5d:50:d7:e9:50,5220,-64,,,,,,,,,,M2012K11C,2212343,RP49
2026:09:06:16:35:01,18,28,32,DLU-Student-HTTV,8e:dc:97:12:63:00,5240,-88,,,,,,,,,,M2012K11C,2212343,RP49
2026:09:06:16:35:01,18,29,32,DLU-Teacher,88:dc:97:12:62:d0,5805,-62,,,,,,,,,,M2012K11C,2212343,RP49
2026:09:06:16:35:01,18,30,32,DLU - WIMESH,b4:5d:50:d7:e9:40,2462,-72,,,,,,,,,,M2012K11C,2212343,RP49
2026:09:06:16:35:01,18,31,32,DLU-Student-Lib,8e:dc:97:12:65:2a,2417,-43,,,,,,,,,,M2012K11C,2212343,RP49
2026:09:06:16:35:01,18,32,32,DLU-Teacher,88:dc:97:12:65:21,2412,-62,,,,,,,,,,M2012K11C,2212343,RP49
2026:09:06:16:35:53,19,1,32,DLU-Teacher,88:dc:97:12:65:57,2412,-61,,,,,,,,,,M2012K11C,2212343,RP49
2026:09:06:16:35:53,19,2,32,DLU-Teacher,88:dc:97:12:64:83,5300,-80,,,,,,,,,,M2012K11C,2212343,RP49
2026:09:06:16:35:53,19,3,32,DLU-Student-Lib,8e:dc:97:12:62:c7,5500,-78,,,,,,,,,,M2012K11C,2212343,RP49
2026:09:06:16:35:53,19,4,32,DLU-Student-Lib,8e:dc:97:12:62:c6,2452,-72,,,,,,,,,,M2012K11C,2212343,RP49
2026:09:06:16:35:53,19,5,32,DLU-Teacher,88:dc:97:12:65:2b,5805,-54,,,,,,,,,,M2012K11C,2212343,RP49
2026:09:06:16:35:53,19,6,32,DLU-Teacher,88:dc:97:12:65:2a,2417,-43,,,,,,,,,,M2012K11C,2212343,RP49
2026:09:06:16:35:53,19,7,32,DLU-Student-Lib,8e:dc:97:12:62:d0,5805,-61,,,,,,,,,,M2012K11C,2212343,RP49
2026:09:06:16:35:53,19,8,32,DLU-Student-Lib,8e:dc:97:12:65:63,2452,-65,,,,,,,,,,M2012K11C,2212343,RP49
2026:09:06:16:35:53,19,9,32,DLU-Student-Lib,8e:dc:97:12:65:64,5200,-56,,,,,,,,,,M2012K11C,2212343,RP49
2026:09:06:16:35:53,19,10,32,DLU-Teacher,88:dc:97:12:64:c4,2452,-84,,,,,,,,,,M2012K11C,2212343,RP49
2026:09:06:16:35:53,19,11,32,DLU-Teacher,88:dc:97:12:65:58,5280,-73,,,,,,,,,,M2012K11C,2212343,RP49
2026:09:06:16:35:53,19,12,32,DLU-Student-Lib,8e:dc:97:12:64:c4,2452,-83,,,,,,,,,,M2012K11C,2212343,RP49
2026:09:06:16:35:53,19,13,32,DLU-Teacher,88:dc:97:12:65:64,5200,-56,,,,,,,,,,M2012K11C,2212343,RP49
2026:09:06:16:35:53,19,14,32,DLU-Teacher,88:dc:97:12:65:63,2452,-66,,,,,,,,,,M2012K11C,2212343,RP49
2026:09:06:16:35:53,19,15,32,Khoi Nghiep Dalat,7c:7b:68:f4:d6:70,2442,-84,,,,,,,,,,M2012K11C,2212343,RP49
2026:09:06:16:35:53,19,16,32,DLU-Student-Lib,8e:dc:97:12:65:2b,5805,-54,,,,,,,,,,M2012K11C,2212343,RP49
2026:09:06:16:35:53,19,17,32,DLU-Teacher,88:dc:97:12:62:c6,2452,-71,,,,,,,,,,M2012K11C,2212343,RP49
2026:09:06:16:35:53,19,18,32,DLU-Teacher,88:dc:97:12:62:c7,5500,-78,,,,,,,,,,M2012K11C,2212343,RP49
2026:09:06:16:35:53,19,19,32,DLU-Student-Lib,8e:dc:97:12:64:83,5300,-79,,,,,,,,,,M2012K11C,2212343,RP49
2026:09:06:16:35:53,19,20,32,DLU-Student-HTTV,8e:dc:97:12:65:55,5260,-90,,,,,,,,,,M2012K11C,2212343,RP49
2026:09:06:16:35:53,19,21,32,DLU-Student-Lib,8e:dc:97:12:65:58,5280,-72,,,,,,,,,,M2012K11C,2212343,RP49
2026:09:06:16:35:53,19,22,32,DLU-Student-Lib,8e:dc:97:12:65:57,2412,-60,,,,,,,,,,M2012K11C,2212343,RP49
2026:09:06:16:35:53,19,23,32,DLU-Teacher,88:dc:97:12:62:cf,2412,-55,,,,,,,,,,M2012K11C,2212343,RP49
2026:09:06:16:35:53,19,24,32,DLU-Student-Lib,8e:dc:97:12:65:21,2412,-60,,,,,,,,,,M2012K11C,2212343,RP49
2026:09:06:16:35:53,19,25,32,1.Free Wi-MESH,b4:5d:50:d7:e9:51,5220,-65,,,,,,,,,,M2012K11C,2212343,RP49
2026:09:06:16:35:53,19,26,32,DLU - WIMESH,b4:5d:50:d7:e9:50,5220,-66,,,,,,,,,,M2012K11C,2212343,RP49
2026:09:06:16:35:53,19,27,32,DLU-Student-Lib,8e:dc:97:12:65:22,5765,-66,,,,,,,,,,M2012K11C,2212343,RP49
2026:09:06:16:35:53,19,28,32,DLU-Teacher,88:dc:97:12:62:d0,5805,-61,,,,,,,,,,M2012K11C,2212343,RP49
2026:09:06:16:35:53,19,29,32,DLU-Student-Lib,8e:dc:97:12:65:2a,2417,-42,,,,,,,,,,M2012K11C,2212343,RP49
2026:09:06:16:35:53,19,30,32,DLU-Teacher,88:dc:97:12:65:22,5765,-67,,,,,,,,,,M2012K11C,2212343,RP49
2026:09:06:16:35:53,19,31,32,DLU-Teacher,88:dc:97:12:65:21,2412,-60,,,,,,,,,,M2012K11C,2212343,RP49
2026:09:06:16:35:53,19,32,32,DLU-Teacher,88:dc:97:12:63:00,5240,-83,,,,,,,,,,M2012K11C,2212343,RP49
2026:09:06:16:36:44,20,1,34,DLU-Teacher,88:dc:97:12:65:57,2412,-71,,,,,,,,,,M2012K11C,2212343,RP49
2026:09:06:16:36:44,20,2,34,DLU-Teacher,88:dc:97:12:64:83,5300,-81,,,,,,,,,,M2012K11C,2212343,RP49
2026:09:06:16:36:44,20,3,34,DLU-Student-Lib,8e:dc:97:12:62:c7,5500,-79,,,,,,,,,,M2012K11C,2212343,RP49
2026:09:06:16:36:44,20,4,34,DLU-Student-Lib,8e:dc:97:12:62:c6,2452,-73,,,,,,,,,,M2012K11C,2212343,RP49
2026:09:06:16:36:44,20,5,34,DLU-Teacher,88:dc:97:12:65:2b,5805,-54,,,,,,,,,,M2012K11C,2212343,RP49
2026:09:06:16:36:44,20,6,34,DLU-Teacher,88:dc:97:12:65:2a,2417,-58,,,,,,,,,,M2012K11C,2212343,RP49
2026:09:06:16:36:44,20,7,34,DLU-Student-Lib,8e:dc:97:12:62:d0,5805,-64,,,,,,,,,,M2012K11C,2212343,RP49
2026:09:06:16:36:44,20,8,34,DLU-Student-Lib,8e:dc:97:12:65:63,2452,-66,,,,,,,,,,M2012K11C,2212343,RP49
2026:09:06:16:36:44,20,9,34,DLU-Student-Lib,8e:dc:97:12:65:64,5200,-55,,,,,,,,,,M2012K11C,2212343,RP49
2026:09:06:16:36:44,20,10,34,DLU-Teacher,88:dc:97:12:64:c4,2452,-84,,,,,,,,,,M2012K11C,2212343,RP49
2026:09:06:16:36:44,20,11,34,DLU-Teacher,88:dc:97:12:65:58,5280,-82,,,,,,,,,,M2012K11C,2212343,RP49
2026:09:06:16:36:44,20,12,34,DLU-Teacher,88:dc:97:12:65:64,5200,-55,,,,,,,,,,M2012K11C,2212343,RP49
2026:09:06:16:36:44,20,13,34,DLU-Teacher,88:dc:97:12:65:63,2452,-67,,,,,,,,,,M2012K11C,2212343,RP49
2026:09:06:16:36:44,20,14,34,DLU-Student-Lib,8e:dc:97:12:65:2b,5805,-54,,,,,,,,,,M2012K11C,2212343,RP49
2026:09:06:16:36:44,20,15,34,DLU-Teacher,88:dc:97:12:62:c6,2452,-73,,,,,,,,,,M2012K11C,2212343,RP49
2026:09:06:16:36:44,20,16,34,DLU-Teacher,88:dc:97:12:62:c7,5500,-78,,,,,,,,,,M2012K11C,2212343,RP49
2026:09:06:16:36:44,20,17,34,DLU-Student-Lib,8e:dc:97:12:64:83,5300,-80,,,,,,,,,,M2012K11C,2212343,RP49
2026:09:06:16:36:44,20,18,34,DLU-Student-Lib,8e:dc:97:12:65:58,5280,-82,,,,,,,,,,M2012K11C,2212343,RP49
2026:09:06:16:36:44,20,19,34,DLU-Student-Lib,8e:dc:97:12:65:57,2412,-72,,,,,,,,,,M2012K11C,2212343,RP49
2026:09:06:16:36:44,20,20,34,iPhone (8),b6:40:69:6b:ac:74,2462,-78,,,,,,,,,,M2012K11C,2212343,RP49
2026:09:06:16:36:44,20,21,34,DLU-Teacher,88:dc:97:12:62:cf,2412,-58,,,,,,,,,,M2012K11C,2212343,RP49
2026:09:06:16:36:44,20,22,34,DLU-Student-Lib,8e:dc:97:12:65:21,2412,-61,,,,,,,,,,M2012K11C,2212343,RP49
2026:09:06:16:36:44,20,23,34,DLU-Student-Lib,8e:dc:97:12:62:cf,2412,-56,,,,,,,,,,M2012K11C,2212343,RP49
2026:09:06:16:36:44,20,24,34,1.Free Wi-MESH,b4:5d:50:d7:e9:51,5220,-64,,,,,,,,,,M2012K11C,2212343,RP49
2026:09:06:16:36:44,20,25,34,DLU - WIMESH,b4:5d:50:d7:e9:50,5220,-65,,,,,,,,,,M2012K11C,2212343,RP49
2026:09:06:16:36:44,20,26,34,DLU-Student-Lib,8e:dc:97:12:65:22,5765,-72,,,,,,,,,,M2012K11C,2212343,RP49
2026:09:06:16:36:44,20,27,34,DLU-Student-HTTV,8e:dc:97:12:63:00,5240,-89,,,,,,,,,,M2012K11C,2212343,RP49
2026:09:06:16:36:44,20,28,34,DLU-Teacher,88:dc:97:12:62:d0,5805,-65,,,,,,,,,,M2012K11C,2212343,RP49
2026:09:06:16:36:44,20,29,34,DLU - WIMESH,b4:5d:50:d7:e9:40,2462,-73,,,,,,,,,,M2012K11C,2212343,RP49
2026:09:06:16:36:44,20,30,34,DLU-Student-Lib,8e:dc:97:12:65:2a,2417,-58,,,,,,,,,,M2012K11C,2212343,RP49
2026:09:06:16:36:44,20,31,34,DLU-Teacher,88:dc:97:12:65:22,5765,-71,,,,,,,,,,M2012K11C,2212343,RP49
2026:09:06:16:36:44,20,32,34,DLU-Teacher,88:dc:97:12:65:21,2412,-61,,,,,,,,,,M2012K11C,2212343,RP49
2026:09:06:16:36:44,20,33,34,DLU-Teacher,88:dc:97:12:63:00,5240,-88,,,,,,,,,,M2012K11C,2212343,RP49
2026:09:06:16:36:44,20,34,34,1.Free Wi-MESH,b4:5d:50:d7:e9:41,2462,-72,,,,,,,,,,M2012K11C,2212343,RP49
2026:09:06:15:59:52,1,1,28,DLU-Teacher,88:dc:97:12:64:82,2432,-64,,,,,,,,,,M2012K11C,2212343,RP50
2026:09:06:15:59:52,1,2,28,DLU-Teacher,88:dc:97:12:64:83,5300,-77,,,,,,,,,,M2012K11C,2212343,RP50
2026:09:06:15:59:52,1,3,28,DLU-Student-Lib,8e:dc:97:12:62:c7,5500,-69,,,,,,,,,,M2012K11C,2212343,RP50
2026:09:06:15:59:52,1,4,28,DLU-Teacher,88:dc:97:12:65:2b,5805,-45,,,,,,,,,,M2012K11C,2212343,RP50
2026:09:06:15:59:52,1,5,28,DLU-Teacher,88:dc:97:12:65:2a,2417,-39,,,,,,,,,,M2012K11C,2212343,RP50
2026:09:06:15:59:52,1,6,28,DLU-Student-Lib,8e:dc:97:12:62:d0,5805,-65,,,,,,,,,,M2012K11C,2212343,RP50
2026:09:06:15:59:52,1,7,28,DLU-Student-Lib,8e:dc:97:12:65:63,2452,-66,,,,,,,,,,M2012K11C,2212343,RP50
2026:09:06:15:59:52,1,8,28,DLU-Student-Lib,8e:dc:97:12:65:64,5200,-66,,,,,,,,,,M2012K11C,2212343,RP50
2026:09:06:15:59:52,1,9,28,DLU-Teacher,88:dc:97:12:64:c5,5180,-89,,,,,,,,,,M2012K11C,2212343,RP50
2026:09:06:15:59:52,1,10,28,DLU-Teacher,88:dc:97:12:65:58,5280,-71,,,,,,,,,,M2012K11C,2212343,RP50
2026:09:06:15:59:52,1,11,28,DLU-Student-Lib,8e:dc:97:12:64:c5,5180,-89,,,,,,,,,,M2012K11C,2212343,RP50
2026:09:06:15:59:52,1,12,28,DLU-Teacher,88:dc:97:12:65:64,5200,-66,,,,,,,,,,M2012K11C,2212343,RP50
2026:09:06:15:59:52,1,13,28,DLU-Student-Lib,8e:dc:97:12:65:2b,5805,-43,,,,,,,,,,M2012K11C,2212343,RP50
2026:09:06:15:59:52,1,14,28,DLU-Teacher,88:dc:97:12:62:c7,5500,-69,,,,,,,,,,M2012K11C,2212343,RP50
2026:09:06:15:59:52,1,15,28,DLU-Student-Lib,8e:dc:97:12:64:83,5300,-76,,,,,,,,,,M2012K11C,2212343,RP50
2026:09:06:15:59:52,1,16,28,DLU-Student-Lib,8e:dc:97:12:65:58,5280,-71,,,,,,,,,,M2012K11C,2212343,RP50
2026:09:06:15:59:52,1,17,28,DLU-Teacher,88:dc:97:12:62:cf,2412,-60,,,,,,,,,,M2012K11C,2212343,RP50
2026:09:06:15:59:52,1,18,28,DLU-Student-Lib,8e:dc:97:12:65:21,2412,-52,,,,,,,,,,M2012K11C,2212343,RP50
2026:09:06:15:59:52,1,19,28,1.Free Wi-MESH,b4:5d:50:d7:e9:51,5220,-74,,,,,,,,,,M2012K11C,2212343,RP50
2026:09:06:15:59:52,1,20,28,DLU - WIMESH,b4:5d:50:d7:e9:50,5220,-74,,,,,,,,,,M2012K11C,2212343,RP50
2026:09:06:15:59:52,1,21,28,DLU-Student-Lib,8e:dc:97:12:65:22,5765,-66,,,,,,,,,,M2012K11C,2212343,RP50
2026:09:06:15:59:52,1,22,28,DLU-Student-HTTV,8e:dc:97:12:63:00,5240,-89,,,,,,,,,,M2012K11C,2212343,RP50
2026:09:06:15:59:52,1,23,28,DLU-Teacher,88:dc:97:12:62:d0,5805,-65,,,,,,,,,,M2012K11C,2212343,RP50
2026:09:06:15:59:52,1,24,28,DLU - WIMESH,b4:5d:50:d7:e9:40,2462,-72,,,,,,,,,,M2012K11C,2212343,RP50
2026:09:06:15:59:52,1,25,28,DLU-Student-Lib,8e:dc:97:12:65:2a,2417,-39,,,,,,,,,,M2012K11C,2212343,RP50
2026:09:06:15:59:52,1,26,28,DLU-Teacher,88:dc:97:12:65:22,5765,-66,,,,,,,,,,M2012K11C,2212343,RP50
2026:09:06:15:59:52,1,27,28,DLU-Teacher,88:dc:97:12:65:21,2412,-52,,,,,,,,,,M2012K11C,2212343,RP50
2026:09:06:15:59:52,1,28,28,DLU-Teacher,88:dc:97:12:63:00,5240,-87,,,,,,,,,,M2012K11C,2212343,RP50
2026:09:06:16:00:43,2,1,29,DLU-Teacher,88:dc:97:12:64:82,2432,-56,,,,,,,,,,M2012K11C,2212343,RP50
2026:09:06:16:00:43,2,2,29,DLU-Teacher,88:dc:97:12:64:83,5300,-74,,,,,,,,,,M2012K11C,2212343,RP50
2026:09:06:16:00:43,2,3,29,DLU-Student-Lib,8e:dc:97:12:62:c7,5500,-76,,,,,,,,,,M2012K11C,2212343,RP50
2026:09:06:16:00:43,2,4,29,DLU-Teacher,88:dc:97:12:65:2b,5805,-49,,,,,,,,,,M2012K11C,2212343,RP50
2026:09:06:16:00:43,2,5,29,DLU-Teacher,88:dc:97:12:65:2a,2417,-40,,,,,,,,,,M2012K11C,2212343,RP50
2026:09:06:16:00:43,2,6,29,DLU-Student-Lib,8e:dc:97:12:62:d0,5805,-66,,,,,,,,,,M2012K11C,2212343,RP50
2026:09:06:16:00:43,2,7,29,DLU-Student-Lib,8e:dc:97:12:65:63,2452,-68,,,,,,,,,,M2012K11C,2212343,RP50
2026:09:06:16:00:43,2,8,29,DLU-Student-Lib,8e:dc:97:12:65:64,5200,-63,,,,,,,,,,M2012K11C,2212343,RP50
2026:09:06:16:00:43,2,9,29,DLU-Teacher,88:dc:97:12:64:c5,5180,-73,,,,,,,,,,M2012K11C,2212343,RP50
2026:09:06:16:00:43,2,10,29,DLU-Teacher,88:dc:97:12:65:58,5280,-61,,,,,,,,,,M2012K11C,2212343,RP50
2026:09:06:16:00:43,2,11,29,DLU-Student-Lib,8e:dc:97:12:64:c5,5180,-74,,,,,,,,,,M2012K11C,2212343,RP50
2026:09:06:16:00:43,2,12,29,DLU-Teacher,88:dc:97:12:65:64,5200,-63,,,,,,,,,,M2012K11C,2212343,RP50
2026:09:06:16:00:43,2,13,29,DLU-Teacher,88:dc:97:12:65:63,2452,-65,,,,,,,,,,M2012K11C,2212343,RP50
2026:09:06:16:00:43,2,14,29,DLU-Student-Lib,8e:dc:97:12:65:2b,5805,-43,,,,,,,,,,M2012K11C,2212343,RP50
2026:09:06:16:00:43,2,15,29,DLU-Teacher,88:dc:97:12:62:c7,5500,-75,,,,,,,,,,M2012K11C,2212343,RP50
2026:09:06:16:00:43,2,16,29,DLU-Student-Lib,8e:dc:97:12:64:82,2432,-62,,,,,,,,,,M2012K11C,2212343,RP50
2026:09:06:16:00:43,2,17,29,DLU-Student-Lib,8e:dc:97:12:64:83,5300,-74,,,,,,,,,,M2012K11C,2212343,RP50
2026:09:06:16:00:43,2,18,29,DLU-Student-Lib,8e:dc:97:12:65:58,5280,-62,,,,,,,,,,M2012K11C,2212343,RP50
2026:09:06:16:00:43,2,19,29,DLU-Teacher,88:dc:97:12:62:cf,2412,-63,,,,,,,,,,M2012K11C,2212343,RP50
2026:09:06:16:00:43,2,20,29,DLU-Student-Lib,8e:dc:97:12:65:21,2412,-43,,,,,,,,,,M2012K11C,2212343,RP50
2026:09:06:16:00:43,2,21,29,DLU-Student-Lib,8e:dc:97:12:62:cf,2412,-63,,,,,,,,,,M2012K11C,2212343,RP50
2026:09:06:16:00:43,2,22,29,1.Free Wi-MESH,b4:5d:50:d7:e9:51,5220,-73,,,,,,,,,,M2012K11C,2212343,RP50
2026:09:06:16:00:43,2,23,29,DLU - WIMESH,b4:5d:50:d7:e9:50,5220,-73,,,,,,,,,,M2012K11C,2212343,RP50
2026:09:06:16:00:43,2,24,29,DLU-Student-Lib,8e:dc:97:12:65:22,5765,-53,,,,,,,,,,M2012K11C,2212343,RP50
2026:09:06:16:00:43,2,25,29,DLU-Teacher,88:dc:97:12:62:d0,5805,-66,,,,,,,,,,M2012K11C,2212343,RP50
2026:09:06:16:00:43,2,26,29,DLU - WIMESH,b4:5d:50:d7:e9:40,2462,-74,,,,,,,,,,M2012K11C,2212343,RP50
2026:09:06:16:00:43,2,27,29,DLU-Student-Lib,8e:dc:97:12:65:2a,2417,-40,,,,,,,,,,M2012K11C,2212343,RP50
2026:09:06:16:00:43,2,28,29,DLU-Teacher,88:dc:97:12:65:22,5765,-53,,,,,,,,,,M2012K11C,2212343,RP50
2026:09:06:16:00:43,2,29,29,DLU-Teacher,88:dc:97:12:65:21,2412,-43,,,,,,,,,,M2012K11C,2212343,RP50
2026:09:06:16:01:34,3,1,30,DLU-Teacher,88:dc:97:12:65:57,2412,-56,,,,,,,,,,M2012K11C,2212343,RP50
2026:09:06:16:01:34,3,2,30,DLU-Teacher,88:dc:97:12:64:82,2432,-68,,,,,,,,,,M2012K11C,2212343,RP50
2026:09:06:16:01:34,3,3,30,DLU-Teacher,88:dc:97:12:64:83,5300,-78,,,,,,,,,,M2012K11C,2212343,RP50
2026:09:06:16:01:34,3,4,30,DLU-Student-Lib,8e:dc:97:12:62:c7,5500,-84,,,,,,,,,,M2012K11C,2212343,RP50
2026:09:06:16:01:34,3,5,30,DLU-Teacher,88:dc:97:12:65:2b,5805,-44,,,,,,,,,,M2012K11C,2212343,RP50
2026:09:06:16:01:34,3,6,30,DLU-Teacher,88:dc:97:12:65:2a,2417,-40,,,,,,,,,,M2012K11C,2212343,RP50
2026:09:06:16:01:34,3,7,30,DLU-Student-Lib,8e:dc:97:12:62:d0,5805,-65,,,,,,,,,,M2012K11C,2212343,RP50
2026:09:06:16:01:34,3,8,30,DLU-Student-Lib,8e:dc:97:12:65:63,2452,-74,,,,,,,,,,M2012K11C,2212343,RP50
2026:09:06:16:01:34,3,9,30,DLU-Student-Lib,8e:dc:97:12:65:64,5200,-65,,,,,,,,,,M2012K11C,2212343,RP50
2026:09:06:16:01:34,3,10,30,DLU-Teacher,88:dc:97:12:64:c5,5180,-82,,,,,,,,,,M2012K11C,2212343,RP50
2026:09:06:16:01:34,3,11,30,DLU-Teacher,88:dc:97:12:65:58,5280,-70,,,,,,,,,,M2012K11C,2212343,RP50
2026:09:06:16:01:34,3,12,30,DLU-Student-Lib,8e:dc:97:12:64:c5,5180,-81,,,,,,,,,,M2012K11C,2212343,RP50
2026:09:06:16:01:34,3,13,30,DLU-Teacher,88:dc:97:12:65:64,5200,-64,,,,,,,,,,M2012K11C,2212343,RP50
2026:09:06:16:01:34,3,14,30,DLU-Teacher,88:dc:97:12:65:63,2452,-74,,,,,,,,,,M2012K11C,2212343,RP50
2026:09:06:16:01:34,3,15,30,DLU-Student-Lib,8e:dc:97:12:65:2b,5805,-43,,,,,,,,,,M2012K11C,2212343,RP50
2026:09:06:16:01:34,3,16,30,DLU-Teacher,88:dc:97:12:62:c6,2452,-71,,,,,,,,,,M2012K11C,2212343,RP50
2026:09:06:16:01:34,3,17,30,DLU-Teacher,88:dc:97:12:62:c7,5500,-86,,,,,,,,,,M2012K11C,2212343,RP50
2026:09:06:16:01:34,3,18,30,DLU-Student-Lib,8e:dc:97:12:64:82,2432,-68,,,,,,,,,,M2012K11C,2212343,RP50
2026:09:06:16:01:34,3,19,30,DLU-Student-Lib,8e:dc:97:12:64:83,5300,-78,,,,,,,,,,M2012K11C,2212343,RP50
2026:09:06:16:01:34,3,20,30,DLU-Student-Lib,8e:dc:97:12:65:58,5280,-65,,,,,,,,,,M2012K11C,2212343,RP50
2026:09:06:16:01:34,3,21,30,DLU-Student-Lib,8e:dc:97:12:65:57,2412,-57,,,,,,,,,,M2012K11C,2212343,RP50
2026:09:06:16:01:34,3,22,30,DLU-Student-Lib,8e:dc:97:12:65:21,2412,-45,,,,,,,,,,M2012K11C,2212343,RP50
2026:09:06:16:01:34,3,23,30,1.Free Wi-MESH,b4:5d:50:d7:e9:51,5220,-76,,,,,,,,,,M2012K11C,2212343,RP50
2026:09:06:16:01:34,3,24,30,DLU - WIMESH,b4:5d:50:d7:e9:50,5220,-76,,,,,,,,,,M2012K11C,2212343,RP50
2026:09:06:16:01:34,3,25,30,DLU-Student-Lib,8e:dc:97:12:65:22,5765,-57,,,,,,,,,,M2012K11C,2212343,RP50
2026:09:06:16:01:34,3,26,30,DLU-Teacher,88:dc:97:12:62:d0,5805,-64,,,,,,,,,,M2012K11C,2212343,RP50
2026:09:06:16:01:34,3,27,30,DLU - WIMESH,b4:5d:50:d7:e9:40,2462,-70,,,,,,,,,,M2012K11C,2212343,RP50
2026:09:06:16:01:34,3,28,30,DLU-Student-Lib,8e:dc:97:12:65:2a,2417,-42,,,,,,,,,,M2012K11C,2212343,RP50
2026:09:06:16:01:34,3,29,30,DLU-Teacher,88:dc:97:12:65:22,5765,-57,,,,,,,,,,M2012K11C,2212343,RP50
2026:09:06:16:01:34,3,30,30,DLU-Teacher,88:dc:97:12:65:21,2412,-44,,,,,,,,,,M2012K11C,2212343,RP50
2026:09:06:16:02:25,4,1,26,DLU-Teacher,88:dc:97:12:64:82,2432,-57,,,,,,,,,,M2012K11C,2212343,RP50
2026:09:06:16:02:25,4,2,26,DLU-Teacher,88:dc:97:12:64:83,5300,-78,,,,,,,,,,M2012K11C,2212343,RP50
2026:09:06:16:02:25,4,3,26,DLU-Student-Lib,8e:dc:97:12:62:c7,5500,-78,,,,,,,,,,M2012K11C,2212343,RP50
2026:09:06:16:02:25,4,4,26,DLU-Teacher,88:dc:97:12:65:2b,5805,-40,,,,,,,,,,M2012K11C,2212343,RP50
2026:09:06:16:02:25,4,5,26,DLU-Teacher,88:dc:97:12:65:2a,2417,-39,,,,,,,,,,M2012K11C,2212343,RP50
2026:09:06:16:02:25,4,6,26,DLU-Student-Lib,8e:dc:97:12:62:d0,5805,-64,,,,,,,,,,M2012K11C,2212343,RP50
2026:09:06:16:02:25,4,7,26,DLU-Student-Lib,8e:dc:97:12:65:63,2452,-61,,,,,,,,,,M2012K11C,2212343,RP50
2026:09:06:16:02:25,4,8,26,DLU-Student-Lib,8e:dc:97:12:65:64,5200,-66,,,,,,,,,,M2012K11C,2212343,RP50
2026:09:06:16:02:25,4,9,26,DLU-Teacher,88:dc:97:12:64:c4,2452,-71,,,,,,,,,,M2012K11C,2212343,RP50
2026:09:06:16:02:25,4,10,26,DLU-Teacher,88:dc:97:12:64:c5,5180,-86,,,,,,,,,,M2012K11C,2212343,RP50
2026:09:06:16:02:25,4,11,26,DLU-Teacher,88:dc:97:12:65:58,5280,-66,,,,,,,,,,M2012K11C,2212343,RP50
2026:09:06:16:02:25,4,12,26,DLU-Student-Lib,8e:dc:97:12:64:c5,5180,-87,,,,,,,,,,M2012K11C,2212343,RP50
2026:09:06:16:02:25,4,13,26,DLU-Teacher,88:dc:97:12:65:64,5200,-66,,,,,,,,,,M2012K11C,2212343,RP50
2026:09:06:16:02:25,4,14,26,DLU-Teacher,88:dc:97:12:65:63,2452,-60,,,,,,,,,,M2012K11C,2212343,RP50
2026:09:06:16:02:25,4,15,26,DLU-Student-Lib,8e:dc:97:12:65:2b,5805,-40,,,,,,,,,,M2012K11C,2212343,RP50
2026:09:06:16:02:25,4,16,26,DLU-Teacher,88:dc:97:12:62:c7,5500,-78,,,,,,,,,,M2012K11C,2212343,RP50
2026:09:06:16:02:25,4,17,26,DLU-Student-Lib,8e:dc:97:12:64:83,5300,-78,,,,,,,,,,M2012K11C,2212343,RP50
2026:09:06:16:02:25,4,18,26,DLU-Student-Lib,8e:dc:97:12:65:58,5280,-66,,,,,,,,,,M2012K11C,2212343,RP50
2026:09:06:16:02:25,4,19,26,1.Free Wi-MESH,b4:5d:50:d7:e9:51,5220,-71,,,,,,,,,,M2012K11C,2212343,RP50
2026:09:06:16:02:25,4,20,26,DLU - WIMESH,b4:5d:50:d7:e9:50,5220,-71,,,,,,,,,,M2012K11C,2212343,RP50
2026:09:06:16:02:25,4,21,26,DLU-Student-Lib,8e:dc:97:12:65:22,5765,-65,,,,,,,,,,M2012K11C,2212343,RP50
2026:09:06:16:02:25,4,22,26,DLU-Teacher,88:dc:97:12:62:d0,5805,-63,,,,,,,,,,M2012K11C,2212343,RP50
2026:09:06:16:02:25,4,23,26,DLU - WIMESH,b4:5d:50:d7:e9:40,2462,-73,,,,,,,,,,M2012K11C,2212343,RP50
2026:09:06:16:02:25,4,24,26,DLU-Student-Lib,8e:dc:97:12:65:2a,2417,-39,,,,,,,,,,M2012K11C,2212343,RP50
2026:09:06:16:02:25,4,25,26,DLU-Teacher,88:dc:97:12:65:22,5765,-65,,,,,,,,,,M2012K11C,2212343,RP50
2026:09:06:16:02:25,4,26,26,1.Free Wi-MESH,b4:5d:50:d7:e9:41,2462,-73,,,,,,,,,,M2012K11C,2212343,RP50
2026:09:06:16:03:17,5,1,29,DLU-Teacher,88:dc:97:12:64:82,2432,-61,,,,,,,,,,M2012K11C,2212343,RP50
2026:09:06:16:03:17,5,2,29,DLU-Teacher,88:dc:97:12:64:83,5300,-75,,,,,,,,,,M2012K11C,2212343,RP50
2026:09:06:16:03:17,5,3,29,DLU-Student-Lib,8e:dc:97:12:62:c7,5500,-77,,,,,,,,,,M2012K11C,2212343,RP50
2026:09:06:16:03:17,5,4,29,DLU-Teacher,88:dc:97:12:65:2b,5805,-44,,,,,,,,,,M2012K11C,2212343,RP50
2026:09:06:16:03:17,5,5,29,DLU-Teacher,88:dc:97:12:65:2a,2417,-39,,,,,,,,,,M2012K11C,2212343,RP50
2026:09:06:16:03:17,5,6,29,DLU-Student-Lib,8e:dc:97:12:62:d0,5805,-65,,,,,,,,,,M2012K11C,2212343,RP50
2026:09:06:16:03:17,5,7,29,DLU-Student-Lib,8e:dc:97:12:65:64,5200,-65,,,,,,,,,,M2012K11C,2212343,RP50
2026:09:06:16:03:17,5,8,29,DLU-Teacher,88:dc:97:12:64:c5,5180,-73,,,,,,,,,,M2012K11C,2212343,RP50
2026:09:06:16:03:17,5,9,29,DLU-Teacher,88:dc:97:12:65:58,5280,-62,,,,,,,,,,M2012K11C,2212343,RP50
2026:09:06:16:03:17,5,10,29,DLU-Student-Lib,8e:dc:97:12:64:c5,5180,-73,,,,,,,,,,M2012K11C,2212343,RP50
2026:09:06:16:03:17,5,11,29,DLU-Teacher,88:dc:97:12:65:64,5200,-65,,,,,,,,,,M2012K11C,2212343,RP50
2026:09:06:16:03:17,5,12,29,DLU-Teacher,88:dc:97:12:65:63,2452,-63,,,,,,,,,,M2012K11C,2212343,RP50
2026:09:06:16:03:17,5,13,29,DLU-Student-Lib,8e:dc:97:12:65:2b,5805,-44,,,,,,,,,,M2012K11C,2212343,RP50
2026:09:06:16:03:17,5,14,29,DLU-Teacher,88:dc:97:12:62:c6,2452,-74,,,,,,,,,,M2012K11C,2212343,RP50
2026:09:06:16:03:17,5,15,29,DLU-Teacher,88:dc:97:12:62:c7,5500,-77,,,,,,,,,,M2012K11C,2212343,RP50
2026:09:06:16:03:17,5,16,29,DLU-Student-Lib,8e:dc:97:12:64:82,2432,-62,,,,,,,,,,M2012K11C,2212343,RP50
2026:09:06:16:03:17,5,17,29,DLU-Student-Lib,8e:dc:97:12:64:83,5300,-75,,,,,,,,,,M2012K11C,2212343,RP50
2026:09:06:16:03:17,5,18,29,DLU-Student-Lib,8e:dc:97:12:65:58,5280,-62,,,,,,,,,,M2012K11C,2212343,RP50
2026:09:06:16:03:17,5,19,29,DLU-Teacher,88:dc:97:12:62:cf,2412,-66,,,,,,,,,,M2012K11C,2212343,RP50
2026:09:06:16:03:17,5,20,29,DLU-Student-Lib,8e:dc:97:12:65:21,2412,-46,,,,,,,,,,M2012K11C,2212343,RP50
2026:09:06:16:03:17,5,21,29,DLU-Student-Lib,8e:dc:97:12:62:cf,2412,-67,,,,,,,,,,M2012K11C,2212343,RP50
2026:09:06:16:03:17,5,22,29,1.Free Wi-MESH,b4:5d:50:d7:e9:51,5220,-75,,,,,,,,,,M2012K11C,2212343,RP50
2026:09:06:16:03:17,5,23,29,DLU - WIMESH,b4:5d:50:d7:e9:50,5220,-75,,,,,,,,,,M2012K11C,2212343,RP50
2026:09:06:16:03:17,5,24,29,DLU-Student-Lib,8e:dc:97:12:65:22,5765,-54,,,,,,,,,,M2012K11C,2212343,RP50
2026:09:06:16:03:17,5,25,29,DLU-Teacher,88:dc:97:12:62:d0,5805,-65,,,,,,,,,,M2012K11C,2212343,RP50
2026:09:06:16:03:17,5,26,29,DLU - WIMESH,b4:5d:50:d7:e9:40,2462,-72,,,,,,,,,,M2012K11C,2212343,RP50
2026:09:06:16:03:17,5,27,29,DLU-Student-Lib,8e:dc:97:12:65:2a,2417,-38,,,,,,,,,,M2012K11C,2212343,RP50
2026:09:06:16:03:17,5,28,29,DLU-Teacher,88:dc:97:12:65:22,5765,-54,,,,,,,,,,M2012K11C,2212343,RP50
2026:09:06:16:03:17,5,29,29,DLU-Teacher,88:dc:97:12:65:21,2412,-44,,,,,,,,,,M2012K11C,2212343,RP50
2026:09:06:16:04:08,6,1,28,DLU-Teacher,88:dc:97:12:65:57,2412,-54,,,,,,,,,,M2012K11C,2212343,RP50
2026:09:06:16:04:08,6,2,28,DLU-Teacher,88:dc:97:12:64:83,5300,-74,,,,,,,,,,M2012K11C,2212343,RP50
2026:09:06:16:04:08,6,3,28,DLU-Student-Lib,8e:dc:97:12:62:c7,5500,-77,,,,,,,,,,M2012K11C,2212343,RP50
2026:09:06:16:04:08,6,4,28,DLU-Teacher,88:dc:97:12:65:2b,5805,-52,,,,,,,,,,M2012K11C,2212343,RP50
2026:09:06:16:04:08,6,5,28,DLU-Teacher,88:dc:97:12:65:2a,2417,-42,,,,,,,,,,M2012K11C,2212343,RP50
2026:09:06:16:04:08,6,6,28,DLU-Student-Lib,8e:dc:97:12:62:d0,5805,-65,,,,,,,,,,M2012K11C,2212343,RP50
2026:09:06:16:04:08,6,7,28,DLU-Student-Lib,8e:dc:97:12:65:63,2452,-63,,,,,,,,,,M2012K11C,2212343,RP50
2026:09:06:16:04:08,6,8,28,DLU-Student-Lib,8e:dc:97:12:65:64,5200,-62,,,,,,,,,,M2012K11C,2212343,RP50
2026:09:06:16:04:08,6,9,28,DLU-Teacher,88:dc:97:12:64:c5,5180,-74,,,,,,,,,,M2012K11C,2212343,RP50
2026:09:06:16:04:08,6,10,28,DLU-Teacher,88:dc:97:12:65:58,5280,-62,,,,,,,,,,M2012K11C,2212343,RP50
2026:09:06:16:04:08,6,11,28,DLU-Student-Lib,8e:dc:97:12:64:c5,5180,-74,,,,,,,,,,M2012K11C,2212343,RP50
2026:09:06:16:04:08,6,12,28,DLU-Teacher,88:dc:97:12:65:64,5200,-62,,,,,,,,,,M2012K11C,2212343,RP50
2026:09:06:16:04:08,6,13,28,DLU-Student-Lib,8e:dc:97:12:65:2b,5805,-41,,,,,,,,,,M2012K11C,2212343,RP50
2026:09:06:16:04:08,6,14,28,DLU-Teacher,88:dc:97:12:62:c7,5500,-77,,,,,,,,,,M2012K11C,2212343,RP50
2026:09:06:16:04:08,6,15,28,DLU-Student-Lib,8e:dc:97:12:64:83,5300,-74,,,,,,,,,,M2012K11C,2212343,RP50
2026:09:06:16:04:08,6,16,28,DLU-Student-Lib,8e:dc:97:12:65:58,5280,-62,,,,,,,,,,M2012K11C,2212343,RP50
2026:09:06:16:04:08,6,17,28,DLU-Student-Lib,8e:dc:97:12:65:57,2412,-54,,,,,,,,,,M2012K11C,2212343,RP50
2026:09:06:16:04:08,6,18,28,DLU-Teacher,88:dc:97:12:62:cf,2412,-66,,,,,,,,,,M2012K11C,2212343,RP50
2026:09:06:16:04:08,6,19,28,DLU-Student-Lib,8e:dc:97:12:65:21,2412,-45,,,,,,,,,,M2012K11C,2212343,RP50
2026:09:06:16:04:08,6,20,28,1.Free Wi-MESH,b4:5d:50:d7:e9:51,5220,-74,,,,,,,,,,M2012K11C,2212343,RP50
2026:09:06:16:04:08,6,21,28,DLU - WIMESH,b4:5d:50:d7:e9:50,5220,-74,,,,,,,,,,M2012K11C,2212343,RP50
2026:09:06:16:04:08,6,22,28,DLU-Student-Lib,8e:dc:97:12:65:22,5765,-51,,,,,,,,,,M2012K11C,2212343,RP50
2026:09:06:16:04:08,6,23,28,DLU-Teacher,88:dc:97:12:62:d0,5805,-65,,,,,,,,,,M2012K11C,2212343,RP50
2026:09:06:16:04:08,6,24,28,DLU - WIMESH,b4:5d:50:d7:e9:40,2462,-72,,,,,,,,,,M2012K11C,2212343,RP50
2026:09:06:16:04:08,6,25,28,DLU-Student-Lib,8e:dc:97:12:65:2a,2417,-40,,,,,,,,,,M2012K11C,2212343,RP50
2026:09:06:16:04:08,6,26,28,DLU-Teacher,88:dc:97:12:65:22,5765,-52,,,,,,,,,,M2012K11C,2212343,RP50
2026:09:06:16:04:08,6,27,28,DLU-Teacher,88:dc:97:12:65:21,2412,-42,,,,,,,,,,M2012K11C,2212343,RP50
2026:09:06:16:04:08,6,28,28,1.Free Wi-MESH,b4:5d:50:d7:e9:41,2462,-71,,,,,,,,,,M2012K11C,2212343,RP50
2026:09:06:16:04:59,7,1,32,DLU-Teacher,88:dc:97:12:65:57,2412,-49,,,,,,,,,,M2012K11C,2212343,RP50
2026:09:06:16:04:59,7,2,32,DLU-Teacher,88:dc:97:12:64:82,2432,-62,,,,,,,,,,M2012K11C,2212343,RP50
2026:09:06:16:04:59,7,3,32,DLU-Teacher,88:dc:97:12:64:83,5300,-75,,,,,,,,,,M2012K11C,2212343,RP50
2026:09:06:16:04:59,7,4,32,DLU-Student-Lib,8e:dc:97:12:62:c7,5500,-78,,,,,,,,,,M2012K11C,2212343,RP50
2026:09:06:16:04:59,7,5,32,DLU-Teacher,88:dc:97:12:65:2b,5805,-42,,,,,,,,,,M2012K11C,2212343,RP50
2026:09:06:16:04:59,7,6,32,DLU-Teacher,88:dc:97:12:65:2a,2417,-39,,,,,,,,,,M2012K11C,2212343,RP50
2026:09:06:16:04:59,7,7,32,DLU-Student-Lib,8e:dc:97:12:62:d0,5805,-66,,,,,,,,,,M2012K11C,2212343,RP50
2026:09:06:16:04:59,7,8,32,DLU-Student-Lib,8e:dc:97:12:65:63,2452,-61,,,,,,,,,,M2012K11C,2212343,RP50
2026:09:06:16:04:59,7,9,32,DLU-Student-Lib,8e:dc:97:12:65:64,5200,-64,,,,,,,,,,M2012K11C,2212343,RP50
2026:09:06:16:04:59,7,10,32,DLU-Teacher,88:dc:97:12:64:c5,5180,-74,,,,,,,,,,M2012K11C,2212343,RP50
2026:09:06:16:04:59,7,11,32,DLU-Teacher,88:dc:97:12:65:58,5280,-62,,,,,,,,,,M2012K11C,2212343,RP50
2026:09:06:16:04:59,7,12,32,DLU-Student-Lib,8e:dc:97:12:64:c5,5180,-73,,,,,,,,,,M2012K11C,2212343,RP50
2026:09:06:16:04:59,7,13,32,DLU-Teacher,88:dc:97:12:65:64,5200,-64,,,,,,,,,,M2012K11C,2212343,RP50
2026:09:06:16:04:59,7,14,32,DLU-Teacher,88:dc:97:12:65:63,2452,-60,,,,,,,,,,M2012K11C,2212343,RP50
2026:09:06:16:04:59,7,15,32,DLU-Student-Lib,8e:dc:97:12:65:2b,5805,-43,,,,,,,,,,M2012K11C,2212343,RP50
2026:09:06:16:04:59,7,16,32,DLU-Teacher,88:dc:97:12:62:c6,2452,-71,,,,,,,,,,M2012K11C,2212343,RP50
2026:09:06:16:04:59,7,17,32,DLU-Teacher,88:dc:97:12:62:c7,5500,-77,,,,,,,,,,M2012K11C,2212343,RP50
2026:09:06:16:04:59,7,18,32,DLU-Student-Lib,8e:dc:97:12:64:82,2432,-62,,,,,,,,,,M2012K11C,2212343,RP50
2026:09:06:16:04:59,7,19,32,DLU-Student-Lib,8e:dc:97:12:64:83,5300,-76,,,,,,,,,,M2012K11C,2212343,RP50
2026:09:06:16:04:59,7,20,32,DLU-Student-Lib,8e:dc:97:12:65:58,5280,-62,,,,,,,,,,M2012K11C,2212343,RP50
2026:09:06:16:04:59,7,21,32,DLU-Student-Lib,8e:dc:97:12:65:57,2412,-49,,,,,,,,,,M2012K11C,2212343,RP50
2026:09:06:16:04:59,7,22,32,DLU-Teacher,88:dc:97:12:62:cf,2412,-65,,,,,,,,,,M2012K11C,2212343,RP50
2026:09:06:16:04:59,7,23,32,DLU-Student-Lib,8e:dc:97:12:65:21,2412,-44,,,,,,,,,,M2012K11C,2212343,RP50
2026:09:06:16:04:59,7,24,32,DLU-Student-Lib,8e:dc:97:12:62:cf,2412,-65,,,,,,,,,,M2012K11C,2212343,RP50
2026:09:06:16:04:59,7,25,32,1.Free Wi-MESH,b4:5d:50:d7:e9:51,5220,-76,,,,,,,,,,M2012K11C,2212343,RP50
2026:09:06:16:04:59,7,26,32,DLU - WIMESH,b4:5d:50:d7:e9:50,5220,-76,,,,,,,,,,M2012K11C,2212343,RP50
2026:09:06:16:04:59,7,27,32,DLU-Student-Lib,8e:dc:97:12:65:22,5765,-51,,,,,,,,,,M2012K11C,2212343,RP50
2026:09:06:16:04:59,7,28,32,DLU-Teacher,88:dc:97:12:62:d0,5805,-65,,,,,,,,,,M2012K11C,2212343,RP50
2026:09:06:16:04:59,7,29,32,DLU - WIMESH,b4:5d:50:d7:e9:40,2462,-73,,,,,,,,,,M2012K11C,2212343,RP50
2026:09:06:16:04:59,7,30,32,DLU-Student-Lib,8e:dc:97:12:65:2a,2417,-40,,,,,,,,,,M2012K11C,2212343,RP50
2026:09:06:16:04:59,7,31,32,DLU-Teacher,88:dc:97:12:65:22,5765,-51,,,,,,,,,,M2012K11C,2212343,RP50
2026:09:06:16:04:59,7,32,32,DLU-Teacher,88:dc:97:12:65:21,2412,-43,,,,,,,,,,M2012K11C,2212343,RP50
2026:09:06:16:05:50,8,1,31,DLU-Teacher,88:dc:97:12:65:57,2412,-54,,,,,,,,,,M2012K11C,2212343,RP50
2026:09:06:16:05:50,8,2,31,DLU-Teacher,88:dc:97:12:64:82,2432,-61,,,,,,,,,,M2012K11C,2212343,RP50
2026:09:06:16:05:50,8,3,31,DLU-Teacher,88:dc:97:12:64:83,5300,-75,,,,,,,,,,M2012K11C,2212343,RP50
2026:09:06:16:05:50,8,4,31,DLU-Student-Lib,8e:dc:97:12:62:c7,5500,-76,,,,,,,,,,M2012K11C,2212343,RP50
2026:09:06:16:05:50,8,5,31,DLU-Teacher,88:dc:97:12:65:2b,5805,-43,,,,,,,,,,M2012K11C,2212343,RP50
2026:09:06:16:05:50,8,6,31,DLU-Teacher,88:dc:97:12:65:2a,2417,-40,,,,,,,,,,M2012K11C,2212343,RP50
2026:09:06:16:05:50,8,7,31,DLU-Student-Lib,8e:dc:97:12:62:d0,5805,-65,,,,,,,,,,M2012K11C,2212343,RP50
2026:09:06:16:05:50,8,8,31,DLU-Student-Lib,8e:dc:97:12:65:64,5200,-63,,,,,,,,,,M2012K11C,2212343,RP50
2026:09:06:16:05:50,8,9,31,DLU-Teacher,88:dc:97:12:64:c5,5180,-74,,,,,,,,,,M2012K11C,2212343,RP50
2026:09:06:16:05:50,8,10,31,DLU-Teacher,88:dc:97:12:65:58,5280,-62,,,,,,,,,,M2012K11C,2212343,RP50
2026:09:06:16:05:50,8,11,31,DLU-Student-Lib,8e:dc:97:12:64:c5,5180,-74,,,,,,,,,,M2012K11C,2212343,RP50
2026:09:06:16:05:50,8,12,31,DLU-Teacher,88:dc:97:12:65:64,5200,-63,,,,,,,,,,M2012K11C,2212343,RP50
2026:09:06:16:05:50,8,13,31,DLU-Teacher,88:dc:97:12:65:63,2452,-60,,,,,,,,,,M2012K11C,2212343,RP50
2026:09:06:16:05:50,8,14,31,DLU-Student-Lib,8e:dc:97:12:65:2b,5805,-43,,,,,,,,,,M2012K11C,2212343,RP50
2026:09:06:16:05:50,8,15,31,DLU-Teacher,88:dc:97:12:62:c7,5500,-77,,,,,,,,,,M2012K11C,2212343,RP50
2026:09:06:16:05:50,8,16,31,DLU-Student-Lib,8e:dc:97:12:64:82,2432,-62,,,,,,,,,,M2012K11C,2212343,RP50
2026:09:06:16:05:50,8,17,31,DLU-Student-Lib,8e:dc:97:12:64:83,5300,-75,,,,,,,,,,M2012K11C,2212343,RP50
2026:09:06:16:05:50,8,18,31,DLU-Student-Lib,8e:dc:97:12:65:58,5280,-63,,,,,,,,,,M2012K11C,2212343,RP50
2026:09:06:16:05:50,8,19,31,DLU-Student-Lib,8e:dc:97:12:65:57,2412,-54,,,,,,,,,,M2012K11C,2212343,RP50
2026:09:06:16:05:50,8,20,31,DLU-Teacher,88:dc:97:12:62:cf,2412,-64,,,,,,,,,,M2012K11C,2212343,RP50
2026:09:06:16:05:50,8,21,31,DLU-Student-Lib,8e:dc:97:12:65:21,2412,-43,,,,,,,,,,M2012K11C,2212343,RP50
2026:09:06:16:05:50,8,22,31,DLU-Student-Lib,8e:dc:97:12:62:cf,2412,-66,,,,,,,,,,M2012K11C,2212343,RP50
2026:09:06:16:05:50,8,23,31,1.Free Wi-MESH,b4:5d:50:d7:e9:51,5220,-75,,,,,,,,,,M2012K11C,2212343,RP50
2026:09:06:16:05:50,8,24,31,DLU - WIMESH,b4:5d:50:d7:e9:50,5220,-75,,,,,,,,,,M2012K11C,2212343,RP50
2026:09:06:16:05:50,8,25,31,DLU-Student-Lib,8e:dc:97:12:65:22,5765,-54,,,,,,,,,,M2012K11C,2212343,RP50
2026:09:06:16:05:50,8,26,31,DLU-Teacher,88:dc:97:12:62:d0,5805,-65,,,,,,,,,,M2012K11C,2212343,RP50
2026:09:06:16:05:50,8,27,31,DLU - WIMESH,b4:5d:50:d7:e9:40,2462,-72,,,,,,,,,,M2012K11C,2212343,RP50
2026:09:06:16:05:50,8,28,31,DLU-Student-Lib,8e:dc:97:12:65:2a,2417,-40,,,,,,,,,,M2012K11C,2212343,RP50
2026:09:06:16:05:50,8,29,31,DLU-Teacher,88:dc:97:12:65:22,5765,-54,,,,,,,,,,M2012K11C,2212343,RP50
2026:09:06:16:05:50,8,30,31,DLU-Teacher,88:dc:97:12:65:21,2412,-42,,,,,,,,,,M2012K11C,2212343,RP50
2026:09:06:16:05:50,8,31,31,1.Free Wi-MESH,b4:5d:50:d7:e9:41,2462,-73,,,,,,,,,,M2012K11C,2212343,RP50
2026:09:06:16:06:41,9,1,30,DLU-Teacher,88:dc:97:12:65:57,2412,-52,,,,,,,,,,M2012K11C,2212343,RP50
2026:09:06:16:06:41,9,2,30,DLU-Teacher,88:dc:97:12:64:82,2432,-62,,,,,,,,,,M2012K11C,2212343,RP50
2026:09:06:16:06:41,9,3,30,DLU-Teacher,88:dc:97:12:64:83,5300,-75,,,,,,,,,,M2012K11C,2212343,RP50
2026:09:06:16:06:41,9,4,30,DLU-Student-Lib,8e:dc:97:12:62:c7,5500,-77,,,,,,,,,,M2012K11C,2212343,RP50
2026:09:06:16:06:41,9,5,30,DLU-Teacher,88:dc:97:12:65:2b,5805,-43,,,,,,,,,,M2012K11C,2212343,RP50
2026:09:06:16:06:41,9,6,30,DLU-Teacher,88:dc:97:12:65:2a,2417,-40,,,,,,,,,,M2012K11C,2212343,RP50
2026:09:06:16:06:41,9,7,30,DLU-Student-Lib,8e:dc:97:12:62:d0,5805,-66,,,,,,,,,,M2012K11C,2212343,RP50
2026:09:06:16:06:41,9,8,30,DLU-Student-Lib,8e:dc:97:12:65:64,5200,-64,,,,,,,,,,M2012K11C,2212343,RP50
2026:09:06:16:06:41,9,9,30,DLU-Teacher,88:dc:97:12:64:c5,5180,-73,,,,,,,,,,M2012K11C,2212343,RP50
2026:09:06:16:06:41,9,10,30,DLU-Student-Lib,8e:dc:97:12:64:c5,5180,-73,,,,,,,,,,M2012K11C,2212343,RP50
2026:09:06:16:06:41,9,11,30,DLU-Teacher,88:dc:97:12:65:64,5200,-64,,,,,,,,,,M2012K11C,2212343,RP50
2026:09:06:16:06:41,9,12,30,DLU-Teacher,88:dc:97:12:65:63,2452,-60,,,,,,,,,,M2012K11C,2212343,RP50
2026:09:06:16:06:41,9,13,30,DLU-Student-Lib,8e:dc:97:12:65:2b,5805,-42,,,,,,,,,,M2012K11C,2212343,RP50
2026:09:06:16:06:41,9,14,30,DLU-Teacher,88:dc:97:12:62:c6,2452,-71,,,,,,,,,,M2012K11C,2212343,RP50
2026:09:06:16:06:41,9,15,30,DLU-Teacher,88:dc:97:12:62:c7,5500,-77,,,,,,,,,,M2012K11C,2212343,RP50
2026:09:06:16:06:41,9,16,30,DLU-Student-Lib,8e:dc:97:12:64:82,2432,-63,,,,,,,,,,M2012K11C,2212343,RP50
2026:09:06:16:06:41,9,17,30,DLU-Student-Lib,8e:dc:97:12:64:83,5300,-76,,,,,,,,,,M2012K11C,2212343,RP50
2026:09:06:16:06:41,9,18,30,DLU-Student-Lib,8e:dc:97:12:65:57,2412,-52,,,,,,,,,,M2012K11C,2212343,RP50
2026:09:06:16:06:41,9,19,30,DLU-Teacher,88:dc:97:12:62:cf,2412,-68,,,,,,,,,,M2012K11C,2212343,RP50
2026:09:06:16:06:41,9,20,30,DLU-Student-Lib,8e:dc:97:12:65:21,2412,-43,,,,,,,,,,M2012K11C,2212343,RP50
2026:09:06:16:06:41,9,21,30,DLU-Student-Lib,8e:dc:97:12:62:cf,2412,-66,,,,,,,,,,M2012K11C,2212343,RP50
2026:09:06:16:06:41,9,22,30,1.Free Wi-MESH,b4:5d:50:d7:e9:51,5220,-75,,,,,,,,,,M2012K11C,2212343,RP50
2026:09:06:16:06:41,9,23,30,DLU - WIMESH,b4:5d:50:d7:e9:50,5220,-75,,,,,,,,,,M2012K11C,2212343,RP50
2026:09:06:16:06:41,9,24,30,DLU-Student-Lib,8e:dc:97:12:65:22,5765,-54,,,,,,,,,,M2012K11C,2212343,RP50
2026:09:06:16:06:41,9,25,30,DLU-Teacher,88:dc:97:12:62:d0,5805,-66,,,,,,,,,,M2012K11C,2212343,RP50
2026:09:06:16:06:41,9,26,30,DLU - WIMESH,b4:5d:50:d7:e9:40,2462,-74,,,,,,,,,,M2012K11C,2212343,RP50
2026:09:06:16:06:41,9,27,30,DLU-Student-Lib,8e:dc:97:12:65:2a,2417,-41,,,,,,,,,,M2012K11C,2212343,RP50
2026:09:06:16:06:41,9,28,30,DLU-Teacher,88:dc:97:12:65:22,5765,-54,,,,,,,,,,M2012K11C,2212343,RP50
2026:09:06:16:06:41,9,29,30,DLU-Teacher,88:dc:97:12:65:21,2412,-43,,,,,,,,,,M2012K11C,2212343,RP50
2026:09:06:16:06:41,9,30,30,1.Free Wi-MESH,b4:5d:50:d7:e9:41,2462,-72,,,,,,,,,,M2012K11C,2212343,RP50
2026:09:06:16:07:33,10,1,22,DLU-Teacher,88:dc:97:12:64:82,2432,-56,,,,,,,,,,M2012K11C,2212343,RP50
2026:09:06:16:07:33,10,2,22,DLU-Teacher,88:dc:97:12:64:83,5300,-76,,,,,,,,,,M2012K11C,2212343,RP50
2026:09:06:16:07:33,10,3,22,DLU-Student-Lib,8e:dc:97:12:62:c7,5500,-76,,,,,,,,,,M2012K11C,2212343,RP50
2026:09:06:16:07:33,10,4,22,DLU-Teacher,88:dc:97:12:65:2b,5805,-43,,,,,,,,,,M2012K11C,2212343,RP50
2026:09:06:16:07:33,10,5,22,DLU-Teacher,88:dc:97:12:65:2a,2417,-38,,,,,,,,,,M2012K11C,2212343,RP50
2026:09:06:16:07:33,10,6,22,DLU-Student-Lib,8e:dc:97:12:62:d0,5805,-65,,,,,,,,,,M2012K11C,2212343,RP50
2026:09:06:16:07:33,10,7,22,DLU-Student-Lib,8e:dc:97:12:65:63,2452,-60,,,,,,,,,,M2012K11C,2212343,RP50
2026:09:06:16:07:33,10,8,22,DLU-Student-Lib,8e:dc:97:12:65:64,5200,-64,,,,,,,,,,M2012K11C,2212343,RP50
2026:09:06:16:07:33,10,9,22,DLU-Teacher,88:dc:97:12:64:c5,5180,-74,,,,,,,,,,M2012K11C,2212343,RP50
2026:09:06:16:07:33,10,10,22,DLU-Teacher,88:dc:97:12:65:58,5280,-62,,,,,,,,,,M2012K11C,2212343,RP50
2026:09:06:16:07:33,10,11,22,DLU-Student-Lib,8e:dc:97:12:64:c5,5180,-74,,,,,,,,,,M2012K11C,2212343,RP50
2026:09:06:16:07:33,10,12,22,DLU-Teacher,88:dc:97:12:65:64,5200,-64,,,,,,,,,,M2012K11C,2212343,RP50
2026:09:06:16:07:33,10,13,22,DLU-Teacher,88:dc:97:12:65:63,2452,-61,,,,,,,,,,M2012K11C,2212343,RP50
2026:09:06:16:07:33,10,14,22,DLU-Student-Lib,8e:dc:97:12:65:2b,5805,-43,,,,,,,,,,M2012K11C,2212343,RP50
2026:09:06:16:07:33,10,15,22,DLU-Teacher,88:dc:97:12:62:c7,5500,-75,,,,,,,,,,M2012K11C,2212343,RP50
2026:09:06:16:07:33,10,16,22,DLU-Student-Lib,8e:dc:97:12:64:83,5300,-75,,,,,,,,,,M2012K11C,2212343,RP50
2026:09:06:16:07:33,10,17,22,DLU-Student-Lib,8e:dc:97:12:65:58,5280,-62,,,,,,,,,,M2012K11C,2212343,RP50
2026:09:06:16:07:33,10,18,22,DLU-Student-Lib,8e:dc:97:12:65:22,5765,-51,,,,,,,,,,M2012K11C,2212343,RP50
2026:09:06:16:07:33,10,19,22,DLU-Teacher,88:dc:97:12:62:d0,5805,-65,,,,,,,,,,M2012K11C,2212343,RP50
2026:09:06:16:07:33,10,20,22,DLU - WIMESH,b4:5d:50:d7:e9:40,2462,-74,,,,,,,,,,M2012K11C,2212343,RP50
2026:09:06:16:07:33,10,21,22,DLU-Student-Lib,8e:dc:97:12:65:2a,2417,-40,,,,,,,,,,M2012K11C,2212343,RP50
2026:09:06:16:07:33,10,22,22,DLU-Teacher,88:dc:97:12:65:22,5765,-50,,,,,,,,,,M2012K11C,2212343,RP50
2026:09:06:16:08:24,11,1,31,DLU-Teacher,88:dc:97:12:65:57,2412,-58,,,,,,,,,,M2012K11C,2212343,RP50
2026:09:06:16:08:24,11,2,31,DLU-Teacher,88:dc:97:12:64:83,5300,-75,,,,,,,,,,M2012K11C,2212343,RP50
2026:09:06:16:08:24,11,3,31,DLU-Student-Lib,8e:dc:97:12:62:c7,5500,-76,,,,,,,,,,M2012K11C,2212343,RP50
2026:09:06:16:08:24,11,4,31,DLU-Student-Lib,8e:dc:97:12:62:c6,2452,-69,,,,,,,,,,M2012K11C,2212343,RP50
2026:09:06:16:08:24,11,5,31,DLU-Teacher,88:dc:97:12:65:2b,5805,-42,,,,,,,,,,M2012K11C,2212343,RP50
2026:09:06:16:08:24,11,6,31,DLU-Teacher,88:dc:97:12:65:2a,2417,-37,,,,,,,,,,M2012K11C,2212343,RP50
2026:09:06:16:08:24,11,7,31,DLU-Student-Lib,8e:dc:97:12:62:d0,5805,-64,,,,,,,,,,M2012K11C,2212343,RP50
2026:09:06:16:08:24,11,8,31,DLU-Student-Lib,8e:dc:97:12:65:63,2452,-61,,,,,,,,,,M2012K11C,2212343,RP50
2026:09:06:16:08:24,11,9,31,DLU-Student-Lib,8e:dc:97:12:65:64,5200,-63,,,,,,,,,,M2012K11C,2212343,RP50
2026:09:06:16:08:24,11,10,31,DLU-Teacher,88:dc:97:12:64:c5,5180,-86,,,,,,,,,,M2012K11C,2212343,RP50
2026:09:06:16:08:24,11,11,31,DLU-Teacher,88:dc:97:12:65:58,5280,-64,,,,,,,,,,M2012K11C,2212343,RP50
2026:09:06:16:08:24,11,12,31,DLU-Student-Lib,8e:dc:97:12:64:c5,5180,-87,,,,,,,,,,M2012K11C,2212343,RP50
2026:09:06:16:08:24,11,13,31,DLU-Teacher,88:dc:97:12:65:64,5200,-63,,,,,,,,,,M2012K11C,2212343,RP50
2026:09:06:16:08:24,11,14,31,DLU-Teacher,88:dc:97:12:65:63,2452,-61,,,,,,,,,,M2012K11C,2212343,RP50
2026:09:06:16:08:24,11,15,31,DLU-Student-Lib,8e:dc:97:12:65:2b,5805,-41,,,,,,,,,,M2012K11C,2212343,RP50
2026:09:06:16:08:24,11,16,31,DLU-Teacher,88:dc:97:12:62:c6,2452,-69,,,,,,,,,,M2012K11C,2212343,RP50
2026:09:06:16:08:24,11,17,31,DLU-Teacher,88:dc:97:12:62:c7,5500,-76,,,,,,,,,,M2012K11C,2212343,RP50
2026:09:06:16:08:24,11,18,31,DLU-Student-Lib,8e:dc:97:12:64:83,5300,-76,,,,,,,,,,M2012K11C,2212343,RP50
2026:09:06:16:08:24,11,19,31,DLU-Student-Lib,8e:dc:97:12:65:58,5280,-63,,,,,,,,,,M2012K11C,2212343,RP50
2026:09:06:16:08:24,11,20,31,DLU-Student-Lib,8e:dc:97:12:65:57,2412,-61,,,,,,,,,,M2012K11C,2212343,RP50
2026:09:06:16:08:24,11,21,31,DLU-Teacher,88:dc:97:12:62:cf,2412,-59,,,,,,,,,,M2012K11C,2212343,RP50
2026:09:06:16:08:24,11,22,31,DLU-Student-Lib,8e:dc:97:12:65:21,2412,-53,,,,,,,,,,M2012K11C,2212343,RP50
2026:09:06:16:08:24,11,23,31,DLU-Student-Lib,8e:dc:97:12:62:cf,2412,-60,,,,,,,,,,M2012K11C,2212343,RP50
2026:09:06:16:08:24,11,24,31,1.Free Wi-MESH,b4:5d:50:d7:e9:51,5220,-72,,,,,,,,,,M2012K11C,2212343,RP50
2026:09:06:16:08:24,11,25,31,DLU - WIMESH,b4:5d:50:d7:e9:50,5220,-72,,,,,,,,,,M2012K11C,2212343,RP50
2026:09:06:16:08:24,11,26,31,DLU-Student-Lib,8e:dc:97:12:65:22,5765,-56,,,,,,,,,,M2012K11C,2212343,RP50
2026:09:06:16:08:24,11,27,31,DLU-Teacher,88:dc:97:12:62:d0,5805,-64,,,,,,,,,,M2012K11C,2212343,RP50
2026:09:06:16:08:24,11,28,31,DLU - WIMESH,b4:5d:50:d7:e9:40,2462,-70,,,,,,,,,,M2012K11C,2212343,RP50
2026:09:06:16:08:24,11,29,31,DLU-Student-Lib,8e:dc:97:12:65:2a,2417,-38,,,,,,,,,,M2012K11C,2212343,RP50
2026:09:06:16:08:24,11,30,31,DLU-Teacher,88:dc:97:12:65:22,5765,-57,,,,,,,,,,M2012K11C,2212343,RP50
2026:09:06:16:08:24,11,31,31,DLU-Teacher,88:dc:97:12:65:21,2412,-51,,,,,,,,,,M2012K11C,2212343,RP50
2026:09:06:16:09:15,12,1,29,DLU-Teacher,88:dc:97:12:65:57,2412,-52,,,,,,,,,,M2012K11C,2212343,RP50
2026:09:06:16:09:15,12,2,29,DLU-Teacher,88:dc:97:12:64:82,2432,-63,,,,,,,,,,M2012K11C,2212343,RP50
2026:09:06:16:09:15,12,3,29,DLU-Student-Lib,8e:dc:97:12:62:c7,5500,-77,,,,,,,,,,M2012K11C,2212343,RP50
2026:09:06:16:09:15,12,4,29,DLU-Teacher,88:dc:97:12:65:2b,5805,-43,,,,,,,,,,M2012K11C,2212343,RP50
2026:09:06:16:09:15,12,5,29,DLU-Teacher,88:dc:97:12:65:2a,2417,-39,,,,,,,,,,M2012K11C,2212343,RP50
2026:09:06:16:09:15,12,6,29,DLU-Student-Lib,8e:dc:97:12:62:d0,5805,-65,,,,,,,,,,M2012K11C,2212343,RP50
2026:09:06:16:09:15,12,7,29,DLU-Student-Lib,8e:dc:97:12:65:63,2452,-63,,,,,,,,,,M2012K11C,2212343,RP50
2026:09:06:16:09:15,12,8,29,DLU-Student-Lib,8e:dc:97:12:65:64,5200,-63,,,,,,,,,,M2012K11C,2212343,RP50
2026:09:06:16:09:15,12,9,29,DLU-Teacher,88:dc:97:12:64:c5,5180,-72,,,,,,,,,,M2012K11C,2212343,RP50
2026:09:06:16:09:15,12,10,29,DLU-Teacher,88:dc:97:12:65:58,5280,-62,,,,,,,,,,M2012K11C,2212343,RP50
2026:09:06:16:09:15,12,11,29,DLU-Student-Lib,8e:dc:97:12:64:c5,5180,-73,,,,,,,,,,M2012K11C,2212343,RP50
2026:09:06:16:09:15,12,12,29,DLU-Teacher,88:dc:97:12:65:64,5200,-63,,,,,,,,,,M2012K11C,2212343,RP50
2026:09:06:16:09:15,12,13,29,DLU-Teacher,88:dc:97:12:65:63,2452,-61,,,,,,,,,,M2012K11C,2212343,RP50
2026:09:06:16:09:15,12,14,29,DLU-Student-Lib,8e:dc:97:12:65:2b,5805,-43,,,,,,,,,,M2012K11C,2212343,RP50
2026:09:06:16:09:15,12,15,29,DLU-Teacher,88:dc:97:12:62:c7,5500,-76,,,,,,,,,,M2012K11C,2212343,RP50
2026:09:06:16:09:15,12,16,29,DLU-Student-Lib,8e:dc:97:12:64:82,2432,-64,,,,,,,,,,M2012K11C,2212343,RP50
2026:09:06:16:09:15,12,17,29,DLU-Student-Lib,8e:dc:97:12:65:58,5280,-62,,,,,,,,,,M2012K11C,2212343,RP50
2026:09:06:16:09:15,12,18,29,DLU-Student-Lib,8e:dc:97:12:65:57,2412,-53,,,,,,,,,,M2012K11C,2212343,RP50
2026:09:06:16:09:15,12,19,29,iPhone (8),b6:40:69:6b:ac:74,2462,-63,,,,,,,,,,M2012K11C,2212343,RP50
2026:09:06:16:09:15,12,20,29,DLU-Teacher,88:dc:97:12:62:cf,2412,-69,,,,,,,,,,M2012K11C,2212343,RP50
2026:09:06:16:09:15,12,21,29,DLU-Student-Lib,8e:dc:97:12:62:cf,2412,-68,,,,,,,,,,M2012K11C,2212343,RP50
2026:09:06:16:09:15,12,22,29,1.Free Wi-MESH,b4:5d:50:d7:e9:51,5220,-74,,,,,,,,,,M2012K11C,2212343,RP50
2026:09:06:16:09:15,12,23,29,DLU - WIMESH,b4:5d:50:d7:e9:50,5220,-73,,,,,,,,,,M2012K11C,2212343,RP50
2026:09:06:16:09:15,12,24,29,DLU-Student-Lib,8e:dc:97:12:65:22,5765,-53,,,,,,,,,,M2012K11C,2212343,RP50
2026:09:06:16:09:15,12,25,29,DLU-Teacher,88:dc:97:12:62:d0,5805,-65,,,,,,,,,,M2012K11C,2212343,RP50
2026:09:06:16:09:15,12,26,29,DLU - WIMESH,b4:5d:50:d7:e9:40,2462,-75,,,,,,,,,,M2012K11C,2212343,RP50
2026:09:06:16:09:15,12,27,29,DLU-Student-Lib,8e:dc:97:12:65:2a,2417,-40,,,,,,,,,,M2012K11C,2212343,RP50
2026:09:06:16:09:15,12,28,29,DLU-Teacher,88:dc:97:12:65:22,5765,-53,,,,,,,,,,M2012K11C,2212343,RP50
2026:09:06:16:09:15,12,29,29,DLU-Teacher,88:dc:97:12:65:21,2412,-41,,,,,,,,,,M2012K11C,2212343,RP50
2026:09:06:16:10:06,13,1,28,DLU-Teacher,88:dc:97:12:65:57,2412,-54,,,,,,,,,,M2012K11C,2212343,RP50
2026:09:06:16:10:06,13,2,28,DLU-Teacher,88:dc:97:12:64:82,2432,-62,,,,,,,,,,M2012K11C,2212343,RP50
2026:09:06:16:10:06,13,3,28,DLU-Teacher,88:dc:97:12:64:83,5300,-77,,,,,,,,,,M2012K11C,2212343,RP50
2026:09:06:16:10:06,13,4,28,DLU-Student-Lib,8e:dc:97:12:62:c7,5500,-76,,,,,,,,,,M2012K11C,2212343,RP50
2026:09:06:16:10:06,13,5,28,DLU-Teacher,88:dc:97:12:65:2b,5805,-44,,,,,,,,,,M2012K11C,2212343,RP50
2026:09:06:16:10:06,13,6,28,DLU-Teacher,88:dc:97:12:65:2a,2417,-40,,,,,,,,,,M2012K11C,2212343,RP50
2026:09:06:16:10:06,13,7,28,DLU-Student-Lib,8e:dc:97:12:62:d0,5805,-65,,,,,,,,,,M2012K11C,2212343,RP50
2026:09:06:16:10:06,13,8,28,DLU-Student-Lib,8e:dc:97:12:65:63,2452,-67,,,,,,,,,,M2012K11C,2212343,RP50
2026:09:06:16:10:06,13,9,28,DLU-Student-Lib,8e:dc:97:12:65:64,5200,-63,,,,,,,,,,M2012K11C,2212343,RP50
2026:09:06:16:10:06,13,10,28,DLU-Teacher,88:dc:97:12:64:c4,2452,-63,,,,,,,,,,M2012K11C,2212343,RP50
2026:09:06:16:10:06,13,11,28,DLU-Teacher,88:dc:97:12:65:58,5280,-62,,,,,,,,,,M2012K11C,2212343,RP50
2026:09:06:16:10:06,13,12,28,DLU-Teacher,88:dc:97:12:65:64,5200,-63,,,,,,,,,,M2012K11C,2212343,RP50
2026:09:06:16:10:06,13,13,28,DLU-Teacher,88:dc:97:12:65:63,2452,-61,,,,,,,,,,M2012K11C,2212343,RP50
2026:09:06:16:10:06,13,14,28,DLU-Student-Lib,8e:dc:97:12:65:2b,5805,-44,,,,,,,,,,M2012K11C,2212343,RP50
2026:09:06:16:10:06,13,15,28,DLU-Teacher,88:dc:97:12:62:c7,5500,-76,,,,,,,,,,M2012K11C,2212343,RP50
2026:09:06:16:10:06,13,16,28,DLU-Student-Lib,8e:dc:97:12:64:83,5300,-77,,,,,,,,,,M2012K11C,2212343,RP50
2026:09:06:16:10:06,13,17,28,DLU-Student-Lib,8e:dc:97:12:65:58,5280,-62,,,,,,,,,,M2012K11C,2212343,RP50
2026:09:06:16:10:06,13,18,28,DLU-Student-Lib,8e:dc:97:12:65:57,2412,-53,,,,,,,,,,M2012K11C,2212343,RP50
2026:09:06:16:10:06,13,19,28,iPhone (8),b6:40:69:6b:ac:74,2462,-61,,,,,,,,,,M2012K11C,2212343,RP50
2026:09:06:16:10:06,13,20,28,DLU-Student-Lib,8e:dc:97:12:65:21,2412,-43,,,,,,,,,,M2012K11C,2212343,RP50
2026:09:06:16:10:06,13,21,28,1.Free Wi-MESH,b4:5d:50:d7:e9:51,5220,-76,,,,,,,,,,M2012K11C,2212343,RP50
2026:09:06:16:10:06,13,22,28,DLU - WIMESH,b4:5d:50:d7:e9:50,5220,-76,,,,,,,,,,M2012K11C,2212343,RP50
2026:09:06:16:10:06,13,23,28,DLU-Student-Lib,8e:dc:97:12:65:22,5765,-53,,,,,,,,,,M2012K11C,2212343,RP50
2026:09:06:16:10:06,13,24,28,DLU-Teacher,88:dc:97:12:62:d0,5805,-65,,,,,,,,,,M2012K11C,2212343,RP50
2026:09:06:16:10:06,13,25,28,DLU - WIMESH,b4:5d:50:d7:e9:40,2462,-74,,,,,,,,,,M2012K11C,2212343,RP50
2026:09:06:16:10:06,13,26,28,DLU-Student-Lib,8e:dc:97:12:65:2a,2417,-39,,,,,,,,,,M2012K11C,2212343,RP50
2026:09:06:16:10:06,13,27,28,DLU-Teacher,88:dc:97:12:65:22,5765,-52,,,,,,,,,,M2012K11C,2212343,RP50
2026:09:06:16:10:06,13,28,28,DLU-Teacher,88:dc:97:12:65:21,2412,-44,,,,,,,,,,M2012K11C,2212343,RP50
2026:09:06:16:10:57,14,1,28,DLU-Teacher,88:dc:97:12:64:82,2432,-58,,,,,,,,,,M2012K11C,2212343,RP50
2026:09:06:16:10:57,14,2,28,DLU-Teacher,88:dc:97:12:64:83,5300,-76,,,,,,,,,,M2012K11C,2212343,RP50
2026:09:06:16:10:57,14,3,28,DLU-Student-Lib,8e:dc:97:12:62:c7,5500,-77,,,,,,,,,,M2012K11C,2212343,RP50
2026:09:06:16:10:57,14,4,28,DLU-Teacher,88:dc:97:12:65:2b,5805,-44,,,,,,,,,,M2012K11C,2212343,RP50
2026:09:06:16:10:57,14,5,28,DLU-Teacher,88:dc:97:12:65:2a,2417,-39,,,,,,,,,,M2012K11C,2212343,RP50
2026:09:06:16:10:57,14,6,28,DLU-Student-Lib,8e:dc:97:12:62:d0,5805,-68,,,,,,,,,,M2012K11C,2212343,RP50
2026:09:06:16:10:57,14,7,28,DLU-Student-Lib,8e:dc:97:12:65:63,2452,-69,,,,,,,,,,M2012K11C,2212343,RP50
2026:09:06:16:10:57,14,8,28,DLU-Student-Lib,8e:dc:97:12:65:64,5200,-64,,,,,,,,,,M2012K11C,2212343,RP50
2026:09:06:16:10:57,14,9,28,DLU-Teacher,88:dc:97:12:64:c4,2452,-67,,,,,,,,,,M2012K11C,2212343,RP50
2026:09:06:16:10:57,14,10,28,DLU-Teacher,88:dc:97:12:64:c5,5180,-73,,,,,,,,,,M2012K11C,2212343,RP50
2026:09:06:16:10:57,14,11,28,DLU-Teacher,88:dc:97:12:65:58,5280,-62,,,,,,,,,,M2012K11C,2212343,RP50
2026:09:06:16:10:57,14,12,28,DLU-Student-Lib,8e:dc:97:12:64:c5,5180,-73,,,,,,,,,,M2012K11C,2212343,RP50
2026:09:06:16:10:57,14,13,28,DLU-Teacher,88:dc:97:12:65:64,5200,-64,,,,,,,,,,M2012K11C,2212343,RP50
2026:09:06:16:10:57,14,14,28,DLU-Teacher,88:dc:97:12:65:63,2452,-68,,,,,,,,,,M2012K11C,2212343,RP50
2026:09:06:16:10:57,14,15,28,DLU-Student-Lib,8e:dc:97:12:65:2b,5805,-44,,,,,,,,,,M2012K11C,2212343,RP50
2026:09:06:16:10:57,14,16,28,DLU-Teacher,88:dc:97:12:62:c7,5500,-77,,,,,,,,,,M2012K11C,2212343,RP50
2026:09:06:16:10:57,14,17,28,DLU-Student-Lib,8e:dc:97:12:64:82,2432,-64,,,,,,,,,,M2012K11C,2212343,RP50
2026:09:06:16:10:57,14,18,28,DLU-Student-Lib,8e:dc:97:12:64:83,5300,-76,,,,,,,,,,M2012K11C,2212343,RP50
2026:09:06:16:10:57,14,19,28,DLU-Student-Lib,8e:dc:97:12:65:58,5280,-62,,,,,,,,,,M2012K11C,2212343,RP50
2026:09:06:16:10:57,14,20,28,iPhone (8),b6:40:69:6b:ac:74,2462,-63,,,,,,,,,,M2012K11C,2212343,RP50
2026:09:06:16:10:57,14,21,28,1.Free Wi-MESH,b4:5d:50:d7:e9:51,5220,-74,,,,,,,,,,M2012K11C,2212343,RP50
2026:09:06:16:10:57,14,22,28,DLU - WIMESH,b4:5d:50:d7:e9:50,5220,-75,,,,,,,,,,M2012K11C,2212343,RP50
2026:09:06:16:10:57,14,23,28,DLU-Student-Lib,8e:dc:97:12:65:22,5765,-52,,,,,,,,,,M2012K11C,2212343,RP50
2026:09:06:16:10:57,14,24,28,DLU-Teacher,88:dc:97:12:62:d0,5805,-68,,,,,,,,,,M2012K11C,2212343,RP50
2026:09:06:16:10:57,14,25,28,DLU - WIMESH,b4:5d:50:d7:e9:40,2462,-74,,,,,,,,,,M2012K11C,2212343,RP50
2026:09:06:16:10:57,14,26,28,DLU-Student-Lib,8e:dc:97:12:65:2a,2417,-39,,,,,,,,,,M2012K11C,2212343,RP50
2026:09:06:16:10:57,14,27,28,DLU-Teacher,88:dc:97:12:65:22,5765,-52,,,,,,,,,,M2012K11C,2212343,RP50
2026:09:06:16:10:57,14,28,28,DLU-Teacher,88:dc:97:12:65:21,2412,-43,,,,,,,,,,M2012K11C,2212343,RP50
2026:09:06:16:11:49,15,1,24,DLU-Teacher,88:dc:97:12:64:82,2432,-63,,,,,,,,,,M2012K11C,2212343,RP50
2026:09:06:16:11:49,15,2,24,DLU-Teacher,88:dc:97:12:64:83,5300,-76,,,,,,,,,,M2012K11C,2212343,RP50
2026:09:06:16:11:49,15,3,24,DLU-Student-Lib,8e:dc:97:12:62:c7,5500,-77,,,,,,,,,,M2012K11C,2212343,RP50
2026:09:06:16:11:49,15,4,24,DLU-Teacher,88:dc:97:12:65:2b,5805,-43,,,,,,,,,,M2012K11C,2212343,RP50
2026:09:06:16:11:49,15,5,24,DLU-Teacher,88:dc:97:12:65:2a,2417,-39,,,,,,,,,,M2012K11C,2212343,RP50
2026:09:06:16:11:49,15,6,24,DLU-Student-Lib,8e:dc:97:12:62:d0,5805,-66,,,,,,,,,,M2012K11C,2212343,RP50
2026:09:06:16:11:49,15,7,24,DLU-Student-Lib,8e:dc:97:12:65:63,2452,-66,,,,,,,,,,M2012K11C,2212343,RP50
2026:09:06:16:11:49,15,8,24,DLU-Student-Lib,8e:dc:97:12:65:64,5200,-63,,,,,,,,,,M2012K11C,2212343,RP50
2026:09:06:16:11:49,15,9,24,DLU-Teacher,88:dc:97:12:64:c5,5180,-73,,,,,,,,,,M2012K11C,2212343,RP50
2026:09:06:16:11:49,15,10,24,DLU-Teacher,88:dc:97:12:65:58,5280,-62,,,,,,,,,,M2012K11C,2212343,RP50
2026:09:06:16:11:49,15,11,24,DLU-Student-Lib,8e:dc:97:12:64:c5,5180,-74,,,,,,,,,,M2012K11C,2212343,RP50
2026:09:06:16:11:49,15,12,24,DLU-Teacher,88:dc:97:12:65:64,5200,-63,,,,,,,,,,M2012K11C,2212343,RP50
2026:09:06:16:11:49,15,13,24,DLU-Teacher,88:dc:97:12:65:63,2452,-66,,,,,,,,,,M2012K11C,2212343,RP50
2026:09:06:16:11:49,15,14,24,DLU-Student-Lib,8e:dc:97:12:65:2b,5805,-43,,,,,,,,,,M2012K11C,2212343,RP50
2026:09:06:16:11:49,15,15,24,DLU-Teacher,88:dc:97:12:62:c7,5500,-77,,,,,,,,,,M2012K11C,2212343,RP50
2026:09:06:16:11:49,15,16,24,DLU-Student-Lib,8e:dc:97:12:64:82,2432,-63,,,,,,,,,,M2012K11C,2212343,RP50
2026:09:06:16:11:49,15,17,24,DLU-Student-Lib,8e:dc:97:12:64:83,5300,-75,,,,,,,,,,M2012K11C,2212343,RP50
2026:09:06:16:11:49,15,18,24,DLU-Student-Lib,8e:dc:97:12:65:58,5280,-62,,,,,,,,,,M2012K11C,2212343,RP50
2026:09:06:16:11:49,15,19,24,iPhone (8),b6:40:69:6b:ac:74,2462,-62,,,,,,,,,,M2012K11C,2212343,RP50
2026:09:06:16:11:49,15,20,24,DLU-Student-Lib,8e:dc:97:12:65:22,5765,-53,,,,,,,,,,M2012K11C,2212343,RP50
2026:09:06:16:11:49,15,21,24,DLU-Teacher,88:dc:97:12:62:d0,5805,-66,,,,,,,,,,M2012K11C,2212343,RP50
2026:09:06:16:11:49,15,22,24,DLU - WIMESH,b4:5d:50:d7:e9:40,2462,-77,,,,,,,,,,M2012K11C,2212343,RP50
2026:09:06:16:11:49,15,23,24,DLU-Student-Lib,8e:dc:97:12:65:2a,2417,-41,,,,,,,,,,M2012K11C,2212343,RP50
2026:09:06:16:11:49,15,24,24,DLU-Teacher,88:dc:97:12:65:22,5765,-53,,,,,,,,,,M2012K11C,2212343,RP50
2026:09:06:16:12:40,16,1,25,DLU-Teacher,88:dc:97:12:64:83,5300,-75,,,,,,,,,,M2012K11C,2212343,RP50
2026:09:06:16:12:40,16,2,25,DLU-Student-Lib,8e:dc:97:12:62:c7,5500,-77,,,,,,,,,,M2012K11C,2212343,RP50
2026:09:06:16:12:40,16,3,25,DLU-Student-Lib,8e:dc:97:12:62:c6,2452,-71,,,,,,,,,,M2012K11C,2212343,RP50
2026:09:06:16:12:40,16,4,25,DLU-Teacher,88:dc:97:12:65:2b,5805,-43,,,,,,,,,,M2012K11C,2212343,RP50
2026:09:06:16:12:40,16,5,25,DLU-Teacher,88:dc:97:12:65:2a,2417,-40,,,,,,,,,,M2012K11C,2212343,RP50
2026:09:06:16:12:40,16,6,25,DLU-Student-Lib,8e:dc:97:12:62:d0,5805,-66,,,,,,,,,,M2012K11C,2212343,RP50
2026:09:06:16:12:40,16,7,25,DLU-Student-Lib,8e:dc:97:12:65:64,5200,-62,,,,,,,,,,M2012K11C,2212343,RP50
2026:09:06:16:12:40,16,8,25,DLU-Teacher,88:dc:97:12:64:c5,5180,-74,,,,,,,,,,M2012K11C,2212343,RP50
2026:09:06:16:12:40,16,9,25,DLU-Teacher,88:dc:97:12:65:58,5280,-61,,,,,,,,,,M2012K11C,2212343,RP50
2026:09:06:16:12:40,16,10,25,DLU-Student-Lib,8e:dc:97:12:64:c5,5180,-74,,,,,,,,,,M2012K11C,2212343,RP50
2026:09:06:16:12:40,16,11,25,DLU-Teacher,88:dc:97:12:65:64,5200,-62,,,,,,,,,,M2012K11C,2212343,RP50
2026:09:06:16:12:40,16,12,25,DLU-Student-Lib,8e:dc:97:12:65:2b,5805,-44,,,,,,,,,,M2012K11C,2212343,RP50
2026:09:06:16:12:40,16,13,25,DLU-Teacher,88:dc:97:12:62:c6,2452,-73,,,,,,,,,,M2012K11C,2212343,RP50
2026:09:06:16:12:40,16,14,25,DLU-Teacher,88:dc:97:12:62:c7,5500,-77,,,,,,,,,,M2012K11C,2212343,RP50
2026:09:06:16:12:40,16,15,25,DLU-Student-Lib,8e:dc:97:12:64:83,5300,-75,,,,,,,,,,M2012K11C,2212343,RP50
2026:09:06:16:12:40,16,16,25,DLU-Student-Lib,8e:dc:97:12:65:58,5280,-62,,,,,,,,,,M2012K11C,2212343,RP50
2026:09:06:16:12:40,16,17,25,iPhone (8),b6:40:69:6b:ac:74,2462,-65,,,,,,,,,,M2012K11C,2212343,RP50
2026:09:06:16:12:40,16,18,25,1.Free Wi-MESH,b4:5d:50:d7:e9:51,5220,-74,,,,,,,,,,M2012K11C,2212343,RP50
2026:09:06:16:12:40,16,19,25,DLU - WIMESH,b4:5d:50:d7:e9:50,5220,-75,,,,,,,,,,M2012K11C,2212343,RP50
2026:09:06:16:12:40,16,20,25,DLU-Student-Lib,8e:dc:97:12:65:22,5765,-52,,,,,,,,,,M2012K11C,2212343,RP50
2026:09:06:16:12:40,16,21,25,DLU-Teacher,88:dc:97:12:62:d0,5805,-65,,,,,,,,,,M2012K11C,2212343,RP50
2026:09:06:16:12:40,16,22,25,DLU - WIMESH,b4:5d:50:d7:e9:40,2462,-73,,,,,,,,,,M2012K11C,2212343,RP50
2026:09:06:16:12:40,16,23,25,DLU-Student-Lib,8e:dc:97:12:65:2a,2417,-39,,,,,,,,,,M2012K11C,2212343,RP50
2026:09:06:16:12:40,16,24,25,DLU-Teacher,88:dc:97:12:65:22,5765,-51,,,,,,,,,,M2012K11C,2212343,RP50
2026:09:06:16:12:40,16,25,25,1.Free Wi-MESH,b4:5d:50:d7:e9:41,2462,-74,,,,,,,,,,M2012K11C,2212343,RP50
2026:09:06:16:13:31,17,1,33,DLU-Teacher,88:dc:97:12:65:57,2412,-52,,,,,,,,,,M2012K11C,2212343,RP50
2026:09:06:16:13:31,17,2,33,DLU-Teacher,88:dc:97:12:64:82,2432,-62,,,,,,,,,,M2012K11C,2212343,RP50
2026:09:06:16:13:31,17,3,33,DLU-Teacher,88:dc:97:12:64:83,5300,-74,,,,,,,,,,M2012K11C,2212343,RP50
2026:09:06:16:13:31,17,4,33,DLU-Student-Lib,8e:dc:97:12:62:c7,5500,-75,,,,,,,,,,M2012K11C,2212343,RP50
2026:09:06:16:13:31,17,5,33,DLU-Teacher,88:dc:97:12:65:2b,5805,-43,,,,,,,,,,M2012K11C,2212343,RP50
2026:09:06:16:13:31,17,6,33,DLU-Teacher,88:dc:97:12:65:2a,2417,-39,,,,,,,,,,M2012K11C,2212343,RP50
2026:09:06:16:13:31,17,7,33,DLU-Student-Lib,8e:dc:97:12:62:d0,5805,-65,,,,,,,,,,M2012K11C,2212343,RP50
2026:09:06:16:13:31,17,8,33,DLU-Student-Lib,8e:dc:97:12:65:64,5200,-68,,,,,,,,,,M2012K11C,2212343,RP50
2026:09:06:16:13:31,17,9,33,DLU-Teacher,88:dc:97:12:64:c4,2452,-69,,,,,,,,,,M2012K11C,2212343,RP50
2026:09:06:16:13:31,17,10,33,DLU-Teacher,88:dc:97:12:64:c5,5180,-73,,,,,,,,,,M2012K11C,2212343,RP50
2026:09:06:16:13:31,17,11,33,DLU-Teacher,88:dc:97:12:65:58,5280,-62,,,,,,,,,,M2012K11C,2212343,RP50
2026:09:06:16:13:31,17,12,33,DLU-Student-Lib,8e:dc:97:12:64:c4,2452,-69,,,,,,,,,,M2012K11C,2212343,RP50
2026:09:06:16:13:31,17,13,33,DLU-Student-Lib,8e:dc:97:12:64:c5,5180,-73,,,,,,,,,,M2012K11C,2212343,RP50
2026:09:06:16:13:31,17,14,33,DLU-Teacher,88:dc:97:12:65:64,5200,-67,,,,,,,,,,M2012K11C,2212343,RP50
2026:09:06:16:13:31,17,15,33,DLU-Student-Lib,8e:dc:97:12:65:2b,5805,-43,,,,,,,,,,M2012K11C,2212343,RP50
2026:09:06:16:13:31,17,16,33,DLU-Teacher,88:dc:97:12:62:c6,2452,-76,,,,,,,,,,M2012K11C,2212343,RP50
2026:09:06:16:13:31,17,17,33,DLU-Teacher,88:dc:97:12:62:c7,5500,-76,,,,,,,,,,M2012K11C,2212343,RP50
2026:09:06:16:13:31,17,18,33,DLU-Student-Lib,8e:dc:97:12:64:82,2432,-64,,,,,,,,,,M2012K11C,2212343,RP50
2026:09:06:16:13:31,17,19,33,DLU-Student-Lib,8e:dc:97:12:64:83,5300,-74,,,,,,,,,,M2012K11C,2212343,RP50
2026:09:06:16:13:31,17,20,33,DLU-Student-Lib,8e:dc:97:12:65:58,5280,-62,,,,,,,,,,M2012K11C,2212343,RP50
2026:09:06:16:13:31,17,21,33,DLU-Student-Lib,8e:dc:97:12:65:57,2412,-52,,,,,,,,,,M2012K11C,2212343,RP50
2026:09:06:16:13:31,17,22,33,iPhone (8),b6:40:69:6b:ac:74,2462,-67,,,,,,,,,,M2012K11C,2212343,RP50
2026:09:06:16:13:31,17,23,33,DLU-Teacher,88:dc:97:12:62:cf,2412,-66,,,,,,,,,,M2012K11C,2212343,RP50
2026:09:06:16:13:31,17,24,33,DLU-Student-Lib,8e:dc:97:12:65:21,2412,-43,,,,,,,,,,M2012K11C,2212343,RP50
2026:09:06:16:13:31,17,25,33,DLU-Student-Lib,8e:dc:97:12:62:cf,2412,-66,,,,,,,,,,M2012K11C,2212343,RP50
2026:09:06:16:13:31,17,26,33,1.Free Wi-MESH,b4:5d:50:d7:e9:51,5220,-76,,,,,,,,,,M2012K11C,2212343,RP50
2026:09:06:16:13:31,17,27,33,DLU - WIMESH,b4:5d:50:d7:e9:50,5220,-77,,,,,,,,,,M2012K11C,2212343,RP50
2026:09:06:16:13:31,17,28,33,DLU-Student-Lib,8e:dc:97:12:65:22,5765,-50,,,,,,,,,,M2012K11C,2212343,RP50
2026:09:06:16:13:31,17,29,33,DLU-Teacher,88:dc:97:12:62:d0,5805,-65,,,,,,,,,,M2012K11C,2212343,RP50
2026:09:06:16:13:31,17,30,33,DLU - WIMESH,b4:5d:50:d7:e9:40,2462,-70,,,,,,,,,,M2012K11C,2212343,RP50
2026:09:06:16:13:31,17,31,33,DLU-Student-Lib,8e:dc:97:12:65:2a,2417,-39,,,,,,,,,,M2012K11C,2212343,RP50
2026:09:06:16:13:31,17,32,33,DLU-Teacher,88:dc:97:12:65:22,5765,-50,,,,,,,,,,M2012K11C,2212343,RP50
2026:09:06:16:13:31,17,33,33,DLU-Teacher,88:dc:97:12:65:21,2412,-44,,,,,,,,,,M2012K11C,2212343,RP50
2026:09:06:16:14:22,18,1,29,DLU-Teacher,88:dc:97:12:65:57,2412,-53,,,,,,,,,,M2012K11C,2212343,RP50
2026:09:06:16:14:22,18,2,29,DLU-Teacher,88:dc:97:12:64:82,2432,-57,,,,,,,,,,M2012K11C,2212343,RP50
2026:09:06:16:14:22,18,3,29,DLU-Teacher,88:dc:97:12:64:83,5300,-75,,,,,,,,,,M2012K11C,2212343,RP50
2026:09:06:16:14:22,18,4,29,DLU-Student-Lib,8e:dc:97:12:62:c7,5500,-76,,,,,,,,,,M2012K11C,2212343,RP50
2026:09:06:16:14:22,18,5,29,DLU-Teacher,88:dc:97:12:65:2b,5805,-42,,,,,,,,,,M2012K11C,2212343,RP50
2026:09:06:16:14:22,18,6,29,DLU-Teacher,88:dc:97:12:65:2a,2417,-39,,,,,,,,,,M2012K11C,2212343,RP50
2026:09:06:16:14:22,18,7,29,DLU-Student-Lib,8e:dc:97:12:62:d0,5805,-66,,,,,,,,,,M2012K11C,2212343,RP50
2026:09:06:16:14:22,18,8,29,DLU-Student-Lib,8e:dc:97:12:65:63,2452,-61,,,,,,,,,,M2012K11C,2212343,RP50
2026:09:06:16:14:22,18,9,29,DLU-Student-Lib,8e:dc:97:12:65:64,5200,-60,,,,,,,,,,M2012K11C,2212343,RP50
2026:09:06:16:14:22,18,10,29,DLU-Teacher,88:dc:97:12:64:c4,2452,-67,,,,,,,,,,M2012K11C,2212343,RP50
2026:09:06:16:14:22,18,11,29,DLU-Teacher,88:dc:97:12:64:c5,5180,-73,,,,,,,,,,M2012K11C,2212343,RP50
2026:09:06:16:14:22,18,12,29,DLU-Teacher,88:dc:97:12:65:58,5280,-62,,,,,,,,,,M2012K11C,2212343,RP50
2026:09:06:16:14:22,18,13,29,DLU-Student-Lib,8e:dc:97:12:64:c5,5180,-73,,,,,,,,,,M2012K11C,2212343,RP50
2026:09:06:16:14:22,18,14,29,DLU-Teacher,88:dc:97:12:65:64,5200,-61,,,,,,,,,,M2012K11C,2212343,RP50
2026:09:06:16:14:22,18,15,29,DLU-Teacher,88:dc:97:12:65:63,2452,-60,,,,,,,,,,M2012K11C,2212343,RP50
2026:09:06:16:14:22,18,16,29,DLU-Student-Lib,8e:dc:97:12:65:2b,5805,-42,,,,,,,,,,M2012K11C,2212343,RP50
2026:09:06:16:14:22,18,17,29,DLU-Teacher,88:dc:97:12:62:c7,5500,-76,,,,,,,,,,M2012K11C,2212343,RP50
2026:09:06:16:14:22,18,18,29,DLU-Student-Lib,8e:dc:97:12:64:82,2432,-62,,,,,,,,,,M2012K11C,2212343,RP50
2026:09:06:16:14:22,18,19,29,DLU-Student-Lib,8e:dc:97:12:64:83,5300,-75,,,,,,,,,,M2012K11C,2212343,RP50
2026:09:06:16:14:22,18,20,29,DLU-Student-Lib,8e:dc:97:12:65:58,5280,-62,,,,,,,,,,M2012K11C,2212343,RP50
2026:09:06:16:14:22,18,21,29,iPhone (8),b6:40:69:6b:ac:74,2462,-59,,,,,,,,,,M2012K11C,2212343,RP50
2026:09:06:16:14:22,18,22,29,DLU-Teacher,88:dc:97:12:62:cf,2412,-67,,,,,,,,,,M2012K11C,2212343,RP50
2026:09:06:16:14:22,18,23,29,DLU-Student-Lib,8e:dc:97:12:65:21,2412,-42,,,,,,,,,,M2012K11C,2212343,RP50
2026:09:06:16:14:22,18,24,29,1.Free Wi-MESH,b4:5d:50:d7:e9:51,5220,-76,,,,,,,,,,M2012K11C,2212343,RP50
2026:09:06:16:14:22,18,25,29,DLU - WIMESH,b4:5d:50:d7:e9:50,5220,-76,,,,,,,,,,M2012K11C,2212343,RP50
2026:09:06:16:14:22,18,26,29,DLU-Teacher,88:dc:97:12:62:d0,5805,-65,,,,,,,,,,M2012K11C,2212343,RP50
2026:09:06:16:14:22,18,27,29,DLU - WIMESH,b4:5d:50:d7:e9:40,2462,-72,,,,,,,,,,M2012K11C,2212343,RP50
2026:09:06:16:14:22,18,28,29,DLU-Student-Lib,8e:dc:97:12:65:2a,2417,-39,,,,,,,,,,M2012K11C,2212343,RP50
2026:09:06:16:14:22,18,29,29,DLU-Teacher,88:dc:97:12:65:21,2412,-45,,,,,,,,,,M2012K11C,2212343,RP50
2026:09:06:16:15:13,19,1,24,DLU-Teacher,88:dc:97:12:64:83,5300,-75,,,,,,,,,,M2012K11C,2212343,RP50
2026:09:06:16:15:13,19,2,24,DLU-Student-Lib,8e:dc:97:12:62:c7,5500,-77,,,,,,,,,,M2012K11C,2212343,RP50
2026:09:06:16:15:13,19,3,24,DLU-Teacher,88:dc:97:12:65:2b,5805,-44,,,,,,,,,,M2012K11C,2212343,RP50
2026:09:06:16:15:13,19,4,24,DLU-Teacher,88:dc:97:12:65:2a,2417,-42,,,,,,,,,,M2012K11C,2212343,RP50
2026:09:06:16:15:13,19,5,24,DLU-Student-Lib,8e:dc:97:12:62:d0,5805,-66,,,,,,,,,,M2012K11C,2212343,RP50
2026:09:06:16:15:13,19,6,24,DLU-Student-Lib,8e:dc:97:12:65:64,5200,-61,,,,,,,,,,M2012K11C,2212343,RP50
2026:09:06:16:15:13,19,7,24,DLU-Teacher,88:dc:97:12:64:c5,5180,-83,,,,,,,,,,M2012K11C,2212343,RP50
2026:09:06:16:15:13,19,8,24,DLU-Teacher,88:dc:97:12:65:58,5280,-63,,,,,,,,,,M2012K11C,2212343,RP50
2026:09:06:16:15:13,19,9,24,DLU-Student-Lib,8e:dc:97:12:64:c5,5180,-82,,,,,,,,,,M2012K11C,2212343,RP50
2026:09:06:16:15:13,19,10,24,DLU-Teacher,88:dc:97:12:65:64,5200,-61,,,,,,,,,,M2012K11C,2212343,RP50
2026:09:06:16:15:13,19,11,24,DLU-Student-Lib,8e:dc:97:12:65:2b,5805,-45,,,,,,,,,,M2012K11C,2212343,RP50
2026:09:06:16:15:13,19,12,24,DLU-Teacher,88:dc:97:12:62:c7,5500,-77,,,,,,,,,,M2012K11C,2212343,RP50
2026:09:06:16:15:13,19,13,24,DLU-Student-Lib,8e:dc:97:12:64:82,2432,-67,,,,,,,,,,M2012K11C,2212343,RP50
2026:09:06:16:15:13,19,14,24,DLU-Student-Lib,8e:dc:97:12:64:83,5300,-75,,,,,,,,,,M2012K11C,2212343,RP50
2026:09:06:16:15:13,19,15,24,DLU-Student-Lib,8e:dc:97:12:65:58,5280,-63,,,,,,,,,,M2012K11C,2212343,RP50
2026:09:06:16:15:13,19,16,24,DLU-Student-Lib,8e:dc:97:12:65:21,2412,-48,,,,,,,,,,M2012K11C,2212343,RP50
2026:09:06:16:15:13,19,17,24,1.Free Wi-MESH,b4:5d:50:d7:e9:51,5220,-75,,,,,,,,,,M2012K11C,2212343,RP50
2026:09:06:16:15:13,19,18,24,DLU - WIMESH,b4:5d:50:d7:e9:50,5220,-75,,,,,,,,,,M2012K11C,2212343,RP50
2026:09:06:16:15:13,19,19,24,DLU-Student-Lib,8e:dc:97:12:65:22,5765,-54,,,,,,,,,,M2012K11C,2212343,RP50
2026:09:06:16:15:13,19,20,24,DLU-Teacher,88:dc:97:12:62:d0,5805,-67,,,,,,,,,,M2012K11C,2212343,RP50
2026:09:06:16:15:13,19,21,24,DLU - WIMESH,b4:5d:50:d7:e9:40,2462,-73,,,,,,,,,,M2012K11C,2212343,RP50
2026:09:06:16:15:13,19,22,24,DLU-Student-Lib,8e:dc:97:12:65:2a,2417,-40,,,,,,,,,,M2012K11C,2212343,RP50
2026:09:06:16:15:13,19,23,24,DLU-Teacher,88:dc:97:12:65:22,5765,-54,,,,,,,,,,M2012K11C,2212343,RP50
2026:09:06:16:15:13,19,24,24,DLU-Teacher,88:dc:97:12:65:21,2412,-46,,,,,,,,,,M2012K11C,2212343,RP50
2026:09:06:16:16:05,20,1,28,DLU-Teacher,88:dc:97:12:64:82,2432,-64,,,,,,,,,,M2012K11C,2212343,RP50
2026:09:06:16:16:05,20,2,28,DLU-Teacher,88:dc:97:12:64:83,5300,-75,,,,,,,,,,M2012K11C,2212343,RP50
2026:09:06:16:16:05,20,3,28,DLU-Student-Lib,8e:dc:97:12:62:c7,5500,-76,,,,,,,,,,M2012K11C,2212343,RP50
2026:09:06:16:16:05,20,4,28,DLU-Teacher,88:dc:97:12:65:2b,5805,-43,,,,,,,,,,M2012K11C,2212343,RP50
2026:09:06:16:16:05,20,5,28,DLU-Teacher,88:dc:97:12:65:2a,2417,-41,,,,,,,,,,M2012K11C,2212343,RP50
2026:09:06:16:16:05,20,6,28,DLU-Student-Lib,8e:dc:97:12:62:d0,5805,-63,,,,,,,,,,M2012K11C,2212343,RP50
2026:09:06:16:16:05,20,7,28,DLU-Student-Lib,8e:dc:97:12:65:63,2452,-60,,,,,,,,,,M2012K11C,2212343,RP50
2026:09:06:16:16:05,20,8,28,DLU-Student-Lib,8e:dc:97:12:65:64,5200,-60,,,,,,,,,,M2012K11C,2212343,RP50
2026:09:06:16:16:05,20,9,28,DLU-Teacher,88:dc:97:12:64:c5,5180,-81,,,,,,,,,,M2012K11C,2212343,RP50
2026:09:06:16:16:05,20,10,28,DLU-Teacher,88:dc:97:12:65:58,5280,-58,,,,,,,,,,M2012K11C,2212343,RP50
2026:09:06:16:16:05,20,11,28,DLU-Student-Lib,8e:dc:97:12:64:c5,5180,-81,,,,,,,,,,M2012K11C,2212343,RP50
2026:09:06:16:16:05,20,12,28,DLU-Teacher,88:dc:97:12:65:64,5200,-60,,,,,,,,,,M2012K11C,2212343,RP50
2026:09:06:16:16:05,20,13,28,DLU-Teacher,88:dc:97:12:65:63,2452,-60,,,,,,,,,,M2012K11C,2212343,RP50
2026:09:06:16:16:05,20,14,28,DLU-Student-Lib,8e:dc:97:12:65:2b,5805,-43,,,,,,,,,,M2012K11C,2212343,RP50
2026:09:06:16:16:05,20,15,28,DLU-Teacher,88:dc:97:12:62:c7,5500,-76,,,,,,,,,,M2012K11C,2212343,RP50
2026:09:06:16:16:05,20,16,28,DLU-Student-Lib,8e:dc:97:12:64:83,5300,-75,,,,,,,,,,M2012K11C,2212343,RP50
2026:09:06:16:16:05,20,17,28,DLU-Student-Lib,8e:dc:97:12:65:58,5280,-58,,,,,,,,,,M2012K11C,2212343,RP50
2026:09:06:16:16:05,20,18,28,iPhone (8),b6:40:69:6b:ac:74,2462,-69,,,,,,,,,,M2012K11C,2212343,RP50
2026:09:06:16:16:05,20,19,28,DLU-Teacher,88:dc:97:12:62:cf,2412,-59,,,,,,,,,,M2012K11C,2212343,RP50
2026:09:06:16:16:05,20,20,28,DLU-Student-Lib,8e:dc:97:12:65:21,2412,-54,,,,,,,,,,M2012K11C,2212343,RP50
2026:09:06:16:16:05,20,21,28,1.Free Wi-MESH,b4:5d:50:d7:e9:51,5220,-71,,,,,,,,,,M2012K11C,2212343,RP50
2026:09:06:16:16:05,20,22,28,DLU - WIMESH,b4:5d:50:d7:e9:50,5220,-71,,,,,,,,,,M2012K11C,2212343,RP50
2026:09:06:16:16:05,20,23,28,DLU-Student-Lib,8e:dc:97:12:65:22,5765,-57,,,,,,,,,,M2012K11C,2212343,RP50
2026:09:06:16:16:05,20,24,28,DLU-Teacher,88:dc:97:12:62:d0,5805,-63,,,,,,,,,,M2012K11C,2212343,RP50
2026:09:06:16:16:05,20,25,28,DLU - WIMESH,b4:5d:50:d7:e9:40,2462,-71,,,,,,,,,,M2012K11C,2212343,RP50
2026:09:06:16:16:05,20,26,28,DLU-Student-Lib,8e:dc:97:12:65:2a,2417,-42,,,,,,,,,,M2012K11C,2212343,RP50
2026:09:06:16:16:05,20,27,28,DLU-Teacher,88:dc:97:12:65:22,5765,-56,,,,,,,,,,M2012K11C,2212343,RP50
2026:09:06:16:16:05,20,28,28,DLU-Teacher,88:dc:97:12:65:21,2412,-54,,,,,,,,,,M2012K11C,2212343,RP50
2026:09:06:15:39:47,1,1,32,DLU-Teacher,88:dc:97:12:65:57,2412,-55,,,,,,,,,,M2012K11C,2212343,RP51
2026:09:06:15:39:47,1,2,32,DLU-Teacher,88:dc:97:12:64:82,2432,-63,,,,,,,,,,M2012K11C,2212343,RP51
2026:09:06:15:39:47,1,3,32,DLU-Teacher,88:dc:97:12:64:83,5300,-61,,,,,,,,,,M2012K11C,2212343,RP51
2026:09:06:15:39:47,1,4,32,DLU-Student-Lib,8e:dc:97:12:62:c6,2452,-73,,,,,,,,,,M2012K11C,2212343,RP51
2026:09:06:15:39:47,1,5,32,DLU-Teacher,88:dc:97:12:65:2b,5805,-54,,,,,,,,,,M2012K11C,2212343,RP51
2026:09:06:15:39:47,1,6,32,DLU-Teacher,88:dc:97:12:65:2a,2417,-52,,,,,,,,,,M2012K11C,2212343,RP51
2026:09:06:15:39:47,1,7,32,DLU-Student-Lib,8e:dc:97:12:62:d0,5805,-68,,,,,,,,,,M2012K11C,2212343,RP51
2026:09:06:15:39:47,1,8,32,DLU-Student-Lib,8e:dc:97:12:65:63,2452,-71,,,,,,,,,,M2012K11C,2212343,RP51
2026:09:06:15:39:47,1,9,32,DLU-Student-Lib,8e:dc:97:12:65:64,5200,-76,,,,,,,,,,M2012K11C,2212343,RP51
2026:09:06:15:39:47,1,10,32,DLU-Teacher,88:dc:97:12:64:c4,2452,-67,,,,,,,,,,M2012K11C,2212343,RP51
2026:09:06:15:39:47,1,11,32,DLU-Teacher,88:dc:97:12:64:c5,5180,-80,,,,,,,,,,M2012K11C,2212343,RP51
2026:09:06:15:39:47,1,12,32,DLU-Student-Lib,8e:dc:97:12:64:c5,5180,-80,,,,,,,,,,M2012K11C,2212343,RP51
2026:09:06:15:39:47,1,13,32,DLU-Teacher,88:dc:97:12:65:64,5200,-77,,,,,,,,,,M2012K11C,2212343,RP51
2026:09:06:15:39:47,1,14,32,DLU-Teacher,88:dc:97:12:65:63,2452,-71,,,,,,,,,,M2012K11C,2212343,RP51
2026:09:06:15:39:47,1,15,32,DLU-Student-Lib,8e:dc:97:12:65:2b,5805,-54,,,,,,,,,,M2012K11C,2212343,RP51
2026:09:06:15:39:47,1,16,32,DLU-Teacher,88:dc:97:12:62:c6,2452,-74,,,,,,,,,,M2012K11C,2212343,RP51
2026:09:06:15:39:47,1,17,32,DLU-Student-Lib,8e:dc:97:12:64:82,2432,-63,,,,,,,,,,M2012K11C,2212343,RP51
2026:09:06:15:39:47,1,18,32,DLU-Student-Lib,8e:dc:97:12:64:83,5300,-62,,,,,,,,,,M2012K11C,2212343,RP51
2026:09:06:15:39:47,1,19,32,DLU-Student-Lib,8e:dc:97:12:65:57,2412,-55,,,,,,,,,,M2012K11C,2212343,RP51
2026:09:06:15:39:47,1,20,32,DLU-Teacher,88:dc:97:12:62:cf,2412,-58,,,,,,,,,,M2012K11C,2212343,RP51
2026:09:06:15:39:47,1,21,32,DLU-Teacher,88:dc:97:12:62:cd,5200,-90,,,,,,,,,,M2012K11C,2212343,RP51
2026:09:06:15:39:47,1,22,32,DLU-Student-Lib,8e:dc:97:12:65:21,2412,-40,,,,,,,,,,M2012K11C,2212343,RP51
2026:09:06:15:39:47,1,23,32,DLU-Student-Lib,8e:dc:97:12:62:cf,2412,-58,,,,,,,,,,M2012K11C,2212343,RP51
2026:09:06:15:39:47,1,24,32,1.Free Wi-MESH,b4:5d:50:d7:e9:51,5220,-78,,,,,,,,,,M2012K11C,2212343,RP51
2026:09:06:15:39:47,1,25,32,DLU - WIMESH,b4:5d:50:d7:e9:50,5220,-76,,,,,,,,,,M2012K11C,2212343,RP51
2026:09:06:15:39:47,1,26,32,DLU-Student-Lib,8e:dc:97:12:62:cd,5200,-90,,,,,,,,,,M2012K11C,2212343,RP51
2026:09:06:15:39:47,1,27,32,DLU-Student-Lib,8e:dc:97:12:65:22,5765,-43,,,,,,,,,,M2012K11C,2212343,RP51
2026:09:06:15:39:47,1,28,32,DLU-Teacher,88:dc:97:12:62:d0,5805,-67,,,,,,,,,,M2012K11C,2212343,RP51
2026:09:06:15:39:47,1,29,32,DLU-Student-Lib,8e:dc:97:12:65:2a,2417,-54,,,,,,,,,,M2012K11C,2212343,RP51
2026:09:06:15:39:47,1,30,32,DLU-Teacher,88:dc:97:12:65:22,5765,-42,,,,,,,,,,M2012K11C,2212343,RP51
2026:09:06:15:39:47,1,31,32,DLU-Teacher,88:dc:97:12:65:21,2412,-39,,,,,,,,,,M2012K11C,2212343,RP51
2026:09:06:15:39:47,1,32,32,1.Free Wi-MESH,b4:5d:50:d7:e9:41,2462,-68,,,,,,,,,,M2012K11C,2212343,RP51
2026:09:06:15:40:38,2,1,33,DLU-Teacher,88:dc:97:12:65:57,2412,-56,,,,,,,,,,M2012K11C,2212343,RP51
2026:09:06:15:40:38,2,2,33,DLU-Teacher,88:dc:97:12:64:82,2432,-61,,,,,,,,,,M2012K11C,2212343,RP51
2026:09:06:15:40:38,2,3,33,DLU-Teacher,88:dc:97:12:64:83,5300,-61,,,,,,,,,,M2012K11C,2212343,RP51
2026:09:06:15:40:38,2,4,33,DLU-Student-Lib,8e:dc:97:12:62:c7,5500,-75,,,,,,,,,,M2012K11C,2212343,RP51
2026:09:06:15:40:38,2,5,33,DLU-Teacher,88:dc:97:12:65:2b,5805,-60,,,,,,,,,,M2012K11C,2212343,RP51
2026:09:06:15:40:38,2,6,33,DLU-Teacher,88:dc:97:12:65:2a,2417,-55,,,,,,,,,,M2012K11C,2212343,RP51
2026:09:06:15:40:38,2,7,33,DLU-Student-Lib,8e:dc:97:12:62:d0,5805,-64,,,,,,,,,,M2012K11C,2212343,RP51
2026:09:06:15:40:38,2,8,33,DLU-Student-Lib,8e:dc:97:12:65:64,5200,-71,,,,,,,,,,M2012K11C,2212343,RP51
2026:09:06:15:40:38,2,9,33,DLU-Teacher,88:dc:97:12:64:c4,2452,-69,,,,,,,,,,M2012K11C,2212343,RP51
2026:09:06:15:40:38,2,10,33,DLU-Teacher,88:dc:97:12:64:c5,5180,-79,,,,,,,,,,M2012K11C,2212343,RP51
2026:09:06:15:40:38,2,11,33,DLU-Teacher,88:dc:97:12:65:58,5280,-63,,,,,,,,,,M2012K11C,2212343,RP51
2026:09:06:15:40:38,2,12,33,DLU-Student-Lib,8e:dc:97:12:64:c4,2452,-68,,,,,,,,,,M2012K11C,2212343,RP51
2026:09:06:15:40:38,2,13,33,DLU-Student-Lib,8e:dc:97:12:64:c5,5180,-80,,,,,,,,,,M2012K11C,2212343,RP51
2026:09:06:15:40:38,2,14,33,DLU-Teacher,88:dc:97:12:65:64,5200,-72,,,,,,,,,,M2012K11C,2212343,RP51
2026:09:06:15:40:38,2,15,33,Khoi Nghiep Dalat 5g,7c:7b:68:f4:d6:71,5580,-88,,,,,,,,,,M2012K11C,2212343,RP51
2026:09:06:15:40:38,2,16,33,DLU-Student-Lib,8e:dc:97:12:65:2b,5805,-60,,,,,,,,,,M2012K11C,2212343,RP51
2026:09:06:15:40:38,2,17,33,DLU-Teacher,88:dc:97:12:62:c7,5500,-74,,,,,,,,,,M2012K11C,2212343,RP51
2026:09:06:15:40:38,2,18,33,DLU-Student-Lib,8e:dc:97:12:64:82,2432,-61,,,,,,,,,,M2012K11C,2212343,RP51
2026:09:06:15:40:38,2,19,33,DLU-Student-Lib,8e:dc:97:12:64:83,5300,-61,,,,,,,,,,M2012K11C,2212343,RP51
2026:09:06:15:40:38,2,20,33,DLU-Student-Lib,8e:dc:97:12:65:58,5280,-63,,,,,,,,,,M2012K11C,2212343,RP51
2026:09:06:15:40:38,2,21,33,DLU-Teacher,88:dc:97:12:62:cf,2412,-60,,,,,,,,,,M2012K11C,2212343,RP51
2026:09:06:15:40:38,2,22,33,DLU-Student-Lib,8e:dc:97:12:65:21,2412,-40,,,,,,,,,,M2012K11C,2212343,RP51
2026:09:06:15:40:38,2,23,33,DLU-Student-Lib,8e:dc:97:12:62:cf,2412,-61,,,,,,,,,,M2012K11C,2212343,RP51
2026:09:06:15:40:38,2,24,33,1.Free Wi-MESH,b4:5d:50:d7:e9:51,5220,-68,,,,,,,,,,M2012K11C,2212343,RP51
2026:09:06:15:40:38,2,25,33,DLU - WIMESH,b4:5d:50:d7:e9:50,5220,-68,,,,,,,,,,M2012K11C,2212343,RP51
2026:09:06:15:40:38,2,26,33,DLU-Student-Lib,8e:dc:97:12:62:cc,2422,-72,,,,,,,,,,M2012K11C,2212343,RP51
2026:09:06:15:40:38,2,27,33,DLU-Student-Lib,8e:dc:97:12:65:22,5765,-41,,,,,,,,,,M2012K11C,2212343,RP51
2026:09:06:15:40:38,2,28,33,DLU-Teacher,88:dc:97:12:62:d0,5805,-64,,,,,,,,,,M2012K11C,2212343,RP51
2026:09:06:15:40:38,2,29,33,DLU - WIMESH,b4:5d:50:d7:e9:40,2462,-75,,,,,,,,,,M2012K11C,2212343,RP51
2026:09:06:15:40:38,2,30,33,DLU-Student-Lib,8e:dc:97:12:65:2a,2417,-55,,,,,,,,,,M2012K11C,2212343,RP51
2026:09:06:15:40:38,2,31,33,DLU-Teacher,88:dc:97:12:65:22,5765,-41,,,,,,,,,,M2012K11C,2212343,RP51
2026:09:06:15:40:38,2,32,33,DLU-Teacher,88:dc:97:12:65:21,2412,-40,,,,,,,,,,M2012K11C,2212343,RP51
2026:09:06:15:40:38,2,33,33,1.Free Wi-MESH,b4:5d:50:d7:e9:41,2462,-75,,,,,,,,,,M2012K11C,2212343,RP51
2026:09:06:15:41:29,3,1,33,DLU-Teacher,88:dc:97:12:65:57,2412,-59,,,,,,,,,,M2012K11C,2212343,RP51
2026:09:06:15:41:29,3,2,33,DLU-Teacher,88:dc:97:12:64:82,2432,-62,,,,,,,,,,M2012K11C,2212343,RP51
2026:09:06:15:41:29,3,3,33,DLU-Teacher,88:dc:97:12:64:83,5300,-66,,,,,,,,,,M2012K11C,2212343,RP51
2026:09:06:15:41:29,3,4,33,DLU-Student-Lib,8e:dc:97:12:62:c7,5500,-73,,,,,,,,,,M2012K11C,2212343,RP51
2026:09:06:15:41:29,3,5,33,DLU-Teacher,88:dc:97:12:65:2a,2417,-56,,,,,,,,,,M2012K11C,2212343,RP51
2026:09:06:15:41:29,3,6,33,DLU-Student-Lib,8e:dc:97:12:62:d0,5805,-63,,,,,,,,,,M2012K11C,2212343,RP51
2026:09:06:15:41:29,3,7,33,DLU-Student-Lib,8e:dc:97:12:65:63,2452,-68,,,,,,,,,,M2012K11C,2212343,RP51
2026:09:06:15:41:29,3,8,33,DLU-Student-Lib,8e:dc:97:12:65:64,5200,-71,,,,,,,,,,M2012K11C,2212343,RP51
2026:09:06:15:41:29,3,9,33,DLU-Teacher,88:dc:97:12:64:c4,2452,-67,,,,,,,,,,M2012K11C,2212343,RP51
2026:09:06:15:41:29,3,10,33,1.Free Wi-MESH,40:e3:d6:cd:2d:31,5280,-86,,,,,,,,,,M2012K11C,2212343,RP51
2026:09:06:15:41:29,3,11,33,DLU - WIMESH,40:e3:d6:cd:2d:30,5280,-86,,,,,,,,,,M2012K11C,2212343,RP51
2026:09:06:15:41:29,3,12,33,DLU-Teacher,88:dc:97:12:64:c5,5180,-86,,,,,,,,,,M2012K11C,2212343,RP51
2026:09:06:15:41:29,3,13,33,DLU-Teacher,88:dc:97:12:65:58,5280,-65,,,,,,,,,,M2012K11C,2212343,RP51
2026:09:06:15:41:29,3,14,33,DLU-Student-Lib,8e:dc:97:12:64:c5,5180,-86,,,,,,,,,,M2012K11C,2212343,RP51
2026:09:06:15:41:29,3,15,33,DLU-Teacher,88:dc:97:12:65:64,5200,-71,,,,,,,,,,M2012K11C,2212343,RP51
2026:09:06:15:41:29,3,16,33,DLU-Teacher,88:dc:97:12:65:63,2452,-67,,,,,,,,,,M2012K11C,2212343,RP51
2026:09:06:15:41:29,3,17,33,DLU-Teacher,88:dc:97:12:62:c6,2452,-67,,,,,,,,,,M2012K11C,2212343,RP51
2026:09:06:15:41:29,3,18,33,DLU-Teacher,88:dc:97:12:62:c7,5500,-74,,,,,,,,,,M2012K11C,2212343,RP51
2026:09:06:15:41:29,3,19,33,DLU-Student-Lib,8e:dc:97:12:64:82,2432,-62,,,,,,,,,,M2012K11C,2212343,RP51
2026:09:06:15:41:29,3,20,33,DLU-Student-Lib,8e:dc:97:12:65:58,5280,-64,,,,,,,,,,M2012K11C,2212343,RP51
2026:09:06:15:41:29,3,21,33,DLU-Student-Lib,8e:dc:97:12:65:57,2412,-63,,,,,,,,,,M2012K11C,2212343,RP51
2026:09:06:15:41:29,3,22,33,DLU-Teacher,88:dc:97:12:62:cf,2412,-65,,,,,,,,,,M2012K11C,2212343,RP51
2026:09:06:15:41:29,3,23,33,DLU-Student-Lib,8e:dc:97:12:65:21,2412,-43,,,,,,,,,,M2012K11C,2212343,RP51
2026:09:06:15:41:29,3,24,33,DLU-Student-Lib,8e:dc:97:12:62:cf,2412,-65,,,,,,,,,,M2012K11C,2212343,RP51
2026:09:06:15:41:29,3,25,33,1.Free Wi-MESH,b4:5d:50:d7:e9:51,5220,-76,,,,,,,,,,M2012K11C,2212343,RP51
2026:09:06:15:41:29,3,26,33,DLU - WIMESH,b4:5d:50:d7:e9:50,5220,-77,,,,,,,,,,M2012K11C,2212343,RP51
2026:09:06:15:41:29,3,27,33,DLU-Student-Lib,8e:dc:97:12:65:22,5765,-43,,,,,,,,,,M2012K11C,2212343,RP51
2026:09:06:15:41:29,3,28,33,DLU-Teacher,88:dc:97:12:62:d0,5805,-63,,,,,,,,,,M2012K11C,2212343,RP51
2026:09:06:15:41:29,3,29,33,DLU - WIMESH,b4:5d:50:d7:e9:40,2462,-70,,,,,,,,,,M2012K11C,2212343,RP51
2026:09:06:15:41:29,3,30,33,DLU-Student-Lib,8e:dc:97:12:65:2a,2417,-56,,,,,,,,,,M2012K11C,2212343,RP51
2026:09:06:15:41:29,3,31,33,DLU-Teacher,88:dc:97:12:65:22,5765,-43,,,,,,,,,,M2012K11C,2212343,RP51
2026:09:06:15:41:29,3,32,33,DLU-Teacher,88:dc:97:12:65:21,2412,-40,,,,,,,,,,M2012K11C,2212343,RP51
2026:09:06:15:41:29,3,33,33,1.Free Wi-MESH,b4:5d:50:d7:e9:41,2462,-70,,,,,,,,,,M2012K11C,2212343,RP51
2026:09:06:15:42:20,4,1,32,DLU-Teacher,88:dc:97:12:64:82,2432,-61,,,,,,,,,,M2012K11C,2212343,RP51
2026:09:06:15:42:20,4,2,32,DLU-Teacher,88:dc:97:12:64:83,5300,-65,,,,,,,,,,M2012K11C,2212343,RP51
2026:09:06:15:42:20,4,3,32,DLU-Student-Lib,8e:dc:97:12:62:c7,5500,-74,,,,,,,,,,M2012K11C,2212343,RP51
2026:09:06:15:42:20,4,4,32,DLU-Student-Lib,8e:dc:97:12:62:c6,2452,-69,,,,,,,,,,M2012K11C,2212343,RP51
2026:09:06:15:42:20,4,5,32,DLU-Teacher,88:dc:97:12:65:2b,5805,-59,,,,,,,,,,M2012K11C,2212343,RP51
2026:09:06:15:42:20,4,6,32,DLU-Student-Lib,8e:dc:97:12:62:d0,5805,-61,,,,,,,,,,M2012K11C,2212343,RP51
2026:09:06:15:42:20,4,7,32,DLU-Student-Lib,8e:dc:97:12:65:63,2452,-71,,,,,,,,,,M2012K11C,2212343,RP51
2026:09:06:15:42:20,4,8,32,DLU-Student-Lib,8e:dc:97:12:65:64,5200,-70,,,,,,,,,,M2012K11C,2212343,RP51
2026:09:06:15:42:20,4,9,32,DLU-Teacher,88:dc:97:12:64:c4,2452,-66,,,,,,,,,,M2012K11C,2212343,RP51
2026:09:06:15:42:20,4,10,32,1.Free Wi-MESH,40:e3:d6:cd:2d:31,5280,-85,,,,,,,,,,M2012K11C,2212343,RP51
2026:09:06:15:42:20,4,11,32,DLU - WIMESH,40:e3:d6:cd:2d:30,5280,-84,,,,,,,,,,M2012K11C,2212343,RP51
2026:09:06:15:42:20,4,12,32,DLU-Teacher,88:dc:97:12:64:c5,5180,-86,,,,,,,,,,M2012K11C,2212343,RP51
2026:09:06:15:42:20,4,13,32,DLU-Teacher,88:dc:97:12:65:58,5280,-63,,,,,,,,,,M2012K11C,2212343,RP51
2026:09:06:15:42:20,4,14,32,DLU-Student-Lib,8e:dc:97:12:64:c4,2452,-66,,,,,,,,,,M2012K11C,2212343,RP51
2026:09:06:15:42:20,4,15,32,DLU-Student-Lib,8e:dc:97:12:64:c5,5180,-86,,,,,,,,,,M2012K11C,2212343,RP51
2026:09:06:15:42:20,4,16,32,DLU-Teacher,88:dc:97:12:65:64,5200,-70,,,,,,,,,,M2012K11C,2212343,RP51
2026:09:06:15:42:20,4,17,32,DLU-Teacher,88:dc:97:12:65:63,2452,-69,,,,,,,,,,M2012K11C,2212343,RP51
2026:09:06:15:42:20,4,18,32,DLU-Student-Lib,8e:dc:97:12:65:2b,5805,-59,,,,,,,,,,M2012K11C,2212343,RP51
2026:09:06:15:42:20,4,19,32,DLU-Teacher,88:dc:97:12:62:c6,2452,-71,,,,,,,,,,M2012K11C,2212343,RP51
2026:09:06:15:42:20,4,20,32,DLU-Teacher,88:dc:97:12:62:c7,5500,-74,,,,,,,,,,M2012K11C,2212343,RP51
2026:09:06:15:42:20,4,21,32,DLU-Student-Lib,8e:dc:97:12:64:82,2432,-63,,,,,,,,,,M2012K11C,2212343,RP51
2026:09:06:15:42:20,4,22,32,DLU-Student-Lib,8e:dc:97:12:64:83,5300,-65,,,,,,,,,,M2012K11C,2212343,RP51
2026:09:06:15:42:20,4,23,32,DLU-Student-Lib,8e:dc:97:12:65:58,5280,-63,,,,,,,,,,M2012K11C,2212343,RP51
2026:09:06:15:42:20,4,24,32,DLU-Teacher,88:dc:97:12:62:cf,2412,-67,,,,,,,,,,M2012K11C,2212343,RP51
2026:09:06:15:42:20,4,25,32,1.Free Wi-MESH,b4:5d:50:d7:e9:51,5220,-70,,,,,,,,,,M2012K11C,2212343,RP51
2026:09:06:15:42:20,4,26,32,DLU - WIMESH,b4:5d:50:d7:e9:50,5220,-70,,,,,,,,,,M2012K11C,2212343,RP51
2026:09:06:15:42:20,4,27,32,DLU-Student-Lib,8e:dc:97:12:65:22,5765,-44,,,,,,,,,,M2012K11C,2212343,RP51
2026:09:06:15:42:20,4,28,32,DLU-Teacher,88:dc:97:12:62:d0,5805,-61,,,,,,,,,,M2012K11C,2212343,RP51
2026:09:06:15:42:20,4,29,32,DLU - WIMESH,b4:5d:50:d7:e9:40,2462,-72,,,,,,,,,,M2012K11C,2212343,RP51
2026:09:06:15:42:20,4,30,32,DLU-Student-Lib,8e:dc:97:12:65:2a,2417,-55,,,,,,,,,,M2012K11C,2212343,RP51
2026:09:06:15:42:20,4,31,32,DLU-Teacher,88:dc:97:12:65:22,5765,-44,,,,,,,,,,M2012K11C,2212343,RP51
2026:09:06:15:42:20,4,32,32,DLU-Teacher,88:dc:97:12:65:21,2412,-39,,,,,,,,,,M2012K11C,2212343,RP51
2026:09:06:15:43:11,5,1,29,DLU-Teacher,88:dc:97:12:64:82,2432,-61,,,,,,,,,,M2012K11C,2212343,RP51
2026:09:06:15:43:11,5,2,29,DLU-Teacher,88:dc:97:12:64:83,5300,-65,,,,,,,,,,M2012K11C,2212343,RP51
2026:09:06:15:43:11,5,3,29,DLU-Student-Lib,8e:dc:97:12:62:c7,5500,-75,,,,,,,,,,M2012K11C,2212343,RP51
2026:09:06:15:43:11,5,4,29,DLU-Teacher,88:dc:97:12:65:2b,5805,-57,,,,,,,,,,M2012K11C,2212343,RP51
2026:09:06:15:43:11,5,5,29,DLU-Teacher,88:dc:97:12:65:2a,2417,-54,,,,,,,,,,M2012K11C,2212343,RP51
2026:09:06:15:43:11,5,6,29,DLU-Student-Lib,8e:dc:97:12:62:d0,5805,-66,,,,,,,,,,M2012K11C,2212343,RP51
2026:09:06:15:43:11,5,7,29,DLU-Student-Lib,8e:dc:97:12:65:63,2452,-68,,,,,,,,,,M2012K11C,2212343,RP51
2026:09:06:15:43:11,5,8,29,DLU-Student-Lib,8e:dc:97:12:65:64,5200,-71,,,,,,,,,,M2012K11C,2212343,RP51
2026:09:06:15:43:11,5,9,29,DLU-Teacher,88:dc:97:12:64:c4,2452,-66,,,,,,,,,,M2012K11C,2212343,RP51
2026:09:06:15:43:11,5,10,29,1.Free Wi-MESH,40:e3:d6:cd:2d:31,5280,-85,,,,,,,,,,M2012K11C,2212343,RP51
2026:09:06:15:43:11,5,11,29,DLU - WIMESH,40:e3:d6:cd:2d:30,5280,-87,,,,,,,,,,M2012K11C,2212343,RP51
2026:09:06:15:43:11,5,12,29,DLU-Teacher,88:dc:97:12:65:58,5280,-64,,,,,,,,,,M2012K11C,2212343,RP51
2026:09:06:15:43:11,5,13,29,DLU-Student-Lib,8e:dc:97:12:64:c4,2452,-66,,,,,,,,,,M2012K11C,2212343,RP51
2026:09:06:15:43:11,5,14,29,DLU-Teacher,88:dc:97:12:65:64,5200,-71,,,,,,,,,,M2012K11C,2212343,RP51
2026:09:06:15:43:11,5,15,29,DLU-Teacher,88:dc:97:12:65:63,2452,-68,,,,,,,,,,M2012K11C,2212343,RP51
2026:09:06:15:43:11,5,16,29,DLU-Student-Lib,8e:dc:97:12:65:2b,5805,-58,,,,,,,,,,M2012K11C,2212343,RP51
2026:09:06:15:43:11,5,17,29,DLU-Teacher,88:dc:97:12:62:c7,5500,-74,,,,,,,,,,M2012K11C,2212343,RP51
2026:09:06:15:43:11,5,18,29,DLU-Student-Lib,8e:dc:97:12:64:82,2432,-62,,,,,,,,,,M2012K11C,2212343,RP51
2026:09:06:15:43:11,5,19,29,DLU-Student-Lib,8e:dc:97:12:64:83,5300,-65,,,,,,,,,,M2012K11C,2212343,RP51
2026:09:06:15:43:11,5,20,29,DLU-Student-Lib,8e:dc:97:12:65:58,5280,-64,,,,,,,,,,M2012K11C,2212343,RP51
2026:09:06:15:43:11,5,21,29,DLU-Student-Lib,8e:dc:97:12:65:21,2412,-41,,,,,,,,,,M2012K11C,2212343,RP51
2026:09:06:15:43:11,5,22,29,1.Free Wi-MESH,b4:5d:50:d7:e9:51,5220,-73,,,,,,,,,,M2012K11C,2212343,RP51
2026:09:06:15:43:11,5,23,29,DLU - WIMESH,b4:5d:50:d7:e9:50,5220,-73,,,,,,,,,,M2012K11C,2212343,RP51
2026:09:06:15:43:11,5,24,29,DLU-Student-Lib,8e:dc:97:12:65:22,5765,-46,,,,,,,,,,M2012K11C,2212343,RP51
2026:09:06:15:43:11,5,25,29,DLU-Teacher,88:dc:97:12:62:d0,5805,-66,,,,,,,,,,M2012K11C,2212343,RP51
2026:09:06:15:43:11,5,26,29,DLU - WIMESH,b4:5d:50:d7:e9:40,2462,-70,,,,,,,,,,M2012K11C,2212343,RP51
2026:09:06:15:43:11,5,27,29,DLU-Student-Lib,8e:dc:97:12:65:2a,2417,-53,,,,,,,,,,M2012K11C,2212343,RP51
2026:09:06:15:43:11,5,28,29,DLU-Teacher,88:dc:97:12:65:22,5765,-44,,,,,,,,,,M2012K11C,2212343,RP51
2026:09:06:15:43:11,5,29,29,DLU-Teacher,88:dc:97:12:65:21,2412,-41,,,,,,,,,,M2012K11C,2212343,RP51
2026:09:06:15:44:54,6,1,30,DLU-Teacher,88:dc:97:12:65:57,2412,-63,,,,,,,,,,M2012K11C,2212343,RP51
2026:09:06:15:44:54,6,2,30,DLU-Teacher,88:dc:97:12:64:82,2432,-61,,,,,,,,,,M2012K11C,2212343,RP51
2026:09:06:15:44:54,6,3,30,DLU-Teacher,88:dc:97:12:64:83,5300,-68,,,,,,,,,,M2012K11C,2212343,RP51
2026:09:06:15:44:54,6,4,30,DLU-Student-Lib,8e:dc:97:12:62:c7,5500,-76,,,,,,,,,,M2012K11C,2212343,RP51
2026:09:06:15:44:54,6,5,30,DLU-Student-Lib,8e:dc:97:12:62:c6,2452,-70,,,,,,,,,,M2012K11C,2212343,RP51
2026:09:06:15:44:54,6,6,30,DLU-Teacher,88:dc:97:12:65:2b,5805,-59,,,,,,,,,,M2012K11C,2212343,RP51
2026:09:06:15:44:54,6,7,30,DLU-Teacher,88:dc:97:12:65:2a,2417,-54,,,,,,,,,,M2012K11C,2212343,RP51
2026:09:06:15:44:54,6,8,30,DLU-Student-Lib,8e:dc:97:12:62:d0,5805,-69,,,,,,,,,,M2012K11C,2212343,RP51
2026:09:06:15:44:54,6,9,30,DLU-Student-Lib,8e:dc:97:12:65:63,2452,-68,,,,,,,,,,M2012K11C,2212343,RP51
2026:09:06:15:44:54,6,10,30,DLU-Student-Lib,8e:dc:97:12:65:64,5200,-71,,,,,,,,,,M2012K11C,2212343,RP51
2026:09:06:15:44:54,6,11,30,DLU-Teacher,88:dc:97:12:64:c5,5180,-87,,,,,,,,,,M2012K11C,2212343,RP51
2026:09:06:15:44:54,6,12,30,DLU-Teacher,88:dc:97:12:65:58,5280,-72,,,,,,,,,,M2012K11C,2212343,RP51
2026:09:06:15:44:54,6,13,30,DLU-Student-Lib,8e:dc:97:12:64:c5,5180,-86,,,,,,,,,,M2012K11C,2212343,RP51
2026:09:06:15:44:54,6,14,30,DLU-Teacher,88:dc:97:12:65:64,5200,-71,,,,,,,,,,M2012K11C,2212343,RP51
2026:09:06:15:44:54,6,15,30,DLU-Teacher,88:dc:97:12:65:63,2452,-67,,,,,,,,,,M2012K11C,2212343,RP51
2026:09:06:15:44:54,6,16,30,DLU-Student-Lib,8e:dc:97:12:65:2b,5805,-59,,,,,,,,,,M2012K11C,2212343,RP51
2026:09:06:15:44:54,6,17,30,DLU-Teacher,88:dc:97:12:62:c6,2452,-70,,,,,,,,,,M2012K11C,2212343,RP51
2026:09:06:15:44:54,6,18,30,DLU-Teacher,88:dc:97:12:62:c7,5500,-77,,,,,,,,,,M2012K11C,2212343,RP51
2026:09:06:15:44:54,6,19,30,DLU-Student-Lib,8e:dc:97:12:64:82,2432,-62,,,,,,,,,,M2012K11C,2212343,RP51
2026:09:06:15:44:54,6,20,30,DLU-Student-Lib,8e:dc:97:12:64:83,5300,-69,,,,,,,,,,M2012K11C,2212343,RP51
2026:09:06:15:44:54,6,21,30,DLU-Student-Lib,8e:dc:97:12:65:58,5280,-71,,,,,,,,,,M2012K11C,2212343,RP51
2026:09:06:15:44:54,6,22,30,DLU-Teacher,88:dc:97:12:62:cf,2412,-68,,,,,,,,,,M2012K11C,2212343,RP51
2026:09:06:15:44:54,6,23,30,DLU-Student-Lib,8e:dc:97:12:65:21,2412,-39,,,,,,,,,,M2012K11C,2212343,RP51
2026:09:06:15:44:54,6,24,30,1.Free Wi-MESH,b4:5d:50:d7:e9:51,5220,-77,,,,,,,,,,M2012K11C,2212343,RP51
2026:09:06:15:44:54,6,25,30,DLU - WIMESH,b4:5d:50:d7:e9:50,5220,-75,,,,,,,,,,M2012K11C,2212343,RP51
2026:09:06:15:44:54,6,26,30,DLU-Student-Lib,8e:dc:97:12:65:22,5765,-45,,,,,,,,,,M2012K11C,2212343,RP51
2026:09:06:15:44:54,6,27,30,DLU-Teacher,88:dc:97:12:62:d0,5805,-69,,,,,,,,,,M2012K11C,2212343,RP51
2026:09:06:15:44:54,6,28,30,DLU-Student-Lib,8e:dc:97:12:65:2a,2417,-55,,,,,,,,,,M2012K11C,2212343,RP51
2026:09:06:15:44:54,6,29,30,DLU-Teacher,88:dc:97:12:65:22,5765,-45,,,,,,,,,,M2012K11C,2212343,RP51
2026:09:06:15:44:54,6,30,30,DLU-Teacher,88:dc:97:12:65:21,2412,-40,,,,,,,,,,M2012K11C,2212343,RP51
2026:09:06:15:45:45,7,1,29,DLU-Teacher,88:dc:97:12:65:57,2412,-62,,,,,,,,,,M2012K11C,2212343,RP51
2026:09:06:15:45:45,7,2,29,DLU-Teacher,88:dc:97:12:64:82,2432,-60,,,,,,,,,,M2012K11C,2212343,RP51
2026:09:06:15:45:45,7,3,29,DLU-Teacher,88:dc:97:12:64:83,5300,-66,,,,,,,,,,M2012K11C,2212343,RP51
2026:09:06:15:45:45,7,4,29,DLU-Student-Lib,8e:dc:97:12:62:c7,5500,-76,,,,,,,,,,M2012K11C,2212343,RP51
2026:09:06:15:45:45,7,5,29,DLU-Teacher,88:dc:97:12:65:2b,5805,-59,,,,,,,,,,M2012K11C,2212343,RP51
2026:09:06:15:45:45,7,6,29,DLU-Student-Lib,8e:dc:97:12:62:d0,5805,-73,,,,,,,,,,M2012K11C,2212343,RP51
2026:09:06:15:45:45,7,7,29,DLU-Student-Lib,8e:dc:97:12:65:64,5200,-74,,,,,,,,,,M2012K11C,2212343,RP51
2026:09:06:15:45:45,7,8,29,DLU-Teacher,88:dc:97:12:64:c4,2452,-66,,,,,,,,,,M2012K11C,2212343,RP51
2026:09:06:15:45:45,7,9,29,1.Free Wi-MESH,40:e3:d6:cd:2d:31,5280,-86,,,,,,,,,,M2012K11C,2212343,RP51
2026:09:06:15:45:45,7,10,29,DLU - WIMESH,40:e3:d6:cd:2d:30,5280,-86,,,,,,,,,,M2012K11C,2212343,RP51
2026:09:06:15:45:45,7,11,29,DLU-Teacher,88:dc:97:12:64:c5,5180,-87,,,,,,,,,,M2012K11C,2212343,RP51
2026:09:06:15:45:45,7,12,29,DLU-Teacher,88:dc:97:12:65:58,5280,-63,,,,,,,,,,M2012K11C,2212343,RP51
2026:09:06:15:45:45,7,13,29,DLU-Student-Lib,8e:dc:97:12:64:c5,5180,-87,,,,,,,,,,M2012K11C,2212343,RP51
2026:09:06:15:45:45,7,14,29,DLU-Teacher,88:dc:97:12:65:64,5200,-74,,,,,,,,,,M2012K11C,2212343,RP51
2026:09:06:15:45:45,7,15,29,DLU-Student-Lib,8e:dc:97:12:65:2b,5805,-59,,,,,,,,,,M2012K11C,2212343,RP51
2026:09:06:15:45:45,7,16,29,DLU-Teacher,88:dc:97:12:62:c6,2452,-68,,,,,,,,,,M2012K11C,2212343,RP51
2026:09:06:15:45:45,7,17,29,DLU-Teacher,88:dc:97:12:62:c7,5500,-76,,,,,,,,,,M2012K11C,2212343,RP51
2026:09:06:15:45:45,7,18,29,DLU-Student-Lib,8e:dc:97:12:64:82,2432,-60,,,,,,,,,,M2012K11C,2212343,RP51
2026:09:06:15:45:45,7,19,29,DLU-Student-Lib,8e:dc:97:12:64:83,5300,-66,,,,,,,,,,M2012K11C,2212343,RP51
2026:09:06:15:45:45,7,20,29,DLU-Student-Lib,8e:dc:97:12:65:58,5280,-64,,,,,,,,,,M2012K11C,2212343,RP51
2026:09:06:15:45:45,7,21,29,DLU-Student-Lib,8e:dc:97:12:65:57,2412,-62,,,,,,,,,,M2012K11C,2212343,RP51
2026:09:06:15:45:45,7,22,29,DLU-Teacher,88:dc:97:12:62:cf,2412,-68,,,,,,,,,,M2012K11C,2212343,RP51
2026:09:06:15:45:45,7,23,29,DLU-Student-Lib,8e:dc:97:12:62:cf,2412,-69,,,,,,,,,,M2012K11C,2212343,RP51
2026:09:06:15:45:45,7,24,29,1.Free Wi-MESH,b4:5d:50:d7:e9:51,5220,-76,,,,,,,,,,M2012K11C,2212343,RP51
2026:09:06:15:45:45,7,25,29,DLU - WIMESH,b4:5d:50:d7:e9:50,5220,-77,,,,,,,,,,M2012K11C,2212343,RP51
2026:09:06:15:45:45,7,26,29,DLU-Student-Lib,8e:dc:97:12:65:22,5765,-43,,,,,,,,,,M2012K11C,2212343,RP51
2026:09:06:15:45:45,7,27,29,DLU-Teacher,88:dc:97:12:62:d0,5805,-73,,,,,,,,,,M2012K11C,2212343,RP51
2026:09:06:15:45:45,7,28,29,DLU - WIMESH,b4:5d:50:d7:e9:40,2462,-72,,,,,,,,,,M2012K11C,2212343,RP51
2026:09:06:15:45:45,7,29,29,DLU-Teacher,88:dc:97:12:65:22,5765,-44,,,,,,,,,,M2012K11C,2212343,RP51
2026:09:06:15:46:36,8,1,35,DLU-Teacher,88:dc:97:12:64:82,2432,-59,,,,,,,,,,M2012K11C,2212343,RP51
2026:09:06:15:46:36,8,2,35,DLU-Teacher,88:dc:97:12:64:83,5300,-66,,,,,,,,,,M2012K11C,2212343,RP51
2026:09:06:15:46:36,8,3,35,DLU-Student-Lib,8e:dc:97:12:62:c7,5500,-75,,,,,,,,,,M2012K11C,2212343,RP51
2026:09:06:15:46:36,8,4,35,DLU-Teacher,88:dc:97:12:65:2b,5805,-58,,,,,,,,,,M2012K11C,2212343,RP51
2026:09:06:15:46:36,8,5,35,DLU-Teacher,88:dc:97:12:65:2a,2417,-55,,,,,,,,,,M2012K11C,2212343,RP51
2026:09:06:15:46:36,8,6,35,DLU-Student-Lib,8e:dc:97:12:62:d0,5805,-68,,,,,,,,,,M2012K11C,2212343,RP51
2026:09:06:15:46:36,8,7,35,DLU-Student-Lib,8e:dc:97:12:65:63,2452,-68,,,,,,,,,,M2012K11C,2212343,RP51
2026:09:06:15:46:36,8,8,35,DLU-Student-Lib,8e:dc:97:12:65:64,5200,-71,,,,,,,,,,M2012K11C,2212343,RP51
2026:09:06:15:46:36,8,9,35,DLU-Teacher,88:dc:97:12:64:c4,2452,-65,,,,,,,,,,M2012K11C,2212343,RP51
2026:09:06:15:46:36,8,10,35,1.Free Wi-MESH,40:e3:d6:cd:2d:31,5280,-87,,,,,,,,,,M2012K11C,2212343,RP51
2026:09:06:15:46:36,8,11,35,DLU - WIMESH,40:e3:d6:cd:2d:30,5280,-86,,,,,,,,,,M2012K11C,2212343,RP51
2026:09:06:15:46:36,8,12,35,DLU-Teacher,88:dc:97:12:64:c5,5180,-87,,,,,,,,,,M2012K11C,2212343,RP51
2026:09:06:15:46:36,8,13,35,DLU-Teacher,88:dc:97:12:65:58,5280,-64,,,,,,,,,,M2012K11C,2212343,RP51
2026:09:06:15:46:36,8,14,35,DLU-Student-Lib,8e:dc:97:12:64:c4,2452,-66,,,,,,,,,,M2012K11C,2212343,RP51
2026:09:06:15:46:36,8,15,35,DLU-Student-Lib,8e:dc:97:12:64:c5,5180,-87,,,,,,,,,,M2012K11C,2212343,RP51
2026:09:06:15:46:36,8,16,35,DLU-Teacher,88:dc:97:12:65:64,5200,-71,,,,,,,,,,M2012K11C,2212343,RP51
2026:09:06:15:46:36,8,17,35,DLU-Teacher,88:dc:97:12:65:63,2452,-67,,,,,,,,,,M2012K11C,2212343,RP51
2026:09:06:15:46:36,8,18,35,DLU-Student-Lib,8e:dc:97:12:65:2b,5805,-58,,,,,,,,,,M2012K11C,2212343,RP51
2026:09:06:15:46:36,8,19,35,DLU-Teacher,88:dc:97:12:62:c6,2452,-67,,,,,,,,,,M2012K11C,2212343,RP51
2026:09:06:15:46:36,8,20,35,DLU-Teacher,88:dc:97:12:62:c7,5500,-75,,,,,,,,,,M2012K11C,2212343,RP51
2026:09:06:15:46:36,8,21,35,DLU-Student-Lib,8e:dc:97:12:64:82,2432,-60,,,,,,,,,,M2012K11C,2212343,RP51
2026:09:06:15:46:36,8,22,35,DLU-Student-Lib,8e:dc:97:12:64:83,5300,-65,,,,,,,,,,M2012K11C,2212343,RP51
2026:09:06:15:46:36,8,23,35,DLU-Student-Lib,8e:dc:97:12:65:58,5280,-64,,,,,,,,,,M2012K11C,2212343,RP51
2026:09:06:15:46:36,8,24,35,DLU-Teacher,88:dc:97:12:62:cf,2412,-65,,,,,,,,,,M2012K11C,2212343,RP51
2026:09:06:15:46:36,8,25,35,DLU-Student-Lib,8e:dc:97:12:65:21,2412,-41,,,,,,,,,,M2012K11C,2212343,RP51
2026:09:06:15:46:36,8,26,35,DLU-Student-Lib,8e:dc:97:12:62:cf,2412,-67,,,,,,,,,,M2012K11C,2212343,RP51
2026:09:06:15:46:36,8,27,35,1.Free Wi-MESH,b4:5d:50:d7:e9:51,5220,-77,,,,,,,,,,M2012K11C,2212343,RP51
2026:09:06:15:46:36,8,28,35,DLU - WIMESH,b4:5d:50:d7:e9:50,5220,-77,,,,,,,,,,M2012K11C,2212343,RP51
2026:09:06:15:46:36,8,29,35,DLU-Student-Lib,8e:dc:97:12:65:22,5765,-45,,,,,,,,,,M2012K11C,2212343,RP51
2026:09:06:15:46:36,8,30,35,DLU-Teacher,88:dc:97:12:62:d0,5805,-67,,,,,,,,,,M2012K11C,2212343,RP51
2026:09:06:15:46:36,8,31,35,DLU - WIMESH,b4:5d:50:d7:e9:40,2462,-70,,,,,,,,,,M2012K11C,2212343,RP51
2026:09:06:15:46:36,8,32,35,DLU-Student-Lib,8e:dc:97:12:65:2a,2417,-55,,,,,,,,,,M2012K11C,2212343,RP51
2026:09:06:15:46:36,8,33,35,DLU-Teacher,88:dc:97:12:65:22,5765,-44,,,,,,,,,,M2012K11C,2212343,RP51
2026:09:06:15:46:36,8,34,35,DLU-Teacher,88:dc:97:12:65:21,2412,-42,,,,,,,,,,M2012K11C,2212343,RP51
2026:09:06:15:46:36,8,35,35,1.Free Wi-MESH,b4:5d:50:d7:e9:41,2462,-70,,,,,,,,,,M2012K11C,2212343,RP51
2026:09:06:15:47:27,9,1,30,DLU-Teacher,88:dc:97:12:65:57,2412,-63,,,,,,,,,,M2012K11C,2212343,RP51
2026:09:06:15:47:27,9,2,30,DLU-Teacher,88:dc:97:12:64:82,2432,-61,,,,,,,,,,M2012K11C,2212343,RP51
2026:09:06:15:47:27,9,3,30,DLU-Teacher,88:dc:97:12:64:83,5300,-66,,,,,,,,,,M2012K11C,2212343,RP51
2026:09:06:15:47:27,9,4,30,DLU-Student-Lib,8e:dc:97:12:62:c7,5500,-75,,,,,,,,,,M2012K11C,2212343,RP51
2026:09:06:15:47:27,9,5,30,DLU-Teacher,88:dc:97:12:65:2b,5805,-60,,,,,,,,,,M2012K11C,2212343,RP51
2026:09:06:15:47:27,9,6,30,DLU-Teacher,88:dc:97:12:65:2a,2417,-55,,,,,,,,,,M2012K11C,2212343,RP51
2026:09:06:15:47:27,9,7,30,DLU-Student-Lib,8e:dc:97:12:62:d0,5805,-62,,,,,,,,,,M2012K11C,2212343,RP51
2026:09:06:15:47:27,9,8,30,DLU-Student-Lib,8e:dc:97:12:65:63,2452,-70,,,,,,,,,,M2012K11C,2212343,RP51
2026:09:06:15:47:27,9,9,30,DLU-Student-Lib,8e:dc:97:12:65:64,5200,-71,,,,,,,,,,M2012K11C,2212343,RP51
2026:09:06:15:47:27,9,10,30,1.Free Wi-MESH,40:e3:d6:cd:2d:31,5280,-86,,,,,,,,,,M2012K11C,2212343,RP51
2026:09:06:15:47:27,9,11,30,DLU - WIMESH,40:e3:d6:cd:2d:30,5280,-85,,,,,,,,,,M2012K11C,2212343,RP51
2026:09:06:15:47:27,9,12,30,DLU-Teacher,88:dc:97:12:64:c5,5180,-86,,,,,,,,,,M2012K11C,2212343,RP51
2026:09:06:15:47:27,9,13,30,DLU-Teacher,88:dc:97:12:65:58,5280,-63,,,,,,,,,,M2012K11C,2212343,RP51
2026:09:06:15:47:27,9,14,30,DLU-Student-Lib,8e:dc:97:12:64:c5,5180,-86,,,,,,,,,,M2012K11C,2212343,RP51
2026:09:06:15:47:27,9,15,30,DLU-Teacher,88:dc:97:12:65:64,5200,-70,,,,,,,,,,M2012K11C,2212343,RP51
2026:09:06:15:47:27,9,16,30,DLU-Student-Lib,8e:dc:97:12:65:2b,5805,-60,,,,,,,,,,M2012K11C,2212343,RP51
2026:09:06:15:47:27,9,17,30,DLU-Teacher,88:dc:97:12:62:c7,5500,-75,,,,,,,,,,M2012K11C,2212343,RP51
2026:09:06:15:47:27,9,18,30,DLU-Student-Lib,8e:dc:97:12:64:82,2432,-60,,,,,,,,,,M2012K11C,2212343,RP51
2026:09:06:15:47:27,9,19,30,DLU-Student-Lib,8e:dc:97:12:64:83,5300,-66,,,,,,,,,,M2012K11C,2212343,RP51
2026:09:06:15:47:27,9,20,30,DLU-Student-Lib,8e:dc:97:12:65:58,5280,-64,,,,,,,,,,M2012K11C,2212343,RP51
2026:09:06:15:47:27,9,21,30,DLU-Teacher,88:dc:97:12:62:cf,2412,-65,,,,,,,,,,M2012K11C,2212343,RP51
2026:09:06:15:47:27,9,22,30,DLU-Student-Lib,8e:dc:97:12:65:21,2412,-40,,,,,,,,,,M2012K11C,2212343,RP51
2026:09:06:15:47:27,9,23,30,1.Free Wi-MESH,b4:5d:50:d7:e9:51,5220,-73,,,,,,,,,,M2012K11C,2212343,RP51
2026:09:06:15:47:27,9,24,30,DLU - WIMESH,b4:5d:50:d7:e9:50,5220,-73,,,,,,,,,,M2012K11C,2212343,RP51
2026:09:06:15:47:27,9,25,30,DLU-Student-Lib,8e:dc:97:12:65:22,5765,-44,,,,,,,,,,M2012K11C,2212343,RP51
2026:09:06:15:47:27,9,26,30,DLU-Teacher,88:dc:97:12:62:d0,5805,-62,,,,,,,,,,M2012K11C,2212343,RP51
2026:09:06:15:47:27,9,27,30,DLU - WIMESH,b4:5d:50:d7:e9:40,2462,-71,,,,,,,,,,M2012K11C,2212343,RP51
2026:09:06:15:47:27,9,28,30,DLU-Student-Lib,8e:dc:97:12:65:2a,2417,-55,,,,,,,,,,M2012K11C,2212343,RP51
2026:09:06:15:47:27,9,29,30,DLU-Teacher,88:dc:97:12:65:22,5765,-44,,,,,,,,,,M2012K11C,2212343,RP51
2026:09:06:15:47:27,9,30,30,DLU-Teacher,88:dc:97:12:65:21,2412,-39,,,,,,,,,,M2012K11C,2212343,RP51
2026:09:06:15:48:19,10,1,34,DLU-Teacher,88:dc:97:12:65:57,2412,-59,,,,,,,,,,M2012K11C,2212343,RP51
2026:09:06:15:48:19,10,2,34,DLU-Teacher,88:dc:97:12:64:82,2432,-61,,,,,,,,,,M2012K11C,2212343,RP51
2026:09:06:15:48:19,10,3,34,DLU-Teacher,88:dc:97:12:64:83,5300,-65,,,,,,,,,,M2012K11C,2212343,RP51
2026:09:06:15:48:19,10,4,34,DLU-Student-Lib,8e:dc:97:12:62:c7,5500,-74,,,,,,,,,,M2012K11C,2212343,RP51
2026:09:06:15:48:19,10,5,34,DLU-Teacher,88:dc:97:12:65:2b,5805,-58,,,,,,,,,,M2012K11C,2212343,RP51
2026:09:06:15:48:19,10,6,34,DLU-Teacher,88:dc:97:12:65:2a,2417,-55,,,,,,,,,,M2012K11C,2212343,RP51
2026:09:06:15:48:19,10,7,34,DLU-Student-Lib,8e:dc:97:12:62:d0,5805,-62,,,,,,,,,,M2012K11C,2212343,RP51
2026:09:06:15:48:19,10,8,34,DLU-Student-Lib,8e:dc:97:12:65:64,5200,-70,,,,,,,,,,M2012K11C,2212343,RP51
2026:09:06:15:48:19,10,9,34,DLU-Teacher,88:dc:97:12:64:c4,2452,-66,,,,,,,,,,M2012K11C,2212343,RP51
2026:09:06:15:48:19,10,10,34,1.Free Wi-MESH,40:e3:d6:cd:2d:31,5280,-85,,,,,,,,,,M2012K11C,2212343,RP51
2026:09:06:15:48:19,10,11,34,DLU - WIMESH,40:e3:d6:cd:2d:30,5280,-87,,,,,,,,,,M2012K11C,2212343,RP51
2026:09:06:15:48:19,10,12,34,DLU-Teacher,88:dc:97:12:64:c5,5180,-86,,,,,,,,,,M2012K11C,2212343,RP51
2026:09:06:15:48:19,10,13,34,DLU-Teacher,88:dc:97:12:65:58,5280,-64,,,,,,,,,,M2012K11C,2212343,RP51
2026:09:06:15:48:19,10,14,34,DLU-Student-Lib,8e:dc:97:12:64:c4,2452,-66,,,,,,,,,,M2012K11C,2212343,RP51
2026:09:06:15:48:19,10,15,34,DLU-Student-Lib,8e:dc:97:12:64:c5,5180,-87,,,,,,,,,,M2012K11C,2212343,RP51
2026:09:06:15:48:19,10,16,34,DLU-Teacher,88:dc:97:12:65:64,5200,-70,,,,,,,,,,M2012K11C,2212343,RP51
2026:09:06:15:48:19,10,17,34,DLU-Student-Lib,8e:dc:97:12:65:2b,5805,-58,,,,,,,,,,M2012K11C,2212343,RP51
2026:09:06:15:48:19,10,18,34,DLU-Teacher,88:dc:97:12:62:c7,5500,-74,,,,,,,,,,M2012K11C,2212343,RP51
2026:09:06:15:48:19,10,19,34,DLU-Student-Lib,8e:dc:97:12:64:82,2432,-57,,,,,,,,,,M2012K11C,2212343,RP51
2026:09:06:15:48:19,10,20,34,DLU-Student-Lib,8e:dc:97:12:64:83,5300,-66,,,,,,,,,,M2012K11C,2212343,RP51
2026:09:06:15:48:19,10,21,34,DLU-Student-Lib,8e:dc:97:12:65:58,5280,-64,,,,,,,,,,M2012K11C,2212343,RP51
2026:09:06:15:48:19,10,22,34,DLU-Student-Lib,8e:dc:97:12:65:57,2412,-59,,,,,,,,,,M2012K11C,2212343,RP51
2026:09:06:15:48:19,10,23,34,DLU-Teacher,88:dc:97:12:62:cf,2412,-65,,,,,,,,,,M2012K11C,2212343,RP51
2026:09:06:15:48:19,10,24,34,DLU-Student-Lib,8e:dc:97:12:65:21,2412,-42,,,,,,,,,,M2012K11C,2212343,RP51
2026:09:06:15:48:19,10,25,34,DLU-Student-Lib,8e:dc:97:12:62:cf,2412,-65,,,,,,,,,,M2012K11C,2212343,RP51
2026:09:06:15:48:19,10,26,34,1.Free Wi-MESH,b4:5d:50:d7:e9:51,5220,-69,,,,,,,,,,M2012K11C,2212343,RP51
2026:09:06:15:48:19,10,27,34,DLU - WIMESH,b4:5d:50:d7:e9:50,5220,-69,,,,,,,,,,M2012K11C,2212343,RP51
2026:09:06:15:48:19,10,28,34,DLU-Student-Lib,8e:dc:97:12:65:22,5765,-44,,,,,,,,,,M2012K11C,2212343,RP51
2026:09:06:15:48:19,10,29,34,DLU-Teacher,88:dc:97:12:62:d0,5805,-63,,,,,,,,,,M2012K11C,2212343,RP51
2026:09:06:15:48:19,10,30,34,DLU - WIMESH,b4:5d:50:d7:e9:40,2462,-72,,,,,,,,,,M2012K11C,2212343,RP51
2026:09:06:15:48:19,10,31,34,DLU-Student-Lib,8e:dc:97:12:65:2a,2417,-55,,,,,,,,,,M2012K11C,2212343,RP51
2026:09:06:15:48:19,10,32,34,DLU-Teacher,88:dc:97:12:65:22,5765,-44,,,,,,,,,,M2012K11C,2212343,RP51
2026:09:06:15:48:19,10,33,34,DLU-Teacher,88:dc:97:12:65:21,2412,-39,,,,,,,,,,M2012K11C,2212343,RP51
2026:09:06:15:48:19,10,34,34,1.Free Wi-MESH,b4:5d:50:d7:e9:41,2462,-70,,,,,,,,,,M2012K11C,2212343,RP51
2026:09:06:15:49:10,11,1,30,DLU-Teacher,88:dc:97:12:64:82,2432,-61,,,,,,,,,,M2012K11C,2212343,RP51
2026:09:06:15:49:10,11,2,30,DLU-Teacher,88:dc:97:12:64:83,5300,-65,,,,,,,,,,M2012K11C,2212343,RP51
2026:09:06:15:49:10,11,3,30,DLU-Student-Lib,8e:dc:97:12:62:c7,5500,-74,,,,,,,,,,M2012K11C,2212343,RP51
2026:09:06:15:49:10,11,4,30,DLU-Teacher,88:dc:97:12:65:2b,5805,-57,,,,,,,,,,M2012K11C,2212343,RP51
2026:09:06:15:49:10,11,5,30,DLU-Teacher,88:dc:97:12:65:2a,2417,-55,,,,,,,,,,M2012K11C,2212343,RP51
2026:09:06:15:49:10,11,6,30,DLU-Student-Lib,8e:dc:97:12:62:d0,5805,-62,,,,,,,,,,M2012K11C,2212343,RP51
2026:09:06:15:49:10,11,7,30,DLU-Student-Lib,8e:dc:97:12:65:63,2452,-69,,,,,,,,,,M2012K11C,2212343,RP51
2026:09:06:15:49:10,11,8,30,DLU-Student-Lib,8e:dc:97:12:65:64,5200,-70,,,,,,,,,,M2012K11C,2212343,RP51
2026:09:06:15:49:10,11,9,30,DLU - WIMESH,40:e3:d6:cd:2d:30,5280,-86,,,,,,,,,,M2012K11C,2212343,RP51
2026:09:06:15:49:10,11,10,30,DLU-Teacher,88:dc:97:12:64:c5,5180,-86,,,,,,,,,,M2012K11C,2212343,RP51
2026:09:06:15:49:10,11,11,30,DLU-Teacher,88:dc:97:12:65:58,5280,-64,,,,,,,,,,M2012K11C,2212343,RP51
2026:09:06:15:49:10,11,12,30,DLU-Student-Lib,8e:dc:97:12:64:c5,5180,-86,,,,,,,,,,M2012K11C,2212343,RP51
2026:09:06:15:49:10,11,13,30,DLU-Teacher,88:dc:97:12:65:64,5200,-71,,,,,,,,,,M2012K11C,2212343,RP51
2026:09:06:15:49:10,11,14,30,DLU-Student-Lib,8e:dc:97:12:65:2b,5805,-58,,,,,,,,,,M2012K11C,2212343,RP51
2026:09:06:15:49:10,11,15,30,DLU-Teacher,88:dc:97:12:62:c7,5500,-74,,,,,,,,,,M2012K11C,2212343,RP51
2026:09:06:15:49:10,11,16,30,DLU-Student-Lib,8e:dc:97:12:64:82,2432,-59,,,,,,,,,,M2012K11C,2212343,RP51
2026:09:06:15:49:10,11,17,30,DLU-Student-Lib,8e:dc:97:12:64:83,5300,-65,,,,,,,,,,M2012K11C,2212343,RP51
2026:09:06:15:49:10,11,18,30,DLU-Student-Lib,8e:dc:97:12:65:58,5280,-64,,,,,,,,,,M2012K11C,2212343,RP51
2026:09:06:15:49:10,11,19,30,DLU-Teacher,88:dc:97:12:62:cf,2412,-68,,,,,,,,,,M2012K11C,2212343,RP51
2026:09:06:15:49:10,11,20,30,DLU-Student-Lib,8e:dc:97:12:65:21,2412,-41,,,,,,,,,,M2012K11C,2212343,RP51
2026:09:06:15:49:10,11,21,30,DLU-Student-Lib,8e:dc:97:12:62:cf,2412,-68,,,,,,,,,,M2012K11C,2212343,RP51
2026:09:06:15:49:10,11,22,30,1.Free Wi-MESH,b4:5d:50:d7:e9:51,5220,-73,,,,,,,,,,M2012K11C,2212343,RP51
2026:09:06:15:49:10,11,23,30,DLU - WIMESH,b4:5d:50:d7:e9:50,5220,-73,,,,,,,,,,M2012K11C,2212343,RP51
2026:09:06:15:49:10,11,24,30,DLU-Student-Lib,8e:dc:97:12:65:22,5765,-44,,,,,,,,,,M2012K11C,2212343,RP51
2026:09:06:15:49:10,11,25,30,DLU-Teacher,88:dc:97:12:62:d0,5805,-62,,,,,,,,,,M2012K11C,2212343,RP51
2026:09:06:15:49:10,11,26,30,DLU - WIMESH,b4:5d:50:d7:e9:40,2462,-72,,,,,,,,,,M2012K11C,2212343,RP51
2026:09:06:15:49:10,11,27,30,DLU-Student-Lib,8e:dc:97:12:65:2a,2417,-53,,,,,,,,,,M2012K11C,2212343,RP51
2026:09:06:15:49:10,11,28,30,DLU-Teacher,88:dc:97:12:65:22,5765,-44,,,,,,,,,,M2012K11C,2212343,RP51
2026:09:06:15:49:10,11,29,30,DLU-Teacher,88:dc:97:12:65:21,2412,-38,,,,,,,,,,M2012K11C,2212343,RP51
2026:09:06:15:49:10,11,30,30,1.Free Wi-MESH,b4:5d:50:d7:e9:41,2462,-71,,,,,,,,,,M2012K11C,2212343,RP51
2026:09:06:15:50:01,12,1,35,DLU-Teacher,88:dc:97:12:65:57,2412,-65,,,,,,,,,,M2012K11C,2212343,RP51
2026:09:06:15:50:01,12,2,35,DLU-Teacher,88:dc:97:12:64:82,2432,-60,,,,,,,,,,M2012K11C,2212343,RP51
2026:09:06:15:50:01,12,3,35,DLU-Teacher,88:dc:97:12:64:83,5300,-65,,,,,,,,,,M2012K11C,2212343,RP51
2026:09:06:15:50:01,12,4,35,DLU-Student-Lib,8e:dc:97:12:62:c7,5500,-76,,,,,,,,,,M2012K11C,2212343,RP51
2026:09:06:15:50:01,12,5,35,DLU-Teacher,88:dc:97:12:65:2b,5805,-58,,,,,,,,,,M2012K11C,2212343,RP51
2026:09:06:15:50:01,12,6,35,DLU-Teacher,88:dc:97:12:65:2a,2417,-55,,,,,,,,,,M2012K11C,2212343,RP51
2026:09:06:15:50:01,12,7,35,DLU-Student-Lib,8e:dc:97:12:62:d0,5805,-64,,,,,,,,,,M2012K11C,2212343,RP51
2026:09:06:15:50:01,12,8,35,DLU-Student-Lib,8e:dc:97:12:65:63,2452,-68,,,,,,,,,,M2012K11C,2212343,RP51
2026:09:06:15:50:01,12,9,35,DLU-Student-Lib,8e:dc:97:12:65:64,5200,-70,,,,,,,,,,M2012K11C,2212343,RP51
2026:09:06:15:50:01,12,10,35,DLU-Teacher,88:dc:97:12:64:c4,2452,-67,,,,,,,,,,M2012K11C,2212343,RP51
2026:09:06:15:50:01,12,11,35,1.Free Wi-MESH,40:e3:d6:cd:2d:31,5280,-87,,,,,,,,,,M2012K11C,2212343,RP51
2026:09:06:15:50:01,12,12,35,DLU - WIMESH,40:e3:d6:cd:2d:30,5280,-87,,,,,,,,,,M2012K11C,2212343,RP51
2026:09:06:15:50:01,12,13,35,DLU-Teacher,88:dc:97:12:64:c5,5180,-85,,,,,,,,,,M2012K11C,2212343,RP51
2026:09:06:15:50:01,12,14,35,DLU-Teacher,88:dc:97:12:65:58,5280,-64,,,,,,,,,,M2012K11C,2212343,RP51
2026:09:06:15:50:01,12,15,35,DLU-Student-Lib,8e:dc:97:12:64:c5,5180,-86,,,,,,,,,,M2012K11C,2212343,RP51
2026:09:06:15:50:01,12,16,35,DLU-Teacher,88:dc:97:12:65:64,5200,-70,,,,,,,,,,M2012K11C,2212343,RP51
2026:09:06:15:50:01,12,17,35,DLU-Teacher,88:dc:97:12:65:63,2452,-66,,,,,,,,,,M2012K11C,2212343,RP51
2026:09:06:15:50:01,12,18,35,DLU-Student-Lib,8e:dc:97:12:65:2b,5805,-58,,,,,,,,,,M2012K11C,2212343,RP51
2026:09:06:15:50:01,12,19,35,DLU-Teacher,88:dc:97:12:62:c6,2452,-68,,,,,,,,,,M2012K11C,2212343,RP51
2026:09:06:15:50:01,12,20,35,DLU-Teacher,88:dc:97:12:62:c7,5500,-76,,,,,,,,,,M2012K11C,2212343,RP51
2026:09:06:15:50:01,12,21,35,DLU-Student-Lib,8e:dc:97:12:64:82,2432,-61,,,,,,,,,,M2012K11C,2212343,RP51
2026:09:06:15:50:01,12,22,35,DLU-Student-Lib,8e:dc:97:12:64:83,5300,-66,,,,,,,,,,M2012K11C,2212343,RP51
2026:09:06:15:50:01,12,23,35,DLU-Student-Lib,8e:dc:97:12:65:58,5280,-64,,,,,,,,,,M2012K11C,2212343,RP51
2026:09:06:15:50:01,12,24,35,DLU-Student-Lib,8e:dc:97:12:65:57,2412,-65,,,,,,,,,,M2012K11C,2212343,RP51
2026:09:06:15:50:01,12,25,35,DLU-Teacher,88:dc:97:12:62:cf,2412,-69,,,,,,,,,,M2012K11C,2212343,RP51
2026:09:06:15:50:01,12,26,35,DLU-Student-Lib,8e:dc:97:12:65:21,2412,-38,,,,,,,,,,M2012K11C,2212343,RP51
2026:09:06:15:50:01,12,27,35,DLU-Student-Lib,8e:dc:97:12:62:cf,2412,-68,,,,,,,,,,M2012K11C,2212343,RP51
2026:09:06:15:50:01,12,28,35,1.Free Wi-MESH,b4:5d:50:d7:e9:51,5220,-75,,,,,,,,,,M2012K11C,2212343,RP51
2026:09:06:15:50:01,12,29,35,DLU - WIMESH,b4:5d:50:d7:e9:50,5220,-75,,,,,,,,,,M2012K11C,2212343,RP51
2026:09:06:15:50:01,12,30,35,DLU-Student-Lib,8e:dc:97:12:65:22,5765,-46,,,,,,,,,,M2012K11C,2212343,RP51
2026:09:06:15:50:01,12,31,35,DLU-Teacher,88:dc:97:12:62:d0,5805,-64,,,,,,,,,,M2012K11C,2212343,RP51
2026:09:06:15:50:01,12,32,35,DLU - WIMESH,b4:5d:50:d7:e9:40,2462,-68,,,,,,,,,,M2012K11C,2212343,RP51
2026:09:06:15:50:01,12,33,35,DLU-Teacher,88:dc:97:12:65:22,5765,-46,,,,,,,,,,M2012K11C,2212343,RP51
2026:09:06:15:50:01,12,34,35,DLU-Teacher,88:dc:97:12:65:21,2412,-42,,,,,,,,,,M2012K11C,2212343,RP51
2026:09:06:15:50:01,12,35,35,1.Free Wi-MESH,b4:5d:50:d7:e9:41,2462,-69,,,,,,,,,,M2012K11C,2212343,RP51
2026:09:06:15:50:52,13,1,32,DLU-Teacher,88:dc:97:12:65:57,2412,-64,,,,,,,,,,M2012K11C,2212343,RP51
2026:09:06:15:50:52,13,2,32,DLU-Teacher,88:dc:97:12:64:82,2432,-60,,,,,,,,,,M2012K11C,2212343,RP51
2026:09:06:15:50:52,13,3,32,DLU-Teacher,88:dc:97:12:64:83,5300,-66,,,,,,,,,,M2012K11C,2212343,RP51
2026:09:06:15:50:52,13,4,32,DLU-Student-Lib,8e:dc:97:12:62:c7,5500,-74,,,,,,,,,,M2012K11C,2212343,RP51
2026:09:06:15:50:52,13,5,32,DLU-Teacher,88:dc:97:12:65:2b,5805,-58,,,,,,,,,,M2012K11C,2212343,RP51
2026:09:06:15:50:52,13,6,32,DLU-Teacher,88:dc:97:12:65:2a,2417,-55,,,,,,,,,,M2012K11C,2212343,RP51
2026:09:06:15:50:52,13,7,32,DLU-Student-Lib,8e:dc:97:12:62:d0,5805,-62,,,,,,,,,,M2012K11C,2212343,RP51
2026:09:06:15:50:52,13,8,32,DLU-Student-Lib,8e:dc:97:12:65:63,2452,-68,,,,,,,,,,M2012K11C,2212343,RP51
2026:09:06:15:50:52,13,9,32,DLU-Student-Lib,8e:dc:97:12:65:64,5200,-72,,,,,,,,,,M2012K11C,2212343,RP51
2026:09:06:15:50:52,13,10,32,1.Free Wi-MESH,40:e3:d6:cd:2d:31,5280,-85,,,,,,,,,,M2012K11C,2212343,RP51
2026:09:06:15:50:52,13,11,32,DLU - WIMESH,40:e3:d6:cd:2d:30,5280,-85,,,,,,,,,,M2012K11C,2212343,RP51
2026:09:06:15:50:52,13,12,32,DLU-Teacher,88:dc:97:12:64:c5,5180,-87,,,,,,,,,,M2012K11C,2212343,RP51
2026:09:06:15:50:52,13,13,32,DLU-Teacher,88:dc:97:12:65:58,5280,-64,,,,,,,,,,M2012K11C,2212343,RP51
2026:09:06:15:50:52,13,14,32,DLU-Student-Lib,8e:dc:97:12:64:c5,5180,-86,,,,,,,,,,M2012K11C,2212343,RP51
2026:09:06:15:50:52,13,15,32,DLU-Teacher,88:dc:97:12:65:64,5200,-72,,,,,,,,,,M2012K11C,2212343,RP51
2026:09:06:15:50:52,13,16,32,DLU-Teacher,88:dc:97:12:65:63,2452,-68,,,,,,,,,,M2012K11C,2212343,RP51
2026:09:06:15:50:52,13,17,32,DLU-Student-Lib,8e:dc:97:12:65:2b,5805,-58,,,,,,,,,,M2012K11C,2212343,RP51
2026:09:06:15:50:52,13,18,32,DLU-Teacher,88:dc:97:12:62:c7,5500,-73,,,,,,,,,,M2012K11C,2212343,RP51
2026:09:06:15:50:52,13,19,32,DLU-Student-Lib,8e:dc:97:12:64:82,2432,-60,,,,,,,,,,M2012K11C,2212343,RP51
2026:09:06:15:50:52,13,20,32,DLU-Student-Lib,8e:dc:97:12:64:83,5300,-66,,,,,,,,,,M2012K11C,2212343,RP51
2026:09:06:15:50:52,13,21,32,DLU-Student-Lib,8e:dc:97:12:65:58,5280,-65,,,,,,,,,,M2012K11C,2212343,RP51
2026:09:06:15:50:52,13,22,32,DLU-Student-Lib,8e:dc:97:12:65:57,2412,-63,,,,,,,,,,M2012K11C,2212343,RP51
2026:09:06:15:50:52,13,23,32,DLU-Teacher,88:dc:97:12:62:cf,2412,-67,,,,,,,,,,M2012K11C,2212343,RP51
2026:09:06:15:50:52,13,24,32,DLU-Student-Lib,8e:dc:97:12:65:21,2412,-39,,,,,,,,,,M2012K11C,2212343,RP51
2026:09:06:15:50:52,13,25,32,1.Free Wi-MESH,b4:5d:50:d7:e9:51,5220,-79,,,,,,,,,,M2012K11C,2212343,RP51
2026:09:06:15:50:52,13,26,32,DLU - WIMESH,b4:5d:50:d7:e9:50,5220,-78,,,,,,,,,,M2012K11C,2212343,RP51
2026:09:06:15:50:52,13,27,32,DLU-Student-Lib,8e:dc:97:12:65:22,5765,-45,,,,,,,,,,M2012K11C,2212343,RP51
2026:09:06:15:50:52,13,28,32,DLU - WIMESH,b4:5d:50:d7:e9:40,2462,-70,,,,,,,,,,M2012K11C,2212343,RP51
2026:09:06:15:50:52,13,29,32,DLU-Student-Lib,8e:dc:97:12:65:2a,2417,-56,,,,,,,,,,M2012K11C,2212343,RP51
2026:09:06:15:50:52,13,30,32,DLU-Teacher,88:dc:97:12:65:22,5765,-45,,,,,,,,,,M2012K11C,2212343,RP51
2026:09:06:15:50:52,13,31,32,DLU-Teacher,88:dc:97:12:65:21,2412,-42,,,,,,,,,,M2012K11C,2212343,RP51
2026:09:06:15:50:52,13,32,32,1.Free Wi-MESH,b4:5d:50:d7:e9:41,2462,-69,,,,,,,,,,M2012K11C,2212343,RP51
2026:09:06:15:51:43,14,1,34,DLU-Teacher,88:dc:97:12:65:57,2412,-66,,,,,,,,,,M2012K11C,2212343,RP51
2026:09:06:15:51:43,14,2,34,DLU-Teacher,88:dc:97:12:64:82,2432,-60,,,,,,,,,,M2012K11C,2212343,RP51
2026:09:06:15:51:43,14,3,34,DLU-Teacher,88:dc:97:12:64:83,5300,-66,,,,,,,,,,M2012K11C,2212343,RP51
2026:09:06:15:51:43,14,4,34,DLU-Student-Lib,8e:dc:97:12:62:c7,5500,-75,,,,,,,,,,M2012K11C,2212343,RP51
2026:09:06:15:51:43,14,5,34,DLU-Teacher,88:dc:97:12:65:2b,5805,-60,,,,,,,,,,M2012K11C,2212343,RP51
2026:09:06:15:51:43,14,6,34,DLU-Teacher,88:dc:97:12:65:2a,2417,-56,,,,,,,,,,M2012K11C,2212343,RP51
2026:09:06:15:51:43,14,7,34,DLU-Student-Lib,8e:dc:97:12:62:d0,5805,-68,,,,,,,,,,M2012K11C,2212343,RP51
2026:09:06:15:51:43,14,8,34,DLU-Student-Lib,8e:dc:97:12:65:64,5200,-70,,,,,,,,,,M2012K11C,2212343,RP51
2026:09:06:15:51:43,14,9,34,DLU-Teacher,88:dc:97:12:64:c4,2452,-69,,,,,,,,,,M2012K11C,2212343,RP51
2026:09:06:15:51:43,14,10,34,1.Free Wi-MESH,40:e3:d6:cd:2d:31,5280,-86,,,,,,,,,,M2012K11C,2212343,RP51
2026:09:06:15:51:43,14,11,34,DLU - WIMESH,40:e3:d6:cd:2d:30,5280,-87,,,,,,,,,,M2012K11C,2212343,RP51
2026:09:06:15:51:43,14,12,34,DLU-Teacher,88:dc:97:12:64:c5,5180,-86,,,,,,,,,,M2012K11C,2212343,RP51
2026:09:06:15:51:43,14,13,34,DLU-Teacher,88:dc:97:12:65:58,5280,-64,,,,,,,,,,M2012K11C,2212343,RP51
2026:09:06:15:51:43,14,14,34,DLU-Student-Lib,8e:dc:97:12:64:c5,5180,-85,,,,,,,,,,M2012K11C,2212343,RP51
2026:09:06:15:51:43,14,15,34,DLU-Teacher,88:dc:97:12:65:64,5200,-70,,,,,,,,,,M2012K11C,2212343,RP51
2026:09:06:15:51:43,14,16,34,DLU-Teacher,88:dc:97:12:65:63,2452,-67,,,,,,,,,,M2012K11C,2212343,RP51
2026:09:06:15:51:43,14,17,34,DLU-Student-Lib,8e:dc:97:12:65:2b,5805,-60,,,,,,,,,,M2012K11C,2212343,RP51
2026:09:06:15:51:43,14,18,34,DLU-Teacher,88:dc:97:12:62:c6,2452,-67,,,,,,,,,,M2012K11C,2212343,RP51
2026:09:06:15:51:43,14,19,34,DLU-Teacher,88:dc:97:12:62:c7,5500,-75,,,,,,,,,,M2012K11C,2212343,RP51
2026:09:06:15:51:43,14,20,34,DLU-Student-Lib,8e:dc:97:12:64:82,2432,-59,,,,,,,,,,M2012K11C,2212343,RP51
2026:09:06:15:51:43,14,21,34,DLU-Student-Lib,8e:dc:97:12:64:83,5300,-66,,,,,,,,,,M2012K11C,2212343,RP51
2026:09:06:15:51:43,14,22,34,DLU-Student-Lib,8e:dc:97:12:65:58,5280,-63,,,,,,,,,,M2012K11C,2212343,RP51
2026:09:06:15:51:43,14,23,34,DLU-Student-Lib,8e:dc:97:12:65:57,2412,-64,,,,,,,,,,M2012K11C,2212343,RP51
2026:09:06:15:51:43,14,24,34,DLU-Teacher,88:dc:97:12:62:cf,2412,-66,,,,,,,,,,M2012K11C,2212343,RP51
2026:09:06:15:51:43,14,25,34,DLU-Student-Lib,8e:dc:97:12:65:21,2412,-39,,,,,,,,,,M2012K11C,2212343,RP51
2026:09:06:15:51:43,14,26,34,DLU-Student-Lib,8e:dc:97:12:62:cf,2412,-67,,,,,,,,,,M2012K11C,2212343,RP51
2026:09:06:15:51:43,14,27,34,1.Free Wi-MESH,b4:5d:50:d7:e9:51,5220,-69,,,,,,,,,,M2012K11C,2212343,RP51
2026:09:06:15:51:43,14,28,34,DLU - WIMESH,b4:5d:50:d7:e9:50,5220,-70,,,,,,,,,,M2012K11C,2212343,RP51
2026:09:06:15:51:43,14,29,34,DLU-Student-Lib,8e:dc:97:12:65:22,5765,-44,,,,,,,,,,M2012K11C,2212343,RP51
2026:09:06:15:51:43,14,30,34,DLU-Teacher,88:dc:97:12:62:d0,5805,-68,,,,,,,,,,M2012K11C,2212343,RP51
2026:09:06:15:51:43,14,31,34,DLU - WIMESH,b4:5d:50:d7:e9:40,2462,-73,,,,,,,,,,M2012K11C,2212343,RP51
2026:09:06:15:51:43,14,32,34,DLU-Student-Lib,8e:dc:97:12:65:2a,2417,-56,,,,,,,,,,M2012K11C,2212343,RP51
2026:09:06:15:51:43,14,33,34,DLU-Teacher,88:dc:97:12:65:22,5765,-44,,,,,,,,,,M2012K11C,2212343,RP51
2026:09:06:15:51:43,14,34,34,DLU-Teacher,88:dc:97:12:65:21,2412,-38,,,,,,,,,,M2012K11C,2212343,RP51
2026:09:06:15:52:35,15,1,37,DLU-Teacher,88:dc:97:12:65:57,2412,-64,,,,,,,,,,M2012K11C,2212343,RP51
2026:09:06:15:52:35,15,2,37,DLU-Teacher,88:dc:97:12:64:82,2432,-59,,,,,,,,,,M2012K11C,2212343,RP51
2026:09:06:15:52:35,15,3,37,DLU-Teacher,88:dc:97:12:64:83,5300,-65,,,,,,,,,,M2012K11C,2212343,RP51
2026:09:06:15:52:35,15,4,37,DLU-Student-Lib,8e:dc:97:12:62:c7,5500,-75,,,,,,,,,,M2012K11C,2212343,RP51
2026:09:06:15:52:35,15,5,37,DLU-Student-Lib,8e:dc:97:12:62:c6,2452,-69,,,,,,,,,,M2012K11C,2212343,RP51
2026:09:06:15:52:35,15,6,37,DLU-Teacher,88:dc:97:12:65:2b,5805,-60,,,,,,,,,,M2012K11C,2212343,RP51
2026:09:06:15:52:35,15,7,37,DLU-Teacher,88:dc:97:12:65:2a,2417,-55,,,,,,,,,,M2012K11C,2212343,RP51
2026:09:06:15:52:35,15,8,37,DLU-Student-Lib,8e:dc:97:12:62:d0,5805,-64,,,,,,,,,,M2012K11C,2212343,RP51
2026:09:06:15:52:35,15,9,37,DLU-Student-Lib,8e:dc:97:12:65:63,2452,-67,,,,,,,,,,M2012K11C,2212343,RP51
2026:09:06:15:52:35,15,10,37,DLU-Student-Lib,8e:dc:97:12:65:64,5200,-74,,,,,,,,,,M2012K11C,2212343,RP51
2026:09:06:15:52:35,15,11,37,DLU-Teacher,88:dc:97:12:64:c4,2452,-66,,,,,,,,,,M2012K11C,2212343,RP51
2026:09:06:15:52:35,15,12,37,1.Free Wi-MESH,40:e3:d6:cd:2d:31,5280,-86,,,,,,,,,,M2012K11C,2212343,RP51
2026:09:06:15:52:35,15,13,37,DLU - WIMESH,40:e3:d6:cd:2d:30,5280,-85,,,,,,,,,,M2012K11C,2212343,RP51
2026:09:06:15:52:35,15,14,37,DLU-Teacher,88:dc:97:12:64:c5,5180,-83,,,,,,,,,,M2012K11C,2212343,RP51
2026:09:06:15:52:35,15,15,37,DLU-Teacher,88:dc:97:12:65:58,5280,-63,,,,,,,,,,M2012K11C,2212343,RP51
2026:09:06:15:52:35,15,16,37,DLU-Student-Lib,8e:dc:97:12:64:c4,2452,-66,,,,,,,,,,M2012K11C,2212343,RP51
2026:09:06:15:52:35,15,17,37,DLU-Student-Lib,8e:dc:97:12:64:c5,5180,-86,,,,,,,,,,M2012K11C,2212343,RP51
2026:09:06:15:52:35,15,18,37,DLU-Teacher,88:dc:97:12:65:64,5200,-73,,,,,,,,,,M2012K11C,2212343,RP51
2026:09:06:15:52:35,15,19,37,DLU-Student-Lib,8e:dc:97:12:65:2b,5805,-61,,,,,,,,,,M2012K11C,2212343,RP51
2026:09:06:15:52:35,15,20,37,DLU-Teacher,88:dc:97:12:62:c6,2452,-68,,,,,,,,,,M2012K11C,2212343,RP51
2026:09:06:15:52:35,15,21,37,DLU-Teacher,88:dc:97:12:62:c7,5500,-75,,,,,,,,,,M2012K11C,2212343,RP51
2026:09:06:15:52:35,15,22,37,DLU-Student-Lib,8e:dc:97:12:64:82,2432,-60,,,,,,,,,,M2012K11C,2212343,RP51
2026:09:06:15:52:35,15,23,37,DLU-Student-Lib,8e:dc:97:12:64:83,5300,-65,,,,,,,,,,M2012K11C,2212343,RP51
2026:09:06:15:52:35,15,24,37,DLU-Student-Lib,8e:dc:97:12:65:58,5280,-64,,,,,,,,,,M2012K11C,2212343,RP51
2026:09:06:15:52:35,15,25,37,DLU-Student-Lib,8e:dc:97:12:65:57,2412,-64,,,,,,,,,,M2012K11C,2212343,RP51
2026:09:06:15:52:35,15,26,37,DLU-Teacher,88:dc:97:12:62:cf,2412,-67,,,,,,,,,,M2012K11C,2212343,RP51
2026:09:06:15:52:35,15,27,37,DLU-Student-Lib,8e:dc:97:12:65:21,2412,-42,,,,,,,,,,M2012K11C,2212343,RP51
2026:09:06:15:52:35,15,28,37,DLU-Student-Lib,8e:dc:97:12:62:cf,2412,-67,,,,,,,,,,M2012K11C,2212343,RP51
2026:09:06:15:52:35,15,29,37,1.Free Wi-MESH,b4:5d:50:d7:e9:51,5220,-73,,,,,,,,,,M2012K11C,2212343,RP51
2026:09:06:15:52:35,15,30,37,DLU - WIMESH,b4:5d:50:d7:e9:50,5220,-75,,,,,,,,,,M2012K11C,2212343,RP51
2026:09:06:15:52:35,15,31,37,DLU-Student-Lib,8e:dc:97:12:65:22,5765,-45,,,,,,,,,,M2012K11C,2212343,RP51
2026:09:06:15:52:35,15,32,37,DLU-Teacher,88:dc:97:12:62:d0,5805,-64,,,,,,,,,,M2012K11C,2212343,RP51
2026:09:06:15:52:35,15,33,37,DLU - WIMESH,b4:5d:50:d7:e9:40,2462,-69,,,,,,,,,,M2012K11C,2212343,RP51
2026:09:06:15:52:35,15,34,37,DLU-Student-Lib,8e:dc:97:12:65:2a,2417,-56,,,,,,,,,,M2012K11C,2212343,RP51
2026:09:06:15:52:35,15,35,37,DLU-Teacher,88:dc:97:12:65:22,5765,-45,,,,,,,,,,M2012K11C,2212343,RP51
2026:09:06:15:52:35,15,36,37,DLU-Teacher,88:dc:97:12:65:21,2412,-39,,,,,,,,,,M2012K11C,2212343,RP51
2026:09:06:15:52:35,15,37,37,1.Free Wi-MESH,b4:5d:50:d7:e9:41,2462,-70,,,,,,,,,,M2012K11C,2212343,RP51
2026:09:06:15:53:26,16,1,34,DLU-Teacher,88:dc:97:12:65:57,2412,-66,,,,,,,,,,M2012K11C,2212343,RP51
2026:09:06:15:53:26,16,2,34,DLU-Teacher,88:dc:97:12:64:82,2432,-60,,,,,,,,,,M2012K11C,2212343,RP51
2026:09:06:15:53:26,16,3,34,DLU-Teacher,88:dc:97:12:64:83,5300,-65,,,,,,,,,,M2012K11C,2212343,RP51
2026:09:06:15:53:26,16,4,34,DLU-Student-Lib,8e:dc:97:12:62:c7,5500,-73,,,,,,,,,,M2012K11C,2212343,RP51
2026:09:06:15:53:26,16,5,34,DLU-Teacher,88:dc:97:12:65:2b,5805,-59,,,,,,,,,,M2012K11C,2212343,RP51
2026:09:06:15:53:26,16,6,34,DLU-Teacher,88:dc:97:12:65:2a,2417,-55,,,,,,,,,,M2012K11C,2212343,RP51
2026:09:06:15:53:26,16,7,34,DLU-Student-Lib,8e:dc:97:12:62:d0,5805,-63,,,,,,,,,,M2012K11C,2212343,RP51
2026:09:06:15:53:26,16,8,34,DLU-Student-Lib,8e:dc:97:12:65:63,2452,-71,,,,,,,,,,M2012K11C,2212343,RP51
2026:09:06:15:53:26,16,9,34,DLU-Student-Lib,8e:dc:97:12:65:64,5200,-74,,,,,,,,,,M2012K11C,2212343,RP51
2026:09:06:15:53:26,16,10,34,1.Free Wi-MESH,40:e3:d6:cd:2d:31,5280,-86,,,,,,,,,,M2012K11C,2212343,RP51
2026:09:06:15:53:26,16,11,34,DLU - WIMESH,40:e3:d6:cd:2d:30,5280,-86,,,,,,,,,,M2012K11C,2212343,RP51
2026:09:06:15:53:26,16,12,34,DLU-Teacher,88:dc:97:12:64:c5,5180,-86,,,,,,,,,,M2012K11C,2212343,RP51
2026:09:06:15:53:26,16,13,34,DLU-Teacher,88:dc:97:12:65:58,5280,-64,,,,,,,,,,M2012K11C,2212343,RP51
2026:09:06:15:53:26,16,14,34,DLU-Student-Lib,8e:dc:97:12:64:c5,5180,-85,,,,,,,,,,M2012K11C,2212343,RP51
2026:09:06:15:53:26,16,15,34,DLU-Teacher,88:dc:97:12:65:64,5200,-74,,,,,,,,,,M2012K11C,2212343,RP51
2026:09:06:15:53:26,16,16,34,DLU-Teacher,88:dc:97:12:65:63,2452,-71,,,,,,,,,,M2012K11C,2212343,RP51
2026:09:06:15:53:26,16,17,34,DLU-Student-Lib,8e:dc:97:12:65:2b,5805,-59,,,,,,,,,,M2012K11C,2212343,RP51
2026:09:06:15:53:26,16,18,34,DLU-Teacher,88:dc:97:12:62:c7,5500,-73,,,,,,,,,,M2012K11C,2212343,RP51
2026:09:06:15:53:26,16,19,34,DLU-Student-Lib,8e:dc:97:12:64:82,2432,-62,,,,,,,,,,M2012K11C,2212343,RP51
2026:09:06:15:53:26,16,20,34,DLU-Student-Lib,8e:dc:97:12:64:83,5300,-65,,,,,,,,,,M2012K11C,2212343,RP51
2026:09:06:15:53:26,16,21,34,DLU-Student-Lib,8e:dc:97:12:65:58,5280,-64,,,,,,,,,,M2012K11C,2212343,RP51
2026:09:06:15:53:26,16,22,34,DLU-Student-Lib,8e:dc:97:12:65:57,2412,-65,,,,,,,,,,M2012K11C,2212343,RP51
2026:09:06:15:53:26,16,23,34,DLU-Teacher,88:dc:97:12:62:cf,2412,-67,,,,,,,,,,M2012K11C,2212343,RP51
2026:09:06:15:53:26,16,24,34,DLU-Student-Lib,8e:dc:97:12:65:21,2412,-41,,,,,,,,,,M2012K11C,2212343,RP51
2026:09:06:15:53:26,16,25,34,DLU-Student-Lib,8e:dc:97:12:62:cf,2412,-68,,,,,,,,,,M2012K11C,2212343,RP51
2026:09:06:15:53:26,16,26,34,1.Free Wi-MESH,b4:5d:50:d7:e9:51,5220,-69,,,,,,,,,,M2012K11C,2212343,RP51
2026:09:06:15:53:26,16,27,34,DLU - WIMESH,b4:5d:50:d7:e9:50,5220,-69,,,,,,,,,,M2012K11C,2212343,RP51
2026:09:06:15:53:26,16,28,34,DLU-Student-Lib,8e:dc:97:12:65:22,5765,-44,,,,,,,,,,M2012K11C,2212343,RP51
2026:09:06:15:53:26,16,29,34,DLU-Teacher,88:dc:97:12:62:d0,5805,-63,,,,,,,,,,M2012K11C,2212343,RP51
2026:09:06:15:53:26,16,30,34,DLU - WIMESH,b4:5d:50:d7:e9:40,2462,-69,,,,,,,,,,M2012K11C,2212343,RP51
2026:09:06:15:53:26,16,31,34,DLU-Student-Lib,8e:dc:97:12:65:2a,2417,-55,,,,,,,,,,M2012K11C,2212343,RP51
2026:09:06:15:53:26,16,32,34,DLU-Teacher,88:dc:97:12:65:22,5765,-44,,,,,,,,,,M2012K11C,2212343,RP51
2026:09:06:15:53:26,16,33,34,DLU-Teacher,88:dc:97:12:65:21,2412,-39,,,,,,,,,,M2012K11C,2212343,RP51
2026:09:06:15:53:26,16,34,34,1.Free Wi-MESH,b4:5d:50:d7:e9:41,2462,-69,,,,,,,,,,M2012K11C,2212343,RP51
2026:09:06:15:54:17,17,1,30,DLU-Teacher,88:dc:97:12:65:57,2412,-63,,,,,,,,,,M2012K11C,2212343,RP51
2026:09:06:15:54:17,17,2,30,DLU-Teacher,88:dc:97:12:64:82,2432,-59,,,,,,,,,,M2012K11C,2212343,RP51
2026:09:06:15:54:17,17,3,30,DLU-Teacher,88:dc:97:12:64:83,5300,-69,,,,,,,,,,M2012K11C,2212343,RP51
2026:09:06:15:54:17,17,4,30,DLU-Teacher,88:dc:97:12:65:2b,5805,-60,,,,,,,,,,M2012K11C,2212343,RP51
2026:09:06:15:54:17,17,5,30,DLU-Student-Lib,8e:dc:97:12:62:d0,5805,-65,,,,,,,,,,M2012K11C,2212343,RP51
2026:09:06:15:54:17,17,6,30,DLU-Student-Lib,8e:dc:97:12:65:63,2452,-69,,,,,,,,,,M2012K11C,2212343,RP51
2026:09:06:15:54:17,17,7,30,DLU-Student-Lib,8e:dc:97:12:65:64,5200,-68,,,,,,,,,,M2012K11C,2212343,RP51
2026:09:06:15:54:17,17,8,30,DLU-Teacher,88:dc:97:12:64:c4,2452,-67,,,,,,,,,,M2012K11C,2212343,RP51
2026:09:06:15:54:17,17,9,30,1.Free Wi-MESH,40:e3:d6:cd:2d:31,5280,-89,,,,,,,,,,M2012K11C,2212343,RP51
2026:09:06:15:54:17,17,10,30,DLU-Teacher,88:dc:97:12:64:c5,5180,-86,,,,,,,,,,M2012K11C,2212343,RP51
2026:09:06:15:54:17,17,11,30,DLU-Teacher,88:dc:97:12:65:58,5280,-72,,,,,,,,,,M2012K11C,2212343,RP51
2026:09:06:15:54:17,17,12,30,DLU-Student-Lib,8e:dc:97:12:64:c4,2452,-64,,,,,,,,,,M2012K11C,2212343,RP51
2026:09:06:15:54:17,17,13,30,DLU-Teacher,88:dc:97:12:65:64,5200,-69,,,,,,,,,,M2012K11C,2212343,RP51
2026:09:06:15:54:17,17,14,30,DLU-Teacher,88:dc:97:12:65:63,2452,-70,,,,,,,,,,M2012K11C,2212343,RP51
2026:09:06:15:54:17,17,15,30,DLU-Student-Lib,8e:dc:97:12:65:2b,5805,-59,,,,,,,,,,M2012K11C,2212343,RP51
2026:09:06:15:54:17,17,16,30,DLU-Teacher,88:dc:97:12:62:c6,2452,-69,,,,,,,,,,M2012K11C,2212343,RP51
2026:09:06:15:54:17,17,17,30,DLU-Student-Lib,8e:dc:97:12:64:82,2432,-59,,,,,,,,,,M2012K11C,2212343,RP51
2026:09:06:15:54:17,17,18,30,DLU-Student-Lib,8e:dc:97:12:64:83,5300,-70,,,,,,,,,,M2012K11C,2212343,RP51
2026:09:06:15:54:17,17,19,30,DLU-Student-Lib,8e:dc:97:12:65:58,5280,-73,,,,,,,,,,M2012K11C,2212343,RP51
2026:09:06:15:54:17,17,20,30,DLU-Student-Lib,8e:dc:97:12:65:57,2412,-63,,,,,,,,,,M2012K11C,2212343,RP51
2026:09:06:15:54:17,17,21,30,DLU-Teacher,88:dc:97:12:62:cf,2412,-65,,,,,,,,,,M2012K11C,2212343,RP51
2026:09:06:15:54:17,17,22,30,DLU-Teacher,88:dc:97:12:62:cc,2422,-70,,,,,,,,,,M2012K11C,2212343,RP51
2026:09:06:15:54:17,17,23,30,DLU-Student-Lib,8e:dc:97:12:65:21,2412,-41,,,,,,,,,,M2012K11C,2212343,RP51
2026:09:06:15:54:17,17,24,30,1.Free Wi-MESH,b4:5d:50:d7:e9:51,5220,-77,,,,,,,,,,M2012K11C,2212343,RP51
2026:09:06:15:54:17,17,25,30,DLU - WIMESH,b4:5d:50:d7:e9:50,5220,-78,,,,,,,,,,M2012K11C,2212343,RP51
2026:09:06:15:54:17,17,26,30,DLU-Student-Lib,8e:dc:97:12:65:22,5765,-44,,,,,,,,,,M2012K11C,2212343,RP51
2026:09:06:15:54:17,17,27,30,DLU-Teacher,88:dc:97:12:62:d0,5805,-65,,,,,,,,,,M2012K11C,2212343,RP51
2026:09:06:15:54:17,17,28,30,DLU - WIMESH,b4:5d:50:d7:e9:40,2462,-71,,,,,,,,,,M2012K11C,2212343,RP51
2026:09:06:15:54:17,17,29,30,DLU-Teacher,88:dc:97:12:65:22,5765,-45,,,,,,,,,,M2012K11C,2212343,RP51
2026:09:06:15:54:17,17,30,30,DLU-Teacher,88:dc:97:12:65:21,2412,-41,,,,,,,,,,M2012K11C,2212343,RP51
2026:09:06:15:55:08,18,1,31,DLU-Teacher,88:dc:97:12:65:57,2412,-61,,,,,,,,,,M2012K11C,2212343,RP51
2026:09:06:15:55:08,18,2,31,DLU-Teacher,88:dc:97:12:64:82,2432,-60,,,,,,,,,,M2012K11C,2212343,RP51
2026:09:06:15:55:08,18,3,31,DLU-Teacher,88:dc:97:12:64:83,5300,-69,,,,,,,,,,M2012K11C,2212343,RP51
2026:09:06:15:55:08,18,4,31,DLU-Student-Lib,8e:dc:97:12:62:c7,5500,-76,,,,,,,,,,M2012K11C,2212343,RP51
2026:09:06:15:55:08,18,5,31,DLU-Teacher,88:dc:97:12:65:2b,5805,-58,,,,,,,,,,M2012K11C,2212343,RP51
2026:09:06:15:55:08,18,6,31,DLU-Student-Lib,8e:dc:97:12:62:d0,5805,-63,,,,,,,,,,M2012K11C,2212343,RP51
2026:09:06:15:55:08,18,7,31,DLU-Student-Lib,8e:dc:97:12:65:63,2452,-68,,,,,,,,,,M2012K11C,2212343,RP51
2026:09:06:15:55:08,18,8,31,DLU-Student-Lib,8e:dc:97:12:65:64,5200,-69,,,,,,,,,,M2012K11C,2212343,RP51
2026:09:06:15:55:08,18,9,31,DLU-Teacher,88:dc:97:12:64:c4,2452,-65,,,,,,,,,,M2012K11C,2212343,RP51
2026:09:06:15:55:08,18,10,31,DLU-Teacher,88:dc:97:12:64:c5,5180,-86,,,,,,,,,,M2012K11C,2212343,RP51
2026:09:06:15:55:08,18,11,31,DLU-Teacher,88:dc:97:12:65:58,5280,-71,,,,,,,,,,M2012K11C,2212343,RP51
2026:09:06:15:55:08,18,12,31,DLU-Student-Lib,8e:dc:97:12:64:c4,2452,-62,,,,,,,,,,M2012K11C,2212343,RP51
2026:09:06:15:55:08,18,13,31,DLU-Student-Lib,8e:dc:97:12:64:c5,5180,-87,,,,,,,,,,M2012K11C,2212343,RP51
2026:09:06:15:55:08,18,14,31,DLU-Teacher,88:dc:97:12:65:64,5200,-70,,,,,,,,,,M2012K11C,2212343,RP51
2026:09:06:15:55:08,18,15,31,DLU-Teacher,88:dc:97:12:65:63,2452,-66,,,,,,,,,,M2012K11C,2212343,RP51
2026:09:06:15:55:08,18,16,31,DLU-Student-Lib,8e:dc:97:12:65:2b,5805,-59,,,,,,,,,,M2012K11C,2212343,RP51
2026:09:06:15:55:08,18,17,31,DLU-Teacher,88:dc:97:12:62:c6,2452,-68,,,,,,,,,,M2012K11C,2212343,RP51
2026:09:06:15:55:08,18,18,31,DLU-Teacher,88:dc:97:12:62:c7,5500,-75,,,,,,,,,,M2012K11C,2212343,RP51
2026:09:06:15:55:08,18,19,31,DLU-Student-Lib,8e:dc:97:12:64:82,2432,-60,,,,,,,,,,M2012K11C,2212343,RP51
2026:09:06:15:55:08,18,20,31,DLU-Student-Lib,8e:dc:97:12:64:83,5300,-69,,,,,,,,,,M2012K11C,2212343,RP51
2026:09:06:15:55:08,18,21,31,DLU-Student-Lib,8e:dc:97:12:65:58,5280,-71,,,,,,,,,,M2012K11C,2212343,RP51
2026:09:06:15:55:08,18,22,31,DLU-Student-Lib,8e:dc:97:12:65:57,2412,-60,,,,,,,,,,M2012K11C,2212343,RP51
2026:09:06:15:55:08,18,23,31,1.Free Wi-MESH,b4:5d:50:d7:e9:51,5220,-78,,,,,,,,,,M2012K11C,2212343,RP51
2026:09:06:15:55:08,18,24,31,DLU - WIMESH,b4:5d:50:d7:e9:50,5220,-77,,,,,,,,,,M2012K11C,2212343,RP51
2026:09:06:15:55:08,18,25,31,DLU-Student-Lib,8e:dc:97:12:65:22,5765,-44,,,,,,,,,,M2012K11C,2212343,RP51
2026:09:06:15:55:08,18,26,31,DLU-Teacher,88:dc:97:12:62:d0,5805,-63,,,,,,,,,,M2012K11C,2212343,RP51
2026:09:06:15:55:08,18,27,31,DLU - WIMESH,b4:5d:50:d7:e9:40,2462,-71,,,,,,,,,,M2012K11C,2212343,RP51
2026:09:06:15:55:08,18,28,31,DLU-Student-Lib,8e:dc:97:12:65:2a,2417,-55,,,,,,,,,,M2012K11C,2212343,RP51
2026:09:06:15:55:08,18,29,31,DLU-Teacher,88:dc:97:12:65:22,5765,-43,,,,,,,,,,M2012K11C,2212343,RP51
2026:09:06:15:55:08,18,30,31,DLU-Teacher,88:dc:97:12:65:21,2412,-40,,,,,,,,,,M2012K11C,2212343,RP51
2026:09:06:15:55:08,18,31,31,1.Free Wi-MESH,b4:5d:50:d7:e9:41,2462,-72,,,,,,,,,,M2012K11C,2212343,RP51
2026:09:06:15:55:59,19,1,34,DLU-Teacher,88:dc:97:12:65:57,2412,-60,,,,,,,,,,M2012K11C,2212343,RP51
2026:09:06:15:55:59,19,2,34,DLU-Teacher,88:dc:97:12:64:82,2432,-58,,,,,,,,,,M2012K11C,2212343,RP51
2026:09:06:15:55:59,19,3,34,DLU-Teacher,88:dc:97:12:64:83,5300,-68,,,,,,,,,,M2012K11C,2212343,RP51
2026:09:06:15:55:59,19,4,34,DLU-Student-Lib,8e:dc:97:12:62:c7,5500,-76,,,,,,,,,,M2012K11C,2212343,RP51
2026:09:06:15:55:59,19,5,34,DLU-Student-Lib,8e:dc:97:12:62:c6,2452,-69,,,,,,,,,,M2012K11C,2212343,RP51
2026:09:06:15:55:59,19,6,34,DLU-Teacher,88:dc:97:12:65:2b,5805,-58,,,,,,,,,,M2012K11C,2212343,RP51
2026:09:06:15:55:59,19,7,34,DLU-Teacher,88:dc:97:12:65:2a,2417,-53,,,,,,,,,,M2012K11C,2212343,RP51
2026:09:06:15:55:59,19,8,34,DLU-Student-Lib,8e:dc:97:12:65:63,2452,-67,,,,,,,,,,M2012K11C,2212343,RP51
2026:09:06:15:55:59,19,9,34,DLU-Student-Lib,8e:dc:97:12:65:64,5200,-72,,,,,,,,,,M2012K11C,2212343,RP51
2026:09:06:15:55:59,19,10,34,DLU-Teacher,88:dc:97:12:64:c4,2452,-61,,,,,,,,,,M2012K11C,2212343,RP51
2026:09:06:15:55:59,19,11,34,DLU-Teacher,88:dc:97:12:64:c5,5180,-86,,,,,,,,,,M2012K11C,2212343,RP51
2026:09:06:15:55:59,19,12,34,DLU-Teacher,88:dc:97:12:65:58,5280,-71,,,,,,,,,,M2012K11C,2212343,RP51
2026:09:06:15:55:59,19,13,34,DLU-Student-Lib,8e:dc:97:12:64:c4,2452,-66,,,,,,,,,,M2012K11C,2212343,RP51
2026:09:06:15:55:59,19,14,34,DLU-Student-Lib,8e:dc:97:12:64:c5,5180,-86,,,,,,,,,,M2012K11C,2212343,RP51
2026:09:06:15:55:59,19,15,34,DLU-Teacher,88:dc:97:12:65:64,5200,-72,,,,,,,,,,M2012K11C,2212343,RP51
2026:09:06:15:55:59,19,16,34,DLU-Teacher,88:dc:97:12:65:63,2452,-67,,,,,,,,,,M2012K11C,2212343,RP51
2026:09:06:15:55:59,19,17,34,DLU-Student-Lib,8e:dc:97:12:65:2b,5805,-59,,,,,,,,,,M2012K11C,2212343,RP51
2026:09:06:15:55:59,19,18,34,DLU-Teacher,88:dc:97:12:62:c6,2452,-66,,,,,,,,,,M2012K11C,2212343,RP51
2026:09:06:15:55:59,19,19,34,DLU-Teacher,88:dc:97:12:62:c7,5500,-76,,,,,,,,,,M2012K11C,2212343,RP51
2026:09:06:15:55:59,19,20,34,DLU-Student-Lib,8e:dc:97:12:64:82,2432,-60,,,,,,,,,,M2012K11C,2212343,RP51
2026:09:06:15:55:59,19,21,34,DLU-Student-Lib,8e:dc:97:12:64:83,5300,-69,,,,,,,,,,M2012K11C,2212343,RP51
2026:09:06:15:55:59,19,22,34,DLU-Student-Lib,8e:dc:97:12:65:58,5280,-71,,,,,,,,,,M2012K11C,2212343,RP51
2026:09:06:15:55:59,19,23,34,DLU-Student-Lib,8e:dc:97:12:65:57,2412,-63,,,,,,,,,,M2012K11C,2212343,RP51
2026:09:06:15:55:59,19,24,34,DLU-Teacher,88:dc:97:12:62:cf,2412,-65,,,,,,,,,,M2012K11C,2212343,RP51
2026:09:06:15:55:59,19,25,34,DLU-Student-Lib,8e:dc:97:12:65:21,2412,-41,,,,,,,,,,M2012K11C,2212343,RP51
2026:09:06:15:55:59,19,26,34,DLU-Student-Lib,8e:dc:97:12:62:cf,2412,-64,,,,,,,,,,M2012K11C,2212343,RP51
2026:09:06:15:55:59,19,27,34,1.Free Wi-MESH,b4:5d:50:d7:e9:51,5220,-77,,,,,,,,,,M2012K11C,2212343,RP51
2026:09:06:15:55:59,19,28,34,DLU - WIMESH,b4:5d:50:d7:e9:50,5220,-78,,,,,,,,,,M2012K11C,2212343,RP51
2026:09:06:15:55:59,19,29,34,DLU-Student-Lib,8e:dc:97:12:65:22,5765,-44,,,,,,,,,,M2012K11C,2212343,RP51
2026:09:06:15:55:59,19,30,34,DLU - WIMESH,b4:5d:50:d7:e9:40,2462,-69,,,,,,,,,,M2012K11C,2212343,RP51
2026:09:06:15:55:59,19,31,34,DLU-Student-Lib,8e:dc:97:12:65:2a,2417,-54,,,,,,,,,,M2012K11C,2212343,RP51
2026:09:06:15:55:59,19,32,34,DLU-Teacher,88:dc:97:12:65:22,5765,-44,,,,,,,,,,M2012K11C,2212343,RP51
2026:09:06:15:55:59,19,33,34,DLU-Teacher,88:dc:97:12:65:21,2412,-41,,,,,,,,,,M2012K11C,2212343,RP51
2026:09:06:15:55:59,19,34,34,1.Free Wi-MESH,b4:5d:50:d7:e9:41,2462,-70,,,,,,,,,,M2012K11C,2212343,RP51
2026:09:06:15:56:51,20,1,24,DLU-Teacher,88:dc:97:12:64:82,2432,-60,,,,,,,,,,M2012K11C,2212343,RP51
2026:09:06:15:56:51,20,2,24,DLU-Teacher,88:dc:97:12:64:83,5300,-68,,,,,,,,,,M2012K11C,2212343,RP51
2026:09:06:15:56:51,20,3,24,DLU-Student-Lib,8e:dc:97:12:62:c7,5500,-76,,,,,,,,,,M2012K11C,2212343,RP51
2026:09:06:15:56:51,20,4,24,DLU-Student-Lib,8e:dc:97:12:62:c6,2452,-67,,,,,,,,,,M2012K11C,2212343,RP51
2026:09:06:15:56:51,20,5,24,DLU-Teacher,88:dc:97:12:65:2b,5805,-60,,,,,,,,,,M2012K11C,2212343,RP51
2026:09:06:15:56:51,20,6,24,DLU-Teacher,88:dc:97:12:65:2a,2417,-56,,,,,,,,,,M2012K11C,2212343,RP51
2026:09:06:15:56:51,20,7,24,DLU-Student-Lib,8e:dc:97:12:62:d0,5805,-62,,,,,,,,,,M2012K11C,2212343,RP51
2026:09:06:15:56:51,20,8,24,DLU-Student-Lib,8e:dc:97:12:65:64,5200,-71,,,,,,,,,,M2012K11C,2212343,RP51
2026:09:06:15:56:51,20,9,24,DLU-Teacher,88:dc:97:12:64:c4,2452,-67,,,,,,,,,,M2012K11C,2212343,RP51
2026:09:06:15:56:51,20,10,24,DLU-Teacher,88:dc:97:12:65:58,5280,-72,,,,,,,,,,M2012K11C,2212343,RP51
2026:09:06:15:56:51,20,11,24,DLU-Student-Lib,8e:dc:97:12:64:c4,2452,-68,,,,,,,,,,M2012K11C,2212343,RP51
2026:09:06:15:56:51,20,12,24,DLU-Teacher,88:dc:97:12:65:64,5200,-71,,,,,,,,,,M2012K11C,2212343,RP51
2026:09:06:15:56:51,20,13,24,DLU-Student-Lib,8e:dc:97:12:65:2b,5805,-59,,,,,,,,,,M2012K11C,2212343,RP51
2026:09:06:15:56:51,20,14,24,DLU-Teacher,88:dc:97:12:62:c6,2452,-66,,,,,,,,,,M2012K11C,2212343,RP51
2026:09:06:15:56:51,20,15,24,DLU-Teacher,88:dc:97:12:62:c7,5500,-76,,,,,,,,,,M2012K11C,2212343,RP51
2026:09:06:15:56:51,20,16,24,DLU-Student-Lib,8e:dc:97:12:64:82,2432,-60,,,,,,,,,,M2012K11C,2212343,RP51
2026:09:06:15:56:51,20,17,24,DLU-Student-Lib,8e:dc:97:12:64:83,5300,-67,,,,,,,,,,M2012K11C,2212343,RP51
2026:09:06:15:56:51,20,18,24,DLU-Student-Lib,8e:dc:97:12:65:58,5280,-71,,,,,,,,,,M2012K11C,2212343,RP51
2026:09:06:15:56:51,20,19,24,1.Free Wi-MESH,b4:5d:50:d7:e9:51,5220,-76,,,,,,,,,,M2012K11C,2212343,RP51
2026:09:06:15:56:51,20,20,24,DLU - WIMESH,b4:5d:50:d7:e9:50,5220,-76,,,,,,,,,,M2012K11C,2212343,RP51
2026:09:06:15:56:51,20,21,24,DLU-Student-Lib,8e:dc:97:12:65:22,5765,-43,,,,,,,,,,M2012K11C,2212343,RP51
2026:09:06:15:56:51,20,22,24,DLU-Teacher,88:dc:97:12:62:d0,5805,-62,,,,,,,,,,M2012K11C,2212343,RP51
2026:09:06:15:56:51,20,23,24,DLU-Teacher,88:dc:97:12:65:22,5765,-43,,,,,,,,,,M2012K11C,2212343,RP51
2026:09:06:15:56:51,20,24,24,1.Free Wi-MESH,b4:5d:50:d7:e9:41,2462,-68,,,,,,,,,,M2012K11C,2212343,RP51
2026:09:06:15:20:54,1,1,30,DLU-Teacher,88:dc:97:12:65:57,2412,-74,,,,,,,,,,M2012K11C,2212343,RP52
2026:09:06:15:20:54,1,2,30,DLU-Teacher,88:dc:97:12:64:82,2432,-64,,,,,,,,,,M2012K11C,2212343,RP52
2026:09:06:15:20:54,1,3,30,DLU-Teacher,88:dc:97:12:64:83,5300,-72,,,,,,,,,,M2012K11C,2212343,RP52
2026:09:06:15:20:54,1,4,30,DLU-Student-Lib,8e:dc:97:12:62:c7,5500,-62,,,,,,,,,,M2012K11C,2212343,RP52
2026:09:06:15:20:54,1,5,30,DLU-Student-Lib,8e:dc:97:12:62:c6,2452,-66,,,,,,,,,,M2012K11C,2212343,RP52
2026:09:06:15:20:54,1,6,30,DLU-Teacher,88:dc:97:12:65:2b,5805,-41,,,,,,,,,,M2012K11C,2212343,RP52
2026:09:06:15:20:54,1,7,30,DLU-Teacher,88:dc:97:12:65:2a,2417,-58,,,,,,,,,,M2012K11C,2212343,RP52
2026:09:06:15:20:54,1,8,30,DLU-Student-Lib,8e:dc:97:12:62:d0,5805,-57,,,,,,,,,,M2012K11C,2212343,RP52
2026:09:06:15:20:54,1,9,30,DLU-Student-Lib,8e:dc:97:12:65:63,2452,-55,,,,,,,,,,M2012K11C,2212343,RP52
2026:09:06:15:20:54,1,10,30,DLU-Student-Lib,8e:dc:97:12:65:64,5200,-59,,,,,,,,,,M2012K11C,2212343,RP52
2026:09:06:15:20:54,1,11,30,DLU-Teacher,88:dc:97:12:65:64,5200,-66,,,,,,,,,,M2012K11C,2212343,RP52
2026:09:06:15:20:54,1,12,30,DLU-Teacher,88:dc:97:12:65:63,2452,-53,,,,,,,,,,M2012K11C,2212343,RP52
2026:09:06:15:20:54,1,13,30,DLU-Student-Lib,8e:dc:97:12:65:2b,5805,-41,,,,,,,,,,M2012K11C,2212343,RP52
2026:09:06:15:20:54,1,14,30,DLU-Teacher,88:dc:97:12:62:c6,2452,-66,,,,,,,,,,M2012K11C,2212343,RP52
2026:09:06:15:20:54,1,15,30,DLU-Teacher,88:dc:97:12:62:c7,5500,-69,,,,,,,,,,M2012K11C,2212343,RP52
2026:09:06:15:20:54,1,16,30,DLU-Student-Lib,8e:dc:97:12:64:82,2432,-63,,,,,,,,,,M2012K11C,2212343,RP52
2026:09:06:15:20:54,1,17,30,DLU-Student-Lib,8e:dc:97:12:64:83,5300,-72,,,,,,,,,,M2012K11C,2212343,RP52
2026:09:06:15:20:54,1,18,30,DLU-Teacher,88:dc:97:12:62:cf,2412,-52,,,,,,,,,,M2012K11C,2212343,RP52
2026:09:06:15:20:54,1,19,30,DLU-Teacher,88:dc:97:12:62:cd,5200,-78,,,,,,,,,,M2012K11C,2212343,RP52
2026:09:06:15:20:54,1,20,30,DLU-Teacher,88:dc:97:12:62:cc,2422,-78,,,,,,,,,,M2012K11C,2212343,RP52
2026:09:06:15:20:54,1,21,30,DLU-Student-Lib,8e:dc:97:12:65:21,2412,-55,,,,,,,,,,M2012K11C,2212343,RP52
2026:09:06:15:20:54,1,22,30,DLU-Student-Lib,8e:dc:97:12:62:cf,2412,-50,,,,,,,,,,M2012K11C,2212343,RP52
2026:09:06:15:20:54,1,23,30,1.Free Wi-MESH,b4:5d:50:d7:e9:51,5220,-70,,,,,,,,,,M2012K11C,2212343,RP52
2026:09:06:15:20:54,1,24,30,DLU - WIMESH,b4:5d:50:d7:e9:50,5220,-69,,,,,,,,,,M2012K11C,2212343,RP52
2026:09:06:15:20:54,1,25,30,DLU-Student-Lib,8e:dc:97:12:62:cd,5200,-78,,,,,,,,,,M2012K11C,2212343,RP52
2026:09:06:15:20:54,1,26,30,DLU-Student-Lib,8e:dc:97:12:65:22,5765,-57,,,,,,,,,,M2012K11C,2212343,RP52
2026:09:06:15:20:54,1,27,30,DLU-Teacher,88:dc:97:12:62:d0,5805,-53,,,,,,,,,,M2012K11C,2212343,RP52
2026:09:06:15:20:54,1,28,30,DLU-Student-Lib,8e:dc:97:12:65:2a,2417,-58,,,,,,,,,,M2012K11C,2212343,RP52
2026:09:06:15:20:54,1,29,30,DLU-Teacher,88:dc:97:12:65:22,5765,-63,,,,,,,,,,M2012K11C,2212343,RP52
2026:09:06:15:20:54,1,30,30,DLU-Teacher,88:dc:97:12:65:21,2412,-57,,,,,,,,,,M2012K11C,2212343,RP52
2026:09:06:15:21:46,2,1,33,DLU-Teacher,88:dc:97:12:65:57,2412,-67,,,,,,,,,,M2012K11C,2212343,RP52
2026:09:06:15:21:46,2,2,33,DLU-Teacher,88:dc:97:12:64:82,2432,-57,,,,,,,,,,M2012K11C,2212343,RP52
2026:09:06:15:21:46,2,3,33,DLU-Teacher,88:dc:97:12:64:83,5300,-71,,,,,,,,,,M2012K11C,2212343,RP52
2026:09:06:15:21:46,2,4,33,DLU-Student-Lib,8e:dc:97:12:62:c7,5500,-68,,,,,,,,,,M2012K11C,2212343,RP52
2026:09:06:15:21:46,2,5,33,DLU-Student-Lib,8e:dc:97:12:62:c6,2452,-64,,,,,,,,,,M2012K11C,2212343,RP52
2026:09:06:15:21:46,2,6,33,DLU-Teacher,88:dc:97:12:65:2b,5805,-45,,,,,,,,,,M2012K11C,2212343,RP52
2026:09:06:15:21:46,2,7,33,DLU-Student-Lib,8e:dc:97:12:62:d0,5805,-57,,,,,,,,,,M2012K11C,2212343,RP52
2026:09:06:15:21:46,2,8,33,DLU-Student-Lib,8e:dc:97:12:65:63,2452,-53,,,,,,,,,,M2012K11C,2212343,RP52
2026:09:06:15:21:46,2,9,33,DLU-Student-Lib,8e:dc:97:12:65:64,5200,-61,,,,,,,,,,M2012K11C,2212343,RP52
2026:09:06:15:21:46,2,10,33,DLU-Teacher,88:dc:97:12:65:58,5280,-83,,,,,,,,,,M2012K11C,2212343,RP52
2026:09:06:15:21:46,2,11,33,DLU-Teacher,88:dc:97:12:65:64,5200,-61,,,,,,,,,,M2012K11C,2212343,RP52
2026:09:06:15:21:46,2,12,33,DLU-Teacher,88:dc:97:12:65:63,2452,-53,,,,,,,,,,M2012K11C,2212343,RP52
2026:09:06:15:21:46,2,13,33,DLU-Student-Lib,8e:dc:97:12:65:2b,5805,-45,,,,,,,,,,M2012K11C,2212343,RP52
2026:09:06:15:21:46,2,14,33,DLU-Teacher,88:dc:97:12:62:c6,2452,-63,,,,,,,,,,M2012K11C,2212343,RP52
2026:09:06:15:21:46,2,15,33,DLU-Teacher,88:dc:97:12:62:c7,5500,-68,,,,,,,,,,M2012K11C,2212343,RP52
2026:09:06:15:21:46,2,16,33,DLU-Student-Lib,8e:dc:97:12:64:82,2432,-58,,,,,,,,,,M2012K11C,2212343,RP52
2026:09:06:15:21:46,2,17,33,DLU-Student-Lib,8e:dc:97:12:64:83,5300,-71,,,,,,,,,,M2012K11C,2212343,RP52
2026:09:06:15:21:46,2,18,33,DLU-Student-Lib,8e:dc:97:12:65:58,5280,-83,,,,,,,,,,M2012K11C,2212343,RP52
2026:09:06:15:21:46,2,19,33,DLU-Teacher,88:dc:97:12:62:cf,2412,-51,,,,,,,,,,M2012K11C,2212343,RP52
2026:09:06:15:21:46,2,20,33,DLU-Student-Lib,8e:dc:97:12:65:21,2412,-53,,,,,,,,,,M2012K11C,2212343,RP52
2026:09:06:15:21:46,2,21,33,DLU-Student-Lib,8e:dc:97:12:62:cf,2412,-50,,,,,,,,,,M2012K11C,2212343,RP52
2026:09:06:15:21:46,2,22,33,1.Free Wi-MESH,b4:5d:50:d7:e9:51,5220,-66,,,,,,,,,,M2012K11C,2212343,RP52
2026:09:06:15:21:46,2,23,33,DLU - WIMESH,b4:5d:50:d7:e9:50,5220,-68,,,,,,,,,,M2012K11C,2212343,RP52
2026:09:06:15:21:46,2,24,33,DLU-Student-Lib,8e:dc:97:12:62:cd,5200,-78,,,,,,,,,,M2012K11C,2212343,RP52
2026:09:06:15:21:46,2,25,33,DLU-Student-Lib,8e:dc:97:12:62:cc,2422,-77,,,,,,,,,,M2012K11C,2212343,RP52
2026:09:06:15:21:46,2,26,33,DLU-Student-Lib,8e:dc:97:12:65:22,5765,-55,,,,,,,,,,M2012K11C,2212343,RP52
2026:09:06:15:21:46,2,27,33,DLU-Student-HTTV,8e:dc:97:12:63:00,5240,-83,,,,,,,,,,M2012K11C,2212343,RP52
2026:09:06:15:21:46,2,28,33,DLU-Teacher,88:dc:97:12:62:d0,5805,-57,,,,,,,,,,M2012K11C,2212343,RP52
2026:09:06:15:21:46,2,29,33,DLU - WIMESH,b4:5d:50:d7:e9:40,2462,-59,,,,,,,,,,M2012K11C,2212343,RP52
2026:09:06:15:21:46,2,30,33,DLU-Teacher,88:dc:97:12:65:22,5765,-56,,,,,,,,,,M2012K11C,2212343,RP52
2026:09:06:15:21:46,2,31,33,DLU-Teacher,88:dc:97:12:65:21,2412,-53,,,,,,,,,,M2012K11C,2212343,RP52
2026:09:06:15:21:46,2,32,33,DLU-Teacher,88:dc:97:12:63:00,5240,-85,,,,,,,,,,M2012K11C,2212343,RP52
2026:09:06:15:21:46,2,33,33,1.Free Wi-MESH,b4:5d:50:d7:e9:41,2462,-59,,,,,,,,,,M2012K11C,2212343,RP52
2026:09:06:15:22:37,3,1,33,DLU-Teacher,88:dc:97:12:64:82,2432,-58,,,,,,,,,,M2012K11C,2212343,RP52
2026:09:06:15:22:37,3,2,33,DLU-Teacher,88:dc:97:12:64:83,5300,-70,,,,,,,,,,M2012K11C,2212343,RP52
2026:09:06:15:22:37,3,3,33,DLU-Student-Lib,8e:dc:97:12:62:c7,5500,-69,,,,,,,,,,M2012K11C,2212343,RP52
2026:09:06:15:22:37,3,4,33,DLU-Teacher,88:dc:97:12:65:2b,5805,-44,,,,,,,,,,M2012K11C,2212343,RP52
2026:09:06:15:22:37,3,5,33,DLU-Teacher,88:dc:97:12:65:2a,2417,-57,,,,,,,,,,M2012K11C,2212343,RP52
2026:09:06:15:22:37,3,6,33,DLU-Student-Lib,8e:dc:97:12:62:d0,5805,-66,,,,,,,,,,M2012K11C,2212343,RP52
2026:09:06:15:22:37,3,7,33,DLU-Student-Lib,8e:dc:97:12:65:63,2452,-58,,,,,,,,,,M2012K11C,2212343,RP52
2026:09:06:15:22:37,3,8,33,DLU-Student-Lib,8e:dc:97:12:65:64,5200,-67,,,,,,,,,,M2012K11C,2212343,RP52
2026:09:06:15:22:37,3,9,33,DLU-Teacher,88:dc:97:12:65:58,5280,-84,,,,,,,,,,M2012K11C,2212343,RP52
2026:09:06:15:22:37,3,10,33,DLU-Teacher,88:dc:97:12:65:64,5200,-67,,,,,,,,,,M2012K11C,2212343,RP52
2026:09:06:15:22:37,3,11,33,DLU-Teacher,88:dc:97:12:65:63,2452,-57,,,,,,,,,,M2012K11C,2212343,RP52
2026:09:06:15:22:37,3,12,33,DLU-Student-Lib,8e:dc:97:12:65:2b,5805,-44,,,,,,,,,,M2012K11C,2212343,RP52
2026:09:06:15:22:37,3,13,33,DLU-Teacher,88:dc:97:12:62:c6,2452,-65,,,,,,,,,,M2012K11C,2212343,RP52
2026:09:06:15:22:37,3,14,33,DLU-Teacher,88:dc:97:12:62:c7,5500,-69,,,,,,,,,,M2012K11C,2212343,RP52
2026:09:06:15:22:37,3,15,33,DLU-Student-Lib,8e:dc:97:12:64:82,2432,-59,,,,,,,,,,M2012K11C,2212343,RP52
2026:09:06:15:22:37,3,16,33,DLU-Student-Lib,8e:dc:97:12:64:83,5300,-71,,,,,,,,,,M2012K11C,2212343,RP52
2026:09:06:15:22:37,3,17,33,DLU-Student-Lib,8e:dc:97:12:65:58,5280,-84,,,,,,,,,,M2012K11C,2212343,RP52
2026:09:06:15:22:37,3,18,33,DLU-Teacher,88:dc:97:12:62:cf,2412,-51,,,,,,,,,,M2012K11C,2212343,RP52
2026:09:06:15:22:37,3,19,33,DLU-Teacher,88:dc:97:12:62:cd,5200,-78,,,,,,,,,,M2012K11C,2212343,RP52
2026:09:06:15:22:37,3,20,33,DLU-Student-Lib,8e:dc:97:12:65:21,2412,-54,,,,,,,,,,M2012K11C,2212343,RP52
2026:09:06:15:22:37,3,21,33,DLU-Student-Lib,8e:dc:97:12:62:cf,2412,-50,,,,,,,,,,M2012K11C,2212343,RP52
2026:09:06:15:22:37,3,22,33,1.Free Wi-MESH,b4:5d:50:d7:e9:51,5220,-68,,,,,,,,,,M2012K11C,2212343,RP52
2026:09:06:15:22:37,3,23,33,DLU - WIMESH,b4:5d:50:d7:e9:50,5220,-68,,,,,,,,,,M2012K11C,2212343,RP52
2026:09:06:15:22:37,3,24,33,DLU-Student-Lib,8e:dc:97:12:62:cd,5200,-80,,,,,,,,,,M2012K11C,2212343,RP52
2026:09:06:15:22:37,3,25,33,DLU-Student-Lib,8e:dc:97:12:65:22,5765,-60,,,,,,,,,,M2012K11C,2212343,RP52
2026:09:06:15:22:37,3,26,33,DLU-Student-HTTV,8e:dc:97:12:63:00,5240,-85,,,,,,,,,,M2012K11C,2212343,RP52
2026:09:06:15:22:37,3,27,33,DLU-Teacher,88:dc:97:12:62:d0,5805,-67,,,,,,,,,,M2012K11C,2212343,RP52
2026:09:06:15:22:37,3,28,33,DLU - WIMESH,b4:5d:50:d7:e9:40,2462,-59,,,,,,,,,,M2012K11C,2212343,RP52
2026:09:06:15:22:37,3,29,33,DLU-Student-Lib,8e:dc:97:12:65:2a,2417,-56,,,,,,,,,,M2012K11C,2212343,RP52
2026:09:06:15:22:37,3,30,33,DLU-Teacher,88:dc:97:12:65:22,5765,-60,,,,,,,,,,M2012K11C,2212343,RP52
2026:09:06:15:22:37,3,31,33,DLU-Teacher,88:dc:97:12:65:21,2412,-54,,,,,,,,,,M2012K11C,2212343,RP52
2026:09:06:15:22:37,3,32,33,DLU-Teacher,88:dc:97:12:63:00,5240,-84,,,,,,,,,,M2012K11C,2212343,RP52
2026:09:06:15:22:37,3,33,33,1.Free Wi-MESH,b4:5d:50:d7:e9:41,2462,-58,,,,,,,,,,M2012K11C,2212343,RP52
2026:09:06:15:23:28,4,1,33,DLU-Teacher,88:dc:97:12:65:57,2412,-71,,,,,,,,,,M2012K11C,2212343,RP52
2026:09:06:15:23:28,4,2,33,DLU-Teacher,88:dc:97:12:64:82,2432,-57,,,,,,,,,,M2012K11C,2212343,RP52
2026:09:06:15:23:28,4,3,33,DLU-Teacher,88:dc:97:12:64:83,5300,-70,,,,,,,,,,M2012K11C,2212343,RP52
2026:09:06:15:23:28,4,4,33,DLU-Student-Lib,8e:dc:97:12:62:c7,5500,-68,,,,,,,,,,M2012K11C,2212343,RP52
2026:09:06:15:23:28,4,5,33,DLU-Student-Lib,8e:dc:97:12:62:c6,2452,-65,,,,,,,,,,M2012K11C,2212343,RP52
2026:09:06:15:23:28,4,6,33,DLU-Teacher,88:dc:97:12:65:2b,5805,-45,,,,,,,,,,M2012K11C,2212343,RP52
2026:09:06:15:23:28,4,7,33,DLU-Teacher,88:dc:97:12:65:2a,2417,-57,,,,,,,,,,M2012K11C,2212343,RP52
2026:09:06:15:23:28,4,8,33,DLU-Student-Lib,8e:dc:97:12:62:d0,5805,-66,,,,,,,,,,M2012K11C,2212343,RP52
2026:09:06:15:23:28,4,9,33,DLU-Student-Lib,8e:dc:97:12:65:63,2452,-57,,,,,,,,,,M2012K11C,2212343,RP52
2026:09:06:15:23:28,4,10,33,DLU-Student-Lib,8e:dc:97:12:65:64,5200,-68,,,,,,,,,,M2012K11C,2212343,RP52
2026:09:06:15:23:28,4,11,33,DLU-Teacher,88:dc:97:12:65:58,5280,-83,,,,,,,,,,M2012K11C,2212343,RP52
2026:09:06:15:23:28,4,12,33,DLU-Teacher,88:dc:97:12:65:64,5200,-68,,,,,,,,,,M2012K11C,2212343,RP52
2026:09:06:15:23:28,4,13,33,DLU-Teacher,88:dc:97:12:65:63,2452,-57,,,,,,,,,,M2012K11C,2212343,RP52
2026:09:06:15:23:28,4,14,33,DLU-Student-Lib,8e:dc:97:12:65:2b,5805,-45,,,,,,,,,,M2012K11C,2212343,RP52
2026:09:06:15:23:28,4,15,33,DLU-Teacher,88:dc:97:12:62:c6,2452,-66,,,,,,,,,,M2012K11C,2212343,RP52
2026:09:06:15:23:28,4,16,33,DLU-Teacher,88:dc:97:12:62:c7,5500,-68,,,,,,,,,,M2012K11C,2212343,RP52
2026:09:06:15:23:28,4,17,33,DLU-Student-Lib,8e:dc:97:12:64:82,2432,-58,,,,,,,,,,M2012K11C,2212343,RP52
2026:09:06:15:23:28,4,18,33,DLU-Student-Lib,8e:dc:97:12:64:83,5300,-70,,,,,,,,,,M2012K11C,2212343,RP52
2026:09:06:15:23:28,4,19,33,DLU-Student-Lib,8e:dc:97:12:65:58,5280,-85,,,,,,,,,,M2012K11C,2212343,RP52
2026:09:06:15:23:28,4,20,33,DLU-Teacher,88:dc:97:12:62:cf,2412,-52,,,,,,,,,,M2012K11C,2212343,RP52
2026:09:06:15:23:28,4,21,33,DLU-Teacher,88:dc:97:12:62:cd,5200,-79,,,,,,,,,,M2012K11C,2212343,RP52
2026:09:06:15:23:28,4,22,33,DLU-Student-Lib,8e:dc:97:12:65:21,2412,-54,,,,,,,,,,M2012K11C,2212343,RP52
2026:09:06:15:23:28,4,23,33,DLU-Student-Lib,8e:dc:97:12:62:cf,2412,-51,,,,,,,,,,M2012K11C,2212343,RP52
2026:09:06:15:23:28,4,24,33,1.Free Wi-MESH,b4:5d:50:d7:e9:51,5220,-67,,,,,,,,,,M2012K11C,2212343,RP52
2026:09:06:15:23:28,4,25,33,DLU - WIMESH,b4:5d:50:d7:e9:50,5220,-68,,,,,,,,,,M2012K11C,2212343,RP52
2026:09:06:15:23:28,4,26,33,DLU-Student-Lib,8e:dc:97:12:62:cd,5200,-78,,,,,,,,,,M2012K11C,2212343,RP52
2026:09:06:15:23:28,4,27,33,DLU-Student-Lib,8e:dc:97:12:65:22,5765,-59,,,,,,,,,,M2012K11C,2212343,RP52
2026:09:06:15:23:28,4,28,33,DLU-Teacher,88:dc:97:12:62:d0,5805,-65,,,,,,,,,,M2012K11C,2212343,RP52
2026:09:06:15:23:28,4,29,33,DLU - WIMESH,b4:5d:50:d7:e9:40,2462,-58,,,,,,,,,,M2012K11C,2212343,RP52
2026:09:06:15:23:28,4,30,33,DLU-Student-Lib,8e:dc:97:12:65:2a,2417,-57,,,,,,,,,,M2012K11C,2212343,RP52
2026:09:06:15:23:28,4,31,33,DLU-Teacher,88:dc:97:12:65:22,5765,-59,,,,,,,,,,M2012K11C,2212343,RP52
2026:09:06:15:23:28,4,32,33,DLU-Teacher,88:dc:97:12:65:21,2412,-53,,,,,,,,,,M2012K11C,2212343,RP52
2026:09:06:15:23:28,4,33,33,1.Free Wi-MESH,b4:5d:50:d7:e9:41,2462,-58,,,,,,,,,,M2012K11C,2212343,RP52
2026:09:06:15:24:19,5,1,31,DLU-Teacher,88:dc:97:12:65:57,2412,-70,,,,,,,,,,M2012K11C,2212343,RP52
2026:09:06:15:24:19,5,2,31,DLU-Teacher,88:dc:97:12:64:82,2432,-58,,,,,,,,,,M2012K11C,2212343,RP52
2026:09:06:15:24:19,5,3,31,DLU-Teacher,88:dc:97:12:64:83,5300,-70,,,,,,,,,,M2012K11C,2212343,RP52
2026:09:06:15:24:19,5,4,31,DLU-Teacher,88:dc:97:12:65:2b,5805,-45,,,,,,,,,,M2012K11C,2212343,RP52
2026:09:06:15:24:19,5,5,31,DLU-Teacher,88:dc:97:12:65:2a,2417,-56,,,,,,,,,,M2012K11C,2212343,RP52
2026:09:06:15:24:19,5,6,31,DLU-Student-Lib,8e:dc:97:12:62:d0,5805,-66,,,,,,,,,,M2012K11C,2212343,RP52
2026:09:06:15:24:19,5,7,31,DLU-Student-Lib,8e:dc:97:12:65:63,2452,-57,,,,,,,,,,M2012K11C,2212343,RP52
2026:09:06:15:24:19,5,8,31,DLU-Student-Lib,8e:dc:97:12:65:64,5200,-68,,,,,,,,,,M2012K11C,2212343,RP52
2026:09:06:15:24:19,5,9,31,DLU-Teacher,88:dc:97:12:65:58,5280,-84,,,,,,,,,,M2012K11C,2212343,RP52
2026:09:06:15:24:19,5,10,31,DLU-Teacher,88:dc:97:12:65:64,5200,-68,,,,,,,,,,M2012K11C,2212343,RP52
2026:09:06:15:24:19,5,11,31,DLU-Teacher,88:dc:97:12:65:63,2452,-56,,,,,,,,,,M2012K11C,2212343,RP52
2026:09:06:15:24:19,5,12,31,DLU-Student-Lib,8e:dc:97:12:65:2b,5805,-46,,,,,,,,,,M2012K11C,2212343,RP52
2026:09:06:15:24:19,5,13,31,DLU-Teacher,88:dc:97:12:62:c6,2452,-65,,,,,,,,,,M2012K11C,2212343,RP52
2026:09:06:15:24:19,5,14,31,DLU-Student-Lib,8e:dc:97:12:64:82,2432,-57,,,,,,,,,,M2012K11C,2212343,RP52
2026:09:06:15:24:19,5,15,31,DLU-Student-Lib,8e:dc:97:12:64:83,5300,-70,,,,,,,,,,M2012K11C,2212343,RP52
2026:09:06:15:24:19,5,16,31,DLU-Student-Lib,8e:dc:97:12:65:58,5280,-85,,,,,,,,,,M2012K11C,2212343,RP52
2026:09:06:15:24:19,5,17,31,DLU-Student-Lib,8e:dc:97:12:65:57,2412,-71,,,,,,,,,,M2012K11C,2212343,RP52
2026:09:06:15:24:19,5,18,31,DLU-Teacher,88:dc:97:12:62:cf,2412,-52,,,,,,,,,,M2012K11C,2212343,RP52
2026:09:06:15:24:19,5,19,31,DLU-Teacher,88:dc:97:12:62:cd,5200,-80,,,,,,,,,,M2012K11C,2212343,RP52
2026:09:06:15:24:19,5,20,31,DLU-Student-Lib,8e:dc:97:12:65:21,2412,-55,,,,,,,,,,M2012K11C,2212343,RP52
2026:09:06:15:24:19,5,21,31,DLU-Student-Lib,8e:dc:97:12:62:cf,2412,-52,,,,,,,,,,M2012K11C,2212343,RP52
2026:09:06:15:24:19,5,22,31,1.Free Wi-MESH,b4:5d:50:d7:e9:51,5220,-65,,,,,,,,,,M2012K11C,2212343,RP52
2026:09:06:15:24:19,5,23,31,DLU - WIMESH,b4:5d:50:d7:e9:50,5220,-66,,,,,,,,,,M2012K11C,2212343,RP52
2026:09:06:15:24:19,5,24,31,DLU-Student-Lib,8e:dc:97:12:62:cd,5200,-80,,,,,,,,,,M2012K11C,2212343,RP52
2026:09:06:15:24:19,5,25,31,DLU-Student-Lib,8e:dc:97:12:65:22,5765,-58,,,,,,,,,,M2012K11C,2212343,RP52
2026:09:06:15:24:19,5,26,31,DLU-Teacher,88:dc:97:12:62:d0,5805,-66,,,,,,,,,,M2012K11C,2212343,RP52
2026:09:06:15:24:19,5,27,31,DLU - WIMESH,b4:5d:50:d7:e9:40,2462,-59,,,,,,,,,,M2012K11C,2212343,RP52
2026:09:06:15:24:19,5,28,31,DLU-Student-Lib,8e:dc:97:12:65:2a,2417,-56,,,,,,,,,,M2012K11C,2212343,RP52
2026:09:06:15:24:19,5,29,31,DLU-Teacher,88:dc:97:12:65:22,5765,-57,,,,,,,,,,M2012K11C,2212343,RP52
2026:09:06:15:24:19,5,30,31,DLU-Teacher,88:dc:97:12:65:21,2412,-54,,,,,,,,,,M2012K11C,2212343,RP52
2026:09:06:15:24:19,5,31,31,1.Free Wi-MESH,b4:5d:50:d7:e9:41,2462,-59,,,,,,,,,,M2012K11C,2212343,RP52
2026:09:06:15:25:10,6,1,31,DLU-Teacher,88:dc:97:12:65:57,2412,-70,,,,,,,,,,M2012K11C,2212343,RP52
2026:09:06:15:25:10,6,2,31,DLU-Teacher,88:dc:97:12:64:82,2432,-57,,,,,,,,,,M2012K11C,2212343,RP52
2026:09:06:15:25:10,6,3,31,DLU-Teacher,88:dc:97:12:64:83,5300,-70,,,,,,,,,,M2012K11C,2212343,RP52
2026:09:06:15:25:10,6,4,31,DLU-Student-Lib,8e:dc:97:12:62:c7,5500,-69,,,,,,,,,,M2012K11C,2212343,RP52
2026:09:06:15:25:10,6,5,31,DLU-Student-Lib,8e:dc:97:12:62:c6,2452,-65,,,,,,,,,,M2012K11C,2212343,RP52
2026:09:06:15:25:10,6,6,31,DLU-Teacher,88:dc:97:12:65:2b,5805,-45,,,,,,,,,,M2012K11C,2212343,RP52
2026:09:06:15:25:10,6,7,31,DLU-Teacher,88:dc:97:12:65:2a,2417,-58,,,,,,,,,,M2012K11C,2212343,RP52
2026:09:06:15:25:10,6,8,31,DLU-Student-Lib,8e:dc:97:12:62:d0,5805,-66,,,,,,,,,,M2012K11C,2212343,RP52
2026:09:06:15:25:10,6,9,31,DLU-Student-Lib,8e:dc:97:12:65:63,2452,-57,,,,,,,,,,M2012K11C,2212343,RP52
2026:09:06:15:25:10,6,10,31,DLU-Teacher,88:dc:97:12:65:58,5280,-85,,,,,,,,,,M2012K11C,2212343,RP52
2026:09:06:15:25:10,6,11,31,DLU-Teacher,88:dc:97:12:65:64,5200,-67,,,,,,,,,,M2012K11C,2212343,RP52
2026:09:06:15:25:10,6,12,31,DLU-Teacher,88:dc:97:12:65:63,2452,-58,,,,,,,,,,M2012K11C,2212343,RP52
2026:09:06:15:25:10,6,13,31,DLU-Student-Lib,8e:dc:97:12:65:2b,5805,-46,,,,,,,,,,M2012K11C,2212343,RP52
2026:09:06:15:25:10,6,14,31,DLU-Teacher,88:dc:97:12:62:c6,2452,-65,,,,,,,,,,M2012K11C,2212343,RP52
2026:09:06:15:25:10,6,15,31,DLU-Teacher,88:dc:97:12:62:c7,5500,-69,,,,,,,,,,M2012K11C,2212343,RP52
2026:09:06:15:25:10,6,16,31,DLU-Student-Lib,8e:dc:97:12:64:82,2432,-57,,,,,,,,,,M2012K11C,2212343,RP52
2026:09:06:15:25:10,6,17,31,DLU-Student-Lib,8e:dc:97:12:64:83,5300,-70,,,,,,,,,,M2012K11C,2212343,RP52
2026:09:06:15:25:10,6,18,31,DLU-Student-Lib,8e:dc:97:12:65:58,5280,-84,,,,,,,,,,M2012K11C,2212343,RP52
2026:09:06:15:25:10,6,19,31,DLU-Teacher,88:dc:97:12:62:cd,5200,-81,,,,,,,,,,M2012K11C,2212343,RP52
2026:09:06:15:25:10,6,20,31,DLU-Student-Lib,8e:dc:97:12:65:21,2412,-54,,,,,,,,,,M2012K11C,2212343,RP52
2026:09:06:15:25:10,6,21,31,DLU-Student-Lib,8e:dc:97:12:62:cf,2412,-52,,,,,,,,,,M2012K11C,2212343,RP52
2026:09:06:15:25:10,6,22,31,1.Free Wi-MESH,b4:5d:50:d7:e9:51,5220,-65,,,,,,,,,,M2012K11C,2212343,RP52
2026:09:06:15:25:10,6,23,31,DLU - WIMESH,b4:5d:50:d7:e9:50,5220,-65,,,,,,,,,,M2012K11C,2212343,RP52
2026:09:06:15:25:10,6,24,31,DLU-Student-Lib,8e:dc:97:12:62:cd,5200,-81,,,,,,,,,,M2012K11C,2212343,RP52
2026:09:06:15:25:10,6,25,31,DLU-Student-Lib,8e:dc:97:12:65:22,5765,-57,,,,,,,,,,M2012K11C,2212343,RP52
2026:09:06:15:25:10,6,26,31,DLU-Teacher,88:dc:97:12:62:d0,5805,-66,,,,,,,,,,M2012K11C,2212343,RP52
2026:09:06:15:25:10,6,27,31,DLU - WIMESH,b4:5d:50:d7:e9:40,2462,-58,,,,,,,,,,M2012K11C,2212343,RP52
2026:09:06:15:25:10,6,28,31,DLU-Student-Lib,8e:dc:97:12:65:2a,2417,-58,,,,,,,,,,M2012K11C,2212343,RP52
2026:09:06:15:25:10,6,29,31,DLU-Teacher,88:dc:97:12:65:22,5765,-57,,,,,,,,,,M2012K11C,2212343,RP52
2026:09:06:15:25:10,6,30,31,DLU-Teacher,88:dc:97:12:65:21,2412,-53,,,,,,,,,,M2012K11C,2212343,RP52
2026:09:06:15:25:10,6,31,31,1.Free Wi-MESH,b4:5d:50:d7:e9:41,2462,-59,,,,,,,,,,M2012K11C,2212343,RP52
2026:09:06:15:26:02,7,1,34,DLU-Teacher,88:dc:97:12:65:57,2412,-71,,,,,,,,,,M2012K11C,2212343,RP52
2026:09:06:15:26:02,7,2,34,DLU-Teacher,88:dc:97:12:64:82,2432,-56,,,,,,,,,,M2012K11C,2212343,RP52
2026:09:06:15:26:02,7,3,34,DLU-Teacher,88:dc:97:12:64:83,5300,-70,,,,,,,,,,M2012K11C,2212343,RP52
2026:09:06:15:26:02,7,4,34,DLU-Student-Lib,8e:dc:97:12:62:c7,5500,-68,,,,,,,,,,M2012K11C,2212343,RP52
2026:09:06:15:26:02,7,5,34,DLU-Student-Lib,8e:dc:97:12:62:c6,2452,-66,,,,,,,,,,M2012K11C,2212343,RP52
2026:09:06:15:26:02,7,6,34,DLU-Teacher,88:dc:97:12:65:2b,5805,-44,,,,,,,,,,M2012K11C,2212343,RP52
2026:09:06:15:26:02,7,7,34,DLU-Teacher,88:dc:97:12:65:2a,2417,-57,,,,,,,,,,M2012K11C,2212343,RP52
2026:09:06:15:26:02,7,8,34,DLU-Student-Lib,8e:dc:97:12:62:d0,5805,-65,,,,,,,,,,M2012K11C,2212343,RP52
2026:09:06:15:26:02,7,9,34,DLU-Student-Lib,8e:dc:97:12:65:63,2452,-57,,,,,,,,,,M2012K11C,2212343,RP52
2026:09:06:15:26:02,7,10,34,DLU-Student-Lib,8e:dc:97:12:65:64,5200,-69,,,,,,,,,,M2012K11C,2212343,RP52
2026:09:06:15:26:02,7,11,34,DLU-Teacher,88:dc:97:12:65:64,5200,-69,,,,,,,,,,M2012K11C,2212343,RP52
2026:09:06:15:26:02,7,12,34,DLU-Teacher,88:dc:97:12:65:63,2452,-58,,,,,,,,,,M2012K11C,2212343,RP52
2026:09:06:15:26:02,7,13,34,DLU-Student-Lib,8e:dc:97:12:65:2b,5805,-44,,,,,,,,,,M2012K11C,2212343,RP52
2026:09:06:15:26:02,7,14,34,DLU-Teacher,88:dc:97:12:62:c6,2452,-66,,,,,,,,,,M2012K11C,2212343,RP52
2026:09:06:15:26:02,7,15,34,DLU-Teacher,88:dc:97:12:62:c7,5500,-68,,,,,,,,,,M2012K11C,2212343,RP52
2026:09:06:15:26:02,7,16,34,DLU-Student-Lib,8e:dc:97:12:64:82,2432,-59,,,,,,,,,,M2012K11C,2212343,RP52
2026:09:06:15:26:02,7,17,34,DLU-Student-Lib,8e:dc:97:12:64:83,5300,-70,,,,,,,,,,M2012K11C,2212343,RP52
2026:09:06:15:26:02,7,18,34,DLU-Student-Lib,8e:dc:97:12:65:58,5280,-85,,,,,,,,,,M2012K11C,2212343,RP52
2026:09:06:15:26:02,7,19,34,DLU-Teacher,88:dc:97:12:62:cd,5200,-81,,,,,,,,,,M2012K11C,2212343,RP52
2026:09:06:15:26:02,7,20,34,DLU-Student-Lib,8e:dc:97:12:65:21,2412,-54,,,,,,,,,,M2012K11C,2212343,RP52
2026:09:06:15:26:02,7,21,34,DLU-Student-Lib,8e:dc:97:12:62:cf,2412,-49,,,,,,,,,,M2012K11C,2212343,RP52
2026:09:06:15:26:02,7,22,34,1.Free Wi-MESH,b4:5d:50:d7:e9:51,5220,-65,,,,,,,,,,M2012K11C,2212343,RP52
2026:09:06:15:26:02,7,23,34,DLU - WIMESH,b4:5d:50:d7:e9:50,5220,-67,,,,,,,,,,M2012K11C,2212343,RP52
2026:09:06:15:26:02,7,24,34,DLU-Student-Lib,8e:dc:97:12:62:cd,5200,-80,,,,,,,,,,M2012K11C,2212343,RP52
2026:09:06:15:26:02,7,25,34,DLU-Student-Lib,8e:dc:97:12:62:cc,2422,-75,,,,,,,,,,M2012K11C,2212343,RP52
2026:09:06:15:26:02,7,26,34,DLU-Student-Lib,8e:dc:97:12:65:22,5765,-58,,,,,,,,,,M2012K11C,2212343,RP52
2026:09:06:15:26:02,7,27,34,DLU-Student-HTTV,8e:dc:97:12:63:00,5240,-84,,,,,,,,,,M2012K11C,2212343,RP52
2026:09:06:15:26:02,7,28,34,DLU-Teacher,88:dc:97:12:62:d0,5805,-65,,,,,,,,,,M2012K11C,2212343,RP52
2026:09:06:15:26:02,7,29,34,DLU - WIMESH,b4:5d:50:d7:e9:40,2462,-56,,,,,,,,,,M2012K11C,2212343,RP52
2026:09:06:15:26:02,7,30,34,DLU-Student-Lib,8e:dc:97:12:65:2a,2417,-56,,,,,,,,,,M2012K11C,2212343,RP52
2026:09:06:15:26:02,7,31,34,DLU-Teacher,88:dc:97:12:65:22,5765,-59,,,,,,,,,,M2012K11C,2212343,RP52
2026:09:06:15:26:02,7,32,34,DLU-Teacher,88:dc:97:12:65:21,2412,-53,,,,,,,,,,M2012K11C,2212343,RP52
2026:09:06:15:26:02,7,33,34,DLU-Teacher,88:dc:97:12:63:00,5240,-85,,,,,,,,,,M2012K11C,2212343,RP52
2026:09:06:15:26:02,7,34,34,1.Free Wi-MESH,b4:5d:50:d7:e9:41,2462,-56,,,,,,,,,,M2012K11C,2212343,RP52
2026:09:06:15:26:53,8,1,32,DLU-Teacher,88:dc:97:12:65:57,2412,-70,,,,,,,,,,M2012K11C,2212343,RP52
2026:09:06:15:26:53,8,2,32,DLU-Teacher,88:dc:97:12:64:82,2432,-57,,,,,,,,,,M2012K11C,2212343,RP52
2026:09:06:15:26:53,8,3,32,DLU-Student-Lib,8e:dc:97:12:62:c7,5500,-69,,,,,,,,,,M2012K11C,2212343,RP52
2026:09:06:15:26:53,8,4,32,DLU-Student-Lib,8e:dc:97:12:62:c6,2452,-67,,,,,,,,,,M2012K11C,2212343,RP52
2026:09:06:15:26:53,8,5,32,DLU-Teacher,88:dc:97:12:65:2b,5805,-45,,,,,,,,,,M2012K11C,2212343,RP52
2026:09:06:15:26:53,8,6,32,DLU-Teacher,88:dc:97:12:65:2a,2417,-57,,,,,,,,,,M2012K11C,2212343,RP52
2026:09:06:15:26:53,8,7,32,DLU-Student-Lib,8e:dc:97:12:62:d0,5805,-66,,,,,,,,,,M2012K11C,2212343,RP52
2026:09:06:15:26:53,8,8,32,DLU-Student-Lib,8e:dc:97:12:65:63,2452,-57,,,,,,,,,,M2012K11C,2212343,RP52
2026:09:06:15:26:53,8,9,32,DLU-Student-Lib,8e:dc:97:12:65:64,5200,-66,,,,,,,,,,M2012K11C,2212343,RP52
2026:09:06:15:26:53,8,10,32,DLU-Teacher,88:dc:97:12:65:58,5280,-83,,,,,,,,,,M2012K11C,2212343,RP52
2026:09:06:15:26:53,8,11,32,DLU-Teacher,88:dc:97:12:65:64,5200,-65,,,,,,,,,,M2012K11C,2212343,RP52
2026:09:06:15:26:53,8,12,32,DLU-Teacher,88:dc:97:12:65:63,2452,-57,,,,,,,,,,M2012K11C,2212343,RP52
2026:09:06:15:26:53,8,13,32,DLU-Student-Lib,8e:dc:97:12:65:2b,5805,-45,,,,,,,,,,M2012K11C,2212343,RP52
2026:09:06:15:26:53,8,14,32,DLU-Teacher,88:dc:97:12:62:c6,2452,-67,,,,,,,,,,M2012K11C,2212343,RP52
2026:09:06:15:26:53,8,15,32,DLU-Teacher,88:dc:97:12:62:c7,5500,-69,,,,,,,,,,M2012K11C,2212343,RP52
2026:09:06:15:26:53,8,16,32,DLU-Student-Lib,8e:dc:97:12:64:82,2432,-58,,,,,,,,,,M2012K11C,2212343,RP52
2026:09:06:15:26:53,8,17,32,DLU-Student-Lib,8e:dc:97:12:65:58,5280,-84,,,,,,,,,,M2012K11C,2212343,RP52
2026:09:06:15:26:53,8,18,32,DLU-Student-Lib,8e:dc:97:12:65:57,2412,-68,,,,,,,,,,M2012K11C,2212343,RP52
2026:09:06:15:26:53,8,19,32,DLU-Teacher,88:dc:97:12:62:cf,2412,-50,,,,,,,,,,M2012K11C,2212343,RP52
2026:09:06:15:26:53,8,20,32,DLU-Teacher,88:dc:97:12:62:cd,5200,-81,,,,,,,,,,M2012K11C,2212343,RP52
2026:09:06:15:26:53,8,21,32,DLU-Student-Lib,8e:dc:97:12:65:21,2412,-52,,,,,,,,,,M2012K11C,2212343,RP52
2026:09:06:15:26:53,8,22,32,DLU-Student-Lib,8e:dc:97:12:62:cf,2412,-53,,,,,,,,,,M2012K11C,2212343,RP52
2026:09:06:15:26:53,8,23,32,1.Free Wi-MESH,b4:5d:50:d7:e9:51,5220,-65,,,,,,,,,,M2012K11C,2212343,RP52
2026:09:06:15:26:53,8,24,32,DLU - WIMESH,b4:5d:50:d7:e9:50,5220,-66,,,,,,,,,,M2012K11C,2212343,RP52
2026:09:06:15:26:53,8,25,32,DLU-Student-Lib,8e:dc:97:12:62:cd,5200,-82,,,,,,,,,,M2012K11C,2212343,RP52
2026:09:06:15:26:53,8,26,32,DLU-Student-Lib,8e:dc:97:12:62:cc,2422,-75,,,,,,,,,,M2012K11C,2212343,RP52
2026:09:06:15:26:53,8,27,32,DLU-Student-Lib,8e:dc:97:12:65:22,5765,-58,,,,,,,,,,M2012K11C,2212343,RP52
2026:09:06:15:26:53,8,28,32,DLU-Teacher,88:dc:97:12:62:d0,5805,-66,,,,,,,,,,M2012K11C,2212343,RP52
2026:09:06:15:26:53,8,29,32,DLU-Student-Lib,8e:dc:97:12:65:2a,2417,-58,,,,,,,,,,M2012K11C,2212343,RP52
2026:09:06:15:26:53,8,30,32,DLU-Teacher,88:dc:97:12:65:22,5765,-58,,,,,,,,,,M2012K11C,2212343,RP52
2026:09:06:15:26:53,8,31,32,DLU-Teacher,88:dc:97:12:65:21,2412,-53,,,,,,,,,,M2012K11C,2212343,RP52
2026:09:06:15:26:53,8,32,32,1.Free Wi-MESH,b4:5d:50:d7:e9:41,2462,-58,,,,,,,,,,M2012K11C,2212343,RP52
2026:09:06:15:27:44,9,1,33,DLU-Teacher,88:dc:97:12:65:57,2412,-68,,,,,,,,,,M2012K11C,2212343,RP52
2026:09:06:15:27:44,9,2,33,DLU-Teacher,88:dc:97:12:64:82,2432,-57,,,,,,,,,,M2012K11C,2212343,RP52
2026:09:06:15:27:44,9,3,33,DLU-Teacher,88:dc:97:12:64:83,5300,-70,,,,,,,,,,M2012K11C,2212343,RP52
2026:09:06:15:27:44,9,4,33,DLU-Student-Lib,8e:dc:97:12:62:c6,2452,-67,,,,,,,,,,M2012K11C,2212343,RP52
2026:09:06:15:27:44,9,5,33,DLU-Teacher,88:dc:97:12:65:2b,5805,-46,,,,,,,,,,M2012K11C,2212343,RP52
2026:09:06:15:27:44,9,6,33,DLU-Teacher,88:dc:97:12:65:2a,2417,-57,,,,,,,,,,M2012K11C,2212343,RP52
2026:09:06:15:27:44,9,7,33,DLU-Student-Lib,8e:dc:97:12:62:d0,5805,-66,,,,,,,,,,M2012K11C,2212343,RP52
2026:09:06:15:27:44,9,8,33,DLU-Student-Lib,8e:dc:97:12:65:63,2452,-56,,,,,,,,,,M2012K11C,2212343,RP52
2026:09:06:15:27:44,9,9,33,DLU-Student-Lib,8e:dc:97:12:65:64,5200,-67,,,,,,,,,,M2012K11C,2212343,RP52
2026:09:06:15:27:44,9,10,33,DLU-Teacher,88:dc:97:12:65:58,5280,-85,,,,,,,,,,M2012K11C,2212343,RP52
2026:09:06:15:27:44,9,11,33,DLU-Teacher,88:dc:97:12:65:64,5200,-68,,,,,,,,,,M2012K11C,2212343,RP52
2026:09:06:15:27:44,9,12,33,DLU-Teacher,88:dc:97:12:65:63,2452,-47,,,,,,,,,,M2012K11C,2212343,RP52
2026:09:06:15:27:44,9,13,33,DLU-Student-Lib,8e:dc:97:12:65:2b,5805,-46,,,,,,,,,,M2012K11C,2212343,RP52
2026:09:06:15:27:44,9,14,33,DLU-Teacher,88:dc:97:12:62:c6,2452,-67,,,,,,,,,,M2012K11C,2212343,RP52
2026:09:06:15:27:44,9,15,33,DLU-Student-Lib,8e:dc:97:12:64:82,2432,-57,,,,,,,,,,M2012K11C,2212343,RP52
2026:09:06:15:27:44,9,16,33,DLU-Student-Lib,8e:dc:97:12:64:83,5300,-70,,,,,,,,,,M2012K11C,2212343,RP52
2026:09:06:15:27:44,9,17,33,DLU-Student-Lib,8e:dc:97:12:65:58,5280,-86,,,,,,,,,,M2012K11C,2212343,RP52
2026:09:06:15:27:44,9,18,33,DLU-Student-Lib,8e:dc:97:12:65:57,2412,-68,,,,,,,,,,M2012K11C,2212343,RP52
2026:09:06:15:27:44,9,19,33,DLU-Teacher,88:dc:97:12:62:cf,2412,-49,,,,,,,,,,M2012K11C,2212343,RP52
2026:09:06:15:27:44,9,20,33,DLU-Teacher,88:dc:97:12:62:cd,5200,-81,,,,,,,,,,M2012K11C,2212343,RP52
2026:09:06:15:27:44,9,21,33,DLU-Teacher,88:dc:97:12:62:cc,2422,-78,,,,,,,,,,M2012K11C,2212343,RP52
2026:09:06:15:27:44,9,22,33,DLU-Student-Lib,8e:dc:97:12:65:21,2412,-52,,,,,,,,,,M2012K11C,2212343,RP52
2026:09:06:15:27:44,9,23,33,DLU-Student-Lib,8e:dc:97:12:62:cf,2412,-51,,,,,,,,,,M2012K11C,2212343,RP52
2026:09:06:15:27:44,9,24,33,1.Free Wi-MESH,b4:5d:50:d7:e9:51,5220,-64,,,,,,,,,,M2012K11C,2212343,RP52
2026:09:06:15:27:44,9,25,33,DLU - WIMESH,b4:5d:50:d7:e9:50,5220,-65,,,,,,,,,,M2012K11C,2212343,RP52
2026:09:06:15:27:44,9,26,33,DLU-Student-Lib,8e:dc:97:12:62:cd,5200,-82,,,,,,,,,,M2012K11C,2212343,RP52
2026:09:06:15:27:44,9,27,33,DLU-Student-Lib,8e:dc:97:12:65:22,5765,-58,,,,,,,,,,M2012K11C,2212343,RP52
2026:09:06:15:27:44,9,28,33,DLU-Teacher,88:dc:97:12:62:d0,5805,-66,,,,,,,,,,M2012K11C,2212343,RP52
2026:09:06:15:27:44,9,29,33,DLU - WIMESH,b4:5d:50:d7:e9:40,2462,-57,,,,,,,,,,M2012K11C,2212343,RP52
2026:09:06:15:27:44,9,30,33,DLU-Student-Lib,8e:dc:97:12:65:2a,2417,-59,,,,,,,,,,M2012K11C,2212343,RP52
2026:09:06:15:27:44,9,31,33,DLU-Teacher,88:dc:97:12:65:22,5765,-58,,,,,,,,,,M2012K11C,2212343,RP52
2026:09:06:15:27:44,9,32,33,DLU-Teacher,88:dc:97:12:65:21,2412,-53,,,,,,,,,,M2012K11C,2212343,RP52
2026:09:06:15:27:44,9,33,33,1.Free Wi-MESH,b4:5d:50:d7:e9:41,2462,-58,,,,,,,,,,M2012K11C,2212343,RP52
2026:09:06:15:28:35,10,1,29,DLU-Teacher,88:dc:97:12:65:57,2412,-69,,,,,,,,,,M2012K11C,2212343,RP52
2026:09:06:15:28:35,10,2,29,DLU-Teacher,88:dc:97:12:64:82,2432,-58,,,,,,,,,,M2012K11C,2212343,RP52
2026:09:06:15:28:35,10,3,29,DLU-Student-Lib,8e:dc:97:12:62:c7,5500,-69,,,,,,,,,,M2012K11C,2212343,RP52
2026:09:06:15:28:35,10,4,29,DLU-Teacher,88:dc:97:12:65:2b,5805,-45,,,,,,,,,,M2012K11C,2212343,RP52
2026:09:06:15:28:35,10,5,29,DLU-Teacher,88:dc:97:12:65:2a,2417,-58,,,,,,,,,,M2012K11C,2212343,RP52
2026:09:06:15:28:35,10,6,29,DLU-Student-Lib,8e:dc:97:12:62:d0,5805,-66,,,,,,,,,,M2012K11C,2212343,RP52
2026:09:06:15:28:35,10,7,29,DLU-Student-Lib,8e:dc:97:12:65:63,2452,-56,,,,,,,,,,M2012K11C,2212343,RP52
2026:09:06:15:28:35,10,8,29,DLU-Student-Lib,8e:dc:97:12:65:64,5200,-67,,,,,,,,,,M2012K11C,2212343,RP52
2026:09:06:15:28:35,10,9,29,DLU-Teacher,88:dc:97:12:65:58,5280,-85,,,,,,,,,,M2012K11C,2212343,RP52
2026:09:06:15:28:35,10,10,29,DLU-Teacher,88:dc:97:12:65:64,5200,-67,,,,,,,,,,M2012K11C,2212343,RP52
2026:09:06:15:28:35,10,11,29,DLU-Teacher,88:dc:97:12:65:63,2452,-56,,,,,,,,,,M2012K11C,2212343,RP52
2026:09:06:15:28:35,10,12,29,DLU-Student-Lib,8e:dc:97:12:65:2b,5805,-46,,,,,,,,,,M2012K11C,2212343,RP52
2026:09:06:15:28:35,10,13,29,DLU-Teacher,88:dc:97:12:62:c6,2452,-65,,,,,,,,,,M2012K11C,2212343,RP52
2026:09:06:15:28:35,10,14,29,DLU-Teacher,88:dc:97:12:62:c7,5500,-69,,,,,,,,,,M2012K11C,2212343,RP52
2026:09:06:15:28:35,10,15,29,DLU-Student-Lib,8e:dc:97:12:64:82,2432,-58,,,,,,,,,,M2012K11C,2212343,RP52
2026:09:06:15:28:35,10,16,29,DLU-Student-Lib,8e:dc:97:12:65:58,5280,-84,,,,,,,,,,M2012K11C,2212343,RP52
2026:09:06:15:28:35,10,17,29,DLU-Student-Lib,8e:dc:97:12:65:57,2412,-70,,,,,,,,,,M2012K11C,2212343,RP52
2026:09:06:15:28:35,10,18,29,DLU-Teacher,88:dc:97:12:62:cf,2412,-51,,,,,,,,,,M2012K11C,2212343,RP52
2026:09:06:15:28:35,10,19,29,DLU-Teacher,88:dc:97:12:62:cd,5200,-81,,,,,,,,,,M2012K11C,2212343,RP52
2026:09:06:15:28:35,10,20,29,DLU-Student-Lib,8e:dc:97:12:62:cf,2412,-51,,,,,,,,,,M2012K11C,2212343,RP52
2026:09:06:15:28:35,10,21,29,1.Free Wi-MESH,b4:5d:50:d7:e9:51,5220,-65,,,,,,,,,,M2012K11C,2212343,RP52
2026:09:06:15:28:35,10,22,29,DLU - WIMESH,b4:5d:50:d7:e9:50,5220,-64,,,,,,,,,,M2012K11C,2212343,RP52
2026:09:06:15:28:35,10,23,29,DLU-Student-Lib,8e:dc:97:12:62:cd,5200,-79,,,,,,,,,,M2012K11C,2212343,RP52
2026:09:06:15:28:35,10,24,29,DLU-Student-Lib,8e:dc:97:12:65:22,5765,-59,,,,,,,,,,M2012K11C,2212343,RP52
2026:09:06:15:28:35,10,25,29,DLU-Teacher,88:dc:97:12:62:d0,5805,-65,,,,,,,,,,M2012K11C,2212343,RP52
2026:09:06:15:28:35,10,26,29,DLU - WIMESH,b4:5d:50:d7:e9:40,2462,-58,,,,,,,,,,M2012K11C,2212343,RP52
2026:09:06:15:28:35,10,27,29,DLU-Student-Lib,8e:dc:97:12:65:2a,2417,-57,,,,,,,,,,M2012K11C,2212343,RP52
2026:09:06:15:28:35,10,28,29,DLU-Teacher,88:dc:97:12:65:22,5765,-59,,,,,,,,,,M2012K11C,2212343,RP52
2026:09:06:15:28:35,10,29,29,1.Free Wi-MESH,b4:5d:50:d7:e9:41,2462,-57,,,,,,,,,,M2012K11C,2212343,RP52
2026:09:06:15:29:26,11,1,30,DLU-Teacher,88:dc:97:12:65:57,2412,-71,,,,,,,,,,M2012K11C,2212343,RP52
2026:09:06:15:29:26,11,2,30,DLU-Teacher,88:dc:97:12:64:82,2432,-60,,,,,,,,,,M2012K11C,2212343,RP52
2026:09:06:15:29:26,11,3,30,DLU-Teacher,88:dc:97:12:64:83,5300,-72,,,,,,,,,,M2012K11C,2212343,RP52
2026:09:06:15:29:26,11,4,30,DLU-Student-Lib,8e:dc:97:12:62:c7,5500,-73,,,,,,,,,,M2012K11C,2212343,RP52
2026:09:06:15:29:26,11,5,30,DLU-Student-Lib,8e:dc:97:12:62:c6,2452,-69,,,,,,,,,,M2012K11C,2212343,RP52
2026:09:06:15:29:26,11,6,30,DLU-Teacher,88:dc:97:12:65:2b,5805,-45,,,,,,,,,,M2012K11C,2212343,RP52
2026:09:06:15:29:26,11,7,30,DLU-Teacher,88:dc:97:12:65:2a,2417,-57,,,,,,,,,,M2012K11C,2212343,RP52
2026:09:06:15:29:26,11,8,30,DLU-Student-Lib,8e:dc:97:12:62:d0,5805,-64,,,,,,,,,,M2012K11C,2212343,RP52
2026:09:06:15:29:26,11,9,30,DLU-Student-Lib,8e:dc:97:12:65:64,5200,-67,,,,,,,,,,M2012K11C,2212343,RP52
2026:09:06:15:29:26,11,10,30,DLU-Teacher,88:dc:97:12:65:58,5280,-84,,,,,,,,,,M2012K11C,2212343,RP52
2026:09:06:15:29:26,11,11,30,DLU-Teacher,88:dc:97:12:65:64,5200,-67,,,,,,,,,,M2012K11C,2212343,RP52
2026:09:06:15:29:26,11,12,30,DLU-Teacher,88:dc:97:12:65:63,2452,-51,,,,,,,,,,M2012K11C,2212343,RP52
2026:09:06:15:29:26,11,13,30,DLU-Student-Lib,8e:dc:97:12:65:2b,5805,-45,,,,,,,,,,M2012K11C,2212343,RP52
2026:09:06:15:29:26,11,14,30,DLU-Teacher,88:dc:97:12:62:c6,2452,-68,,,,,,,,,,M2012K11C,2212343,RP52
2026:09:06:15:29:26,11,15,30,DLU-Teacher,88:dc:97:12:62:c7,5500,-74,,,,,,,,,,M2012K11C,2212343,RP52
2026:09:06:15:29:26,11,16,30,DLU-Student-Lib,8e:dc:97:12:64:82,2432,-62,,,,,,,,,,M2012K11C,2212343,RP52
2026:09:06:15:29:26,11,17,30,DLU-Student-Lib,8e:dc:97:12:64:83,5300,-72,,,,,,,,,,M2012K11C,2212343,RP52
2026:09:06:15:29:26,11,18,30,DLU-Student-Lib,8e:dc:97:12:65:58,5280,-84,,,,,,,,,,M2012K11C,2212343,RP52
2026:09:06:15:29:26,11,19,30,DLU-Teacher,88:dc:97:12:62:cf,2412,-56,,,,,,,,,,M2012K11C,2212343,RP52
2026:09:06:15:29:26,11,20,30,DLU-Student-Lib,8e:dc:97:12:65:21,2412,-54,,,,,,,,,,M2012K11C,2212343,RP52
2026:09:06:15:29:26,11,21,30,DLU-Student-Lib,8e:dc:97:12:62:cf,2412,-55,,,,,,,,,,M2012K11C,2212343,RP52
2026:09:06:15:29:26,11,22,30,1.Free Wi-MESH,b4:5d:50:d7:e9:51,5220,-69,,,,,,,,,,M2012K11C,2212343,RP52
2026:09:06:15:29:26,11,23,30,DLU - WIMESH,b4:5d:50:d7:e9:50,5220,-68,,,,,,,,,,M2012K11C,2212343,RP52
2026:09:06:15:29:26,11,24,30,DLU-Student-Lib,8e:dc:97:12:65:22,5765,-55,,,,,,,,,,M2012K11C,2212343,RP52
2026:09:06:15:29:26,11,25,30,DLU-Teacher,88:dc:97:12:62:d0,5805,-64,,,,,,,,,,M2012K11C,2212343,RP52
2026:09:06:15:29:26,11,26,30,DLU - WIMESH,b4:5d:50:d7:e9:40,2462,-60,,,,,,,,,,M2012K11C,2212343,RP52
2026:09:06:15:29:26,11,27,30,DLU-Student-Lib,8e:dc:97:12:65:2a,2417,-57,,,,,,,,,,M2012K11C,2212343,RP52
2026:09:06:15:29:26,11,28,30,DLU-Teacher,88:dc:97:12:65:22,5765,-55,,,,,,,,,,M2012K11C,2212343,RP52
2026:09:06:15:29:26,11,29,30,DLU-Teacher,88:dc:97:12:65:21,2412,-51,,,,,,,,,,M2012K11C,2212343,RP52
2026:09:06:15:29:26,11,30,30,1.Free Wi-MESH,b4:5d:50:d7:e9:41,2462,-60,,,,,,,,,,M2012K11C,2212343,RP52
2026:09:06:15:30:18,12,1,22,DLU-Teacher,88:dc:97:12:65:57,2412,-70,,,,,,,,,,M2012K11C,2212343,RP52
2026:09:06:15:30:18,12,2,22,DLU-Teacher,88:dc:97:12:64:82,2432,-66,,,,,,,,,,M2012K11C,2212343,RP52
2026:09:06:15:30:18,12,3,22,DLU-Student-Lib,8e:dc:97:12:62:c6,2452,-71,,,,,,,,,,M2012K11C,2212343,RP52
2026:09:06:15:30:18,12,4,22,DLU-Student-Lib,8e:dc:97:12:62:d0,5805,-62,,,,,,,,,,M2012K11C,2212343,RP52
2026:09:06:15:30:18,12,5,22,DLU-Student-Lib,8e:dc:97:12:65:63,2452,-61,,,,,,,,,,M2012K11C,2212343,RP52
2026:09:06:15:30:18,12,6,22,DLU-Student-Lib,8e:dc:97:12:65:64,5200,-68,,,,,,,,,,M2012K11C,2212343,RP52
2026:09:06:15:30:18,12,7,22,DLU-Teacher,88:dc:97:12:65:64,5200,-68,,,,,,,,,,M2012K11C,2212343,RP52
2026:09:06:15:30:18,12,8,22,DLU-Teacher,88:dc:97:12:65:63,2452,-61,,,,,,,,,,M2012K11C,2212343,RP52
2026:09:06:15:30:18,12,9,22,DLU-Teacher,88:dc:97:12:62:c6,2452,-69,,,,,,,,,,M2012K11C,2212343,RP52
2026:09:06:15:30:18,12,10,22,DLU-Student-Lib,8e:dc:97:12:64:82,2432,-65,,,,,,,,,,M2012K11C,2212343,RP52
2026:09:06:15:30:18,12,11,22,DLU-Teacher,88:dc:97:12:62:cf,2412,-55,,,,,,,,,,M2012K11C,2212343,RP52
2026:09:06:15:30:18,12,12,22,DLU-Student-Lib,8e:dc:97:12:65:21,2412,-64,,,,,,,,,,M2012K11C,2212343,RP52
2026:09:06:15:30:18,12,13,22,DLU-Student-Lib,8e:dc:97:12:62:cf,2412,-55,,,,,,,,,,M2012K11C,2212343,RP52
2026:09:06:15:30:18,12,14,22,1.Free Wi-MESH,b4:5d:50:d7:e9:51,5220,-67,,,,,,,,,,M2012K11C,2212343,RP52
2026:09:06:15:30:18,12,15,22,DLU - WIMESH,b4:5d:50:d7:e9:50,5220,-66,,,,,,,,,,M2012K11C,2212343,RP52
2026:09:06:15:30:18,12,16,22,DLU-Student-Lib,8e:dc:97:12:62:cd,5200,-90,,,,,,,,,,M2012K11C,2212343,RP52
2026:09:06:15:30:18,12,17,22,DLU-Student-Lib,8e:dc:97:12:65:22,5765,-67,,,,,,,,,,M2012K11C,2212343,RP52
2026:09:06:15:30:18,12,18,22,DLU-Teacher,88:dc:97:12:62:d0,5805,-62,,,,,,,,,,M2012K11C,2212343,RP52
2026:09:06:15:30:18,12,19,22,DLU - WIMESH,b4:5d:50:d7:e9:40,2462,-67,,,,,,,,,,M2012K11C,2212343,RP52
2026:09:06:15:30:18,12,20,22,DLU-Teacher,88:dc:97:12:65:22,5765,-67,,,,,,,,,,M2012K11C,2212343,RP52
2026:09:06:15:30:18,12,21,22,DLU-Teacher,88:dc:97:12:65:21,2412,-64,,,,,,,,,,M2012K11C,2212343,RP52
2026:09:06:15:30:18,12,22,22,1.Free Wi-MESH,b4:5d:50:d7:e9:41,2462,-65,,,,,,,,,,M2012K11C,2212343,RP52
2026:09:06:15:31:09,13,1,29,DLU-Teacher,88:dc:97:12:64:82,2432,-64,,,,,,,,,,M2012K11C,2212343,RP52
2026:09:06:15:31:09,13,2,29,DLU-Student-Lib,8e:dc:97:12:62:c7,5500,-78,,,,,,,,,,M2012K11C,2212343,RP52
2026:09:06:15:31:09,13,3,29,DLU-Teacher,88:dc:97:12:65:2b,5805,-46,,,,,,,,,,M2012K11C,2212343,RP52
2026:09:06:15:31:09,13,4,29,DLU-Teacher,88:dc:97:12:65:2a,2417,-52,,,,,,,,,,M2012K11C,2212343,RP52
2026:09:06:15:31:09,13,5,29,DLU-Student-Lib,8e:dc:97:12:62:d0,5805,-66,,,,,,,,,,M2012K11C,2212343,RP52
2026:09:06:15:31:09,13,6,29,DLU-Student-Lib,8e:dc:97:12:65:63,2452,-53,,,,,,,,,,M2012K11C,2212343,RP52
2026:09:06:15:31:09,13,7,29,DLU-Student-Lib,8e:dc:97:12:65:64,5200,-69,,,,,,,,,,M2012K11C,2212343,RP52
2026:09:06:15:31:09,13,8,29,DLU-Teacher,88:dc:97:12:65:58,5280,-86,,,,,,,,,,M2012K11C,2212343,RP52
2026:09:06:15:31:09,13,9,29,DLU-Teacher,88:dc:97:12:65:64,5200,-69,,,,,,,,,,M2012K11C,2212343,RP52
2026:09:06:15:31:09,13,10,29,DLU-Teacher,88:dc:97:12:65:63,2452,-53,,,,,,,,,,M2012K11C,2212343,RP52
2026:09:06:15:31:09,13,11,29,DLU-Student-Lib,8e:dc:97:12:65:2b,5805,-45,,,,,,,,,,M2012K11C,2212343,RP52
2026:09:06:15:31:09,13,12,29,DLU-Teacher,88:dc:97:12:62:c7,5500,-78,,,,,,,,,,M2012K11C,2212343,RP52
2026:09:06:15:31:09,13,13,29,DLU-Student-Lib,8e:dc:97:12:64:82,2432,-63,,,,,,,,,,M2012K11C,2212343,RP52
2026:09:06:15:31:09,13,14,29,DLU-Teacher,88:dc:97:12:62:cf,2412,-61,,,,,,,,,,M2012K11C,2212343,RP52
2026:09:06:15:31:09,13,15,29,DLU-Teacher,88:dc:97:12:62:cd,5200,-88,,,,,,,,,,M2012K11C,2212343,RP52
2026:09:06:15:31:09,13,16,29,DLU-Student-Lib,8e:dc:97:12:65:21,2412,-55,,,,,,,,,,M2012K11C,2212343,RP52
2026:09:06:15:31:09,13,17,29,DLU-Student-Lib,8e:dc:97:12:62:cf,2412,-60,,,,,,,,,,M2012K11C,2212343,RP52
2026:09:06:15:31:09,13,18,29,1.Free Wi-MESH,b4:5d:50:d7:e9:51,5220,-65,,,,,,,,,,M2012K11C,2212343,RP52
2026:09:06:15:31:09,13,19,29,DLU - WIMESH,b4:5d:50:d7:e9:50,5220,-65,,,,,,,,,,M2012K11C,2212343,RP52
2026:09:06:15:31:09,13,20,29,DLU-Student-Lib,8e:dc:97:12:62:cd,5200,-89,,,,,,,,,,M2012K11C,2212343,RP52
2026:09:06:15:31:09,13,21,29,DLU-Student-Lib,8e:dc:97:12:65:22,5765,-55,,,,,,,,,,M2012K11C,2212343,RP52
2026:09:06:15:31:09,13,22,29,DLU-Student-HTTV,8e:dc:97:12:63:00,5240,-83,,,,,,,,,,M2012K11C,2212343,RP52
2026:09:06:15:31:09,13,23,29,DLU-Teacher,88:dc:97:12:62:d0,5805,-66,,,,,,,,,,M2012K11C,2212343,RP52
2026:09:06:15:31:09,13,24,29,DLU - WIMESH,b4:5d:50:d7:e9:40,2462,-67,,,,,,,,,,M2012K11C,2212343,RP52
2026:09:06:15:31:09,13,25,29,DLU-Student-Lib,8e:dc:97:12:65:2a,2417,-51,,,,,,,,,,M2012K11C,2212343,RP52
2026:09:06:15:31:09,13,26,29,DLU-Teacher,88:dc:97:12:65:22,5765,-55,,,,,,,,,,M2012K11C,2212343,RP52
2026:09:06:15:31:09,13,27,29,DLU-Teacher,88:dc:97:12:65:21,2412,-55,,,,,,,,,,M2012K11C,2212343,RP52
2026:09:06:15:31:09,13,28,29,DLU-Teacher,88:dc:97:12:63:00,5240,-84,,,,,,,,,,M2012K11C,2212343,RP52
2026:09:06:15:31:09,13,29,29,1.Free Wi-MESH,b4:5d:50:d7:e9:41,2462,-67,,,,,,,,,,M2012K11C,2212343,RP52
2026:09:06:15:32:00,14,1,37,DLU-Teacher,88:dc:97:12:65:57,2412,-70,,,,,,,,,,M2012K11C,2212343,RP52
2026:09:06:15:32:00,14,2,37,DLU-Teacher,88:dc:97:12:64:82,2432,-64,,,,,,,,,,M2012K11C,2212343,RP52
2026:09:06:15:32:00,14,3,37,DLU-Teacher,88:dc:97:12:64:83,5300,-73,,,,,,,,,,M2012K11C,2212343,RP52
2026:09:06:15:32:00,14,4,37,DLU-Student-Lib,8e:dc:97:12:62:c7,5500,-78,,,,,,,,,,M2012K11C,2212343,RP52
2026:09:06:15:32:00,14,5,37,DLU-Student-Lib,8e:dc:97:12:62:c6,2452,-70,,,,,,,,,,M2012K11C,2212343,RP52
2026:09:06:15:32:00,14,6,37,DLU-Teacher,88:dc:97:12:65:2b,5805,-44,,,,,,,,,,M2012K11C,2212343,RP52
2026:09:06:15:32:00,14,7,37,DLU-Teacher,88:dc:97:12:65:2a,2417,-50,,,,,,,,,,M2012K11C,2212343,RP52
2026:09:06:15:32:00,14,8,37,DLU-Student-Lib,8e:dc:97:12:62:d0,5805,-65,,,,,,,,,,M2012K11C,2212343,RP52
2026:09:06:15:32:00,14,9,37,DLU-Student-Lib,8e:dc:97:12:65:63,2452,-54,,,,,,,,,,M2012K11C,2212343,RP52
2026:09:06:15:32:00,14,10,37,DLU-Student-Lib,8e:dc:97:12:65:64,5200,-70,,,,,,,,,,M2012K11C,2212343,RP52
2026:09:06:15:32:00,14,11,37,DLU-Teacher,88:dc:97:12:65:58,5280,-85,,,,,,,,,,M2012K11C,2212343,RP52
2026:09:06:15:32:00,14,12,37,DLU-Teacher,88:dc:97:12:65:64,5200,-70,,,,,,,,,,M2012K11C,2212343,RP52
2026:09:06:15:32:00,14,13,37,DLU-Teacher,88:dc:97:12:65:63,2452,-54,,,,,,,,,,M2012K11C,2212343,RP52
2026:09:06:15:32:00,14,14,37,DLU-Student-Lib,8e:dc:97:12:65:2b,5805,-44,,,,,,,,,,M2012K11C,2212343,RP52
2026:09:06:15:32:00,14,15,37,DLU-Teacher,88:dc:97:12:62:c6,2452,-70,,,,,,,,,,M2012K11C,2212343,RP52
2026:09:06:15:32:00,14,16,37,DLU-Teacher,88:dc:97:12:62:c7,5500,-78,,,,,,,,,,M2012K11C,2212343,RP52
2026:09:06:15:32:00,14,17,37,DLU-Student-Lib,8e:dc:97:12:64:82,2432,-64,,,,,,,,,,M2012K11C,2212343,RP52
2026:09:06:15:32:00,14,18,37,DLU-Student-Lib,8e:dc:97:12:64:83,5300,-73,,,,,,,,,,M2012K11C,2212343,RP52
2026:09:06:15:32:00,14,19,37,DLU-Student-HTTV,8e:dc:97:12:65:54,2427,-74,,,,,,,,,,M2012K11C,2212343,RP52
2026:09:06:15:32:00,14,20,37,DLU-Student-Lib,8e:dc:97:12:65:58,5280,-84,,,,,,,,,,M2012K11C,2212343,RP52
2026:09:06:15:32:00,14,21,37,DLU-Student-Lib,8e:dc:97:12:65:57,2412,-69,,,,,,,,,,M2012K11C,2212343,RP52
2026:09:06:15:32:00,14,22,37,DLU-Teacher,88:dc:97:12:62:cf,2412,-61,,,,,,,,,,M2012K11C,2212343,RP52
2026:09:06:15:32:00,14,23,37,DLU-Teacher,88:dc:97:12:62:cd,5200,-89,,,,,,,,,,M2012K11C,2212343,RP52
2026:09:06:15:32:00,14,24,37,DLU-Student-Lib,8e:dc:97:12:65:21,2412,-58,,,,,,,,,,M2012K11C,2212343,RP52
2026:09:06:15:32:00,14,25,37,DLU-Student-Lib,8e:dc:97:12:62:cf,2412,-60,,,,,,,,,,M2012K11C,2212343,RP52
2026:09:06:15:32:00,14,26,37,1.Free Wi-MESH,b4:5d:50:d7:e9:51,5220,-65,,,,,,,,,,M2012K11C,2212343,RP52
2026:09:06:15:32:00,14,27,37,DLU - WIMESH,b4:5d:50:d7:e9:50,5220,-65,,,,,,,,,,M2012K11C,2212343,RP52
2026:09:06:15:32:00,14,28,37,DLU-Student-Lib,8e:dc:97:12:62:cd,5200,-87,,,,,,,,,,M2012K11C,2212343,RP52
2026:09:06:15:32:00,14,29,37,DLU-Student-Lib,8e:dc:97:12:65:22,5765,-56,,,,,,,,,,M2012K11C,2212343,RP52
2026:09:06:15:32:00,14,30,37,DLU-Student-HTTV,8e:dc:97:12:63:00,5240,-85,,,,,,,,,,M2012K11C,2212343,RP52
2026:09:06:15:32:00,14,31,37,DLU-Teacher,88:dc:97:12:62:d0,5805,-66,,,,,,,,,,M2012K11C,2212343,RP52
2026:09:06:15:32:00,14,32,37,DLU - WIMESH,b4:5d:50:d7:e9:40,2462,-68,,,,,,,,,,M2012K11C,2212343,RP52
2026:09:06:15:32:00,14,33,37,DLU-Student-Lib,8e:dc:97:12:65:2a,2417,-50,,,,,,,,,,M2012K11C,2212343,RP52
2026:09:06:15:32:00,14,34,37,DLU-Teacher,88:dc:97:12:65:22,5765,-56,,,,,,,,,,M2012K11C,2212343,RP52
2026:09:06:15:32:00,14,35,37,DLU-Teacher,88:dc:97:12:65:21,2412,-55,,,,,,,,,,M2012K11C,2212343,RP52
2026:09:06:15:32:00,14,36,37,DLU-Teacher,88:dc:97:12:63:00,5240,-85,,,,,,,,,,M2012K11C,2212343,RP52
2026:09:06:15:32:00,14,37,37,1.Free Wi-MESH,b4:5d:50:d7:e9:41,2462,-69,,,,,,,,,,M2012K11C,2212343,RP52
2026:09:06:15:32:51,15,1,32,DLU-Teacher,88:dc:97:12:65:57,2412,-66,,,,,,,,,,M2012K11C,2212343,RP52
2026:09:06:15:32:51,15,2,32,DLU-Teacher,88:dc:97:12:64:82,2432,-63,,,,,,,,,,M2012K11C,2212343,RP52
2026:09:06:15:32:51,15,3,32,DLU-Teacher,88:dc:97:12:64:83,5300,-73,,,,,,,,,,M2012K11C,2212343,RP52
2026:09:06:15:32:51,15,4,32,DLU-Student-Lib,8e:dc:97:12:62:c6,2452,-62,,,,,,,,,,M2012K11C,2212343,RP52
2026:09:06:15:32:51,15,5,32,DLU-Teacher,88:dc:97:12:65:2b,5805,-44,,,,,,,,,,M2012K11C,2212343,RP52
2026:09:06:15:32:51,15,6,32,DLU-Teacher,88:dc:97:12:65:2a,2417,-52,,,,,,,,,,M2012K11C,2212343,RP52
2026:09:06:15:32:51,15,7,32,DLU-Student-Lib,8e:dc:97:12:62:d0,5805,-66,,,,,,,,,,M2012K11C,2212343,RP52
2026:09:06:15:32:51,15,8,32,DLU-Student-Lib,8e:dc:97:12:65:63,2452,-55,,,,,,,,,,M2012K11C,2212343,RP52
2026:09:06:15:32:51,15,9,32,DLU-Student-Lib,8e:dc:97:12:65:64,5200,-70,,,,,,,,,,M2012K11C,2212343,RP52
2026:09:06:15:32:51,15,10,32,DLU-Teacher,88:dc:97:12:65:64,5200,-70,,,,,,,,,,M2012K11C,2212343,RP52
2026:09:06:15:32:51,15,11,32,DLU-Teacher,88:dc:97:12:65:63,2452,-55,,,,,,,,,,M2012K11C,2212343,RP52
2026:09:06:15:32:51,15,12,32,DLU-Student-Lib,8e:dc:97:12:65:2b,5805,-44,,,,,,,,,,M2012K11C,2212343,RP52
2026:09:06:15:32:51,15,13,32,DLU-Teacher,88:dc:97:12:62:c6,2452,-69,,,,,,,,,,M2012K11C,2212343,RP52
2026:09:06:15:32:51,15,14,32,DLU-Student-Lib,8e:dc:97:12:64:82,2432,-64,,,,,,,,,,M2012K11C,2212343,RP52
2026:09:06:15:32:51,15,15,32,DLU-Student-Lib,8e:dc:97:12:64:83,5300,-73,,,,,,,,,,M2012K11C,2212343,RP52
2026:09:06:15:32:51,15,16,32,DLU-Student-Lib,8e:dc:97:12:65:58,5280,-84,,,,,,,,,,M2012K11C,2212343,RP52
2026:09:06:15:32:51,15,17,32,DLU-Student-Lib,8e:dc:97:12:65:57,2412,-68,,,,,,,,,,M2012K11C,2212343,RP52
2026:09:06:15:32:51,15,18,32,DLU-Teacher,88:dc:97:12:62:cf,2412,-60,,,,,,,,,,M2012K11C,2212343,RP52
2026:09:06:15:32:51,15,19,32,DLU-Teacher,88:dc:97:12:62:cd,5200,-87,,,,,,,,,,M2012K11C,2212343,RP52
2026:09:06:15:32:51,15,20,32,DLU-Student-Lib,8e:dc:97:12:65:21,2412,-55,,,,,,,,,,M2012K11C,2212343,RP52
2026:09:06:15:32:51,15,21,32,1.Free Wi-MESH,b4:5d:50:d7:e9:51,5220,-64,,,,,,,,,,M2012K11C,2212343,RP52
2026:09:06:15:32:51,15,22,32,DLU - WIMESH,b4:5d:50:d7:e9:50,5220,-64,,,,,,,,,,M2012K11C,2212343,RP52
2026:09:06:15:32:51,15,23,32,DLU-Student-Lib,8e:dc:97:12:62:cd,5200,-86,,,,,,,,,,M2012K11C,2212343,RP52
2026:09:06:15:32:51,15,24,32,DLU-Student-Lib,8e:dc:97:12:65:22,5765,-56,,,,,,,,,,M2012K11C,2212343,RP52
2026:09:06:15:32:51,15,25,32,DLU-Student-HTTV,8e:dc:97:12:63:00,5240,-85,,,,,,,,,,M2012K11C,2212343,RP52
2026:09:06:15:32:51,15,26,32,DLU-Teacher,88:dc:97:12:62:d0,5805,-66,,,,,,,,,,M2012K11C,2212343,RP52
2026:09:06:15:32:51,15,27,32,DLU - WIMESH,b4:5d:50:d7:e9:40,2462,-68,,,,,,,,,,M2012K11C,2212343,RP52
2026:09:06:15:32:51,15,28,32,DLU-Student-Lib,8e:dc:97:12:65:2a,2417,-52,,,,,,,,,,M2012K11C,2212343,RP52
2026:09:06:15:32:51,15,29,32,DLU-Teacher,88:dc:97:12:65:22,5765,-56,,,,,,,,,,M2012K11C,2212343,RP52
2026:09:06:15:32:51,15,30,32,DLU-Teacher,88:dc:97:12:65:21,2412,-54,,,,,,,,,,M2012K11C,2212343,RP52
2026:09:06:15:32:51,15,31,32,DLU-Teacher,88:dc:97:12:63:00,5240,-85,,,,,,,,,,M2012K11C,2212343,RP52
2026:09:06:15:32:51,15,32,32,1.Free Wi-MESH,b4:5d:50:d7:e9:41,2462,-67,,,,,,,,,,M2012K11C,2212343,RP52
2026:09:06:15:33:42,16,1,34,DLU-Teacher,88:dc:97:12:65:57,2412,-70,,,,,,,,,,M2012K11C,2212343,RP52
2026:09:06:15:33:42,16,2,34,DLU-Teacher,88:dc:97:12:64:82,2432,-64,,,,,,,,,,M2012K11C,2212343,RP52
2026:09:06:15:33:42,16,3,34,DLU-Teacher,88:dc:97:12:64:83,5300,-72,,,,,,,,,,M2012K11C,2212343,RP52
2026:09:06:15:33:42,16,4,34,DLU-Student-Lib,8e:dc:97:12:62:c6,2452,-70,,,,,,,,,,M2012K11C,2212343,RP52
2026:09:06:15:33:42,16,5,34,DLU-Teacher,88:dc:97:12:65:2b,5805,-44,,,,,,,,,,M2012K11C,2212343,RP52
2026:09:06:15:33:42,16,6,34,DLU-Teacher,88:dc:97:12:65:2a,2417,-53,,,,,,,,,,M2012K11C,2212343,RP52
2026:09:06:15:33:42,16,7,34,DLU-Student-Lib,8e:dc:97:12:62:d0,5805,-67,,,,,,,,,,M2012K11C,2212343,RP52
2026:09:06:15:33:42,16,8,34,DLU-Student-Lib,8e:dc:97:12:65:63,2452,-53,,,,,,,,,,M2012K11C,2212343,RP52
2026:09:06:15:33:42,16,9,34,DLU-Student-Lib,8e:dc:97:12:65:64,5200,-69,,,,,,,,,,M2012K11C,2212343,RP52
2026:09:06:15:33:42,16,10,34,DLU-Teacher,88:dc:97:12:65:58,5280,-86,,,,,,,,,,M2012K11C,2212343,RP52
2026:09:06:15:33:42,16,11,34,DLU-Teacher,88:dc:97:12:65:64,5200,-69,,,,,,,,,,M2012K11C,2212343,RP52
2026:09:06:15:33:42,16,12,34,DLU-Teacher,88:dc:97:12:65:63,2452,-54,,,,,,,,,,M2012K11C,2212343,RP52
2026:09:06:15:33:42,16,13,34,DLU-Student-Lib,8e:dc:97:12:65:2b,5805,-44,,,,,,,,,,M2012K11C,2212343,RP52
2026:09:06:15:33:42,16,14,34,DLU-Teacher,88:dc:97:12:62:c6,2452,-70,,,,,,,,,,M2012K11C,2212343,RP52
2026:09:06:15:33:42,16,15,34,DLU-Student-Lib,8e:dc:97:12:64:82,2432,-64,,,,,,,,,,M2012K11C,2212343,RP52
2026:09:06:15:33:42,16,16,34,DLU-Student-Lib,8e:dc:97:12:64:83,5300,-72,,,,,,,,,,M2012K11C,2212343,RP52
2026:09:06:15:33:42,16,17,34,DLU-Student-Lib,8e:dc:97:12:65:58,5280,-86,,,,,,,,,,M2012K11C,2212343,RP52
2026:09:06:15:33:42,16,18,34,DLU-Student-Lib,8e:dc:97:12:65:57,2412,-70,,,,,,,,,,M2012K11C,2212343,RP52
2026:09:06:15:33:42,16,19,34,DLU-Teacher,88:dc:97:12:62:cf,2412,-61,,,,,,,,,,M2012K11C,2212343,RP52
2026:09:06:15:33:42,16,20,34,DLU-Teacher,88:dc:97:12:62:cd,5200,-87,,,,,,,,,,M2012K11C,2212343,RP52
2026:09:06:15:33:42,16,21,34,DLU-Student-Lib,8e:dc:97:12:65:21,2412,-55,,,,,,,,,,M2012K11C,2212343,RP52
2026:09:06:15:33:42,16,22,34,DLU-Student-Lib,8e:dc:97:12:62:cf,2412,-63,,,,,,,,,,M2012K11C,2212343,RP52
2026:09:06:15:33:42,16,23,34,1.Free Wi-MESH,b4:5d:50:d7:e9:51,5220,-64,,,,,,,,,,M2012K11C,2212343,RP52
2026:09:06:15:33:42,16,24,34,DLU - WIMESH,b4:5d:50:d7:e9:50,5220,-65,,,,,,,,,,M2012K11C,2212343,RP52
2026:09:06:15:33:42,16,25,34,DLU-Student-Lib,8e:dc:97:12:62:cd,5200,-87,,,,,,,,,,M2012K11C,2212343,RP52
2026:09:06:15:33:42,16,26,34,DLU-Student-Lib,8e:dc:97:12:65:22,5765,-57,,,,,,,,,,M2012K11C,2212343,RP52
2026:09:06:15:33:42,16,27,34,DLU-Student-HTTV,8e:dc:97:12:63:00,5240,-86,,,,,,,,,,M2012K11C,2212343,RP52
2026:09:06:15:33:42,16,28,34,DLU-Teacher,88:dc:97:12:62:d0,5805,-67,,,,,,,,,,M2012K11C,2212343,RP52
2026:09:06:15:33:42,16,29,34,DLU - WIMESH,b4:5d:50:d7:e9:40,2462,-66,,,,,,,,,,M2012K11C,2212343,RP52
2026:09:06:15:33:42,16,30,34,DLU-Student-Lib,8e:dc:97:12:65:2a,2417,-54,,,,,,,,,,M2012K11C,2212343,RP52
2026:09:06:15:33:42,16,31,34,DLU-Teacher,88:dc:97:12:65:22,5765,-57,,,,,,,,,,M2012K11C,2212343,RP52
2026:09:06:15:33:42,16,32,34,DLU-Teacher,88:dc:97:12:65:21,2412,-54,,,,,,,,,,M2012K11C,2212343,RP52
2026:09:06:15:33:42,16,33,34,DLU-Teacher,88:dc:97:12:63:00,5240,-85,,,,,,,,,,M2012K11C,2212343,RP52
2026:09:06:15:33:42,16,34,34,1.Free Wi-MESH,b4:5d:50:d7:e9:41,2462,-67,,,,,,,,,,M2012K11C,2212343,RP52
2026:09:06:15:34:34,17,1,28,DLU-Teacher,88:dc:97:12:65:57,2412,-70,,,,,,,,,,M2012K11C,2212343,RP52
2026:09:06:15:34:34,17,2,28,DLU-Teacher,88:dc:97:12:64:82,2432,-57,,,,,,,,,,M2012K11C,2212343,RP52
2026:09:06:15:34:34,17,3,28,DLU-Teacher,88:dc:97:12:65:2b,5805,-45,,,,,,,,,,M2012K11C,2212343,RP52
2026:09:06:15:34:34,17,4,28,DLU-Teacher,88:dc:97:12:65:2a,2417,-59,,,,,,,,,,M2012K11C,2212343,RP52
2026:09:06:15:34:34,17,5,28,DLU-Student-Lib,8e:dc:97:12:62:d0,5805,-61,,,,,,,,,,M2012K11C,2212343,RP52
2026:09:06:15:34:34,17,6,28,DLU-Student-Lib,8e:dc:97:12:65:63,2452,-56,,,,,,,,,,M2012K11C,2212343,RP52
2026:09:06:15:34:34,17,7,28,DLU-Student-Lib,8e:dc:97:12:65:64,5200,-62,,,,,,,,,,M2012K11C,2212343,RP52
2026:09:06:15:34:34,17,8,28,DLU-Teacher,88:dc:97:12:62:ff,2457,-80,,,,,,,,,,M2012K11C,2212343,RP52
2026:09:06:15:34:34,17,9,28,DLU-Teacher,88:dc:97:12:65:58,5280,-80,,,,,,,,,,M2012K11C,2212343,RP52
2026:09:06:15:34:34,17,10,28,DLU-Teacher,88:dc:97:12:65:64,5200,-61,,,,,,,,,,M2012K11C,2212343,RP52
2026:09:06:15:34:34,17,11,28,DLU-Teacher,88:dc:97:12:65:63,2452,-55,,,,,,,,,,M2012K11C,2212343,RP52
2026:09:06:15:34:34,17,12,28,DLU-Student-Lib,8e:dc:97:12:65:2b,5805,-45,,,,,,,,,,M2012K11C,2212343,RP52
2026:09:06:15:34:34,17,13,28,DLU-Teacher,88:dc:97:12:62:c6,2452,-65,,,,,,,,,,M2012K11C,2212343,RP52
2026:09:06:15:34:34,17,14,28,DLU-Student-Lib,8e:dc:97:12:64:82,2432,-59,,,,,,,,,,M2012K11C,2212343,RP52
2026:09:06:15:34:34,17,15,28,DLU-Student-Lib,8e:dc:97:12:65:57,2412,-71,,,,,,,,,,M2012K11C,2212343,RP52
2026:09:06:15:34:34,17,16,28,DLU-Teacher,88:dc:97:12:62:cf,2412,-57,,,,,,,,,,M2012K11C,2212343,RP52
2026:09:06:15:34:34,17,17,28,DLU-Teacher,88:dc:97:12:62:cd,5200,-80,,,,,,,,,,M2012K11C,2212343,RP52
2026:09:06:15:34:34,17,18,28,DLU-Student-Lib,8e:dc:97:12:65:21,2412,-54,,,,,,,,,,M2012K11C,2212343,RP52
2026:09:06:15:34:34,17,19,28,1.Free Wi-MESH,b4:5d:50:d7:e9:51,5220,-66,,,,,,,,,,M2012K11C,2212343,RP52
2026:09:06:15:34:34,17,20,28,DLU - WIMESH,b4:5d:50:d7:e9:50,5220,-67,,,,,,,,,,M2012K11C,2212343,RP52
2026:09:06:15:34:34,17,21,28,DLU-Student-Lib,8e:dc:97:12:62:cd,5200,-80,,,,,,,,,,M2012K11C,2212343,RP52
2026:09:06:15:34:34,17,22,28,DLU-Student-Lib,8e:dc:97:12:65:22,5765,-56,,,,,,,,,,M2012K11C,2212343,RP52
2026:09:06:15:34:34,17,23,28,DLU-Teacher,88:dc:97:12:62:d0,5805,-61,,,,,,,,,,M2012K11C,2212343,RP52
2026:09:06:15:34:34,17,24,28,DLU - WIMESH,b4:5d:50:d7:e9:40,2462,-61,,,,,,,,,,M2012K11C,2212343,RP52
2026:09:06:15:34:34,17,25,28,DLU-Student-Lib,8e:dc:97:12:65:2a,2417,-58,,,,,,,,,,M2012K11C,2212343,RP52
2026:09:06:15:34:34,17,26,28,DLU-Teacher,88:dc:97:12:65:22,5765,-56,,,,,,,,,,M2012K11C,2212343,RP52
2026:09:06:15:34:34,17,27,28,DLU-Teacher,88:dc:97:12:65:21,2412,-54,,,,,,,,,,M2012K11C,2212343,RP52
2026:09:06:15:34:34,17,28,28,1.Free Wi-MESH,b4:5d:50:d7:e9:41,2462,-60,,,,,,,,,,M2012K11C,2212343,RP52
2026:09:06:15:35:25,18,1,29,DLU-Teacher,88:dc:97:12:64:82,2432,-59,,,,,,,,,,M2012K11C,2212343,RP52
2026:09:06:15:35:25,18,2,29,DLU-Student-Lib,8e:dc:97:12:62:c7,5500,-68,,,,,,,,,,M2012K11C,2212343,RP52
2026:09:06:15:35:25,18,3,29,DLU-Teacher,88:dc:97:12:65:2b,5805,-45,,,,,,,,,,M2012K11C,2212343,RP52
2026:09:06:15:35:25,18,4,29,DLU-Teacher,88:dc:97:12:65:2a,2417,-60,,,,,,,,,,M2012K11C,2212343,RP52
2026:09:06:15:35:25,18,5,29,DLU-Student-Lib,8e:dc:97:12:62:d0,5805,-62,,,,,,,,,,M2012K11C,2212343,RP52
2026:09:06:15:35:25,18,6,29,DLU-Student-Lib,8e:dc:97:12:65:63,2452,-56,,,,,,,,,,M2012K11C,2212343,RP52
2026:09:06:15:35:25,18,7,29,DLU-Student-Lib,8e:dc:97:12:65:64,5200,-63,,,,,,,,,,M2012K11C,2212343,RP52
2026:09:06:15:35:25,18,8,29,DLU-Teacher,88:dc:97:12:65:58,5280,-82,,,,,,,,,,M2012K11C,2212343,RP52
2026:09:06:15:35:25,18,9,29,DLU-Teacher,88:dc:97:12:65:64,5200,-63,,,,,,,,,,M2012K11C,2212343,RP52
2026:09:06:15:35:25,18,10,29,DLU-Teacher,88:dc:97:12:65:63,2452,-56,,,,,,,,,,M2012K11C,2212343,RP52
2026:09:06:15:35:25,18,11,29,DLU-Student-Lib,8e:dc:97:12:65:2b,5805,-45,,,,,,,,,,M2012K11C,2212343,RP52
2026:09:06:15:35:25,18,12,29,DLU-Teacher,88:dc:97:12:62:c7,5500,-68,,,,,,,,,,M2012K11C,2212343,RP52
2026:09:06:15:35:25,18,13,29,DLU-Student-Lib,8e:dc:97:12:64:82,2432,-57,,,,,,,,,,M2012K11C,2212343,RP52
2026:09:06:15:35:25,18,14,29,DLU-Student-Lib,8e:dc:97:12:65:58,5280,-81,,,,,,,,,,M2012K11C,2212343,RP52
2026:09:06:15:35:25,18,15,29,DLU-Teacher,88:dc:97:12:62:cf,2412,-58,,,,,,,,,,M2012K11C,2212343,RP52
2026:09:06:15:35:25,18,16,29,DLU-Teacher,88:dc:97:12:62:cd,5200,-78,,,,,,,,,,M2012K11C,2212343,RP52
2026:09:06:15:35:25,18,17,29,DLU-Student-Lib,8e:dc:97:12:65:21,2412,-53,,,,,,,,,,M2012K11C,2212343,RP52
2026:09:06:15:35:25,18,18,29,1.Free Wi-MESH,b4:5d:50:d7:e9:51,5220,-66,,,,,,,,,,M2012K11C,2212343,RP52
2026:09:06:15:35:25,18,19,29,DLU - WIMESH,b4:5d:50:d7:e9:50,5220,-68,,,,,,,,,,M2012K11C,2212343,RP52
2026:09:06:15:35:25,18,20,29,DLU-Student-Lib,8e:dc:97:12:62:cd,5200,-78,,,,,,,,,,M2012K11C,2212343,RP52
2026:09:06:15:35:25,18,21,29,DLU-Student-Lib,8e:dc:97:12:65:22,5765,-57,,,,,,,,,,M2012K11C,2212343,RP52
2026:09:06:15:35:25,18,22,29,DLU-Student-HTTV,8e:dc:97:12:63:00,5240,-88,,,,,,,,,,M2012K11C,2212343,RP52
2026:09:06:15:35:25,18,23,29,DLU-Teacher,88:dc:97:12:62:d0,5805,-61,,,,,,,,,,M2012K11C,2212343,RP52
2026:09:06:15:35:25,18,24,29,DLU - WIMESH,b4:5d:50:d7:e9:40,2462,-65,,,,,,,,,,M2012K11C,2212343,RP52
2026:09:06:15:35:25,18,25,29,DLU-Student-Lib,8e:dc:97:12:65:2a,2417,-59,,,,,,,,,,M2012K11C,2212343,RP52
2026:09:06:15:35:25,18,26,29,DLU-Teacher,88:dc:97:12:65:22,5765,-57,,,,,,,,,,M2012K11C,2212343,RP52
2026:09:06:15:35:25,18,27,29,DLU-Teacher,88:dc:97:12:65:21,2412,-54,,,,,,,,,,M2012K11C,2212343,RP52
2026:09:06:15:35:25,18,28,29,DLU-Teacher,88:dc:97:12:63:00,5240,-87,,,,,,,,,,M2012K11C,2212343,RP52
2026:09:06:15:35:25,18,29,29,1.Free Wi-MESH,b4:5d:50:d7:e9:41,2462,-66,,,,,,,,,,M2012K11C,2212343,RP52
2026:09:06:15:36:16,19,1,34,DLU-Teacher,88:dc:97:12:65:57,2412,-73,,,,,,,,,,M2012K11C,2212343,RP52
2026:09:06:15:36:16,19,2,34,DLU-Teacher,88:dc:97:12:64:82,2432,-58,,,,,,,,,,M2012K11C,2212343,RP52
2026:09:06:15:36:16,19,3,34,DLU-Teacher,88:dc:97:12:64:83,5300,-70,,,,,,,,,,M2012K11C,2212343,RP52
2026:09:06:15:36:16,19,4,34,DLU-Student-Lib,8e:dc:97:12:62:c7,5500,-68,,,,,,,,,,M2012K11C,2212343,RP52
2026:09:06:15:36:16,19,5,34,DLU-Student-Lib,8e:dc:97:12:62:c6,2452,-63,,,,,,,,,,M2012K11C,2212343,RP52
2026:09:06:15:36:16,19,6,34,DLU-Teacher,88:dc:97:12:65:2b,5805,-45,,,,,,,,,,M2012K11C,2212343,RP52
2026:09:06:15:36:16,19,7,34,DLU-Teacher,88:dc:97:12:65:2a,2417,-61,,,,,,,,,,M2012K11C,2212343,RP52
2026:09:06:15:36:16,19,8,34,DLU-Student-Lib,8e:dc:97:12:62:d0,5805,-64,,,,,,,,,,M2012K11C,2212343,RP52
2026:09:06:15:36:16,19,9,34,DLU-Student-Lib,8e:dc:97:12:65:63,2452,-55,,,,,,,,,,M2012K11C,2212343,RP52
2026:09:06:15:36:16,19,10,34,DLU-Student-Lib,8e:dc:97:12:65:64,5200,-64,,,,,,,,,,M2012K11C,2212343,RP52
2026:09:06:15:36:16,19,11,34,DLU-Teacher,88:dc:97:12:65:58,5280,-80,,,,,,,,,,M2012K11C,2212343,RP52
2026:09:06:15:36:16,19,12,34,DLU-Teacher,88:dc:97:12:65:64,5200,-63,,,,,,,,,,M2012K11C,2212343,RP52
2026:09:06:15:36:16,19,13,34,DLU-Teacher,88:dc:97:12:65:63,2452,-55,,,,,,,,,,M2012K11C,2212343,RP52
2026:09:06:15:36:16,19,14,34,DLU-Student-Lib,8e:dc:97:12:65:2b,5805,-45,,,,,,,,,,M2012K11C,2212343,RP52
2026:09:06:15:36:16,19,15,34,DLU-Teacher,88:dc:97:12:62:c6,2452,-72,,,,,,,,,,M2012K11C,2212343,RP52
2026:09:06:15:36:16,19,16,34,DLU-Teacher,88:dc:97:12:62:c7,5500,-68,,,,,,,,,,M2012K11C,2212343,RP52
2026:09:06:15:36:16,19,17,34,DLU-Student-Lib,8e:dc:97:12:64:82,2432,-58,,,,,,,,,,M2012K11C,2212343,RP52
2026:09:06:15:36:16,19,18,34,DLU-Student-Lib,8e:dc:97:12:64:83,5300,-69,,,,,,,,,,M2012K11C,2212343,RP52
2026:09:06:15:36:16,19,19,34,DLU-Student-Lib,8e:dc:97:12:65:58,5280,-79,,,,,,,,,,M2012K11C,2212343,RP52
2026:09:06:15:36:16,19,20,34,DLU-Student-Lib,8e:dc:97:12:65:57,2412,-72,,,,,,,,,,M2012K11C,2212343,RP52
2026:09:06:15:36:16,19,21,34,DLU-Teacher,88:dc:97:12:62:cd,5200,-77,,,,,,,,,,M2012K11C,2212343,RP52
2026:09:06:15:36:16,19,22,34,DLU-Student-Lib,8e:dc:97:12:65:21,2412,-54,,,,,,,,,,M2012K11C,2212343,RP52
2026:09:06:15:36:16,19,23,34,1.Free Wi-MESH,b4:5d:50:d7:e9:51,5220,-68,,,,,,,,,,M2012K11C,2212343,RP52
2026:09:06:15:36:16,19,24,34,DLU - WIMESH,b4:5d:50:d7:e9:50,5220,-69,,,,,,,,,,M2012K11C,2212343,RP52
2026:09:06:15:36:16,19,25,34,DLU-Student-Lib,8e:dc:97:12:62:cd,5200,-78,,,,,,,,,,M2012K11C,2212343,RP52
2026:09:06:15:36:16,19,26,34,DLU-Student-Lib,8e:dc:97:12:62:cc,2422,-79,,,,,,,,,,M2012K11C,2212343,RP52
2026:09:06:15:36:16,19,27,34,DLU-Student-Lib,8e:dc:97:12:65:22,5765,-56,,,,,,,,,,M2012K11C,2212343,RP52
2026:09:06:15:36:16,19,28,34,DLU-Student-HTTV,8e:dc:97:12:63:00,5240,-87,,,,,,,,,,M2012K11C,2212343,RP52
2026:09:06:15:36:16,19,29,34,DLU - WIMESH,b4:5d:50:d7:e9:40,2462,-66,,,,,,,,,,M2012K11C,2212343,RP52
2026:09:06:15:36:16,19,30,34,DLU-Student-Lib,8e:dc:97:12:65:2a,2417,-60,,,,,,,,,,M2012K11C,2212343,RP52
2026:09:06:15:36:16,19,31,34,DLU-Teacher,88:dc:97:12:65:22,5765,-56,,,,,,,,,,M2012K11C,2212343,RP52
2026:09:06:15:36:16,19,32,34,DLU-Teacher,88:dc:97:12:65:21,2412,-54,,,,,,,,,,M2012K11C,2212343,RP52
2026:09:06:15:36:16,19,33,34,DLU-Teacher,88:dc:97:12:63:00,5240,-86,,,,,,,,,,M2012K11C,2212343,RP52
2026:09:06:15:36:16,19,34,34,1.Free Wi-MESH,b4:5d:50:d7:e9:41,2462,-64,,,,,,,,,,M2012K11C,2212343,RP52
2026:09:06:15:37:07,20,1,35,DLU-Teacher,88:dc:97:12:65:54,2427,-80,,,,,,,,,,M2012K11C,2212343,RP52
2026:09:06:15:37:07,20,2,35,DLU-Teacher,88:dc:97:12:65:57,2412,-71,,,,,,,,,,M2012K11C,2212343,RP52
2026:09:06:15:37:07,20,3,35,DLU-Teacher,88:dc:97:12:64:82,2432,-65,,,,,,,,,,M2012K11C,2212343,RP52
2026:09:06:15:37:07,20,4,35,DLU-Teacher,88:dc:97:12:64:83,5300,-72,,,,,,,,,,M2012K11C,2212343,RP52
2026:09:06:15:37:07,20,5,35,DLU-Student-Lib,8e:dc:97:12:62:c7,5500,-77,,,,,,,,,,M2012K11C,2212343,RP52
2026:09:06:15:37:07,20,6,35,DLU-Teacher,88:dc:97:12:65:2b,5805,-44,,,,,,,,,,M2012K11C,2212343,RP52
2026:09:06:15:37:07,20,7,35,DLU-Teacher,88:dc:97:12:65:2a,2417,-60,,,,,,,,,,M2012K11C,2212343,RP52
2026:09:06:15:37:07,20,8,35,DLU-Student-Lib,8e:dc:97:12:62:d0,5805,-62,,,,,,,,,,M2012K11C,2212343,RP52
2026:09:06:15:37:07,20,9,35,DLU-Student-Lib,8e:dc:97:12:65:63,2452,-50,,,,,,,,,,M2012K11C,2212343,RP52
2026:09:06:15:37:07,20,10,35,DLU-Student-Lib,8e:dc:97:12:65:64,5200,-64,,,,,,,,,,M2012K11C,2212343,RP52
2026:09:06:15:37:07,20,11,35,DLU-Teacher,88:dc:97:12:65:58,5280,-84,,,,,,,,,,M2012K11C,2212343,RP52
2026:09:06:15:37:07,20,12,35,DLU-Teacher,88:dc:97:12:65:64,5200,-64,,,,,,,,,,M2012K11C,2212343,RP52
2026:09:06:15:37:07,20,13,35,DLU-Teacher,88:dc:97:12:65:63,2452,-50,,,,,,,,,,M2012K11C,2212343,RP52
2026:09:06:15:37:07,20,14,35,DLU-Student-Lib,8e:dc:97:12:65:2b,5805,-44,,,,,,,,,,M2012K11C,2212343,RP52
2026:09:06:15:37:07,20,15,35,DLU-Teacher,88:dc:97:12:62:c6,2452,-69,,,,,,,,,,M2012K11C,2212343,RP52
2026:09:06:15:37:07,20,16,35,DLU-Teacher,88:dc:97:12:62:c7,5500,-77,,,,,,,,,,M2012K11C,2212343,RP52
2026:09:06:15:37:07,20,17,35,DLU-Student-Lib,8e:dc:97:12:64:82,2432,-67,,,,,,,,,,M2012K11C,2212343,RP52
2026:09:06:15:37:07,20,18,35,DLU-Student-Lib,8e:dc:97:12:64:83,5300,-72,,,,,,,,,,M2012K11C,2212343,RP52
2026:09:06:15:37:07,20,19,35,DLU-Student-HTTV,8e:dc:97:12:65:54,2427,-78,,,,,,,,,,M2012K11C,2212343,RP52
2026:09:06:15:37:07,20,20,35,DLU-Student-Lib,8e:dc:97:12:65:58,5280,-84,,,,,,,,,,M2012K11C,2212343,RP52
2026:09:06:15:37:07,20,21,35,DLU-Teacher,88:dc:97:12:62:cf,2412,-58,,,,,,,,,,M2012K11C,2212343,RP52
2026:09:06:15:37:07,20,22,35,DLU-Teacher,88:dc:97:12:62:cd,5200,-86,,,,,,,,,,M2012K11C,2212343,RP52
2026:09:06:15:37:07,20,23,35,DLU-Student-Lib,8e:dc:97:12:65:21,2412,-57,,,,,,,,,,M2012K11C,2212343,RP52
2026:09:06:15:37:07,20,24,35,DLU-Student-Lib,8e:dc:97:12:62:cf,2412,-58,,,,,,,,,,M2012K11C,2212343,RP52
2026:09:06:15:37:07,20,25,35,1.Free Wi-MESH,b4:5d:50:d7:e9:51,5220,-68,,,,,,,,,,M2012K11C,2212343,RP52
2026:09:06:15:37:07,20,26,35,DLU - WIMESH,b4:5d:50:d7:e9:50,5220,-67,,,,,,,,,,M2012K11C,2212343,RP52
2026:09:06:15:37:07,20,27,35,DLU-Student-Lib,8e:dc:97:12:62:cd,5200,-88,,,,,,,,,,M2012K11C,2212343,RP52
2026:09:06:15:37:07,20,28,35,DLU-Student-Lib,8e:dc:97:12:65:22,5765,-55,,,,,,,,,,M2012K11C,2212343,RP52
2026:09:06:15:37:07,20,29,35,DLU-Student-HTTV,8e:dc:97:12:63:00,5240,-88,,,,,,,,,,M2012K11C,2212343,RP52
2026:09:06:15:37:07,20,30,35,DLU-Teacher,88:dc:97:12:62:d0,5805,-62,,,,,,,,,,M2012K11C,2212343,RP52
2026:09:06:15:37:07,20,31,35,DLU - WIMESH,b4:5d:50:d7:e9:40,2462,-67,,,,,,,,,,M2012K11C,2212343,RP52
2026:09:06:15:37:07,20,32,35,DLU-Student-Lib,8e:dc:97:12:65:2a,2417,-61,,,,,,,,,,M2012K11C,2212343,RP52
2026:09:06:15:37:07,20,33,35,DLU-Teacher,88:dc:97:12:65:22,5765,-55,,,,,,,,,,M2012K11C,2212343,RP52
2026:09:06:15:37:07,20,34,35,DLU-Teacher,88:dc:97:12:65:21,2412,-58,,,,,,,,,,M2012K11C,2212343,RP52
2026:09:06:15:37:07,20,35,35,1.Free Wi-MESH,b4:5d:50:d7:e9:41,2462,-66,,,,,,,,,,M2012K11C,2212343,RP52
